Lch,Wch,Tox1,Tox2,Ion_N,Ioff_N,Vth_N,SS_N,Ion_P,Ioff_P,Vth_P,SS_P
34.81,34.17,0.31,1.83,7.57805673143703e-6,4.11283094381256e-11,0.2207462929766507,60.95575497467355,7.41493759582305e-6,3.85516477580702e-11,-0.2178867101585354,59.958284399431875
39.28,26.61,0.26,2.39,5.55248747685355e-6,2.89479879906613e-11,0.2204477838409228,61.15008460397126,5.5191162128958e-6,3.08511973476824e-11,-0.2138655613071749,61.27713713800753
22.01,84.27,1.28,2.48,1.60685074767897e-5,2.45845527940046e-10,0.2178184829853777,61.35344853344049,1.90726754403724e-5,1.6733519183623e-9,-0.1589588644834334,60.69652732650898
13.56,70.33,0.55,1.58,1.87324445155926e-5,2.91296308194152e-10,0.2170980696099264,61.55805309705513,1.55022362999129e-5,4.92516425071723e-10,-0.2004928429131051,62.33022101022803
15.81,82.65,1.33,2.43,1.78305513903104e-5,4.95413692823563e-10,0.210822710992438,63.62335056188256,1.87255157722134e-5,4.90198905669358e-9,-0.1430484829285142,61.643247921863924
15.91,62.69,1.46,2.12,1.33729313349084e-5,3.55241045050514e-10,0.211777144644327,63.23449403400809,1.41556525039479e-5,4.01280794642509e-9,-0.1407514328062763,61.88207837303268
33.84,24.98,0.59,2.51,4.71504430148685e-6,3.43543110471629e-11,0.2205786900759404,62.045456959515356,5.24765600535631e-6,6.51473854102944e-11,-0.197660826868358,61.32033414722858
22.31,64.14,0.59,1.68,1.48882035892074e-5,1.34793486374402e-10,0.2203981032146303,62.119922311704556,1.42382068718817e-5,2.08633558130592e-10,-0.2042187958540017,59.51548479105015
37.1,63.45,0.42,1.66,1.3129320287993e-5,6.91004201159951e-11,0.2225273288453531,60.660092064161866,1.40353651134336e-5,8.05547315778584e-11,-0.2128242204977273,60.897549532799886
40.95,52.9,1.12,2.91,7.87320144716916e-6,6.46385452646286e-11,0.2216960471039813,62.310135660219395,1.16248389895598e-5,3.44131666977933e-10,-0.1693828928587326,58.932871334123
14.68,89.23,1.08,2.82,2.00152649834271e-5,6.27920944795804e-10,0.2095141547855985,64.31077170939892,1.91384283981844e-5,4.57157282839065e-9,-0.1502684922049183,63.93565082450878
18.09,99.84,1.04,2.29,2.14468366816163e-5,3.73420679762147e-10,0.2158469348540741,60.98629425450762,2.21319701768015e-5,1.95887725465614e-9,-0.1658254396961449,62.407212148732626
9.96,27.01,0.59,1.83,7.48187241353393e-6,2.1692935342012e-10,0.2116758876951048,61.95932696675108,5.83059228086674e-6,4.26460456111834e-10,-0.1900165223892131,61.28290103043354
9.96,87.98,0.35,1.65,2.52929173031033e-5,5.74553215018321e-10,0.2141236464304984,60.84085977631359,1.982505987422e-5,6.46891009344196e-10,-0.2080564806143542,60.03428026415343
34.94,50.07,0.42,2.45,1.01486893621986e-5,6.57025446049758e-11,0.2198608625475268,61.850562011439614,1.11590186286075e-5,9.11093277807419e-11,-0.2070479256242405,59.06799108305499
13.8,70.69,0.78,1.61,1.77628135182352e-5,3.11927210749308e-10,0.2164488874540519,61.279379066771554,1.55183393933004e-5,8.74489200195402e-10,-0.1864225247136957,61.88842662794913
12.43,49.13,0.49,2.37,1.30933061388833e-5,3.25550848502953e-10,0.2100543555403592,62.09444113940163,1.10673162940164e-5,6.5522798001589e-10,-0.1871944574190807,61.618353349164266
23.87,59.23,1.4,1.33,1.12807742329298e-5,1.31579041678302e-10,0.2209908281127993,62.17119021087866,1.31493816119475e-5,7.85961350402374e-10,-0.1659244423221035,60.88167601923654
8.53,25.77,1.3,1.92,6.66036337520383e-6,7.68569391835018e-10,0.1934299813294715,66.78122268268255,5.55172071705388e-6,4.42750313858326e-9,-0.1372276617409837,64.99894748809119
34.77,60.96,1.42,1.95,9.4254720753181e-6,8.75584965402752e-11,0.2226599551973621,62.47701462013224,1.31566369533497e-5,6.7408791435987e-10,-0.1600564803917648,61.04244429423836
35.54,91.16,0.9,2.73,1.52935480331021e-5,1.26919438319864e-10,0.2211678784974106,62.334157255377775,1.97431760071528e-5,4.92013859861062e-10,-0.1780068594131806,61.19116046566947
44.43,98.58,0.64,2.42,1.64456723115601e-5,9.7341296101219e-11,0.2223690806598247,61.56139659868945,2.17962602450422e-5,1.95810351634695e-10,-0.1967715838291265,61.234421563646976
9.35,81.17,0.54,1.73,2.29917363655147e-5,8.28365369408458e-10,0.2073995304394814,63.269553375066565,1.80142877653984e-5,1.19739066637918e-9,-0.1930601881212279,60.049054463022586
43.32,88.58,1.47,2.03,1.18458660157578e-5,9.53772982802162e-11,0.2246924966216465,62.36708141314218,1.90431732750755e-5,7.72168591763788e-10,-0.1595730466737594,60.7648980898449
22.54,58.3,0.27,1.37,1.51652733100814e-5,1.07251131854807e-10,0.2210195085309158,60.85730009166412,1.29019808392949e-5,8.71792931831669e-11,-0.2240229967619918,58.715941911234
13.88,38.28,0.75,1.97,9.54622219237217e-6,1.85238852254146e-10,0.2148457314761362,60.900255205944845,8.43242530115171e-6,5.40864762193045e-10,-0.1830936984769356,62.85978591348491
24.33,82.81,0.97,1.9,1.65088902496724e-5,1.78209218468082e-10,0.2196413331337915,61.99340249675962,1.81943019286701e-5,5.79084420683056e-10,-0.1816818883879521,61.2804203886339
40.3,89.7,0.45,2.2,1.7176467290392e-5,9.61422691760334e-11,0.2211483769403124,61.31356510201441,1.98284637911051e-5,1.38093324608724e-10,-0.2069175795513579,58.96404621045966
20.14,84.48,1.38,2.21,1.67802337660272e-5,2.94285830500565e-10,0.2157439121445203,60.81730426647701,1.90460126009615e-5,2.8726647030339e-9,-0.148232146698894,62.37748762378281
31.41,29.88,0.75,2.02,5.84206769465818e-6,4.30373605839011e-11,0.2219906778483055,61.86505404455772,6.51886108211686e-6,1.03936502463199e-10,-0.1929347278303232,60.236014259219054
16.85,55.68,0.6,2.25,1.35564161511414e-5,2.00754262655262e-10,0.2156668464818106,61.14114768574823,1.23503675365008e-5,4.43051011202241e-10,-0.1911010710836962,59.60417079233492
23.04,39.79,0.21,2.3,9.84421674699164e-6,8.28854681119819e-11,0.2181942974270079,62.11416531572829,8.84314591823819e-6,7.66166378374675e-11,-0.2163990180263415,61.23971785806933
32.13,35.31,1.35,2.73,5.61972707363002e-6,5.96591479508918e-11,0.2212259505755815,62.14317421902099,7.38192557739083e-6,4.77823291588503e-10,-0.1576480671551744,60.212736163774004
37.71,96.86,0.32,2.11,2.02549592823859e-5,1.08178447267642e-10,0.2211719968435898,61.038410012582005,2.18574964003625e-5,1.18687507007824e-10,-0.2134084767041703,61.13096078309597
23.8,83.63,0.97,2.73,1.65370202471182e-5,2.13765860490809e-10,0.2173076131122805,61.36583228151994,1.87878107461479e-5,8.8947286572064e-10,-0.1730506352059469,59.506589908116666
10.07,19.77,0.36,2.5,5.51653779070872e-6,1.80823154161032e-10,0.2092640558151835,63.20863859034174,4.29751184225637e-6,2.80544276194418e-10,-0.1931826438990903,60.683202821390964
37.01,12.91,1.05,2.73,2.09875610892647e-6,1.66056698356258e-11,0.2220453701817204,62.36544734243549,2.64065997320528e-6,7.48838002572442e-11,-0.1752073399738151,60.21287417789411
7.99,87.89,0.47,2.72,2.46751870812929e-5,2.4520632760451e-9,0.1939529618366898,66.23366105516753,1.99428041184819e-5,4.35397861618245e-9,-0.1721977818059416,64.5126515867506
29.06,30.81,1.21,2.96,5.16639947396378e-6,6.18679504979733e-11,0.2188885886596854,61.63279896978166,6.30052875587075e-6,4.23561798311963e-10,-0.1596963670323036,60.9021008364503
25.19,26.05,0.64,1.93,5.80244729246667e-6,4.9704709770731e-11,0.2193753568651651,62.15775098285645,5.56772569002884e-6,9.00297059746016e-11,-0.1985216544053127,61.225553553049444
22.81,36.51,1.4,2.26,6.73545285483375e-6,9.89460533731715e-11,0.2185199665586711,61.51729849055576,7.8579233972441e-6,7.62181503414437e-10,-0.156776725463843,59.91201385217381
42.06,19.22,1.12,2.99,2.84786372535097e-6,2.18544746061924e-11,0.2228376991314826,62.45221180290147,4.07784012334601e-6,1.14055164505574e-10,-0.1717113019680865,59.017158190344375
21.26,14.55,1.31,1.21,3.0346216962872e-6,3.46433641767391e-11,0.2213542474630955,62.41058180799014,2.78643056435761e-6,1.53334177215052e-10,-0.1756407897722853,60.12132205027403
39.63,29.07,0.25,1.61,6.32545204129836e-6,2.89310366541736e-11,0.2216776155879467,60.31477227430532,5.76956604468003e-6,2.53602464102635e-11,-0.2214260475174011,58.570047100665306
15.28,30.73,0.57,1.78,7.77949693539795e-6,1.14843726788227e-10,0.2163557252635094,61.39760621388775,6.49742609528429e-6,1.95045212594996e-10,-0.1988900168747651,61.99688340568182
15.4,85.09,0.37,2.33,2.21945618377861e-5,3.46691216744064e-10,0.2141539029735619,60.89400271911725,1.9264721495865e-5,5.12404313073545e-10,-0.2009309861131884,62.16716486324223
23.21,34.43,0.21,2.19,8.57130001381315e-6,7.01678794290128e-11,0.2183184909814964,62.06945239575499,7.15345914543366e-6,6.20644282940536e-11,-0.2179913855302109,60.708769919638804
31.55,19.61,1.14,2.04,3.45811616836809e-6,2.97053645498802e-11,0.2224776978393777,62.43740935023745,4.18876242584731e-6,1.54595861852346e-10,-0.1725319985849322,59.315343241216816
7.2,18.11,0.24,1.65,5.46766396520678e-6,1.98925839406329e-10,0.2109993681387403,61.726337048573555,3.94380907204463e-6,1.62334909232251e-10,-0.2148173325860918,60.803844379218404
27.01,13.58,0.96,2.99,2.56294779852942e-6,2.76822014729097e-11,0.2189441049999881,61.882597567363696,2.76880663011486e-6,1.02614770979027e-10,-0.1771198937279957,60.83179666594233
24.38,92.63,0.94,2.75,1.79758052802768e-5,2.29520297927693e-10,0.2171943044937907,61.34153399873653,2.0056182175645e-5,9.10536484827689e-10,-0.1741282475710359,59.845261557373966
42.28,44.52,1.36,2.98,6.02721749638294e-6,5.27579489165313e-11,0.2233610978414776,62.590380551054025,9.6680265814731e-6,4.36901399686314e-10,-0.1576666294000604,60.19182396798052
15.38,25.17,1.35,1.54,5.70000923459427e-6,1.18685668825611e-10,0.214712303827953,61.12032424796167,5.41682991056439e-6,8.18091185434472e-10,-0.1583436308735726,60.50332652285413
37.16,13.11,1.49,2.83,1.97581371841427e-6,1.79977955856821e-11,0.2223188435242315,62.46307802364985,2.55916401831174e-6,1.64543424535876e-10,-0.1557100231328011,59.565693573682175
11.13,71.1,0.85,2.53,1.7732529608257e-5,8.13521331188991e-10,0.2055268375240284,63.98213233324648,1.51124270830745e-5,3.39058852900297e-9,-0.159718507044311,61.28872380191762
29.99,84.13,1.32,2.16,1.41568393767609e-5,1.51412954993632e-10,0.2205116201972949,61.98064924770166,1.83939868440651e-5,1.05693024741008e-9,-0.1604833823565699,61.08177070031374
25.04,59.25,0.81,1.44,1.27954801440873e-5,1.10480134280806e-10,0.2207946376954598,62.09910356118949,1.30985516339261e-5,2.37205218988821e-10,-0.1946345390100306,60.618988115048595
26.79,69.69,0.88,1.38,1.38185085566678e-5,1.16967375311954e-10,0.2225411205925611,61.84653799552792,1.53536403864011e-5,2.98018315096243e-10,-0.1914147198432405,59.561173759470854
16.95,12.82,1.18,1.93,2.8280046019834e-6,4.82248843075886e-11,0.2165720090569354,61.227760989022464,2.54228045431385e-6,2.29178954643407e-10,-0.1708349898746921,61.04481689255913
22.68,88.85,1.26,1.52,1.74491348211659e-5,2.09046960749734e-10,0.2206708977988423,62.14055503447047,1.9231830282792e-5,1.05562011783614e-9,-0.1714221720938261,59.34539522543991
32.59,70.43,1.28,1.63,1.13814746958131e-5,1.0222212505678e-10,0.2234433042127287,62.39983590667356,1.47402440511932e-5,5.8704671885271e-10,-0.1699272287016114,59.314414554809815
40.99,98.92,0.99,1.87,1.59182312483247e-5,1.07631020620257e-10,0.2231143828464396,61.78107684082207,2.20990393100274e-5,3.80933662751935e-10,-0.181745266758193,60.384271419424906
31.92,70.79,0.72,1.35,1.41983233702911e-5,9.30032949488828e-11,0.2232180374518795,61.14500075976208,1.53909460073976e-5,1.74833149525243e-10,-0.2007182176287559,60.27422979682537
33.9,85.92,0.7,2.77,1.55610396361651e-5,1.2592752261244e-10,0.2200802234076747,62.1887411433282,1.93268233369456e-5,3.24265839631475e-10,-0.1894577201292956,59.09590518639188
32.88,94.28,0.92,1.88,1.69283754158139e-5,1.31622911619579e-10,0.222449153551127,62.040061028030586,2.11614986756656e-5,4.207949901408e-10,-0.1852238096851493,59.834385792020534
14.03,48.73,1.33,2.08,1.09724798832026e-5,3.21542719949058e-10,0.2115951342677053,63.543117472810984,1.09057008192797e-5,3.06435278063159e-9,-0.1454250371140048,62.34194639472091
14.03,78.46,0.51,1.88,2.0627400841267e-5,3.29301021932608e-10,0.2160591409689573,61.32100250170162,1.75902827913714e-5,5.79991838995165e-10,-0.1982017363932426,61.906745984722775
26.63,17.58,0.76,2.45,3.60025151789012e-6,3.29153000757051e-11,0.2201205830274292,62.27110834365202,3.702696684206e-6,7.8491638214427e-11,-0.1911553730116639,59.56501210665413
11.54,23.62,0.98,2.1,5.9910802570707e-6,2.0991901936003e-10,0.2085774706022915,64.14480587129978,5.00414722769681e-6,8.76507818348998e-10,-0.1635841755401856,62.02417735423809
36.74,95.86,1.09,2.4,1.52254546367454e-5,1.25525935311633e-10,0.2227465981885382,62.509182691275086,2.14621404385116e-5,6.29296788995713e-10,-0.172654583022826,59.3618399659236
21.91,69.51,1.49,1.86,1.29502770831201e-5,1.93407990151256e-10,0.2192291122266226,61.647227198053,1.54459655806864e-5,1.63002828673634e-9,-0.1550919150613633,59.36823667414099
38.95,68.21,1.27,2.15,1.00389309277892e-5,8.34358120914598e-11,0.2234370067251464,62.452944503584156,1.45926876349627e-5,5.06478528812317e-10,-0.1668176466947743,59.78272723619846
42.58,79.24,0.66,2.15,1.35026830441985e-5,7.95528557808903e-11,0.2229601225420209,61.32696901783707,1.7190794031482e-5,1.56984956081079e-10,-0.1980241084112399,60.837175077217445
22.47,64.66,0.61,1.92,1.4738080923863e-5,1.40691736302754e-10,0.2197725960005531,62.261347558632174,1.44274507016532e-5,2.44512442776807e-10,-0.1998339381453497,61.07116260774749
9.23,82.92,1.15,1.5,2.20346771147498e-5,1.32114804007397e-9,0.2014616388778658,63.02155530805201,1.87473030141884e-5,5.58540216990601e-9,-0.1565635346724302,62.533171395765
27.99,27.51,1.43,1.56,4.87795473522281e-6,4.97424090268076e-11,0.222095267249708,62.45347202365276,5.77040098502098e-6,3.38852703293791e-10,-0.1628353407966972,61.530356975578336
27.71,56.85,0.84,1.36,1.17041048828484e-5,9.12147802902199e-11,0.2224366527027646,61.72287930327224,1.25700938488857e-5,2.12424802306058e-10,-0.1935025020071665,60.25211179403034
27.71,22.63,1.25,2.11,4.10977301121843e-6,4.28875344988615e-11,0.2208304839067602,62.18789218943697,4.82068062012951e-6,2.35595309840599e-10,-0.1681800547996779,59.94384772896898
21.4,54.19,0.86,2.94,1.12662650390181e-5,1.61193413352841e-10,0.2163444616040022,61.21003222192049,1.21501852318499e-5,5.66763189603259e-10,-0.1765706887973609,60.73275961533385
7.71,56.95,0.2,2.19,1.69571932555051e-5,8.15307109302838e-10,0.2054900895888311,64.20369318309187,1.2637420856368e-5,7.78782503135471e-10,-0.2035177101105791,63.203832173337496
11.88,15.93,1.21,1.78,3.95537476638273e-6,1.30712024119018e-10,0.209479380455422,63.78557490309063,3.22662799624229e-6,7.59303570698567e-10,-0.1565254121825226,61.19733695034583
32.68,88.52,1.06,2.31,1.49193677530456e-5,1.34261086144971e-10,0.2217719563736479,62.4345432668542,1.96495256957608e-5,5.88106190659146e-10,-0.1751251846711252,60.15336723387134
43.61,75.91,0.64,1.75,1.33603448433524e-5,7.10937624341522e-11,0.2234799382067977,60.8566527415324,1.64181280471734e-5,1.21956840668098e-10,-0.2031261265564393,58.94186209196514
27.4,40.62,0.88,1.94,7.90438216702445e-6,7.14240937758232e-11,0.2212509308980125,62.432390354125026,8.39546458912075e-6,2.02005515654051e-10,-0.1877962527730454,59.05061021882801
14.28,43.39,0.3,1.39,1.20203153186284e-5,1.44692950453963e-10,0.2187801632714704,62.16560811419214,9.66421959392559e-6,1.38597770531359e-10,-0.21788756564933,61.61887377965507
7.35,98.12,1.49,2.89,2.48510687797337e-5,1.59410143625764e-8,0.1666552732136219,75.36661646360392,2.20956532252527e-5,1.54783183389039e-7,-0.08545491626861959,86.85198073384178
35.8,82.29,1.39,1.24,1.30526609249217e-5,1.02504006990068e-10,0.2247769065877273,61.94654930611748,1.83915944767221e-5,6.15248861391852e-10,-0.1692843646661489,58.96011542341915
10.23,33.56,0.21,2.16,9.68259456468263e-6,2.42701257233879e-10,0.2116706061612716,60.99613429110712,7.23299938581442e-6,2.65078678875058e-10,-0.2068541890229083,61.13296632714048
39.87,18.66,1.05,1.24,3.17594292183375e-6,1.95926051059438e-11,0.2241544658946035,61.19375855533889,3.93895986632572e-6,6.40081285815556e-11,-0.1859771489571389,58.89933951266931
19.58,96.22,1.41,2.61,1.87652336684164e-5,3.90808611104094e-10,0.2141453279870201,62.1347665290084,2.14599204275429e-5,4.49177248051633e-9,-0.1414825491265554,61.04988345694376
33.73,74.3,0.91,2.33,1.29141745604076e-5,1.06516382083604e-10,0.221460855440014,62.444066127204586,1.61945017804997e-5,3.75509074057991e-10,-0.1810151105000449,61.27135823317074
40.59,69.58,0.63,2.17,1.243261347058e-5,7.52451548671428e-11,0.2217894125561235,61.52601276406522,1.53028708031675e-5,1.48409211067339e-10,-0.1971974973623322,61.063592012090965
25.06,27.57,0.34,1.43,6.83478430281964e-6,4.68709693081823e-11,0.2202782079919141,61.11244383186547,6.00290847107953e-6,4.2336898775189e-11,-0.2192798269055119,59.80907402461198
13.51,16.59,1.33,1.32,3.9810333628736e-6,8.63641779411558e-11,0.2153860031223316,60.88440385548997,3.55183395598652e-6,5.18549119443335e-10,-0.1642741418492596,62.56239976064154
44.72,97.23,1.11,2.14,1.40991361767778e-5,9.78858751895579e-11,0.224048370835854,61.94495419914059,2.12543384961389e-5,4.33505139175683e-10,-0.1759841758129935,60.39503325347351
8.85,90.26,1.08,2.68,2.32521102650954e-5,3.36808888856209e-9,0.1891054748570159,66.89292179689684,1.95982981366661e-5,1.79529147965267e-8,-0.1333795626689084,66.7542055340678
12.75,35.92,0.4,1.76,9.7592675113798e-6,1.747474314412e-10,0.2137613873018104,60.69015493200974,7.76150688208831e-6,2.489779742335e-10,-0.2010306202833343,61.56990467502175
25.27,39.54,0.86,2.92,7.87110966611513e-6,9.36824305815728e-11,0.2167255355726639,61.26819514374734,8.77654945576138e-6,3.23074876490224e-10,-0.1773000883914316,60.928513302451265
30.72,79.98,1.07,1.82,1.4346145771329e-5,1.2258401787005e-10,0.2227662832030611,62.31511659697027,1.79309998987153e-5,5.2018875770444e-10,-0.1773267811581833,60.9210157566063
19.0,46.78,1.16,2.7,9.4816096971444e-6,1.8324942191953e-10,0.2145501236978131,61.404723735613786,9.62742508576565e-6,1.35957035232309e-9,-0.1555146555378346,60.830182803854626
35.0,34.39,0.91,2.73,5.97747358383777e-6,4.92887871118272e-11,0.2203820096085186,62.17554195002702,7.36491805735594e-6,1.85278190164088e-10,-0.1784233884879708,61.31381196718298
17.16,86.24,1.12,2.01,1.8684824066722e-5,3.32801001040696e-10,0.2164823144252142,61.11549108626049,1.88376528894778e-5,1.93298720432605e-9,-0.163890178148619,62.41238482752568
16.16,36.12,0.9,1.46,8.75325055525589e-6,1.29056036860517e-10,0.216896068752528,61.371076030040165,7.95651537875537e-6,3.74312736693936e-10,-0.1845572827959489,61.41814949870903
10.73,72.76,0.74,2.66,1.84929542840968e-5,8.8412041295265e-10,0.2049983498440802,63.873382547390115,1.59468766979494e-5,3.15035699358809e-9,-0.1635275857779524,62.27199237555128
17.31,97.36,0.64,2.42,2.27396510459432e-5,3.54034751926919e-10,0.2157865764440663,61.161051784725615,2.12600403313297e-5,8.95528054649226e-10,-0.1868357483096946,61.137879474238815
10.81,42.8,1.05,2.21,1.05614423793057e-5,4.97421470994628e-10,0.20648497794879,64.15970074229352,9.40788516081121e-6,2.73745960596204e-9,-0.153449400216678,63.29466917945456
39.44,18.1,0.96,1.51,3.1365498909865e-6,1.93720509739977e-11,0.2237227887766071,61.24801556035855,3.85904739695107e-6,5.63712668236039e-11,-0.1893568935112968,58.938749370435374
37.38,61.7,1.22,2.76,9.3356663942948e-6,8.35817618343661e-11,0.2223563041927144,62.4479758506757,1.36676892942919e-5,5.63291986171525e-10,-0.1629330166156946,61.498114970705174
14.34,35.99,0.39,1.78,9.63605833192366e-6,1.37370763483496e-10,0.2167806616567141,61.59929766069205,7.82897044668483e-6,1.70065921741143e-10,-0.2087989883049132,59.49576157100089
42.26,75.32,0.93,1.89,1.1969798112475e-5,7.66625616818193e-11,0.224077957304447,61.481739630522284,1.68020995467749e-5,2.32002091965497e-10,-0.1878280686406726,58.65244967560683
36.7,91.28,0.34,1.62,1.97708102536119e-5,9.93498263056489e-11,0.2222760601871125,60.50543246644013,2.05807992559716e-5,9.87957930183949e-11,-0.2172892233867491,60.0525462626042
29.64,48.6,1.43,1.41,8.26318288972089e-6,8.16255705640341e-11,0.2221356670816464,62.44796088096477,1.07686336223322e-5,5.40684792264171e-10,-0.1636575944273043,61.10175410853588
28.69,72.38,0.52,1.82,1.57997437884058e-5,1.13061839429084e-10,0.2206490995779669,61.68119175051341,1.61248041712385e-5,1.68923839197776e-10,-0.2054240374394188,58.57642229358573
42.96,85.42,1.12,2.56,1.23342435740853e-5,9.32094266570189e-11,0.2235162568567103,62.30841262915203,1.84234040568723e-5,4.64336168156219e-10,-0.1728405583728168,59.34285251848993
34.12,27.25,1.2,1.6,4.63794303678503e-6,3.67281476225705e-11,0.2231030562066975,62.09859539710756,5.81161279978954e-6,1.70809990494878e-10,-0.1752303039020435,60.1480900790838
17.7,49.87,1.36,1.91,1.0428106862609e-5,1.92657850858609e-10,0.2165599103067672,61.06268325578866,1.09791696889611e-5,1.54232649110219e-9,-0.1554040996676274,60.60822634267427
39.16,59.8,0.52,2.26,1.12003412295604e-5,6.69696104620062e-11,0.2214513568060181,61.498498771715106,1.32461525224424e-5,1.09303292102298e-10,-0.2026801868112014,59.208215074381165
32.69,66.77,0.27,2.49,1.44401989049763e-5,9.29378928121751e-11,0.2195866928229731,61.7560947716248,1.47423260201233e-5,1.0458271514867e-10,-0.2120336684886768,60.76576047197377
32.32,94.66,0.38,1.45,2.05610596861977e-5,1.17917992355232e-10,0.222197105449098,60.59995500083172,2.12654285305359e-5,1.17355303376784e-10,-0.2175406065347666,60.172030018212894
26.07,38.35,1.0,1.4,7.68409258694422e-6,6.77491951112235e-11,0.2224955829410223,62.08883396420561,7.88677055045524e-6,2.09004437621934e-10,-0.1863342152327939,59.463617298382815
30.36,19.81,0.44,2.62,4.17896641800444e-6,3.08442766017266e-11,0.2196972716704269,62.143231460108375,4.18807268054442e-6,4.67917490724805e-11,-0.2038094740641693,59.33815653619595
33.67,64.59,1.2,2.4,1.05429554899666e-5,9.74409403802136e-11,0.2217239355443051,62.340177826258085,1.43826941507389e-5,5.8519433001975e-10,-0.1665257221253428,60.54585121262551
12.55,72.97,0.44,2.75,1.92217434582929e-5,5.95565373674749e-10,0.206936549685346,63.93055708017295,1.63703282965701e-5,1.21842542951535e-9,-0.1813565634750723,62.159242475249656
16.71,95.08,1.16,2.83,2.0588414132021e-5,5.46570192532881e-10,0.2099792386785913,63.63231701301754,2.1256006315187e-5,4.14605620946959e-9,-0.1493685293504661,63.43438716080342
24.85,49.57,0.25,2.23,1.21197828626766e-5,9.52781428881284e-11,0.2179056389628769,61.9906992669672,1.10999417256825e-5,9.05116388245413e-11,-0.2152266457878846,61.39786582527862
12.34,75.64,0.21,1.28,2.23008379642015e-5,3.06395176585314e-10,0.2166678146437381,61.6283317573373,1.69130781322725e-5,2.73911978663255e-10,-0.2177129538831277,61.372386510795515
39.14,20.45,0.35,2.55,4.027173865689e-6,2.29410944185658e-11,0.2205232623889868,61.44761066055171,4.41649825109491e-6,2.84103140188879e-11,-0.2097450869708862,59.914454582162605
22.84,56.55,1.28,2.29,1.07419403449318e-5,1.50087053957643e-10,0.2185934864396995,61.559086979557975,1.26155353562077e-5,9.39691187073856e-10,-0.1619559472043434,61.64993454440435
27.26,77.64,0.61,2.48,1.59042560104964e-5,1.43678517220801e-10,0.2194722773203127,62.131935481148815,1.71295037778976e-5,2.94265453713924e-10,-0.1941217279823373,60.55420507951151
25.1,46.07,0.94,2.76,9.08601771861277e-6,1.08950735157485e-10,0.2171717037679239,61.349451082126556,1.0045286714572e-5,4.28096358119614e-10,-0.1744777338214563,59.94883382629054
25.64,61.93,1.39,2.83,1.06924671003446e-5,1.5122738058861e-10,0.2189549634105356,61.542323735212584,1.38590216101988e-5,1.39874066685668e-9,-0.1513987169740623,60.56552893062599
16.32,42.87,0.72,1.45,1.07008881909411e-5,1.43907847054464e-10,0.2171555598916987,61.512955293579985,9.47811275398633e-6,2.92712709312352e-10,-0.1942800744639455,60.44267963273325
7.95,44.78,1.01,2.4,1.17752269027119e-5,1.7041076588268e-9,0.1907636638831071,66.32273603116079,9.92973450958794e-6,6.94643470902776e-9,-0.1427191735404973,65.32667937118329
25.68,72.19,0.99,2.34,1.38283324012542e-5,1.49623679910925e-10,0.220170218598061,62.071485714445245,1.58691556048262e-5,6.02485949859647e-10,-0.1759002887000178,60.364840659205804
15.51,96.82,0.3,2.82,2.46863463856677e-5,4.60432888774427e-10,0.2115730769645132,60.958605274965564,2.1480353288686e-5,6.82451250310266e-10,-0.1973637776246667,61.82820600159017
32.25,65.27,0.4,2.91,1.30361280402189e-5,9.88126002246817e-11,0.2192506493472098,62.17942820692955,1.35780758064619e-5,1.57294463582161e-10,-0.2019402869074745,60.23869287515929
14.61,41.34,0.73,2.39,1.00439900304878e-5,2.09090812745683e-10,0.2132825358542249,61.19145221730224,8.50935511259463e-6,6.27748771246766e-10,-0.1799730319609262,61.847165450339766
7.74,54.81,0.32,1.85,1.6234696226471e-5,6.94580617690962e-10,0.2076980343345805,63.60432088851084,1.22723905958314e-5,7.16196671684639e-10,-0.2034153966981244,63.02810462662139
20.36,72.27,0.46,2.95,1.67324051809313e-5,2.30019491165519e-10,0.2140034446163143,60.774555213197075,1.63624938720212e-5,4.78452076982836e-10,-0.1903162130716763,59.45207335495087
22.86,12.71,0.53,1.75,3.0158540256167e-6,2.53096197545561e-11,0.2202868833326078,61.821997149861254,2.58580918765219e-6,3.53238835164185e-11,-0.207723831537729,59.14653724781435
15.84,19.36,1.24,2.47,4.30403014277249e-6,1.04007701316143e-10,0.2119315429212607,62.661352485378934,4.20936448494666e-6,7.21608894923577e-10,-0.1554738459993263,61.85027653492698
40.48,61.19,0.4,2.86,1.13389476136006e-5,6.99969022372208e-11,0.2199108999908884,61.945455469026165,1.3209075615863e-5,1.06411808321852e-10,-0.2033149420440161,59.04780327069211
42.66,24.33,0.45,1.26,4.92365628885524e-6,2.17641558222878e-11,0.2235650379543609,60.04515814739629,5.21372047456301e-6,2.3105946548955e-11,-0.216651700298075,60.23947821809279
36.47,38.89,1.3,1.84,6.10941567337771e-6,4.94530234072542e-11,0.2240578583584343,62.258218347198216,7.97716973114648e-6,3.13398460255624e-10,-0.1669522043129013,60.05737575577438
42.55,67.44,0.99,2.84,1.00215430671464e-5,7.52172653222321e-11,0.2227256691019082,62.37139891186562,1.45342095261434e-5,3.1600611818038e-10,-0.1763189596420157,60.53161206007797
33.59,26.78,1.16,1.89,4.59651158175408e-6,3.76198900864666e-11,0.2225910473128922,62.31523680714676,5.57960475780476e-6,1.73904831657076e-10,-0.1748866585673977,60.04585025800729
41.14,83.91,0.42,1.35,1.73640859342678e-5,8.05797855364492e-11,0.222296450281276,60.3792696179863,1.87721167646241e-5,8.91166323954442e-11,-0.2144251411779228,60.934825810414345
43.0,87.26,0.8,1.53,1.48123428973713e-5,8.30784906901465e-11,0.2241623077549791,60.943433574016005,1.86325570733698e-5,1.80436842049798e-10,-0.1964591622656379,61.27979857704508
7.53,18.0,0.38,2.17,5.32863868914057e-6,2.9344601313079e-10,0.2042867694034375,63.78573730589962,3.89101818998386e-6,3.50952723148502e-10,-0.195674409052833,61.43336102534258
11.98,10.44,1.19,2.25,2.56319839135201e-6,9.47231322316725e-11,0.2078530489854255,64.55942868524127,2.0996182783545e-6,5.16559265083274e-10,-0.1561858645928594,61.87786454561201
19.39,56.24,1.42,2.02,1.11804964826615e-5,1.99929361983208e-10,0.2163401107257963,60.96405260408866,1.25669396760045e-5,1.90992954214666e-9,-0.1496088191225688,62.11141467741628
40.24,10.69,0.98,2.59,1.76383918373254e-6,1.22208642005705e-11,0.2219484013742895,62.01431947523955,2.11907697455033e-6,4.58217885069449e-11,-0.1797757614870616,61.238827344062464
30.58,73.83,0.74,2.05,1.43073418183656e-5,1.10592553230964e-10,0.2218493461609093,61.97600177943816,1.61738332066513e-5,2.72184155677475e-10,-0.1923751614293124,60.05002890279174
40.15,99.51,0.26,2.69,1.97011796560298e-5,1.1211288913624e-10,0.2195151622243127,61.68981686419212,2.20743496883935e-5,1.28520974813197e-10,-0.2107253029422768,60.26125520165221
23.34,53.0,1.28,1.24,1.05884896246678e-5,1.15725926995861e-10,0.221409046036781,62.34920048904353,1.18596584995773e-5,5.36401806288072e-10,-0.1738000947014012,59.57397984044451
37.54,25.53,1.19,1.87,4.06658565108804e-6,3.09368941232801e-11,0.2237582335467622,62.04139307629573,5.33319764598096e-6,1.46925911126319e-10,-0.1744391736079104,59.838466363145095
8.79,30.24,0.58,2.49,8.18425922884141e-6,5.5241838391319e-10,0.199255636363894,63.82878464621369,6.31548751820902e-6,1.02774303042586e-9,-0.1767608059652575,62.11942153973192
17.03,75.23,1.29,2.05,1.54387082240654e-5,3.16748891505365e-10,0.2158076603666783,61.10614553372791,1.64205873361432e-5,2.55839739100894e-9,-0.1547323126949438,61.299365419116185
34.29,26.27,1.29,2.01,4.29275150388834e-6,3.73468677297402e-11,0.2223717784210749,62.53618019061397,5.40087923552305e-6,2.31352018335053e-10,-0.1665798388137094,60.397460992870215
11.49,29.24,0.78,2.72,7.37391251706637e-6,3.15497496880953e-10,0.2055556972429886,64.0972323590479,6.12268752232332e-6,1.19068326190199e-9,-0.1628515164992268,61.9999376964201
11.07,30.45,0.25,1.62,8.75300893067972e-6,1.58355688706172e-10,0.2153005168106895,61.25531850686809,6.68820796632738e-6,1.55792348100875e-10,-0.2129686760211242,60.39367308584906
43.06,44.72,0.37,1.73,8.90647407337469e-6,4.11501330669438e-11,0.2225277590268191,60.42666485012374,9.53961841355161e-6,4.25977809928841e-11,-0.2163712321048778,60.365844629291715
23.18,57.73,1.09,2.06,1.14836774455403e-5,1.38525476584878e-10,0.2193246935427514,61.84190723462032,1.28767698353685e-5,5.85178090079566e-10,-0.1742704688710904,59.821410436203095
10.34,86.11,0.44,1.63,2.42549993529326e-5,5.56636230484873e-10,0.2138758432772314,60.74158745682104,1.91290880027695e-5,7.78594825043155e-10,-0.2013050082642509,62.17214568381924
42.82,47.99,1.29,2.85,6.59615264346323e-6,5.4978975091004e-11,0.223497637390159,62.66529739905016,1.04513274280674e-5,3.98879157229987e-10,-0.1611729846946486,61.38402727855918
23.61,26.53,0.75,1.87,5.8411273676499e-6,5.49197036552035e-11,0.2199114052348637,62.25626437542585,5.52418602918472e-6,1.1824715001757e-10,-0.194197958761602,60.47367014640508
17.74,16.44,1.19,2.62,3.5605559709672e-6,6.66593241316049e-11,0.2149791512236478,61.060998703880124,3.52421179123005e-6,5.61062069816268e-10,-0.1534106636589349,61.63837902008494
24.1,99.33,1.32,2.98,1.75852600095098e-5,2.87611938346494e-10,0.2163373701438512,60.914771078547744,2.19648935491348e-5,2.36467792431682e-9,-0.152385971831879,60.61416306822986
43.08,21.39,0.23,1.7,4.61083944607928e-6,1.92204192451817e-11,0.2222089339185776,60.11880413903555,4.58716711697525e-6,1.53687315203735e-11,-0.224604136585624,59.02577247612741
11.24,71.89,0.73,2.59,1.84221687181021e-5,7.58740594955725e-10,0.2064098787118376,64.3192412651547,1.62395090303991e-5,2.571607887158e-9,-0.1664021476195442,63.22550902185215
16.11,36.97,0.89,2.67,8.41724550341781e-6,1.86300131787206e-10,0.2118200926504854,62.120686321812805,7.81090532277214e-6,8.06654455860434e-10,-0.1683598864125213,62.67927874160184
34.38,50.41,1.3,1.78,8.17594914160556e-6,7.01670680324154e-11,0.2229979752311573,62.465801532681375,1.10843416983312e-5,3.92697108115715e-10,-0.1701013828655493,59.134464857213686
41.84,76.89,0.91,1.79,1.23898625823764e-5,7.79125121135894e-11,0.2241569343316597,61.33318214632172,1.70256834981325e-5,2.24224726813645e-10,-0.1895737916360516,59.05320259026081
30.47,19.43,0.54,2.41,3.99740148253579e-6,2.93501314382655e-11,0.2207679647977229,61.94962442821253,4.14078457045915e-6,5.15369262617124e-11,-0.2008280290260906,60.60904120354776
10.56,74.22,0.59,1.52,2.05684721760727e-5,4.83290348310361e-10,0.2137489370411036,60.649156968656094,1.60539691521876e-5,8.506548712421e-10,-0.1945574500047805,60.21088681854315
18.17,58.71,0.39,2.24,1.46798463507679e-5,1.76755095074582e-10,0.2168257205708121,61.60880925063428,1.31393926007912e-5,2.61046943304043e-10,-0.2028942232706853,60.80247212713709
20.01,14.32,0.91,1.57,3.27729575997079e-6,3.68905347127168e-11,0.2189303042229731,61.96911822093193,2.85818751790122e-6,1.06463000082595e-10,-0.1864460272334037,60.126496169131556
19.76,31.69,1.32,1.6,6.51855797623586e-6,9.67879629956177e-11,0.2179538047703946,61.455936261016014,6.64495249403608e-6,6.22325798565669e-10,-0.1620763970118667,61.66872158874111
37.35,59.53,1.37,2.36,8.88267251142906e-6,7.88021306269452e-11,0.2232723437964714,62.63752504789305,1.33106108035579e-5,6.25965082039342e-10,-0.1593493349775172,60.823773757833855
10.58,20.05,1.44,2.79,4.73384265373532e-6,4.22654809169669e-10,0.1977186631284643,66.88511834431928,4.29661474364419e-6,4.71443969898071e-9,-0.1223543784835579,67.28628209367257
27.82,13.29,0.38,1.73,3.11447108841247e-6,2.02440520498167e-11,0.2210089947341355,61.104990092611864,2.71574942687417e-6,2.20627152829904e-11,-0.2140159561009833,61.19150846213604
23.11,50.94,1.39,1.69,9.71602520654034e-6,1.23800617597676e-10,0.2201105935527828,61.92527780305204,1.13018494751893e-5,7.56355666757097e-10,-0.1640736691397842,61.65478492742634
12.28,12.08,0.94,2.12,2.96147926392843e-6,8.78298055505706e-11,0.2100226323242758,62.97521786038477,2.2860392086868e-6,3.28373169549059e-10,-0.1699731267731667,62.03928337183681
13.76,53.63,1.47,1.62,1.2043451816964e-5,3.42921652723197e-10,0.212679281006533,63.15518443263665,1.19041754685926e-5,3.41808900680694e-9,-0.1453847063035699,62.284626098261214
10.42,93.66,0.51,2.74,2.50151865784106e-5,1.13142752631458e-9,0.204927280863998,63.97184886288935,2.10343681875834e-5,2.76606316182262e-9,-0.1745860664395595,62.13269185999783
21.17,55.84,0.99,2.3,1.15456121935013e-5,1.52979898199206e-10,0.2184960460399867,61.662015457298494,1.23541446367444e-5,5.78570090808865e-10,-0.1765118462833981,60.61964378906121
25.37,21.6,0.48,2.36,4.81105543306213e-6,4.28342928420901e-11,0.2179992356299881,61.85716141117629,4.51034479367883e-6,6.23368258643508e-11,-0.2038528075755964,59.6214968587504
26.51,50.02,1.12,2.63,9.18297232549763e-6,1.06256764888368e-10,0.219494966421212,61.86121656308836,1.12855062735236e-5,5.65011060936558e-10,-0.1676405202576459,60.43893619889073
39.49,56.04,1.37,2.18,8.16406112307595e-6,6.83934456569397e-11,0.223542247399622,62.56113062139859,1.24178628728331e-5,4.82873173300364e-10,-0.1622413444821269,61.308929791483216
31.64,92.85,0.26,2.67,2.00134381125539e-5,1.37832056650031e-10,0.2191755459159625,62.04333691139276,2.06878227526864e-5,1.60361819525232e-10,-0.2107581788132749,60.369638163250414
23.92,68.01,0.71,1.5,1.51969708928426e-5,1.32320504716243e-10,0.2207025705004599,62.06861503667518,1.50816803546667e-5,2.44687968005622e-10,-0.1987123282281255,61.106809390832254
23.29,49.77,0.91,2.94,9.98217201381049e-6,1.33710351504466e-10,0.2165969491869291,61.24572625810862,1.10780825428838e-5,5.28107409270932e-10,-0.1737665342233415,59.77820264308545
30.39,37.12,1.06,2.4,6.48806058485102e-6,6.20987068259884e-11,0.221156133877977,62.29907449234254,7.75364525104125e-6,3.40171044705559e-10,-0.1695239257363835,59.63549456100142
44.48,87.14,0.41,2.15,1.64495749820736e-5,8.15217684182568e-11,0.2218608465905646,60.95151727879697,1.94661424197729e-5,1.01806844972991e-10,-0.2105387866761224,60.20822489350003
17.25,20.21,0.73,2.28,4.7237388218794e-6,7.01864797125905e-11,0.2167382493947286,61.408481158228014,4.27697169376323e-6,1.84244719781207e-10,-0.1869413371706438,60.97276094826299
37.91,57.08,0.5,1.33,1.16972830867448e-5,5.94710026352929e-11,0.2232153046541491,60.44501853223169,1.27508615560548e-5,7.41771181367696e-11,-0.2116691967405639,60.49572183464283
18.6,57.68,0.67,2.85,1.29763947265669e-5,2.13275508200252e-10,0.2143737774294337,60.795644602733205,1.28328496794793e-5,6.43112484831996e-10,-0.1795869908049348,61.83936645514609
31.99,51.22,1.21,1.71,8.7995908767601e-6,7.54646100449762e-11,0.2232395268204496,62.35438672011902,1.12669860033067e-5,3.68596932626449e-10,-0.173969499800192,59.76994770813291
20.76,81.63,0.94,2.9,1.70854132669281e-5,2.80402734108122e-10,0.2140373574712791,60.754794237916684,1.85578616973603e-5,1.43646332406625e-9,-0.1642468429644511,62.537232264754216
14.08,31.18,0.66,2.78,7.62551042096574e-6,1.860065008733e-10,0.2113484912910746,62.49747173687345,6.96462762030835e-6,5.77793907583475e-10,-0.1768793889733363,61.016304246497164
13.09,99.03,0.85,2.81,2.38746855203546e-5,8.10002173665317e-10,0.2083881839412081,64.49466551122437,2.22037508804171e-5,2.11183992927739e-8,-0.1177092117386461,66.3461909204208
9.55,66.39,0.44,1.53,1.90956037128954e-5,4.79495167052649e-10,0.2131618349671203,60.493652011210585,1.48095606477429e-5,6.12971696605318e-10,-0.2037359595717138,61.77015211849031
9.43,80.44,0.25,2.16,2.31278053636657e-5,7.8042244978558e-10,0.2080550407371423,62.91984853206574,1.75523013826815e-5,8.42867951310967e-10,-0.2022532188840252,62.784572681353204
18.02,80.71,0.82,1.92,1.86410165282982e-5,2.5645153849381e-10,0.2177490433924226,61.60397334861779,1.76032143287731e-5,7.89425303036425e-10,-0.1829267770501799,61.86273800100912
12.68,23.32,0.62,2.31,6.05268286870864e-6,1.55560357223673e-10,0.2098951987040152,62.37105333292194,4.95440143274727e-6,3.81639053546957e-10,-0.1806532554403023,61.73337104001509
39.04,88.1,1.46,1.32,1.28847520447078e-5,1.01958599462234e-10,0.2247466260250349,62.06070077980996,1.90582291637031e-5,7.09032693089409e-10,-0.1642594401076913,60.56058077397818
13.07,37.72,1.03,1.53,9.36975292552333e-6,2.02501176091066e-10,0.2145074661610665,60.68671245427858,8.42578459441775e-6,4.12673961481037e-9,-0.1333456990005448,62.82645481939329
33.97,32.6,1.17,2.78,5.24984962355262e-6,5.03621275589262e-11,0.2208636216120953,62.1396080227935,7.1125652251905e-6,3.04825979543039e-10,-0.1652629668372705,60.908203768904
19.54,43.98,1.42,2.52,8.66880754591296e-6,1.72777427339519e-10,0.2145218856940631,61.76701727974139,9.72080927003644e-6,1.91297345960263e-9,-0.1431839248854058,61.6232896335696
9.76,32.05,1.0,2.76,8.1687199370746e-6,6.02980854539882e-10,0.1999996177620187,65.46266132206088,6.83506858463212e-6,3.55418050638813e-9,-0.1443964592315089,64.34051695614225
10.52,59.61,0.4,2.55,1.61962743277633e-5,5.78640761156194e-10,0.207797910134957,64.02214984424702,1.32641832820599e-5,1.02055945128054e-9,-0.1873977035503489,62.60342621022498
20.52,73.22,0.47,2.32,1.72698517443771e-5,1.97758929303113e-10,0.2163587269319655,61.39717080152124,1.61539709651647e-5,3.50412403205518e-10,-0.1967195462350593,61.376231495567005
14.45,66.03,0.33,1.29,1.852803914871e-5,2.14192999608443e-10,0.2190708384455401,62.03306119998174,1.47660600697618e-5,1.99684658774555e-10,-0.2184621071724606,61.20704844011397
38.74,40.93,1.25,2.51,6.1456339835333e-6,5.17479924953105e-11,0.2226966322303676,62.56907741451479,8.38615447260021e-6,3.26928920815934e-10,-0.1650600395282297,60.48107995257182
26.87,24.0,0.67,2.91,4.64353866649487e-6,4.7428324958486e-11,0.2188345773921372,61.94184570019159,5.06204094060322e-6,1.17867180506616e-10,-0.1893877234355568,59.04105303506903
41.05,85.55,1.46,2.47,1.18327651006561e-5,1.04783297318789e-10,0.2229435436299731,62.45600545683737,1.89814796405951e-5,9.70662916339594e-10,-0.1550281062685601,59.262848535240714
31.49,36.42,1.11,1.3,6.59248829067032e-6,5.11381684626663e-11,0.2238350566508399,61.76752559466125,7.73128954214626e-6,1.96762861304523e-10,-0.181110801953179,61.23455880245003
24.87,43.23,0.52,1.94,9.89002749078531e-6,8.24133236274023e-11,0.2192863816218149,62.15125592012366,9.65574486123222e-6,1.2018273029556e-10,-0.2052457968566166,58.95477115494245
29.79,94.96,0.29,2.27,2.15069800059084e-5,1.47819875066661e-10,0.2187066062960641,61.893705747585386,2.10621204682407e-5,1.65809289953743e-10,-0.211199330995392,60.33404054646962
35.99,71.53,1.17,1.75,1.15761473816097e-5,9.0171746211847e-11,0.2240462873935112,62.03850485896119,1.58746399009193e-5,4.30396613362895e-10,-0.1747199052900714,60.00112113502368
44.54,88.7,1.19,1.44,1.31934598120526e-5,8.46642483265694e-11,0.2248503486166466,61.43776088026028,1.97054602601152e-5,3.60865836864512e-10,-0.1781080492234878,61.08425033105645
30.29,86.97,1.35,2.34,1.4297658393537e-5,1.54449085238851e-10,0.2212054646708132,62.133379203595126,1.89044295254605e-5,1.43556968781126e-9,-0.1543889442293304,59.0776311579337
28.14,77.34,0.79,2.3,1.49779485981191e-5,1.38177304763846e-10,0.2201319165295685,62.194748846024424,1.68369636586003e-5,3.75184981511412e-10,-0.1875929643805296,59.07099649476341
13.49,45.07,0.53,2.17,1.16656443621523e-5,2.18754450374277e-10,0.214522936209567,60.905008998599214,1.00003328990488e-5,4.70252784132065e-10,-0.1921508954305813,60.36012634563473
28.74,87.63,1.25,1.59,1.56589995022524e-5,1.50860474758416e-10,0.2220286020677536,62.46779482260828,1.96578485598993e-5,7.9201418074784e-10,-0.1710088892116028,58.768713376064085
37.99,28.06,1.38,1.96,4.159494119533e-6,3.48566675540422e-11,0.2237967385968484,62.399787341765645,5.75357704987615e-6,2.41365767619586e-10,-0.1634183446960605,60.95930396756406
29.72,43.15,1.36,2.6,7.14683007551414e-6,8.28272260294846e-11,0.2196692076742284,61.75307318689005,9.36857509881824e-6,6.76915186816666e-10,-0.1558948541499285,59.59922147458217
25.85,42.99,1.27,1.88,7.89047747490922e-6,8.67925259727994e-11,0.2213305658272729,62.28174052513489,8.86128049755122e-6,4.97548856372297e-10,-0.1674564878192466,60.33896274140907
14.93,71.76,1.07,1.4,1.68734536473559e-5,3.0505435479261e-10,0.2163501901857821,61.159096688797874,1.58024660367053e-5,1.29324917073271e-9,-0.1740111949080883,59.986290063859954
28.1,37.61,0.65,1.39,8.03283588681183e-6,5.7553193889291e-11,0.2219972392673911,61.337927798562866,8.29711667137664e-6,9.685533539849e-11,-0.2028220182142143,59.347808301350945
38.6,40.79,0.95,2.38,6.35858673233181e-6,4.92759091862002e-11,0.2224913721185992,62.188519823636604,8.83080792127139e-6,1.7547669842797e-10,-0.1807275243017971,60.908520687530654
8.66,70.85,0.43,1.51,2.03867423458556e-5,6.58951524998489e-10,0.2100587651472295,61.815586958192114,1.60317450862205e-5,7.04834153399885e-10,-0.2054773997146821,61.66802645273648
33.93,15.02,1.41,2.63,2.36195788571201e-6,2.30553293178686e-11,0.2213701885050229,62.24937822382877,2.98316203572304e-6,1.92180765509601e-10,-0.1576069942240512,60.229303119969785
30.65,49.17,1.28,1.44,8.60939862360902e-6,7.43152072945771e-11,0.2237819015775169,62.23022507531768,1.09214722529835e-5,3.88793486463154e-10,-0.1730507024904939,59.456146004101534
38.36,13.75,1.02,1.88,2.31690360163701e-6,1.57454960806545e-11,0.2232475632280286,61.6472469649524,2.79275677088437e-6,5.89797239374489e-11,-0.1809009238536118,60.79677899762346
31.05,10.08,0.75,1.76,2.05259011041614e-6,1.39415997597363e-11,0.2224738519502247,61.35424319025404,1.99745696106205e-6,2.92201215453176e-11,-0.1974506311000102,61.49939795022265
8.97,11.01,0.67,2.14,3.05955823559705e-6,1.46756543719743e-10,0.2043465326925653,63.719520058732115,2.2569007552842e-6,2.70328163541315e-10,-0.1833611525573292,62.4498827655231
29.17,39.98,1.22,1.26,7.38622461076048e-6,6.42152499666305e-11,0.2225755097964491,62.24990382289407,8.75127196215297e-6,2.90164540537551e-10,-0.1752637061435909,60.05544475862733
20.75,41.95,0.51,1.71,1.02338576330859e-5,9.89823755443038e-11,0.2184465017643711,61.95369525507924,9.22785706692186e-6,1.52811789519991e-10,-0.2029069511914755,59.936013658814524
30.11,84.74,0.55,2.89,1.68418652568827e-5,1.4910193019358e-10,0.2178493616356173,61.687053983353366,1.91216202655293e-5,3.09758256561967e-10,-0.1925078164072686,60.06059947926234
33.8,14.08,0.28,2.3,3.0850606868244e-6,1.80885129881946e-11,0.2199848945782728,61.2981498743402,2.80180379447374e-6,1.83690091690826e-11,-0.2155929230439696,61.11687324599267
31.37,76.17,0.83,1.63,1.47509965242435e-5,1.06551925861389e-10,0.2228911836756428,61.61446104920218,1.71677852414933e-5,2.73623010348168e-10,-0.1920396286442877,59.91004351324683
24.04,77.96,0.61,2.78,1.65834082499687e-5,1.86689032678377e-10,0.2168240762413638,61.43381224601407,1.67542130884339e-5,3.99416653186589e-10,-0.191198553950474,59.64786399986593
24.67,27.28,1.44,1.84,4.91193250048274e-6,6.27815481628163e-11,0.2195419702331368,61.77928811752837,5.82126370984486e-6,4.49785620893135e-10,-0.1594706563343654,60.741522433595215
19.09,96.99,0.58,2.33,2.26594326774904e-5,2.97982454453426e-10,0.2163138162751806,61.34960276034065,2.13442003608743e-5,6.46072041627723e-10,-0.1913287394753836,59.65469308857337
25.16,54.55,0.33,1.69,1.33272761116234e-5,9.6264696526262e-11,0.2195536675745113,61.50236781945477,1.19540557779434e-5,9.18345233160204e-11,-0.2166099684731437,60.74636194961458
26.48,13.2,1.47,1.48,2.4107168998298e-6,2.49330474832693e-11,0.2221728532886417,62.543639131764294,2.65474666512435e-6,1.72177232705419e-10,-0.1630366652525129,61.56956224207455
42.73,88.14,0.9,1.75,1.43917974070181e-5,8.70977643542389e-11,0.2241485494741099,61.288435445241916,1.96196349525112e-5,2.40508163118983e-10,-0.1904259491346321,59.330500078298364
41.4,21.33,0.4,2.98,3.94856963042693e-6,2.32928951268846e-11,0.2206019032371382,61.752260832415615,4.58446690566821e-6,3.29756049306335e-11,-0.2066399686680929,58.94746477199985
9.01,92.96,0.63,1.78,2.61173752351367e-5,1.12728520844352e-9,0.2057863125711437,64.03129172730846,2.09445538124599e-5,1.98094698819342e-9,-0.1856546832872916,62.978935364181865
32.18,81.66,0.95,1.49,1.52384852123617e-5,1.12017696653946e-10,0.2232323112316296,61.7036775006607,1.82973952041626e-5,3.39797012372604e-10,-0.1880744273748346,58.8389676088307
32.28,30.26,0.25,1.46,6.96666611544825e-6,3.68699045040462e-11,0.2218764451471323,60.29334514802966,5.9719772387709e-6,2.94101241443001e-11,-0.2248450249008091,59.02330079588619
31.68,83.15,1.36,2.2,1.33999320954656e-5,1.35209985431564e-10,0.2223559206224895,62.425454256035934,1.80966824550879e-5,1.0838074052965e-9,-0.158870234091458,60.6251681688218
34.32,83.19,1.43,2.5,1.26875914349098e-5,1.2950494278657e-10,0.2216143782160387,62.165834869483575,1.85108999282818e-5,1.22191410103369e-9,-0.1543792536095994,59.16656130777135
20.26,47.39,0.29,2.44,1.17565560919009e-5,1.28568116228439e-10,0.2156997835525896,61.348354762454704,1.02320717391406e-5,1.65276772539612e-10,-0.2063584793193592,59.40938101008663
7.8,52.61,0.62,1.73,1.50365465072766e-5,8.03356829741358e-10,0.2052587973627472,63.865036673647474,1.17716254599011e-5,1.33799204231016e-9,-0.1868319014525292,63.41152320740912
20.82,22.92,0.5,1.95,5.5682361203612e-6,5.56536573947995e-11,0.2176926630400341,61.77903879623622,4.89470616329051e-6,9.02060445498295e-11,-0.2008856255626414,60.75443720888161
43.63,53.45,1.44,2.42,7.14521694274368e-6,5.84844462406688e-11,0.2242538443044893,62.53321589914089,1.19146207400959e-5,4.58747807812379e-10,-0.1597906945437168,60.88841554172407
23.4,54.63,0.23,1.7,1.39389916948055e-5,1.0147795996908e-10,0.2198955787331148,61.304178590237306,1.23576842267281e-5,8.25016682557472e-11,-0.2223817606958694,58.943275991613795
38.4,42.35,0.83,1.63,7.47380233008051e-6,4.65938853691312e-11,0.2234736365318888,61.241331834649024,9.0250580515965e-6,1.14753082193065e-10,-0.1927878136771979,60.082501163533436
17.61,50.85,0.65,1.69,1.24692206269369e-5,1.49885111207723e-10,0.2187861868727191,61.980301447049285,1.130866674273e-5,2.9322797970263e-10,-0.1961479605965522,61.08814176878939
43.12,76.46,1.47,2.31,1.02318226460906e-5,8.46556897089767e-11,0.2243925727620567,62.55422332394164,1.70106215146011e-5,7.40478302775779e-10,-0.1573217657381951,60.02533459044517
44.79,77.72,0.31,2.15,1.52740286727852e-5,7.12758596691959e-11,0.2215264075762816,60.77870206654526,1.7399342760291e-5,7.44768486080718e-11,-0.2151341638171235,60.79031513977222
22.39,66.13,1.15,2.16,1.28566326681195e-5,1.71611229601964e-10,0.2189485068958572,61.70881270387917,1.43475441909214e-5,8.43237071947811e-10,-0.1700116487563033,60.05788859447246
12.9,39.89,0.71,2.29,1.00247028119138e-5,2.7264644625459e-10,0.2095221989582638,62.75674176047423,8.62003799327334e-6,7.83257403743567e-10,-0.1756768737699207,60.155224212560846
17.58,32.86,1.03,2.56,7.15931760143527e-6,1.32733088289582e-10,0.2150990250071299,60.891387368727955,7.20095871091513e-6,7.33554798830311e-10,-0.163912633317932,62.583960606079636
40.89,97.7,1.04,1.6,1.57805097784379e-5,1.04345656253455e-10,0.2236389496939283,61.599744442425916,2.1486366244707e-5,3.77801279095099e-10,-0.1817041592165042,60.39565771802992
20.48,55.01,1.07,2.0,1.15319010356665e-5,1.62107006781356e-10,0.2171265628147558,61.296994483453545,1.21521035032807e-5,7.57879884760843e-10,-0.170917185034505,60.05883688472442
26.59,31.83,0.46,1.47,7.41415156647399e-6,5.02832517118824e-11,0.2218681798865695,61.06412676192347,7.06924095650635e-6,6.00669090920604e-11,-0.2120123763399649,60.52867427482965
38.97,76.38,0.8,1.8,1.34726779333242e-5,8.44091677240794e-11,0.223035992373866,61.41652562953802,1.7061063061939e-5,2.04955818906603e-10,-0.1927006213395389,60.06747151885716
35.28,16.53,0.34,1.53,3.68528103792491e-6,1.88612979565728e-11,0.2214066124004333,60.53695035975816,3.50747362991471e-6,1.71989497881214e-11,-0.2197497567118563,59.24921127945805
13.95,97.2,1.48,2.38,2.12033009583168e-5,8.11151826702561e-10,0.208890395684012,64.94448581784532,2.21697727988046e-5,1.1375689344055e-8,-0.1302406234281726,63.82159928511366
23.66,30.56,0.61,2.56,6.665685741451e-6,7.01612081887187e-11,0.21779522531613,61.72013861336112,6.59927123364834e-6,1.39550391441976e-10,-0.1939300485673824,60.51688872808605
39.78,10.45,1.39,2.65,1.59393907434866e-6,1.27443814819917e-11,0.2223998336530132,62.55090315612599,2.09056885534906e-6,9.29693870147333e-11,-0.1613813837621505,61.42263709012514
10.36,50.35,1.15,2.88,1.2312167184333e-5,1.03510460866346e-9,0.1977849253181075,66.50810002429795,1.12202733979769e-5,8.64470680917929e-9,-0.1309883683711973,65.83306580469264
38.13,47.02,0.48,2.1,9.24876014846623e-6,5.26979722865576e-11,0.2216241942024031,61.23495496401314,1.04144293010007e-5,7.62415266061779e-11,-0.2070549265552739,59.005095066511345
13.31,37.32,1.04,2.24,8.89353470584986e-6,2.42617345924688e-10,0.2119995571740112,62.89298709429722,8.1465757316425e-6,1.42700396425612e-9,-0.1599994198190068,61.26163614738945
31.28,64.2,0.91,2.88,1.1373687707559e-5,1.07349906291026e-10,0.2201610260623629,62.116418071553134,1.44378546175792e-5,4.44261606329889e-10,-0.175753268069628,60.446876803329594
28.65,29.5,0.24,2.81,6.62605114094294e-6,5.11730958013297e-11,0.2177265268615441,61.91204259116049,6.33567660211451e-6,5.85014667359294e-11,-0.2096218492145147,59.85018468473039
41.45,26.31,0.82,2.83,4.27624680068184e-6,2.93900192037535e-11,0.2221022021717499,62.0967053823361,5.48249347035735e-6,8.86192947919228e-11,-0.1860115762633396,59.2116203474871
30.76,15.61,1.18,2.62,2.61925553273531e-6,2.59384245385944e-11,0.2211089078378946,62.324883686644114,2.82243922122017e-6,1.49755259174335e-10,-0.1685442978493542,60.33269329420041
8.0,84.04,0.57,2.55,2.34499021523059e-5,2.13823449184216e-9,0.1957729515629894,65.7422824231412,1.90857079433661e-5,4.22804471083944e-9,-0.1715297165901066,64.50079481990609
21.18,28.9,0.88,1.88,6.33024949321704e-6,7.05305088888304e-11,0.2198661660863156,62.12885462583551,6.156286960522e-6,1.98136100901623e-10,-0.1874014783511549,59.90452754093491
36.91,90.88,1.22,1.76,1.43099565822118e-5,1.12526712497747e-10,0.2241010436950827,62.115827766611844,2.00902925101523e-5,5.7869943037402e-10,-0.1727071267843867,59.27212207210082
37.58,52.73,1.35,2.11,7.88025857158084e-6,6.74584709610338e-11,0.2236675994385392,62.56094649871222,1.17402077243713e-5,4.37520467953745e-10,-0.1647255575298123,60.54286799622416
14.47,89.56,0.78,2.78,2.1421982687585e-5,5.53268213278587e-10,0.2107745155297402,63.08809459143514,2.02616575828534e-5,1.92411605805322e-9,-0.1724346899091391,61.81524789693541
9.87,29.3,1.05,2.24,7.38626618654998e-6,4.16177375060033e-10,0.204742080091934,63.60629318792198,6.32185537614973e-6,2.29148252947006e-9,-0.1516337877520285,64.16891073186228
25.75,44.64,0.86,2.36,8.81802648807534e-6,8.94702605381892e-11,0.2200523429971958,62.141598158758086,9.78091164108724e-6,2.84162180654501e-10,-0.1825701017983312,60.95174003125944
32.43,90.7,0.84,2.65,1.55343826107751e-5,1.40091369207377e-10,0.2207688350747483,62.285825262933606,2.02870437351723e-5,4.80012813686691e-10,-0.1812003650792715,61.37656628240659
21.34,65.25,1.02,2.85,1.31517225833987e-5,2.00239467685627e-10,0.2166476644812188,61.18032269813235,1.45790824102516e-5,9.52160006588455e-10,-0.1685793034097288,61.13959361775695
30.68,28.63,1.1,1.98,5.14392884204364e-6,4.44634731121466e-11,0.2224833126726123,62.4102129505677,5.96462467352585e-6,2.01437511298912e-10,-0.1756533466955661,60.34333784447313
23.51,38.79,1.14,2.52,7.51935020337427e-6,9.91528454977324e-11,0.2180362222336847,61.499004354945946,8.59096726518026e-6,5.12173267308973e-10,-0.1674140839225172,60.88418654736311
28.71,74.17,0.46,2.8,1.53630231748606e-5,1.3265283577424e-10,0.2183099138002053,61.894645668742626,1.62632069807776e-5,2.28838699603862e-10,-0.1979123406738804,61.39462715707586
31.22,21.14,1.26,1.89,3.6604258779334e-6,3.26047962930121e-11,0.2228208082915631,62.533752412319,4.48848381444699e-6,1.90617797871422e-10,-0.16915681303276,59.75183010715497
22.75,85.64,1.3,1.65,1.66180595865576e-5,2.07739293564655e-10,0.2202174878595767,61.9910443193528,1.89415069952922e-5,1.14843513044595e-9,-0.1673802787774044,60.59390983525635
14.38,94.73,1.21,2.43,2.13115586041932e-5,6.39972864045611e-10,0.2106821360945626,63.89124097999928,2.05882294962452e-5,4.68034654065697e-9,-0.150588158473404,63.20707728076315
17.54,76.65,0.57,2.97,1.7751577644095e-5,3.1350719185067e-10,0.213638266865869,60.84096266102429,1.69345829073503e-5,8.54687899985678e-10,-0.1819651765157886,62.699504195950674
13.23,97.39,0.8,2.58,2.35457731142992e-5,6.79537127902927e-10,0.2105549423498672,63.38402452034589,2.16253785658879e-5,2.40313508103434e-9,-0.1715909939870713,62.21906390241756
28.92,85.8,1.01,2.7,1.55171852725441e-5,1.63628883648756e-10,0.2192542479883285,61.814299548161074,1.92684043711491e-5,7.52002763978905e-10,-0.172083095534489,59.14304977184609
38.85,12.66,0.55,2.54,2.33529635248908e-6,1.44030990281868e-11,0.2212364101512188,61.56767830444154,2.49431920705641e-6,2.52556766767067e-11,-0.2004604155437554,60.041456121486426
16.05,98.34,1.09,2.18,2.21575447879651e-5,4.79066774107601e-10,0.2128898141611916,61.80096830467481,2.18387978882546e-5,2.6765763602578e-9,-0.1615256887052434,61.67242614799774
41.68,76.05,0.57,1.39,1.44608042061605e-5,7.18964543466502e-11,0.2237604831661319,60.450750030497005,1.63748114874331e-5,9.96802097129005e-11,-0.2094698879691658,59.821467848125685
22.62,68.27,1.0,1.54,1.44166699942964e-5,1.50863420350449e-10,0.2207961884074862,62.33049168704081,1.53203232075614e-5,4.81308216795183e-10,-0.1836754862380132,60.7044549083354
16.21,61.42,1.4,1.31,1.36133884087378e-5,2.6312595973187e-10,0.2153847034699275,60.782103220666436,1.33894680660824e-5,1.92983675383511e-9,-0.1572812222511001,60.10315970344304
20.91,84.55,1.43,1.28,1.70057831324898e-5,2.3611431627209e-10,0.2186390244368062,61.560586447554094,1.90177193776796e-5,1.84819740741942e-9,-0.1574990901464372,60.112338536359324
44.08,82.62,1.33,2.1,1.13339405804097e-5,8.62136576708556e-11,0.2244539263248539,62.20137927213726,1.85489770060198e-5,5.59901174101246e-10,-0.1655921466038728,60.076059335863896
39.82,35.61,0.92,2.9,5.71987846309978e-6,4.37252915639789e-11,0.2212585878498757,62.36777657008591,7.78419849775589e-6,1.66207187913304e-10,-0.1779680906213108,61.10572145835541
14.31,25.34,0.53,2.82,6.21987207218109e-6,1.43209222884212e-10,0.2115079628655482,62.08815479968086,5.43133847855886e-6,3.25574673516357e-10,-0.1859233068738432,62.76100135332271
40.05,68.79,0.69,2.77,1.14831847072487e-5,8.14677808339124e-11,0.2209194697893206,62.241726411882,1.46973204700272e-5,2.06790389746309e-10,-0.1899864502447622,59.20590028438816
39.55,52.28,1.29,2.48,7.71655520136087e-6,6.47694659310179e-11,0.2228207965864508,62.557712647316116,1.16328074853672e-5,4.13240844619984e-10,-0.1645847514581472,60.56023360980745
15.12,73.59,1.48,2.59,1.56039231730546e-5,5.54265487655524e-10,0.208931459758695,64.94901919103508,1.63819126678539e-5,7.66071111592119e-9,-0.1305437880877804,63.40198109658565
10.96,16.69,1.42,1.34,4.14947895054758e-6,1.55859540329692e-10,0.2095802789756722,64.26489092129498,3.58952844255009e-6,1.00723112951695e-9,-0.1537442435878129,62.659110254116484
41.74,90.07,0.75,2.59,1.44917707197603e-5,9.77498974483707e-11,0.222510180990685,61.90339539961796,1.98597412369421e-5,2.53991200685208e-10,-0.1904005917698513,59.36033477795713
42.41,11.48,1.46,2.57,1.63450080921418e-6,1.27511531809192e-11,0.2237787810499816,62.38186937821505,2.29711327943337e-6,1.04931979146461e-10,-0.1592055870459597,60.697750356728584
20.66,45.77,1.27,2.37,9.19532491317908e-6,1.51294035916327e-10,0.2156445525445041,60.842188512451784,1.02815506234949e-5,1.22189999886871e-9,-0.1543942481310111,60.42624385832222
7.6,86.55,0.36,1.96,2.5427713028718e-5,1.29108228156296e-9,0.205583389491784,64.0864337210957,1.92657771357358e-5,1.49561038651721e-9,-0.1973050886591113,61.14629863409657
22.72,67.64,0.43,2.27,1.58098372822552e-5,1.48356354523063e-10,0.2186415040330187,62.06106625263945,1.49107331542721e-5,2.05174229777069e-10,-0.2065225358693746,59.037546759308434
27.13,99.66,1.06,1.26,1.92583603942299e-5,1.68593123781633e-10,0.2228697535253871,62.08054878996527,2.18864129909172e-5,5.78624136059843e-10,-0.1828648826334243,60.46206116073896
43.68,42.08,1.07,1.38,6.61176458751499e-6,3.99844293993385e-11,0.2247191607030056,61.163658858212564,9.30088996836979e-6,1.34437339579179e-10,-0.1853522834949122,59.11486286968512
16.99,69.93,1.2,2.45,1.44909671668213e-5,3.18335824699618e-10,0.2142619810151393,61.86389423778611,1.4628668849812e-5,2.52613524823798e-9,-0.1540992738262218,61.998740959221145
7.38,31.61,0.58,2.28,9.00388355215341e-6,7.49788770782619e-10,0.1988471441042637,64.72611291194946,6.96042491879475e-6,1.39780214884608e-9,-0.1767848332524747,63.21812906902402
42.64,97.53,0.4,2.56,1.7884124850879e-5,9.9868277904867e-11,0.2213462575405884,61.440184215398986,2.13417174309153e-5,1.35201488743553e-10,-0.2080386793054867,59.39086537443777
26.56,96.59,0.5,2.58,2.06081334167659e-5,1.84289727452986e-10,0.2189922071527268,62.06763320060131,2.12682840365501e-5,3.21581850947371e-10,-0.198237079498132,61.39445846113288
27.03,77.04,0.51,1.35,1.75836423798508e-5,1.19361484536095e-10,0.2220994121439782,61.048640838225424,1.73395548284423e-5,1.53215418284823e-10,-0.2103514933267705,59.982178321359434
9.69,37.23,0.27,1.32,1.10582931203426e-5,2.0816047112662e-10,0.2168552313840159,61.646901888138764,8.36075210166413e-6,1.94611429878406e-10,-0.2164060813206506,61.3587922282238
31.0,94.85,0.43,2.41,1.96345886147763e-5,1.41617302177723e-10,0.2202795387313927,61.97151510598173,2.11002738996443e-5,2.13216462882416e-10,-0.2052525182398333,59.09045512727987
26.39,71.17,0.79,1.2,1.52182699868457e-5,1.16796403378618e-10,0.2228421827885652,61.47380450430526,1.5850770422371e-5,2.38718301752873e-10,-0.1973615989536518,61.29521556031334
22.91,85.5,0.82,2.93,1.72611240136184e-5,2.31545934225202e-10,0.2166877581420334,61.285686169551475,1.87449618949328e-5,7.84173355300932e-10,-0.1776139748498987,61.05006690917709
29.23,74.95,0.88,2.22,1.42544383731097e-5,1.28495541367867e-10,0.2203348532214136,62.189766502965426,1.65853991434714e-5,4.140517349272e-10,-0.182244126887608,60.73169654583591
40.7,84.23,0.45,2.22,1.60559615381505e-5,8.98565513458492e-11,0.2209933527580029,61.359084550775044,1.86125351421692e-5,1.29983207357424e-10,-0.2066636302804413,58.87976673178583
36.45,33.6,1.32,1.94,5.22383564528214e-6,4.32383220755505e-11,0.2239456138662559,62.356373532020754,7.25876451911149e-6,2.78614972583962e-10,-0.1659694124846292,60.316595996248445
19.79,34.23,0.34,2.24,8.56385262191652e-6,9.19770495346399e-11,0.2165693006638665,61.583808877532746,7.592648926404e-6,1.17830510190612e-10,-0.206954757880337,58.97098978112941
19.26,45.98,0.66,2.21,1.05847647922859e-5,1.3709725844335e-10,0.2168965657400831,61.47141533694944,1.01757059616434e-5,3.23670490721745e-10,-0.1898404673661986,59.35192324189469
39.24,20.12,1.24,1.55,3.19701379463761e-6,2.26463127546786e-11,0.2241146970223429,61.76395757568247,4.31102080636748e-6,1.1269812232373e-10,-0.1739340914826507,59.661762421189025
35.01,96.55,0.62,1.37,1.95630552479717e-5,1.14678234573837e-10,0.2223871370507228,60.987320498008145,2.14942355963668e-5,1.69146180019674e-10,-0.2072018525425599,59.01483867897978
8.45,95.71,0.87,1.59,2.65462294052837e-5,1.43952715631246e-9,0.2041059042482739,63.467086104519495,2.1478913723284e-5,3.85755335664485e-9,-0.1725524643334874,62.69086793164658
7.17,73.47,1.18,1.63,1.99096514279057e-5,2.73961981169213e-9,0.1931278722385672,66.32538585932637,1.66271823236804e-5,1.13769544184281e-8,-0.1455355072982651,64.75419315394713
22.07,11.2,0.78,1.41,2.58358654832562e-6,2.30384611737391e-11,0.2213846097916295,61.87230159822059,2.16006230342409e-6,4.85631907900106e-11,-0.1965969677672454,61.18231887476176
19.34,92.45,1.24,2.83,1.83331340673429e-5,3.82060353398701e-10,0.2137342211387332,62.15007744877567,1.9846942952396e-5,3.41066248168403e-9,-0.1482566729540044,62.95307761387066
17.1,82.02,0.69,2.36,1.91205709238584e-5,3.01835440557902e-10,0.2159696847870459,61.178840496072375,1.81806070328398e-5,8.33472591024521e-10,-0.1842351147058792,61.8824321978546
39.71,92.08,0.48,1.98,1.79312806754563e-5,9.78320384243978e-11,0.2217217265634777,61.097994887434226,2.0617083458546e-5,1.40535292165508e-10,-0.2073092215235557,59.085259334643425
26.96,13.86,1.16,1.64,2.63867201598657e-6,2.46076835646388e-11,0.2219427191271326,62.426361982692285,2.5858500582653e-6,1.09348309707528e-10,-0.1757791333648116,60.17500316848411
40.18,37.53,0.5,2.17,7.04249653375281e-6,4.03302450868461e-11,0.2213928346241429,61.32768447737111,8.15097863679756e-6,6.16655137135957e-11,-0.2051684921958092,58.58179893712214
29.75,24.13,0.28,2.69,5.32501864737582e-6,3.91985716208213e-11,0.2181486646951118,61.999620350518995,5.27405586125152e-6,4.63744483563414e-11,-0.2092644821884135,59.73158142603095
23.43,35.41,0.81,2.01,7.48076967942148e-6,7.72023974486676e-11,0.2195938115791277,62.09635736181396,7.73282994464008e-6,1.92835034464972e-10,-0.190117212498263,59.194152463048376
14.54,58.22,0.26,2.0,1.59094786908704e-5,2.2315249100518e-10,0.2159097394089799,61.44210302247359,1.26645933922133e-5,2.4048388490246e-10,-0.2116834869376544,60.46071111539697
28.48,71.33,1.5,2.29,1.17792824105623e-5,1.42579928407324e-10,0.220329302551752,61.88508575370584,1.52350064923054e-5,1.41152086895885e-9,-0.1512207626524948,60.041558034000325
23.46,87.37,0.87,2.54,1.77192068216067e-5,2.14519455099559e-10,0.21794738211422,61.579957820780905,1.98457968513989e-5,7.08713860412064e-10,-0.179379758754398,61.58241070658642
14.79,83.47,1.09,1.98,1.91678875405087e-5,4.34451340180783e-10,0.2135516466832097,61.73053181722006,1.853486301012e-5,2.28655304939273e-9,-0.164072291551322,62.514382877260964
25.99,47.61,0.77,1.2,1.02813797917425e-5,7.88875821453366e-11,0.2228668466695883,61.41070056357234,1.07778671594827e-5,1.49691763221763e-10,-0.1995685555362466,60.584215422649535
36.37,75.51,0.29,2.44,1.55642130153827e-5,9.07180711945309e-11,0.2206104038874178,61.395443974495606,1.64788284390305e-5,1.02214943010754e-10,-0.2122188753448046,60.743104414154566
17.94,82.73,0.8,2.8,1.8516187889443e-5,3.28733153946548e-10,0.2143883377097204,60.85030580008649,1.86445314118672e-5,1.33023069783001e-9,-0.1724911056048106,60.8332963753883
33.27,12.5,0.31,2.91,2.61707893730255e-6,1.75549074099845e-11,0.2191458747410626,61.99712167558803,2.52854617238051e-6,2.13001577327412e-11,-0.2098766599468023,60.05497551827938
44.83,27.17,1.44,2.08,3.64846409847574e-6,2.78878772469109e-11,0.2244033568128075,62.2018602903848,5.50762192490462e-6,2.04324941012472e-10,-0.1623826927973415,61.21313366304063
11.33,22.46,0.96,1.55,5.86431070537301e-6,1.58890074440594e-10,0.2120351381514164,62.052371229364454,4.79591640526817e-6,5.78305780548066e-10,-0.173179326901481,60.866554562390014
37.66,34.79,1.11,1.85,5.65523047187879e-6,4.16552076590714e-11,0.2236996803299458,61.94718891933577,7.27809338018098e-6,1.75515510962383e-10,-0.1773566982307175,60.810800702136255
32.85,10.88,0.8,2.07,2.07630532548864e-6,1.48090001177061e-11,0.2218678338630679,61.73796390845158,2.21322323424902e-6,3.28380542060106e-11,-0.1949474080205845,60.885835752709255
43.91,41.56,0.46,1.37,8.09817147458144e-6,3.66463799905852e-11,0.2234294135079006,60.21557361360785,9.18887643108781e-6,4.0872092128511e-11,-0.2148356889359435,60.8294884733836
34.86,94.59,1.49,2.38,1.4204389690231e-5,1.43949367425305e-10,0.2218432596205052,62.19726328388021,2.12092446425576e-5,1.48044059003578e-9,-0.1518908475950213,59.712733786899534
30.86,53.12,0.22,2.7,1.17264129973682e-5,8.03346770628163e-11,0.2191758942593164,61.97608614482498,1.18041737096264e-5,8.57300259473355e-11,-0.2130863251413789,61.18224296198371
32.03,95.95,1.39,1.74,1.56272975672661e-5,1.47131690212938e-10,0.2232810287956125,62.677317711425125,2.13935491248104e-5,1.10995325088162e-9,-0.161180977941064,61.40621213124715
41.86,68.45,1.43,2.02,9.34502454554918e-6,7.57526537398672e-11,0.2247013502297303,62.304453602149785,1.51630317479783e-5,5.65870278691992e-10,-0.1617346270816808,61.446449698672204
26.29,80.16,1.24,2.26,1.44424809898812e-5,1.68155984933945e-10,0.22043879981278,62.01901935154211,1.80390088854013e-5,1.02742897791039e-9,-0.1640689154790295,61.45276882555454
41.01,12.0,1.02,2.76,1.91742219934679e-6,1.37810376998323e-11,0.2215815382688154,62.21577527615871,2.44708471625991e-6,6.20030860851738e-11,-0.1748018480905383,59.983941329304024
33.2,61.64,0.53,1.33,1.30941140003846e-5,7.54008539439412e-11,0.222692230145061,60.7394059091978,1.35122772830662e-5,9.46121643270532e-11,-0.2113125576235179,60.3624799591167
33.32,45.19,0.3,1.47,1.04420583179604e-5,5.39741639059449e-11,0.2216994047355952,60.425407133818055,1.00034459885905e-5,4.61068609666909e-11,-0.222346877295639,58.4734228128173
13.86,29.77,1.2,2.05,6.77463178486296e-6,1.81318138486304e-10,0.2126116113719955,62.7039831550734,6.4352659996522e-6,1.29176117482694e-9,-0.1556663388510968,62.11602931931702
22.61,64.09,1.38,1.51,1.23820701749258e-5,1.56097570608559e-10,0.2205137361073257,62.04458956047543,1.42335320825103e-5,9.49310135553583e-10,-0.1647950717209521,61.448661287151495
33.44,24.59,1.02,2.35,4.21038986054893e-6,3.57224805805809e-11,0.221599587951447,62.46654317997132,5.01386531977785e-6,1.4377280986642e-10,-0.1776753062556989,61.029717001247846
9.27,70.6,0.87,2.03,1.897142340779e-5,1.17140225520993e-9,0.2000855619321329,63.3806128400536,1.59638079689867e-5,3.4404809541179e-9,-0.1646256665749234,62.340708972999494
27.54,28.98,1.02,2.33,5.26567573018494e-6,5.46791240746754e-11,0.2203865691613226,62.158788214357386,5.95078658550182e-6,2.25476909377704e-10,-0.1756517819600349,60.249473936155454
41.3,82.5,1.17,2.04,1.23648047885524e-5,9.10358006161187e-11,0.2239750742602285,62.065742295526,1.77517662750409e-5,4.61806700698084e-10,-0.172837478446652,59.31505018826627
32.93,70.24,0.35,1.43,1.59151221058414e-5,8.52611061040139e-11,0.222062551303715,60.50369984886744,1.57338664418287e-5,7.93614660653369e-11,-0.2195903267229933,59.411276855478505
33.54,18.54,1.49,2.74,2.89820049590916e-6,2.97262982200451e-11,0.2213185052758117,62.15266285534285,3.91477813198574e-6,3.07339072151361e-10,-0.1516775441654489,59.978620707074455
27.15,97.91,1.09,2.49,1.78602958167647e-5,1.98069482758898e-10,0.219946913054353,61.9610909296217,2.20413366104003e-5,9.95315495578457e-10,-0.1699328918986089,59.567535892760596
25.59,15.17,0.43,1.32,2.99903952048021e-6,2.40398081157478e-11,0.2222328974958661,60.68112559450614,2.54804225698345e-6,2.95912284546551e-11,-0.2127302299468782,60.60305087968684
19.93,58.98,0.73,1.98,1.35806205259801e-5,1.61159688712233e-10,0.217790434556613,61.661090988173825,1.32628084236543e-5,4.21088089743937e-10,-0.1882850575315369,59.781115707935875
16.88,45.29,0.77,1.87,1.05154774990647e-5,1.55722529091661e-10,0.2170365804703244,61.437883470748424,9.59857235838951e-6,4.25861082131e-10,-0.1865837087476313,61.02125218005986
38.32,87.77,0.21,2.64,1.82179612565709e-5,1.01723016269987e-10,0.2197864752247426,61.51573534346344,1.96699411522274e-5,1.05028575039224e-10,-0.2137710649311433,61.29175563952309
7.91,45.69,1.02,2.89,1.18901127074504e-5,2.56313411273839e-9,0.1840930810505249,68.78272110436926,1.00751176971663e-5,1.23337397414044e-8,-0.1298450894607477,68.72234884423557
43.84,10.27,1.15,2.35,1.57704738639223e-6,1.04188104074519e-11,0.2235388059588468,61.79141771497293,2.04728307791759e-6,4.67962593515465e-11,-0.1761810329554754,60.474441686882045
19.5,23.34,1.29,2.68,4.7277271249714e-6,8.88759869208552e-11,0.2146000519807056,61.36731917495988,4.89343121193829e-6,6.88442562034398e-10,-0.1541219173126857,61.00987205515497
42.95,78.83,1.35,1.37,1.13757021085111e-5,7.93760357026546e-11,0.2252160130704287,61.668972072400535,1.75185113554805e-5,4.47065032809352e-10,-0.1718250359659198,58.975906360125
31.15,81.46,0.56,2.61,1.60623588638943e-5,1.26706349242911e-10,0.2201987451104327,62.32835266862888,1.8215750542398e-5,2.54426175639069e-10,-0.1958366385675538,61.27626451671543
19.18,38.69,0.22,2.53,9.64492859733198e-6,1.12300452239682e-10,0.2156100741604614,61.38528653092636,8.39568765396196e-6,1.29452130322023e-10,-0.2087183890129016,59.53226979116409
36.85,10.78,1.03,2.09,1.85177255091269e-6,1.30399883871807e-11,0.2230826100407234,61.79063503144143,2.12218714326079e-6,4.71453886630121e-11,-0.1820086060948831,60.687397314495975
40.01,34.11,0.63,2.96,5.89054776118821e-6,4.05475167359869e-11,0.2205022755253614,62.24069217386383,7.29022688890163e-6,9.51142420982116e-11,-0.1916131378029781,59.7643190085156
35.38,59.92,0.42,1.32,1.29969511259033e-5,6.8125272887547e-11,0.2218721787695064,60.56472265236883,1.32773459320085e-5,6.99555160118239e-11,-0.2162612102659799,60.43387873745038
28.32,48.63,1.2,2.13,8.68789534029262e-6,9.02416393840798e-11,0.2207429713820325,62.14661611302591,1.07479845377532e-5,4.98130947093934e-10,-0.1677855075907494,59.96746591716377
11.17,47.92,0.91,1.34,1.26027147119791e-5,3.14513481887461e-10,0.2133785305387861,61.11176948159408,1.05885092884289e-5,9.5844334076295e-10,-0.1785987261838796,60.85274234902517
15.18,18.38,0.26,2.59,4.88646003702678e-6,7.65549122159171e-11,0.2137470940789832,60.88319741663993,3.99677733432254e-6,9.0105960139021e-11,-0.2075311428206031,60.2925847796275
35.18,33.32,1.31,2.23,5.27846118406666e-6,4.75557306120662e-11,0.2218804605056017,62.35223356652193,6.98131901827968e-6,2.97919078273278e-10,-0.1651753098504477,60.731401650936604
8.33,86.4,0.82,1.39,2.38830034273526e-5,1.15245597151906e-9,0.2066438948248226,64.20337864266271,1.87684516151789e-5,2.51524175309264e-9,-0.1800115356199818,61.15869568017562
41.19,50.14,1.15,1.48,7.97515684878961e-6,5.30299787090536e-11,0.2240315805975115,61.60063254887563,1.11234344907326e-5,2.12889584450594e-10,-0.1789914726365933,61.30802943101028
32.95,79.76,0.3,2.9,1.64292609361448e-5,1.16798351354891e-10,0.2188786955901751,62.146667833765,1.76816909856621e-5,1.56955890016278e-10,-0.207121183875813,59.155149849784166
26.13,50.63,1.06,2.65,9.49253035582024e-6,1.07618570006745e-10,0.2196154524388229,61.909428055219315,1.13088250971933e-5,4.90600712873358e-10,-0.1725296716330507,59.3037915736452
18.37,20.54,0.74,2.61,4.65077521670591e-6,7.13310323049836e-11,0.215685433585562,61.14141139067443,4.35597823293679e-6,2.11813216673805e-10,-0.181577623480917,62.40495932489779
24.09,19.01,1.07,2.65,3.71910513753267e-6,4.61124407534119e-11,0.2179404313422189,61.54582162411784,4.0742686146755e-6,1.91643572506939e-10,-0.1738296706108418,59.73265959353506
36.53,36.78,1.43,1.43,5.70063799090287e-6,4.56748031165534e-11,0.2246214594109149,62.1040971844105,7.85238155544657e-6,3.19941220332669e-10,-0.1643596375203737,60.7426129617059
28.25,62.57,0.72,1.27,1.32417793232576e-5,9.5218314060733e-11,0.2224390238574985,61.364967408025635,1.37640399501424e-5,1.76411339467492e-10,-0.1999887112500624,60.31996318922485
13.61,93.34,0.78,2.7,2.25578968968846e-5,6.3943793407681e-10,0.2103507144903236,63.46664911655323,2.03306709707626e-5,2.65128957374412e-9,-0.1677316572696184,63.67690193514852
44.31,36.26,0.31,1.52,7.44684461996741e-6,3.15771155366952e-11,0.2226306603426509,60.11272409594341,7.85153354767246e-6,2.77734608806567e-11,-0.2218607091193236,58.42330302427311
26.92,79.53,1.34,2.75,1.35074280537391e-5,1.78294290439592e-10,0.2193186805185198,61.65846120169341,1.68721227122441e-5,1.50069524588765e-9,-0.154685261298734,59.2649769839431
20.86,53.3,0.42,2.15,1.3082622711935e-5,1.34528128454125e-10,0.2167666149057704,61.54529880798446,1.2034248066973e-5,2.02302754150585e-10,-0.202046026345223,60.46821104695041
9.07,86.76,0.39,1.64,2.51510841311734e-5,7.88907015183614e-10,0.2092744897730517,61.967892405790344,1.92411567129141e-5,8.35413624064064e-10,-0.2047789147624506,61.76739454835535
29.2,43.87,1.45,1.64,7.43940538897679e-6,7.72913874607353e-11,0.2218682793941743,62.33019295044155,9.39991731929257e-6,5.68350737116731e-10,-0.1603153117610412,60.97960817910401
22.96,29.55,0.95,2.4,5.81259822037646e-6,7.25595907711415e-11,0.2185440337802549,61.732442634275394,6.26302741004617e-6,2.6088585069508e-10,-0.1778921983371984,61.0409429368793
22.96,45.42,0.4,2.74,1.03254211221244e-5,1.0879708416004e-10,0.2169716512557693,61.60990440511982,9.99563050473003e-6,1.56625267149236e-10,-0.2024405703562918,60.503833255036135
45.0,71.69,1.24,1.49,1.03832931084391e-5,6.84413206539148e-11,0.2248732152484267,61.550077053467795,1.55694287833678e-5,3.22159358054218e-10,-0.1755899885250966,60.232250325460306
13.64,65.36,1.01,2.03,1.55574244522084e-5,3.77663660315814e-10,0.2132731555779046,61.98896236469084,1.45431219917559e-5,1.8718156190973e-9,-0.1661948618787532,63.320897905111806
15.08,21.17,0.92,1.77,5.12507498058835e-6,8.97658244954224e-11,0.2156328616463697,61.066020332391446,4.5322619120645e-6,2.99228798657272e-10,-0.1796560055029604,61.59323024142605
36.32,93.92,1.3,1.61,1.47467482795114e-5,1.17927418589649e-10,0.2243438373438192,62.122600218577354,2.07931906706349e-5,7.08489829375845e-10,-0.1689135333295483,59.307468006810225
9.1,33.05,0.93,2.31,8.6669500111746e-6,7.12204823332208e-10,0.1964462014850188,65.4645467892074,6.912990486821e-6,2.51169272911574e-9,-0.1558211932024432,63.79798185151703
34.71,43.83,0.71,2.11,8.04743764459067e-6,5.73400426165822e-11,0.2213897506826824,61.852469264816925,8.95440007255925e-6,1.25796909013138e-10,-0.1945339956316905,60.69341015669745
30.14,79.58,1.31,2.93,1.30298953896754e-5,1.58115620777013e-10,0.2188137415355254,61.49781185714506,1.76076251144477e-5,1.3440603528274e-9,-0.1542345560008483,59.09359806948676
18.95,78.71,0.59,1.42,1.91905709091399e-5,1.99471461961262e-10,0.2196666736751707,62.278875292951106,1.71084744470771e-5,3.25468606253142e-10,-0.2023225212632875,60.33329719119215
24.93,43.58,0.76,2.46,8.93094631121634e-6,9.56829845627014e-11,0.2179775706595053,61.65858325335691,9.52007681305123e-6,2.49772214617807e-10,-0.1870016943083927,59.6691350712783
32.04,45.22,0.6,2.69,8.67032454975024e-6,6.83187556690775e-11,0.2203384636368523,62.34271371436406,9.91936645745934e-6,1.48388698900156e-10,-0.1939522894571105,60.64304042756036
34.28,70.52,0.73,1.22,1.3934612628418e-5,8.53889513409387e-11,0.2230839093473569,61.01938906764673,1.59116293556802e-5,1.48125450196047e-10,-0.2025536215881743,59.25455006760513
37.68,66.31,1.18,1.45,1.08014524233009e-5,7.70818922462347e-11,0.2243722216877859,61.70978200351256,1.47420758036809e-5,3.34490550201339e-10,-0.1772070469564323,60.75499095908618
12.32,86.85,0.9,2.17,2.17140750240276e-5,6.93797241853914e-10,0.2087173460339916,63.7565480924753,1.94462231172722e-5,2.77599038932239e-9,-0.1649618771143812,62.54700654607076
21.7,93.37,0.54,2.95,1.99948827907463e-5,2.61443280049758e-10,0.2162044552654734,61.29908176072542,2.10738618427422e-5,5.29429700301723e-10,-0.1919632641634734,59.97334497008637
21.29,37.69,0.82,2.2,8.16127931130001e-6,9.58874583391101e-11,0.2189494268984787,61.895355292602424,7.76809468503094e-6,2.57968966130202e-10,-0.1876513695538151,59.99625665697149
16.44,82.41,0.86,2.68,1.8824925954799e-5,4.15573601762211e-10,0.211328067545474,62.293847282914385,1.86247589816937e-5,1.69966263215582e-9,-0.16892131971598,62.35805031230801
24.62,51.92,0.38,1.71,1.24443596804702e-5,9.42813130041148e-11,0.2198380644833891,61.60060988417934,1.1423551145333e-5,9.8934233072266e-11,-0.2140418785197006,61.220508700369784
30.94,68.94,1.17,1.74,1.2025331437107e-5,1.0536168702134e-10,0.2231112341411968,62.379559904055995,1.52682642588546e-5,5.24919653013772e-10,-0.1735317202760595,59.61649146749016
12.88,95.51,0.72,2.46,2.42334670915714e-5,7.32040065114002e-10,0.2079876407423001,63.69360962584213,2.11758158948915e-5,2.40198825627397e-9,-0.170517206013498,61.88267867530465
27.6,68.65,1.07,2.0,1.26213154887392e-5,1.26171365458586e-10,0.2211499473950483,62.309906135766326,1.44720744102016e-5,5.29391457599182e-10,-0.1756492116781836,60.23202456214877
19.84,47.48,1.34,1.25,9.989742774835e-6,1.36686639267909e-10,0.2188357244676647,61.70388927250968,1.06816553014441e-5,8.70086340453048e-10,-0.1632803912536104,62.05522412042325
37.2,65.17,0.65,1.53,1.23316314598986e-5,7.190332795887e-11,0.2234105674668653,60.90931775521671,1.3972264920232e-5,1.22631867348175e-10,-0.2032597760515039,58.93867623958504
38.53,17.87,1.12,1.31,2.89699594771079e-6,1.96388106219185e-11,0.2242921468450187,61.338299404933906,3.79983492719593e-6,7.28062063710642e-11,-0.1820123203101464,60.334078990737474
24.22,71.65,0.45,1.94,1.64661655446214e-5,1.39105194137415e-10,0.2193275214898178,62.07678577053094,1.5551526613474e-5,1.79503543375715e-10,-0.2084728555628386,59.41567485295861
35.75,62.25,1.46,2.58,9.08748003368316e-6,9.0146532017557e-11,0.2229561913713322,62.474570219001,1.36072800484711e-5,9.12678326222528e-10,-0.1531683704262154,59.292393524487686
29.87,44.24,0.68,2.27,8.71396083091552e-6,7.23060845352718e-11,0.219774189169356,62.17356243279086,9.49119551405979e-6,1.60219966767511e-10,-0.192665241827024,60.03591323065952
40.74,80.3,0.9,1.99,1.32038243028634e-5,8.79449729867478e-11,0.2227413556612824,61.75816187222108,1.80520341685486e-5,2.67647902642514e-10,-0.1862654689666031,58.833305606739714
14.66,31.44,1.36,2.13,6.70883488653323e-6,1.94036643475459e-10,0.2118000616324565,63.32647175866027,6.07532595030581e-6,1.9031099016569e-9,-0.1455659350713941,62.28220296406208
25.72,98.43,0.81,2.43,1.96563898701442e-5,2.00013265107393e-10,0.2197967190850293,62.06994663790311,2.20552928322796e-5,5.99345114954824e-10,-0.1839942059634913,60.554397804831744
9.54,73.45,0.54,2.83,1.95903455626199e-5,1.21209754410498e-9,0.2007368865674569,63.834724081028085,1.62363422501261e-5,2.94690723203248e-9,-0.1710631327872947,63.9786241611229
23.6,22.36,1.15,2.49,4.40780037625485e-6,5.57585289895242e-11,0.2182253446597914,61.57570551988843,4.76480328952244e-6,2.7358598342836e-10,-0.1696913874084776,60.189954724899394
41.71,11.65,0.68,1.84,2.08850151273655e-6,1.13812278191508e-11,0.2233817562613535,60.8229024814834,2.34034852475048e-6,2.02401433978297e-11,-0.2023916520659684,59.3377335310927
23.24,26.97,0.76,1.45,6.03940642838197e-6,5.36555898760441e-11,0.2210512324491694,62.03023863070498,5.84404239757084e-6,1.07134341566565e-10,-0.1970309794904187,61.402340241576496
11.79,36.56,0.62,1.98,9.71100337331207e-6,2.41240180324178e-10,0.2114362151676788,61.61787040010602,8.10729595025513e-6,5.67592684870993e-10,-0.1843287745213967,62.37888183559166
28.02,53.09,1.29,2.77,9.07176860009909e-6,1.10810763448984e-10,0.219459116004095,61.71992144982536,1.17363850794644e-5,7.90571903396376e-10,-0.1586855133327195,60.589543288311994
30.55,28.64,0.79,2.66,5.39217424411439e-6,4.62985042165381e-11,0.2206888649750748,62.33870698736287,5.94893527544061e-6,1.44331970268786e-10,-0.1847700202080272,60.44059804496985
44.66,44.15,1.35,1.86,6.10483238716924e-6,4.44258500910266e-11,0.2246423720181663,61.991312154245165,8.89654179132571e-6,2.785555342536e-10,-0.1673621438076504,59.475552160793676
18.12,77.24,0.87,2.89,1.68587030065397e-5,3.16736685658139e-10,0.213957952709683,61.33481974149506,1.70767982159094e-5,1.49485493704415e-9,-0.1671670142805598,62.52068067031526
43.33,17.48,0.21,2.79,3.50909256121581e-6,1.71673638516627e-11,0.2206278018928106,61.10943562528792,3.64957318119494e-6,1.66068891989442e-11,-0.2166494489899123,60.43519544600022
41.59,92.11,1.21,2.95,1.29536214282738e-5,1.09866118738375e-10,0.2230460636306915,62.5739164700646,2.03456199175761e-5,7.05559917175049e-10,-0.1641947794409802,60.768654569820065
15.0,61.5,0.67,1.91,1.53894832528082e-5,2.55219626278944e-10,0.2154249972965665,61.09746299577937,1.38266242448299e-5,5.91929839549431e-10,-0.1901656288477888,60.28368069398797
35.58,91.52,0.54,2.32,1.75093615438663e-5,1.15234684000825e-10,0.22125352448573,61.707016139671346,2.03993149384349e-5,2.04388444631727e-10,-0.2002905700274274,60.349883085652394
17.4,25.65,0.6,1.54,6.4357481424666e-6,7.28702852032804e-11,0.2194023142132914,62.196564106991076,5.33964856605905e-6,1.2407296366378e-10,-0.2009949996750551,61.05384196042268
29.28,70.04,1.45,2.33,1.15278172766696e-5,1.34930827991877e-10,0.2202990207724388,61.87185887005785,1.49292560274612e-5,1.22987687984836e-9,-0.1540222548491037,59.03783354344964
34.18,34.96,0.71,1.43,6.9131129813597e-6,4.31221061106597e-11,0.2226552782431491,61.1629728576079,7.59174285881825e-6,7.73807290132175e-11,-0.2012792865225639,59.797800755930716
13.01,48.9,0.6,2.42,1.25032233512918e-5,3.09928934799738e-10,0.2107762322950215,62.20269001571166,1.08701456241685e-5,3.32774309853174e-9,-0.1450023531776718,61.52587820045778
28.8,40.23,1.38,1.52,7.00546388598649e-6,6.99175105320126e-11,0.2221547611971554,62.45802979435726,8.31293152703018e-6,4.42811128023222e-10,-0.1650827643669419,60.77840599899474
32.35,83.36,1.27,2.52,1.32034891381871e-5,1.35381489032547e-10,0.2214434158912086,62.248400852580126,1.85729160967436e-5,9.92503088335773e-10,-0.160506137495064,61.23898665280468
11.46,54.7,1.5,2.37,1.2819579711318e-5,8.72488619392188e-10,0.200515555128798,65.43392952217651,1.23782613888629e-5,1.10416572628065e-8,-0.1223113998599104,65.52335813608005
15.16,89.0,0.47,1.35,2.37766362192025e-5,2.92005388005171e-10,0.2183735035776252,61.9898786317806,2.01417428017189e-5,3.60245179054081e-10,-0.2099901037117353,59.77865850219949
17.47,91.63,0.26,2.38,2.37897017706139e-5,2.94229909346196e-10,0.215998188289807,61.46440131206488,2.06833824299448e-5,3.61607683744098e-10,-0.207716780330557,59.27582493015508
41.35,85.24,0.95,2.62,1.3198143322443e-5,9.62955128753629e-11,0.2227226928179395,62.21991056825837,1.84152591138033e-5,3.61578969440162e-10,-0.1793789607654928,61.39148965898758
22.27,49.51,0.61,1.97,1.1364508004996e-5,1.09408804643974e-10,0.2195963135938212,62.23203646099976,1.1077021381261e-5,1.87503370433144e-10,-0.2001104825893439,61.016765567494524
12.06,90.32,0.77,1.51,2.35910079138645e-5,5.31349758587375e-10,0.2131079962350295,60.640291714673275,1.95240590985224e-5,1.40317723206497e-9,-0.1826309499021876,62.14053442367669
20.54,10.57,0.51,1.4,2.64896284744549e-6,2.33399740400018e-11,0.2195932401407504,61.73830678259959,2.16798909934964e-6,3.17993512002492e-11,-0.2082274518295462,59.192323183143934
11.01,57.46,0.62,1.69,1.56151017445718e-5,3.77571402412776e-10,0.2129183353381003,60.878508366453865,1.27778643656909e-5,7.58354144111407e-10,-0.1903919397971069,60.31213748164703
25.22,95.22,1.49,1.81,1.70444257719243e-5,2.19351320313619e-10,0.2194242685185593,61.66452927109357,2.03642823738154e-5,1.76456352954302e-9,-0.1563054827561298,59.68218276335687
30.49,81.28,0.93,2.07,1.48324002773024e-5,1.26538755394438e-10,0.2220864195054729,62.34287462409216,1.75518822192118e-5,3.92257037663346e-10,-0.1851155716276063,59.838937346460575
9.17,56.32,0.35,2.17,1.62406751433189e-5,6.68207626692778e-10,0.2046895611569671,63.76189809378892,1.27074621993655e-5,7.97321421070859e-10,-0.1956945844615451,60.76175878109241
31.3,23.85,0.24,2.61,5.30473745613105e-6,3.44842439007067e-11,0.2196593501041616,61.703537722788724,5.13649663358679e-6,3.80191112375323e-11,-0.2128894967525183,61.069846348251495
36.94,12.23,0.37,1.93,2.57277357228809e-6,1.34915137836236e-11,0.2218804513605992,60.714193898415814,2.47203894354286e-6,1.46071678647744e-11,-0.2145892554470408,61.04891789788219
13.43,96.1,0.67,1.58,2.49254434009204e-5,4.189129065199e-10,0.2167790046006691,61.40154686455457,2.12498808661832e-5,9.49348198533856e-10,-0.1926376490160865,60.069801695640315
12.8,22.04,0.56,1.68,5.85404386592266e-6,1.09250629277234e-10,0.2138244595783722,60.666144648653486,4.69915072127022e-6,2.02084338936101e-10,-0.1937960620466161,60.04668594430041
43.46,56.99,0.23,2.09,1.17090855211749e-5,5.3112548308343e-11,0.2214897645552072,60.608827521840354,1.25874048354702e-5,4.72002463890087e-11,-0.2201820923215514,59.02884460863485
12.66,13.43,0.32,2.21,3.60645391354118e-6,7.30883992877547e-11,0.2118911595188536,60.299492987756416,2.7397840517508e-6,9.69880130145204e-11,-0.2010969242781198,61.96633956803098
7.55,67.74,0.56,2.07,1.9524626789826e-5,1.33489598237866e-9,0.2012307475890559,63.19275395766416,1.53132936482754e-5,2.41592719043603e-9,-0.1803788636546423,61.52116991554543
25.49,15.72,0.3,1.74,3.85486269312099e-6,2.62078336674433e-11,0.2205245934176948,61.0910798228589,3.3121090461001e-6,2.31778132875189e-11,-0.2199514156628814,59.56280026686067
10.7,42.14,1.27,2.93,9.80914733798425e-6,8.91625619117028e-10,0.1972841348799414,66.91458349365173,9.09506793466501e-6,9.36769655044726e-9,-0.1232504787049327,66.95342666177562
16.54,51.55,0.55,1.8,1.316704903967e-5,1.7645761407539e-10,0.21591201297721,61.25149905392743,1.15082642222247e-5,2.80850416951666e-10,-0.1998532976302359,61.72680406701503
20.32,74.73,1.11,2.76,1.52134249040244e-5,2.68087380837406e-10,0.2143415012747562,61.07704644237224,1.65363625392106e-5,1.81448838278502e-9,-0.1571869109498609,60.290106633751364
35.61,39.13,0.49,2.09,7.81691173153553e-6,4.73873293821004e-11,0.2215420021900593,61.32290064532736,8.66643873749092e-6,6.8816649990174e-11,-0.2070154839824332,58.99950160276127
15.33,26.15,0.45,1.52,6.99812861908036e-6,8.70178369030213e-11,0.2177857750895729,61.854073774959524,5.78193346576531e-6,1.0797402518629e-10,-0.2093830981610134,59.61327496444027
29.82,74.58,1.5,1.8,1.22329714161437e-5,1.33148607997396e-10,0.221427831667643,62.148562485205396,1.65290825400122e-5,1.16678036453587e-9,-0.1555943280373014,59.44263790480652
20.43,34.53,0.99,2.34,7.31593651628358e-6,1.06097878228791e-10,0.2161925690671289,61.10705807626507,7.51086276216236e-6,4.71291434854757e-10,-0.1716296233011877,60.020114366439856
38.8,43.72,0.99,1.42,7.29585080673517e-6,4.78315878795643e-11,0.2240643251836734,61.33943862881782,9.47400381682169e-6,1.48505409889779e-10,-0.1872410414199223,58.50489090815769
27.58,24.9,0.45,1.47,5.68031228296434e-6,3.77276791871852e-11,0.2217641590916766,61.00080252616232,5.3174462106219e-6,4.42447781238125e-11,-0.2125027169991092,60.678454059135554
21.54,65.59,1.13,2.55,1.26716475257294e-5,1.91096204506988e-10,0.217738204944566,61.404553465666744,1.43390804121906e-5,1.02650674613784e-9,-0.1658603248185244,61.72747399000189
8.31,31.54,0.63,2.27,8.74498711432574e-6,6.12684159733994e-10,0.1994953149735564,63.94252472130316,7.02173552494421e-6,1.21142839258914e-9,-0.1752834287405264,62.60048097089828
29.47,53.7,0.66,2.29,1.07149908959881e-5,8.91389363557786e-11,0.2197569353089764,62.18642757625341,1.1797770427287e-5,1.89998248012744e-10,-0.1934894454823696,60.325275779749596
22.12,10.25,0.21,2.68,2.56359438620818e-6,2.30616090000118e-11,0.2176370251688323,62.032545198899584,2.09108123283204e-6,2.08870776589617e-11,-0.2166990580969818,61.43518910692113
24.17,64.85,1.1,2.02,1.24630803777627e-5,1.47376947211375e-10,0.2193724316906701,61.84302388645388,1.38155499453093e-5,6.24033667852707e-10,-0.1743190211340515,59.81112425099797
11.04,96.49,0.32,2.6,2.62719964395357e-5,8.65881477020439e-10,0.2077195966555412,63.739203942187196,2.13563941033376e-5,1.30183198189524e-9,-0.1914672904157819,60.957900940244805
15.66,57.35,0.42,1.41,1.54537020424768e-5,1.8141039711852e-10,0.2180596306734563,61.93178279614912,1.29499121922381e-5,2.07613448923527e-10,-0.2115354198803056,60.26742449925317
43.53,65.63,0.27,2.32,1.29765746120083e-5,6.29100173206814e-11,0.2211852128972683,60.92986280014293,1.44332071578037e-5,6.3796403189999e-11,-0.2156919201974873,60.67640615604002
33.26,67.02,1.49,1.48,1.06226875179428e-5,9.70031291436628e-11,0.2238310175668619,62.587888248731126,1.47270106028664e-5,7.66424396834403e-10,-0.1603262092309338,61.1003204117083
13.97,66.19,0.77,2.61,1.59700791810253e-5,4.10410125994778e-10,0.2112980378709031,62.82098229391611,1.48426793989908e-5,1.55169558278888e-9,-0.1717843819182898,62.36869524352591
33.51,23.76,1.16,2.58,3.94268699745455e-6,3.59850471644204e-11,0.2212969895120205,62.30896599843834,5.0894667550471e-6,1.97194350265177e-10,-0.1695016915671288,59.646495071194536
38.12,45.0,0.6,1.84,8.57952425445784e-6,4.97765175473423e-11,0.2224964755935474,61.150731607504696,9.87177894816452e-6,8.38321541479759e-11,-0.2028330277687161,59.109734974391145
22.56,49.34,1.47,1.95,9.23483536302946e-6,1.32640306307963e-10,0.218964176580554,61.617275258391366,1.11435105574055e-5,1.0664723540555e-9,-0.1560303902062739,59.65904104978704
19.66,24.46,0.97,1.3,5.48905146097997e-6,6.36034960764556e-11,0.2196203218851087,62.086363255503706,5.22316979869444e-6,2.03181716869457e-10,-0.1834465636907587,60.985208828534816
13.72,71.44,0.26,1.66,1.99610054196179e-5,2.66776692809077e-10,0.2174999130107809,61.86995247997504,1.61722329376854e-5,2.35794392059123e-10,-0.2185590013784435,61.60376290338421
27.43,41.03,0.97,2.75,7.634386803977e-6,8.23743462453627e-11,0.2193077481966608,61.88055456687114,8.64706390602099e-6,3.48870896643538e-10,-0.1741266325288956,59.80618449504509
31.1,25.91,0.74,1.6,5.19974763960323e-6,3.58205245171739e-11,0.2227045335390077,61.381580821941476,5.47134081733689e-6,6.99439699310601e-11,-0.1987979930000434,60.84089780484564
13.29,64.37,1.28,1.27,1.53277195555556e-5,3.52012475156596e-10,0.2150037949200393,61.2078632343841,1.44986905655224e-5,2.48760785171498e-9,-0.1590389077283485,60.79227165059831
32.64,82.1,0.84,3.0,1.43994933396619e-5,1.3206994726086e-10,0.2198797941941727,62.04964744941365,1.78425946710568e-5,4.917517345322e-10,-0.178052852753414,61.24125212371268
40.64,29.66,0.52,1.68,5.78626878931201e-6,3.00468937277386e-11,0.2221477298008756,60.85402882510706,6.24083992943053e-6,4.25618274172423e-11,-0.2079935582628323,59.28177392821978
38.44,52.35,0.97,2.1,8.30856738971946e-6,6.17340251360244e-11,0.2231403507410422,61.952217136231916,1.08639929407859e-5,2.07944862661795e-10,-0.1829720485989791,60.10273697388539
41.92,13.01,1.06,2.81,1.98639516787083e-6,1.43539093706363e-11,0.2227770025132499,62.133920183136766,2.63481348657918e-6,6.66337998748276e-11,-0.1747334359528225,60.010857445357324
7.48,96.75,0.61,1.66,2.80178590637979e-5,1.54763547871863e-9,0.205423076320598,63.870571566336174,2.17495511179788e-5,2.5429432002671e-9,-0.1875814700116126,63.401426792583216
33.16,76.12,0.8,2.56,1.36442139060605e-5,1.1262398729368e-10,0.2208355523659271,62.33669926680681,1.69329959792537e-5,3.40874563205277e-10,-0.1851532524864199,60.008122319787624
11.29,50.69,0.21,1.84,1.47011681986709e-5,2.7664132675312e-10,0.2139620457656919,60.910242228532184,1.13602705559812e-5,2.7086104773254e-10,-0.2114810972338328,60.03734244200432
29.42,73.9,0.53,1.56,1.60060484739476e-5,1.08406813916461e-10,0.2212570170521132,61.32070545349329,1.62394140145935e-5,1.55509044851945e-10,-0.2072333285335958,58.98451851181458
43.37,17.74,1.01,2.48,2.74103627885251e-6,1.83439173689104e-11,0.223337389065718,61.85826194356336,3.77749745272358e-6,6.7104014930629e-11,-0.1810875742959232,60.80191866362444
36.67,42.3,0.98,1.95,7.16572503117513e-6,5.17043120853011e-11,0.2233684735735233,61.86519697407622,9.21277811334564e-6,1.7449776784641e-10,-0.1833542567571128,60.01175505452465
28.08,13.35,1.47,1.87,2.30191854140211e-6,2.47352153398552e-11,0.2212688501157414,62.28113508157703,2.61719960741119e-6,1.69786539985325e-10,-0.1621287311395744,61.577842168003876
23.36,41.79,1.05,2.44,8.06064486592754e-6,1.04482254154842e-10,0.2182653785107694,61.588621888981535,8.73280026845698e-6,4.57030108592739e-10,-0.1728902285737793,59.383519597129165
12.52,88.25,1.41,1.35,2.10865247403248e-5,6.9576051147653e-10,0.2096078720436661,63.870692706111164,1.995382892886e-5,5.7707113074559e-9,-0.1457674082289861,62.056139951341756
11.68,17.18,0.29,2.18,4.83842535790987e-6,1.0203053459649e-10,0.2121553568181768,60.42580345461861,3.71954212102922e-6,1.24240299271558e-10,-0.2040101208163081,61.37044960180474
17.12,33.83,0.81,1.9,7.86160173140748e-6,1.11496547425517e-10,0.2179821400582908,61.67036982518638,7.28162913050186e-6,3.27134391968521e-10,-0.1850113459701784,61.36964516373882
35.94,89.88,1.3,2.38,1.364379385347e-5,1.23813625481071e-10,0.2230821073174457,62.611692275452974,1.9413947493318e-5,9.26700002382626e-10,-0.1609557283381471,61.36745570158327
22.33,88.32,1.1,2.12,1.75933620168158e-5,2.27034335472846e-10,0.2189703059479706,61.74210083074341,1.96350009863905e-5,1.01487001641575e-9,-0.1726784135129274,59.316195464296634
28.56,63.7,1.17,2.47,1.13067731251194e-5,1.22087073652133e-10,0.2200263544105866,61.93968795163997,1.37855700667243e-5,6.92891541067497e-10,-0.1660939848564602,60.68842278449992
14.19,65.06,1.22,2.26,1.46814157034348e-5,4.26266356780539e-10,0.2112920301610801,63.5413909637321,1.41875698328709e-5,3.50612802733112e-9,-0.1495008886897177,63.738547480780994
37.31,99.11,1.11,2.8,1.52876385364711e-5,1.33853171282358e-10,0.2220336337220712,62.42027502218161,2.18285179095888e-5,7.69821634043311e-10,-0.1676327928337558,59.99600132835016
44.01,57.88,0.35,1.82,1.14803816178714e-5,5.25886202334241e-11,0.2223111840547204,60.52024209452282,1.27406669484125e-5,5.37459371323115e-11,-0.2163759026476813,60.32442901894775
30.83,69.42,0.39,1.91,1.52334212363814e-5,9.65421118673206e-11,0.2212758601921995,61.24024303733146,1.54232799556659e-5,1.12935705053171e-10,-0.2122452428581404,60.77750498964879
26.26,90.59,0.5,1.49,2.07990839801697e-5,1.47311010777303e-10,0.2217883662939044,61.23934808537135,1.9983702773911e-5,1.89217917552882e-10,-0.2100487570817482,59.87794231468882
21.82,89.93,0.62,2.08,2.02076465460247e-5,2.07920236330805e-10,0.2193568572576416,62.12229077516129,1.99188058745967e-5,3.9161803880785e-10,-0.1972111426515361,61.55580222912967
35.66,54.02,1.45,1.21,8.49841880648582e-6,6.83015541481842e-11,0.2246990777262018,62.04919728880737,1.19604485515262e-5,4.25828532779291e-10,-0.1677750391709728,59.49125013609605
12.51,56.66,0.39,1.58,1.58159898473934e-5,2.69198731263112e-10,0.2144785706564489,60.91712728153197,1.25781467543509e-5,3.56070213454439e-10,-0.2044263212311687,60.534641848449866
23.89,92.42,1.39,2.99,1.64397492782054e-5,2.76209825976325e-10,0.2162054833170169,61.021550345020714,2.05229467274251e-5,2.59755603390386e-9,-0.1477386177192667,62.00807826452296
14.51,76.59,1.13,1.58,1.80840108377263e-5,3.65336511179454e-10,0.2152927028076542,60.85246438139259,1.68000043820179e-5,1.93936284753904e-9,-0.1666576773911534,62.8351140250587
40.6,25.41,1.05,1.56,4.1304758885234e-6,2.69763377586581e-11,0.223677279433876,61.4661031358726,5.30954927847288e-6,9.48301111747148e-11,-0.1829916727350234,59.98351683416222
21.71,78.15,0.33,2.72,1.80719421826185e-5,1.98810952712657e-10,0.2167802242790156,61.59320768965536,1.66420184302754e-5,2.54320007726038e-10,-0.2065768966324643,59.42244366495616
10.41,24.27,0.43,1.7,6.87242062693736e-6,1.5476070853731e-10,0.2139451096748663,60.79509006375303,5.06782014055098e-6,2.12868870186613e-10,-0.2023379378953293,62.01025507056014
10.92,67.85,0.46,1.26,1.91095590309761e-5,3.52476696133728e-10,0.2162867835690244,61.38620231680667,1.50536595800122e-5,4.71008380338886e-10,-0.206484088300306,60.250297363105915
14.95,59.96,0.79,2.04,1.45612108595591e-5,2.70064254417064e-10,0.2146746638464344,60.827895565967864,1.35756112609045e-5,8.2141289855567e-10,-0.1809506560709333,62.14162639189262
11.85,21.78,0.7,2.75,5.60334030450014e-6,2.03759332506533e-10,0.2069774347056227,64.63377621031314,4.72126393527969e-6,6.41483479440256e-10,-0.1703175441970381,62.81911809685852
33.09,95.4,0.68,1.23,1.93317020050624e-5,1.18486250771562e-10,0.2232224588400044,60.91841048375343,2.11597065612254e-5,1.91559539017243e-10,-0.2053498879356071,58.579360405890995
20.16,78.88,0.46,1.38,1.97384409358596e-5,1.79529720006081e-10,0.2195325396087058,61.85188442393682,1.76413864655236e-5,2.33025617738127e-10,-0.2090163778791046,59.46440795314159
27.07,61.35,1.07,2.49,1.12343203061858e-5,1.23188984015338e-10,0.2200715314549324,62.00517351422639,1.360433340441e-5,5.83227752746591e-10,-0.1719798528412537,59.096696566827305
43.72,72.59,0.81,2.48,1.14691316668531e-5,7.44712428884155e-11,0.2228937702497605,61.82577209400536,1.60727343817241e-5,2.1128967085337e-10,-0.1886361899245086,58.82634750307056
35.39,86.59,1.39,2.28,1.30739528390917e-5,1.25888116574042e-10,0.2219376206267969,62.276589285088555,1.92616736656777e-5,1.04220545688311e-9,-0.1576960367414301,60.26487755059162
11.6,50.29,1.41,1.86,1.19561104061981e-5,5.6811978684204e-10,0.205958781638475,63.866732410274906,1.12327833149656e-5,5.01513264815377e-9,-0.1390057398808625,62.478552254368196
11.6,77.55,1.02,2.87,1.8629330359643e-5,1.08283112575215e-9,0.2014856427481422,64.30615603585137,1.73285732186586e-5,7.03798272044041e-9,-0.1427045625045044,63.27550052678592
37.42,62.43,0.24,2.97,1.25202354581472e-5,7.75648400503978e-11,0.2194192946894685,61.955689435151434,1.3800938781706e-5,9.07956162026515e-11,-0.2099615472698389,60.02557192012101
17.82,62.84,1.14,2.66,1.31822002843675e-5,2.6937485578424e-10,0.2142123511397075,61.71181417583267,1.39676732488351e-5,1.96452406551857e-9,-0.1557382422553538,61.08935346282937
30.05,95.26,0.24,2.66,2.1185702425684e-5,1.56117593178367e-10,0.2175432917848772,61.81933864544829,2.1545864089191e-5,1.77370459346258e-10,-0.2096610291786303,59.85861424657671
13.17,18.75,0.68,1.72,4.91820117323697e-6,8.73274761347439e-11,0.2157466331917868,61.17326726269537,3.95031802911195e-6,2.00867716955792e-10,-0.1917640544114895,60.26861530820695
31.09,32.32,1.44,2.64,5.14597436502899e-6,5.70156683264394e-11,0.2214081748761622,62.15837123171396,6.83666687668351e-6,5.41812734750107e-10,-0.154095283255724,59.34898241308659
18.67,64.46,0.65,1.84,1.55140111287063e-5,1.81774905052047e-10,0.2183357561646654,61.87623574684183,1.47791298481548e-5,3.92290589179496e-10,-0.1933275340424985,60.22798188253764
23.77,53.82,0.68,2.09,1.18138153093686e-5,1.15086971413588e-10,0.2191392263579153,62.04462948673965,1.20695303331144e-5,2.30935138111635e-10,-0.1949406695489911,60.78740076982529
27.31,20.71,1.33,1.92,3.71702295442438e-6,3.9388714670824e-11,0.2213595306646046,62.294829399703374,4.40708652623012e-6,2.30930490022897e-10,-0.1665475514348919,60.472051594157826
11.21,90.77,0.49,2.68,2.40778352935894e-5,9.00254581908836e-10,0.2066616055290285,64.55692191903128,2.04347436058762e-5,2.0237149002198e-9,-0.1782021157023659,61.144474967548234
44.36,99.99,1.14,1.55,1.49373646556686e-5,9.63438558107897e-11,0.2246849917445412,61.477843322810365,2.19265554776291e-5,3.88696620242326e-10,-0.1794362235943504,61.19227475619169
27.84,11.82,0.7,2.33,2.4324810458719e-6,2.02607783646322e-11,0.2202902309817857,62.27988165322478,2.30027627196939e-6,4.34153226364439e-11,-0.1943160377867486,60.54503586061156
36.27,42.46,0.76,1.77,7.77824295215897e-6,4.98589028573521e-11,0.2232776426768336,61.313437246537745,9.21339247981307e-6,1.11002595690722e-10,-0.1951471680803918,60.86907423202112
41.54,33.93,1.4,2.64,4.71166939806886e-6,3.97630359170016e-11,0.2237639451484008,62.681988889955115,7.23249379025665e-6,3.30281135210005e-10,-0.1582304130268605,60.35948547784989
8.05,44.36,0.7,2.22,1.23174986271837e-5,9.75412881376116e-10,0.198363000110239,64.77535867663248,9.69919714575523e-6,2.15745653102771e-9,-0.1713528861969404,64.09342044261949
37.51,61.79,1.14,1.28,1.03125665866558e-5,7.06902011430577e-11,0.2244900582216898,61.507831029560826,1.36600212213582e-5,2.71011239864237e-10,-0.180764551973382,60.78420877679305
10.47,55.93,1.32,1.59,1.38411714656685e-5,6.57773822071e-10,0.2072025715661497,64.29631108592461,1.23388421216626e-5,4.52012200867249e-9,-0.1472655029065517,62.546203014438525
31.61,56.42,0.84,2.95,1.01480882994756e-5,9.27482285746108e-11,0.219955287362778,62.10456027272805,1.25624188959693e-5,3.35086065382966e-10,-0.179164582669677,61.62090166881384
26.67,21.51,1.37,2.9,3.75925259130214e-6,4.86112662668449e-11,0.2190899673757483,61.66024787562378,4.32916528080774e-6,3.80996025109253e-10,-0.1563600856729918,59.830854635806496
12.96,15.48,1.06,1.99,3.84342250145052e-6,1.06434148773595e-10,0.2099412071766784,62.91778945651394,3.04798141547954e-6,2.35950481210636e-9,-0.1249249458342848,63.929907672206134
18.49,41.29,0.62,1.53,1.00346113814567e-5,1.10487039606261e-10,0.2193425238824931,62.1706295042664,8.91739507645049e-6,1.95154888200383e-10,-0.1995340931158679,61.35356038357523
36.39,58.39,0.45,1.58,1.21105905386888e-5,6.46942320155908e-11,0.222739147749018,60.64996413707286,1.26956376232598e-5,7.67102978511358e-11,-0.2125233432581984,60.78520041685845
28.97,80.62,0.41,2.39,1.74663916535849e-5,1.32665949725776e-10,0.21915112740757,62.19233518642292,1.79414506504475e-5,1.91196152932322e-10,-0.2050322968278787,58.8711757818214
13.4,19.18,1.22,2.44,4.48260151956352e-6,1.37537638157949e-10,0.2108291688774793,63.82677499277076,4.15636085021887e-6,1.07803208840595e-9,-0.1511556470032915,64.08023976116982
42.87,58.86,1.14,1.57,9.01319419076626e-6,5.86231102609895e-11,0.2247440000534413,61.47576833938774,1.27978968533924e-5,2.308011690773e-10,-0.1802256199750047,60.98412128960076
10.65,80.92,1.5,1.83,1.92266017536713e-5,1.26230231999905e-9,0.2024607295544079,64.71369903049415,1.76073636151227e-5,1.39724485728308e-8,-0.1280685914663331,64.58598470796127
14.84,24.79,0.33,1.67,6.73059474917517e-6,8.51362569249852e-11,0.2175411515287215,61.85848866394997,5.24701701217817e-6,8.66076252607254e-11,-0.2144582139677433,61.23423725100223
38.26,34.88,0.53,1.65,6.87882434416918e-6,3.71840226696593e-11,0.2227742166612784,60.79056660792897,7.50684931612291e-6,5.24863466836676e-11,-0.2083411609625375,59.39620833749787
13.35,93.84,0.95,2.92,2.18815578652407e-5,7.86713441434613e-10,0.2083682639991097,64.86655472668932,2.04911419363985e-5,5.05605537160171e-9,-0.1531014205305531,63.956984286607735
16.67,38.51,1.46,2.21,8.21212741559055e-6,2.0274993404575e-10,0.2118137330715571,62.943931542933,8.42317691532768e-6,2.12960276724299e-9,-0.1427683930257635,61.47264086151263
37.47,22.85,0.6,1.39,4.54549539857626e-6,2.44035095985128e-11,0.223404888978655,60.616638205471865,4.83808287579856e-6,3.64815643610798e-11,-0.2075606408259771,59.1234968224564
17.86,98.22,0.82,2.08,2.24855561253264e-5,3.30812810917902e-10,0.2170134077704382,61.400963633318206,2.22332221711325e-5,1.06444391297298e-9,-0.1805501930089355,61.974368271323605
39.58,28.73,1.25,1.25,4.52391225087023e-6,3.13061477371258e-11,0.2243984031687078,61.54391359960513,5.99642745790528e-6,1.47124293544235e-10,-0.1756090237945336,60.196958339314016
44.64,38.0,0.85,1.55,6.31005327324989e-6,3.50095123842217e-11,0.2240956513386458,60.98751158160376,8.01279764729144e-6,8.27163914542522e-11,-0.1942111089566372,60.58610695351246
34.13,35.55,1.19,2.26,5.853306215037e-6,5.16696155203928e-11,0.221897976463458,62.42137512277517,7.78147562030935e-6,2.8631116595745e-10,-0.1695540188207893,59.466790112937915
29.5,11.54,0.69,2.1,2.34561875343127e-6,1.8043375714174e-11,0.2204448319534262,61.95470045715353,2.33898322041445e-6,3.68526171254802e-11,-0.1958863645438961,61.06473068542856
17.98,12.27,0.73,2.02,2.83372303888782e-6,3.69847477634831e-11,0.2180983649989975,61.82173521837897,2.50620471984017e-6,8.75568390417668e-11,-0.1913357031884326,59.56610637946608
18.88,68.74,0.97,2.74,1.47544484635106e-5,2.61265111283637e-10,0.2145892248723343,60.94542207608205,1.54601271220905e-5,1.39982644401136e-9,-0.1638548076492239,62.601333953297605
29.34,48.97,0.69,2.41,9.80620350939412e-6,8.27058305623834e-11,0.2194873635571632,62.11833861604675,1.07682382925281e-5,1.90247616621644e-10,-0.1916506351286077,59.72465990998319
38.48,13.89,1.24,2.02,2.10594562840752e-6,1.64899640775876e-11,0.2234262284284261,62.05746817530858,2.78601873640667e-6,9.73260631489645e-11,-0.1689309649962261,59.03305814458602
16.39,43.41,0.3,2.54,1.12368242532385e-5,1.73711683019284e-10,0.2128433106089974,60.54623381725781,9.70662255908176e-6,2.23631375873623e-10,-0.2031820935284459,61.363534921294374
32.77,28.2,0.84,1.67,5.37519288577617e-6,3.76734862740394e-11,0.2226995060397828,61.57564465564994,5.81051926657204e-6,9.78375664255668e-11,-0.1917759589484139,59.792589255212384
35.48,75.42,1.34,1.5,1.19600129322589e-5,9.97769433231237e-11,0.2233260314428608,62.30151469123862,1.67509271297785e-5,5.9828118018185e-10,-0.1681934610901404,59.61441042540662
12.62,84.87,0.31,2.64,2.24268567390125e-5,6.15247834070212e-10,0.2079841966987085,62.955478163318546,1.89768379162368e-5,9.63274404778267e-10,-0.1910105514209845,60.33706699509804
23.56,85.78,1.26,1.3,1.69399886779197e-5,1.86308482325663e-10,0.2211765996632795,62.29891230401273,1.8611760064994e-5,8.77314671509317e-10,-0.1734065430855809,59.43374326723587
37.06,92.33,1.28,2.22,1.39375173998263e-5,1.20739554689289e-10,0.2233624810607621,62.61817501571296,1.99628084089301e-5,8.27779922852713e-10,-0.1635307784441635,61.2253696250643
9.03,77.8,0.92,1.61,2.12231990100611e-5,1.08328812667414e-9,0.2040150115960133,63.42476432794548,1.76488184869459e-5,3.18731354991431e-9,-0.1697429918275623,63.205037912642844
10.89,80.95,0.65,1.75,2.19181336670643e-5,5.74403117793097e-10,0.2120506092226548,61.61060014539231,1.81392578411304e-5,1.27401910479234e-9,-0.1864323029964426,61.86184111736041
29.98,70.97,0.68,1.21,1.49957189413004e-5,1.00548227448247e-10,0.2221044592794235,61.20716015593203,1.56210846310671e-5,1.74721972066476e-10,-0.2020208592097899,59.541181009067955
38.73,15.5,1.15,1.81,2.51336065392785e-6,1.78257300843283e-11,0.2236312117603374,61.81612094428146,3.13846645023863e-6,7.18291644384712e-11,-0.1786695902923317,61.24510694501769
44.74,11.16,0.77,2.57,1.82993679498297e-6,1.08865161276314e-11,0.2224674037050806,61.51507692533315,2.15558162506412e-6,2.83801203119896e-11,-0.1910391961624986,59.558254046848575
18.84,48.31,1.45,2.9,9.44290587749857e-6,2.25508121208206e-10,0.2129849982966716,63.13009960445344,1.06595499735158e-5,3.12113520097097e-9,-0.1357773899588598,61.78914637356198
33.04,65.86,1.23,2.69,1.05968769256803e-5,1.05885085563505e-10,0.2211640146132475,62.162831852787484,1.45871578134838e-5,7.27193702807899e-10,-0.1617787912705995,61.698038771630195
44.03,33.23,1.24,1.51,4.88552180374922e-6,3.23273537833111e-11,0.2248499223210111,61.520644706082514,6.91731944120451e-6,1.53421223968293e-10,-0.1755822825609655,60.2320312898538
40.27,23.11,0.48,1.24,4.67700795669462e-6,2.24933895978575e-11,0.2227781115943236,60.32318065413804,4.84093692595287e-6,2.66925301824774e-11,-0.2129810183335262,60.928950801977145
43.41,35.19,0.89,1.4,5.80238129232052e-6,3.29924315572338e-11,0.2244294542138315,60.906377694060055,7.57537387436964e-6,8.04021034007025e-11,-0.1937734598506643,60.45149024726636
20.62,30.9,0.34,1.3,7.99659327579929e-6,6.57796427032249e-11,0.2195975307972196,61.3894723800992,6.89541692240495e-6,6.73320662520078e-11,-0.2154496114882129,61.29669690691383
40.77,57.57,0.9,2.6,9.17972928547941e-6,6.68983291822714e-11,0.221753374355825,62.27870643676501,1.27288694706607e-5,2.31979493980964e-10,-0.180929528600583,60.79768860969269
43.16,61.27,1.16,2.97,8.60899513091409e-6,6.94752329245466e-11,0.2230132740028675,62.60321808778353,1.33831979666012e-5,4.00401121878312e-10,-0.1676713436572961,59.568166313526504
36.08,10.09,0.4,1.37,2.22465398259055e-6,1.07984372934851e-11,0.2228987185891168,60.14187365162224,2.0467743041533e-6,1.07451003164659e-11,-0.2183303096055054,59.72112311476418
37.84,75.78,1.19,1.41,1.22959433106809e-5,8.75451733406403e-11,0.2244179109386673,61.695900497428234,1.69035800477492e-5,3.90730715552122e-10,-0.1765726566163892,60.543220339085465
33.02,51.97,1.13,1.65,9.01640656278103e-6,7.2447259517856e-11,0.2232232827116306,62.11930228317694,1.15274884319181e-5,3.0221458447415e-10,-0.1779104550369554,61.08760710542815
21.66,79.07,0.94,2.81,1.55410386503165e-5,2.31616706020805e-10,0.2169341376408257,61.28517947085629,1.6868053194141e-5,9.44114875895917e-10,-0.1732741061518627,59.61140589553599
19.91,74.07,1.23,2.84,1.47856356316714e-5,2.9115774853026e-10,0.2138043334107124,61.895434305709315,1.6231870448706e-5,2.54305984139201e-9,-0.1490975507863532,62.5661905277744
15.97,16.21,0.94,2.14,3.83656754830539e-6,6.96054634181672e-11,0.2141349803001285,60.68836522115548,3.42619848713601e-6,2.39150394574854e-10,-0.1771659615331825,60.87522618901706
15.97,31.11,0.31,1.87,8.2649350591424e-6,1.02969177641224e-10,0.2164254018484779,61.53384110819463,6.81869348370038e-6,1.09864856946716e-10,-0.2119551467407756,60.48388758816685
42.44,62.52,1.16,2.34,9.00112072288999e-6,6.79519650781691e-11,0.2239763126069521,62.18561898933693,1.35196088318192e-5,3.3738992403709e-10,-0.1731973662752181,59.45857904757879
40.44,73.35,1.27,1.81,1.10454881906083e-5,8.34868634870014e-11,0.2238447408972805,62.144554077299325,1.62237732051339e-5,4.75177501477732e-10,-0.1695828277293626,58.674189257129555
40.44,39.22,0.83,2.21,6.62099333316183e-6,4.3599682666964e-11,0.2222977872905101,61.80529037222797,8.5293958210166e-6,1.23408622671127e-10,-0.1884768907417673,58.75525447714977
14.58,29.11,0.73,2.1,7.24323069044628e-6,1.32218770619542e-10,0.2147841936804432,60.908783161926856,6.22499699649637e-6,3.66642864082788e-10,-0.1843858763667454,62.484980823337686
28.53,22.55,1.48,1.83,3.84428252579011e-6,4.14233175265026e-11,0.2215619442923268,62.26955652081564,4.72271811961107e-6,3.18830186369311e-10,-0.1590194414165031,60.56796069217136
19.13,31.32,1.26,1.25,6.67013684402546e-6,9.15530406217798e-11,0.2192289674348146,61.840651451004284,6.60213252027756e-6,4.8495630946812e-10,-0.1696628845517615,60.526209743115
41.26,80.26,0.66,2.22,1.39371525550885e-5,8.51348218347567e-11,0.2222821905001039,61.533383492342466,1.74151359412373e-5,1.8258605026423e-10,-0.1951493175430684,60.90490049572417
38.18,62.02,0.58,2.62,1.12383977583783e-5,7.45759596546226e-11,0.2212324175378952,61.95073707343436,1.34708898443189e-5,1.49222020338631e-10,-0.1960172174023712,61.24677424001411
24.96,40.45,1.1,1.4,8.08459089882152e-6,7.96509306601261e-11,0.2208901613212821,62.31232817629378,8.92430578876566e-6,2.85496948789519e-10,-0.1803107923188779,61.51661672165078
11.77,25.73,0.29,1.92,7.27744184495739e-6,1.41400005104464e-10,0.2132083817383701,60.67554727600004,5.56568424658074e-6,1.5773498666997e-10,-0.2076387374348961,59.80990918821537
27.35,47.29,0.86,2.71,9.024537863417e-6,9.31999782910692e-11,0.2193828496898288,61.94145481376802,1.0534517638029e-5,3.25985038672301e-10,-0.1788718920242653,61.41875444889009
35.08,19.99,1.41,1.43,3.27866517449693e-6,2.65044902291291e-11,0.2233977173006384,62.22467219167599,4.29116007325844e-6,1.68476465659522e-10,-0.1668114552816595,60.11895775614179
12.44,74.69,0.25,2.54,2.03698987353816e-5,4.9704530524859e-10,0.20920694070359,62.03760567367633,1.64864631812921e-5,7.04419464417546e-10,-0.195618976924417,60.843528529184525
37.23,87.56,0.28,2.43,1.81493513041089e-5,1.02175227192105e-10,0.2205933600730654,61.33439262116511,1.94287805306417e-5,1.1388036823469e-10,-0.2125108674754453,60.84662032580712
12.05,83.35,0.6,1.29,2.27793548590203e-5,4.15189997871114e-10,0.2152326175613372,61.034681572689514,1.89699714883145e-5,7.41429270210255e-10,-0.1960106026325323,60.68824312943769
19.86,17.26,0.61,1.22,4.25964035121922e-6,3.97943849013394e-11,0.2201629507594696,61.87727528804105,3.71178477484455e-6,6.21470312378173e-11,-0.2047068181714849,59.363501362126286
10.21,69.14,1.36,2.89,1.63439509374296e-5,1.84467410289517e-9,0.1946035179862293,67.16292893317025,1.50551434168638e-5,2.3307887829721e-8,-0.1142882894531129,69.18081782149044
19.24,17.34,0.33,2.19,4.40450571312826e-6,4.60419477698763e-11,0.2173667038952926,61.83443571767866,3.70740836615027e-6,5.54756024633916e-11,-0.209149233614728,59.598754138442764
15.58,67.15,1.12,1.23,1.587792242961e-5,2.65033524355777e-10,0.2167806472777829,61.254682573891756,1.50047833387338e-5,1.11181323144937e-9,-0.1742255413346221,59.77513721386527
37.94,69.11,0.64,2.37,1.23786920965981e-5,8.20516474642758e-11,0.2218105854703748,61.800362351556586,1.52746883546696e-5,1.69294487118765e-10,-0.1956479818066321,61.092487718928666
24.2,40.08,0.28,2.35,9.57907206007893e-6,8.13707000691945e-11,0.2177901046835265,61.942907009362656,8.86508719202956e-6,8.55257548391996e-11,-0.2123136705318134,60.72271497161547
9.71,56.77,1.23,2.8,1.38939658272469e-5,1.41548763144063e-9,0.1961022838668551,67.22496058720992,1.26637462880223e-5,1.35365915018415e-8,-0.1247415913697224,67.43159130995858
36.6,39.35,0.89,1.77,6.95013468568417e-6,4.66234607953346e-11,0.2234668193618105,61.527294329511705,8.50465996240383e-6,1.29601652700739e-10,-0.1899320899254066,59.133637262946095
18.7,21.92,1.16,2.96,4.53343701953975e-6,9.10281076765753e-11,0.2139148331200111,61.8608880666284,4.65325377048645e-6,6.45784321197444e-10,-0.1557886110129942,60.93357941278676
27.89,81.54,0.86,2.02,1.5979524893816e-5,1.42966684423839e-10,0.2208627599186427,62.37055505760729,1.82679226286846e-5,4.15302399847154e-10,-0.1861890295298193,59.481970403724524
22.04,46.62,1.1,2.51,9.14980718837101e-6,1.28520787863322e-10,0.218066524968039,61.517266000501806,1.01991302154824e-5,6.49950306381067e-10,-0.168281276282596,60.86639829850556
44.22,55.37,0.94,1.72,8.81459369476409e-6,5.29313187002558e-11,0.2241797180017168,61.30057588385228,1.20795460410362e-5,1.50897517501029e-10,-0.1897144449466505,59.0872181306515
40.85,39.04,1.48,2.04,5.50303322588913e-6,4.59600569337435e-11,0.2236115354338314,62.54383057937342,8.58686027230386e-6,3.85320350490151e-10,-0.1580210401058018,60.243433465237935
21.04,63.26,1.33,1.46,1.27513025062619e-5,1.67860150699028e-10,0.2198739217733371,61.90487028091417,1.41808771620083e-5,9.53592321977697e-10,-0.1667632375902183,61.02121921560087
32.76,24.54,0.89,1.33,4.70044954849522e-6,3.18078155649323e-11,0.2234452267851747,61.30061998707692,5.04486862181834e-6,7.82382449412175e-11,-0.1934085646062803,60.30336833511929
9.91,39.51,1.37,1.28,9.91356161024348e-6,4.64177974483459e-10,0.2081532293951378,64.67413158090633,8.2632469932533e-6,3.30814036201055e-9,-0.1486403507963068,62.81066145679369
44.27,38.15,1.27,1.22,5.70517810644265e-6,3.62199129548547e-11,0.2250742842200087,61.34114884558004,8.23546875227804e-6,1.6360017387033e-10,-0.1770063721741213,60.710926401684866
9.44,83.74,1.1,1.9,2.14263819795788e-5,1.34675443413129e-9,0.2022018585596112,63.57783774136769,1.81455560745532e-5,6.2886555628829e-9,-0.1541460057907134,63.60983751790733
30.87,48.25,1.38,2.8,7.5587933272579e-6,8.74740451364282e-11,0.2210666603158182,62.05864243861259,1.00016142546103e-5,8.33549466669106e-10,-0.1536292511141923,59.63903925454616
16.29,30.97,0.41,1.78,8.15391077664998e-6,1.00915212879802e-10,0.2166014661335327,61.51912840611001,6.80591885319618e-6,1.22646742290528e-10,-0.2086977146261087,59.42245974527569
16.26,20.69,0.72,1.31,5.18317957042173e-6,6.69285420764745e-11,0.2178049121048667,61.71064600746243,4.34256274363576e-6,1.23543882727283e-10,-0.1976559714292368,61.472432835725385
25.8,98.5,0.89,1.79,1.99360464557932e-5,1.82917642518131e-10,0.2214865927196106,62.396429061782996,2.18762194162977e-5,5.31353662190231e-10,-0.1871830360698938,59.28753563012072
33.13,73.8,1.25,1.27,1.26365068674351e-5,1.00703470352578e-10,0.2240193618955947,62.0000381863436,1.61122144586022e-5,4.91195987105581e-10,-0.1746273353492967,59.9416238262929
25.44,79.89,1.35,2.23,1.43329525636239e-5,1.81160184646109e-10,0.2196689436780508,61.774102222792656,1.79996657328347e-5,1.3213678798785e-9,-0.1587303950422525,60.55103444114232
11.44,75.11,0.76,1.56,2.00315731896696e-5,4.84697815673162e-10,0.2127678221760852,61.12837302085915,1.67535559776124e-5,1.2410069061121e-9,-0.1828378294586497,62.25020997259678
25.53,38.18,1.37,2.5,,,,,,,,
43.57,63.29,0.8,1.6,,,,,,,,
25.56,75.85,1.18,1.72,,,,,,,,
26.42,49.92,1.09,1.59,,,,,,,,
17.52,66.88,0.88,2.2,,,,,,,,
34.69,55.8,0.64,1.79,,,,,,,,
37.6,42.5,0.49,2.51,,,,,,,,
32.51,94.23,0.65,2.2,,,,,,,,
39.72,78.1,1.01,1.38,,,,,,,,
10.27,38.92,0.78,1.46,,,,,,,,
42.52,26.41,0.55,1.98,,,,,,,,
30.93,60.17,0.66,2.63,,,,,,,,
18.44,20.99,0.24,1.66,,,,,,,,
33.76,88.82,1.25,1.77,,,,,,,,
16.76,16.89,0.35,2.43,,,,,,,,
21.79,75.03,1.4,1.85,,,,,,,,
43.21,91.2,1.22,2.95,,,,,,,,
12.1,37.39,0.31,1.5,,,,,,,,
32.1,44.02,0.34,1.98,,,,,,,,
8.41,21.62,1.43,1.8,,,,,,,,
12.99,72.83,1.38,1.67,,,,,,,,
35.33,11.76,0.69,2.67,,,,,,,,
32.56,60.48,0.29,1.93,,,,,,,,
11.66,72.07,0.44,1.96,,,,,,,,
14.78,54.18,0.98,1.71,,,,,,,,
39.37,90.16,1.11,2.63,,,,,,,,
30.61,79.47,0.67,1.44,,,,,,,,
43.2,60.11,1.14,1.45,,,,,,,,
35.69,60.56,1.19,1.54,,,,,,,,
41.36,93.14,1.35,1.72,,,,,,,,
10.03,55.31,0.51,2.92,,,,,,,,
38.05,81.05,0.33,2.89,,,,,,,,
23.74,48.08,0.71,1.21,,,,,,,,
44.09,28.16,1.33,2.86,,,,,,,,
41.5,32.34,0.87,2.25,,,,,,,,
30.41,94.9,0.63,1.74,,,,,,,,
22.43,58.54,1.38,1.85,,,,,,,,
21.78,96.32,0.5,1.99,,,,,,,,
35.9,98.81,0.7,2.12,,,,,,,,
24.42,93.43,0.48,2.3,,,,,,,,
29.46,32.84,0.43,1.41,,,,,,,,
7.04,47.74,0.49,2.51,,,,,,,,
37.89,99.23,0.39,2.94,,,,,,,,
13.14,62.93,1.13,1.94,,,,,,,,
27.67,20.27,1.33,1.72,,,,,,,,
17.21,49.61,0.77,2.28,,,,,,,,
29.36,32.44,0.85,1.5,,,,,,,,
21.11,26.69,0.37,2.13,,,,,,,,
33.62,73.66,0.56,2.25,,,,,,,,
8.22,53.99,1.39,1.28,,,,,,,,
28.86,34.0,1.45,2.36,,,,,,,,
38.55,55.47,0.49,2.81,,,,,,,,
8.12,12.42,0.32,2.96,,,,,,,,
22.23,57.92,0.36,1.3,,,,,,,,
7.0,25.09,0.58,2.64,,,,,,,,
7.61,59.09,0.82,2.03,,,,,,,,
7.09,55.23,0.96,2.71,,,,,,,,
36.98,73.12,0.44,2.52,,,,,,,,
20.4,35.04,0.92,1.54,,,,,,,,
27.51,31.4,0.69,2.77,,,,,,,,
40.9,45.58,0.82,2.93,,,,,,,,
25.35,93.03,0.52,1.72,,,,,,,,
28.3,18.86,0.35,2.88,,,,,,,,
15.04,76.82,0.22,1.34,,,,,,,,
11.75,40.38,0.28,2.23,,,,,,,,
8.6,89.52,0.81,2.87,,,,,,,,
40.11,78.57,0.34,2.46,,,,,,,,
29.92,14.95,0.36,1.64,,,,,,,,
43.52,68.54,0.36,2.3,,,,,,,,
8.27,66.51,0.83,1.86,,,,,,,,
24.82,15.32,0.68,1.92,,,,,,,,
41.22,16.38,0.41,2.06,,,,,,,,
7.31,94.03,0.32,2.19,,,,,,,,
34.6,20.85,0.51,1.81,,,,,,,,
41.8,51.79,1.23,1.35,,,,,,,,
34.49,11.34,1.1,1.42,,,,,,,,
21.61,93.73,0.29,1.9,,,,,,,,
39.22,86.46,0.53,2.95,,,,,,,,
42.7,22.2,1.25,1.83,,,,,,,,
9.48,69.82,1.49,1.95,,,,,,,,
24.53,66.81,0.38,1.21,,,,,,,,
43.89,18.56,0.96,2.57,,,,,,,,
42.91,52.4,1.26,2.18,,,,,,,,
37.03,15.23,0.68,1.62,,,,,,,,
15.69,40.73,0.59,1.91,,,,,,,,
15.77,36.69,0.7,2.85,,,,,,,,
22.17,77.22,0.75,1.55,,,,,,,,
44.86,43.55,0.55,2.35,,,,,,,,
40.09,17.0,0.89,2.46,,,,,,,,
30.08,91.85,1.11,2.65,,,,,,,,
30.19,48.48,0.26,2.92,,,,,,,,
16.52,31.98,1.07,1.56,,,,,,,,
23.1,33.45,0.83,2.56,,,,,,,,
27.23,34.73,0.48,1.81,,,,,,,,
16.83,83.81,0.84,2.76,,,,,,,,
15.88,32.53,1.41,1.28,,,,,,,,
9.31,23.56,0.36,1.23,,,,,,,,
20.29,30.06,1.42,2.77,,,,,,,,
43.28,92.61,0.25,2.41,,,,,,,,
13.78,23.19,0.54,1.93,,,,,,,,
7.13,27.99,1.32,1.46,,,,,,,,
15.32,94.36,1.42,2.86,,,,,,,,
16.78,59.74,0.59,1.34,,,,,,,,
18.42,41.45,0.29,2.99,,,,,,,,
8.92,51.29,0.95,1.36,,,,,,,,
8.69,91.44,0.81,2.67,,,,,,,,
29.12,41.12,1.43,1.34,,,,,,,,
42.2,53.55,1.08,2.12,,,,,,,,
35.55,32.76,0.47,2.78,,,,,,,,
24.73,23.87,0.88,2.28,,,,,,,,
29.67,86.92,0.86,1.42,,,,,,,,
26.82,35.23,1.34,2.36,,,,,,,,
23.03,48.85,1.38,1.97,,,,,,,,
41.62,47.83,0.47,1.48,,,,,,,,
29.58,64.93,0.45,1.37,,,,,,,,
24.77,63.1,0.77,2.06,,,,,,,,
8.19,36.35,0.98,2.42,,,,,,,,
34.06,80.47,0.93,1.89,,,,,,,,
39.02,84.42,0.52,1.24,,,,,,,,
39.48,46.7,0.74,1.29,,,,,,,,
17.66,48.4,0.56,2.79,,,,,,,,
42.79,29.89,0.84,2.96,,,,,,,,
40.8,11.95,0.3,2.71,,,,,,,,
32.4,80.09,1.22,1.26,,,,,,,,
28.83,71.28,1.26,2.6,,,,,,,,
36.76,74.83,0.69,2.53,,,,,,,,
23.96,58.51,0.49,2.88,,,,,,,,
29.88,58.04,1.0,1.62,,,,,,,,
33.69,65.5,1.08,1.55,,,,,,,,
12.83,91.07,0.94,2.79,,,,,,,,
34.21,88.43,0.22,2.82,,,,,,,,
42.35,35.81,0.75,1.76,,,,,,,,
26.89,50.95,0.99,2.97,,,,,,,,
28.36,51.71,1.4,1.69,,,,,,,,
15.71,86.04,0.85,2.56,,,,,,,,
34.82,97.6,0.36,2.54,,,,,,,,
24.26,99.4,0.67,2.69,,,,,,,,
44.89,40.52,1.17,2.98,,,,,,,,
7.77,22.26,1.18,2.57,,,,,,,,
9.79,60.68,1.03,2.82,,,,,,,,
17.44,82.19,1.37,2.75,,,,,,,,
37.77,63.89,0.96,2.85,,,,,,,,
11.91,39.71,1.34,2.0,,,,,,,,
35.83,49.29,0.63,2.28,,,,,,,,
28.2,85.01,0.85,2.87,,,,,,,,
20.97,87.7,0.52,2.34,,,,,,,,
24.99,28.36,0.36,2.19,,,,,,,,
30.33,57.18,0.72,2.19,,,,,,,,
29.1,22.97,1.44,1.66,,,,,,,,
16.12,12.59,1.03,1.71,,,,,,,,
10.78,70.14,0.46,2.97,,,,,,,,
24.48,14.47,0.63,2.13,,,,,,,,
16.02,93.22,0.75,1.81,,,,,,,,
19.31,38.57,0.7,1.82,,,,,,,,
39.11,50.54,1.31,1.57,,,,,,,,
30.25,86.14,0.3,2.52,,,,,,,,
7.85,59.38,0.44,2.71,,,,,,,,
9.6,54.91,0.33,1.74,,,,,,,,
18.54,35.7,0.78,1.42,,,,,,,,
28.96,72.72,1.23,2.04,,,,,,,,
14.17,14.15,1.34,2.7,,,,,,,,
19.56,53.26,1.24,1.63,,,,,,,,
21.95,66.54,1.06,1.33,,,,,,,,
16.58,67.34,0.32,2.18,,,,,,,,
31.74,17.41,0.85,1.3,,,,,,,,
31.74,41.74,1.47,2.09,,,,,,,,
44.34,99.74,1.13,2.25,,,,,,,,
41.12,67.58,1.44,2.31,,,,,,,,
37.25,51.4,1.26,2.04,,,,,,,,
27.75,51.11,1.18,2.94,,,,,,,,
38.03,41.15,1.01,1.73,,,,,,,,
14.72,78.31,1.0,2.48,,,,,,,,
29.57,69.0,0.98,1.97,,,,,,,,
34.46,98.02,0.55,2.08,,,,,,,,
18.03,94.14,1.42,2.71,,,,,,,,
33.34,54.4,1.48,1.8,,,,,,,,
10.19,41.87,1.46,2.07,,,,,,,,
36.51,91.78,0.97,2.92,,,,,,,,
42.47,60.59,0.86,1.76,,,,,,,,
33.39,58.61,0.47,1.77,,,,,,,,
13.65,26.02,0.43,1.99,,,,,,,,
21.51,67.26,1.09,2.96,,,,,,,,
26.35,59.48,0.92,1.61,,,,,,,,
18.22,69.3,0.42,1.25,,,,,,,,
41.56,85.31,0.42,1.59,,,,,,,,
31.56,15.06,1.17,1.4,,,,,,,,
27.9,60.23,0.39,2.6,,,,,,,,
18.57,58.09,1.09,1.57,,,,,,,,
44.2,47.11,0.83,2.41,,,,,,,,
12.23,81.3,1.29,2.91,,,,,,,,
40.52,27.89,0.64,2.39,,,,,,,,
34.51,43.1,1.21,1.43,,,,,,,,
7.66,95.5,0.72,2.67,,,,,,,,
17.27,57.27,1.37,2.99,,,,,,,,
9.37,58.93,0.89,2.88,,,,,,,,
36.14,30.38,0.98,2.47,,,,,,,,
34.05,54.3,1.05,2.45,,,,,,,,
8.49,24.72,0.71,1.38,,,,,,,,
19.05,96.27,1.29,2.14,,,,,,,,
31.46,98.98,0.64,1.91,,,,,,,,
32.23,60.33,0.37,2.26,,,,,,,,
25.89,28.51,1.47,2.24,,,,,,,,
25.83,90.54,0.24,2.72,,,,,,,,
27.2,65.98,0.67,2.66,,,,,,,,
20.2,69.98,0.99,2.38,,,,,,,,
38.9,91.9,0.9,2.44,,,,,,,,
34.56,97.11,1.45,2.46,,,,,,,,
9.84,25.23,0.66,2.44,,,,,,,,
33.48,63.14,1.0,2.24,,,,,,,,
28.22,14.41,0.34,1.29,,,,,,,,
14.11,67.12,0.96,2.5,,,,,,,,
18.91,92.21,0.22,1.45,,,,,,,,
39.4,37.05,1.21,1.48,,,,,,,,
27.47,87.08,1.4,2.99,,,,,,,,
18.33,46.41,0.24,1.39,,,,,,,,
15.61,79.71,1.32,2.78,,,,,,,,
17.02,63.62,1.3,1.35,,,,,,,,
8.77,78.65,0.44,1.22,,,,,,,,
10.87,74.48,0.79,2.94,,,,,,,,
44.95,89.08,0.22,1.24,,,,,,,,
42.03,64.74,0.97,1.79,,,,,,,,
42.16,65.77,1.31,2.14,,,,,,,,
19.03,83.05,0.76,2.81,,,,,,,,
9.15,93.53,1.36,1.5,,,,,,,,
35.45,28.34,1.2,1.69,,,,,,,,
26.7,45.82,0.51,2.05,,,,,,,,
18.79,14.68,0.27,1.21,,,,,,,,
8.72,18.3,0.87,2.31,,,,,,,,
31.96,55.56,0.72,1.5,,,,,,,,
26.03,84.97,0.48,1.9,,,,,,,,
21.08,46.46,0.41,2.67,,,,,,,,
15.54,15.98,0.57,1.64,,,,,,,,
10.15,16.24,0.57,2.87,,,,,,,,
43.76,81.78,0.28,1.57,,,,,,,,
19.45,92.72,0.47,1.3,,,,,,,,
35.23,60.93,0.58,2.0,,,,,,,,
32.81,55.12,1.14,1.2,,,,,,,,
28.6,34.59,0.88,1.27,,,,,,,,
36.22,62.82,0.92,1.44,,,,,,,,
38.31,27.76,1.03,1.66,,,,,,,,
24.56,33.0,1.41,1.66,,,,,,,,
36.26,51.49,0.37,2.73,,,,,,,,
21.0,14.71,1.23,1.86,,,,,,,,
7.28,89.77,0.22,2.71,,,,,,,,
18.2,44.4,0.43,1.25,,,,,,,,
38.63,27.41,0.2,1.89,,,,,,,,
21.56,68.07,0.23,1.57,,,,,,,,
19.41,29.42,0.23,1.82,,,,,,,,
16.62,63.77,1.42,1.88,,,,,,,,
39.96,77.07,1.2,1.41,,,,,,,,
14.23,47.71,1.37,2.01,,,,,,,,
19.97,90.93,0.8,2.13,,,,,,,,
40.34,52.03,0.27,2.61,,,,,,,,
26.19,31.95,1.02,1.7,,,,,,,,
26.74,62.3,0.47,2.08,,,,,,,,
21.47,46.18,1.03,2.4,,,,,,,,
34.63,46.26,0.27,2.88,,,,,,,,
13.26,27.65,0.79,2.97,,,,,,,,
8.87,36.87,0.76,3.0,,,,,,,,
31.18,89.12,1.26,2.84,,,,,,,,
34.41,67.91,0.55,1.47,,,,,,,,
19.71,13.6,0.22,2.15,,,,,,,,
26.31,91.66,0.95,1.96,,,,,,,,
39.68,14.85,0.71,2.35,,,,,,,,
35.13,68.37,1.0,2.55,,,,,,,,
43.95,79.18,0.41,2.45,,,,,,,,
31.83,78.33,0.28,2.53,,,,,,,,
8.18,53.91,0.9,2.53,,,,,,,,
17.79,62.15,1.48,1.67,,,,,,,,
9.65,46.33,0.21,1.49,,,,,,,,
16.37,15.79,1.2,2.39,,,,,,,,
10.08,20.38,0.31,1.46,,,,,,,,
15.22,97.95,0.55,2.64,,,,,,,,
16.48,32.17,0.64,1.26,,,,,,,,
25.3,37.83,0.54,2.57,,,,,,,,
35.88,73.03,0.83,2.67,,,,,,,,
31.86,47.2,1.04,2.27,,,,,,,,
24.65,69.32,0.93,2.35,,,,,,,,
36.8,13.98,0.74,1.99,,,,,,,,
8.57,24.12,0.76,1.67,,,,,,,,
40.4,33.71,0.65,2.74,,,,,,,,
7.24,56.48,0.58,2.16,,,,,,,,
38.82,54.87,0.9,2.86,,,,,,,,
35.24,19.64,1.08,2.5,,,,,,,,
20.59,56.13,0.95,2.23,,,,,,,,
39.92,66.66,0.39,2.04,,,,,,,,
17.88,63.49,0.99,1.96,,,,,,,,
20.06,79.38,0.85,2.51,,,,,,,,
14.9,87.42,1.48,1.71,,,,,,,,
17.36,61.98,1.13,1.8,,,,,,,,
28.42,90.41,0.69,2.06,,,,,,,,
21.42,52.83,0.87,2.84,,,,,,,,
19.64,39.65,0.28,2.5,,,,,,,,
20.08,97.8,0.7,1.22,,,,,,,,
34.92,36.02,1.31,2.32,,,,,,,,
8.09,20.91,1.19,1.23,,,,,,,,
44.59,42.67,0.74,2.93,,,,,,,,
36.63,77.46,0.37,1.31,,,,,,,,
18.75,33.17,1.06,1.68,,,,,,,,
11.39,10.93,0.57,2.58,,,,,,,,
12.7,46.94,0.41,1.7,,,,,,,,
34.01,41.59,0.49,1.23,,,,,,,,
7.43,30.08,0.93,1.31,,,,,,,,
25.4,81.96,1.22,2.59,,,,,,,,
21.23,52.51,1.45,2.84,,,,,,,,
42.32,84.68,0.23,2.85,,,,,,,,
18.65,95.61,0.6,1.85,,,,,,,,
22.13,19.47,0.88,2.06,,,,,,,,
15.46,23.44,0.84,2.06,,,,,,,,
38.68,64.27,1.23,1.36,,,,,,,,
12.18,80.81,1.07,2.01,,,,,,,,
39.31,72.53,0.38,2.62,,,,,,,,
42.13,63.93,0.57,1.91,,,,,,,,
8.38,17.72,1.16,2.54,,,,,,,,
27.95,39.27,1.3,2.47,,,,,,,,
37.79,94.47,0.33,2.39,,,,,,,,
31.81,11.43,0.59,1.75,,,,,,,,
36.02,18.98,1.45,2.05,,,,,,,,
20.68,45.55,0.52,1.27,,,,,,,,
10.62,22.78,0.37,1.6,,,,,,,,
24.46,78.99,1.01,2.07,,,,,,,,
12.4,81.85,0.38,1.68,,,,,,,,
24.0,98.73,1.31,1.56,,,,,,,,
36.17,74.42,1.04,2.12,,,,,,,,
44.56,18.21,0.58,1.97,,,,,,,,
23.72,42.61,1.25,1.29,,,,,,,,
41.99,89.43,1.08,2.63,,,,,,,,
18.3,46.84,1.34,2.23,,,,,,,,
29.01,44.84,1.13,1.32,,,,,,,,
12.15,95.95,0.78,2.13,,,,,,,,
41.93,76.27,1.22,1.47,,,,,,,,
24.31,60.8,1.08,2.45,,,,,,,,
22.38,89.36,1.13,2.99,,,,,,,,
39.84,76.69,0.23,1.94,,,,,,,,
11.95,51.65,0.8,2.11,,,,,,,,
20.87,21.84,0.92,2.69,,,,,,,,
42.1,26.88,0.62,1.74,,,,,,,,
38.22,16.03,1.04,2.91,,,,,,,,
25.95,71.95,1.32,2.87,,,,,,,,
44.15,37.9,1.36,1.49,,,,,,,,
11.36,16.78,1.04,2.72,,,,,,,,
32.49,40.25,1.04,2.93,,,,,,,,
44.46,52.19,1.01,2.79,,,,,,,,
18.27,72.3,1.11,2.42,,,,,,,,
35.1,77.93,0.5,2.85,,,,,,,,
31.32,61.11,0.56,2.86,,,,,,,,
36.03,22.14,1.44,2.32,,,,,,,,
21.88,99.62,0.53,1.86,,,,,,,,
28.45,83.58,0.73,1.61,,,,,,,,
43.79,75.56,0.79,1.36,,,,,,,,
26.22,30.61,0.93,1.95,,,,,,,,
26.09,17.06,0.2,1.79,,,,,,,,
43.29,28.33,1.28,1.28,4.28214157581797e-6,2.76239722032121e-11,0.2250686643202993,61.39430989638853,6.19635420213677e-6,1.28999099939849e-10,-0.1762294497815631,60.45607760231913
23.79,21.9,1.05,2.87,4.2780431033218e-6,5.6677733128676e-11,0.2171980392327488,61.34519199732839,4.7127856842652e-6,2.54686786246869e-10,-0.1712893814027974,59.825050513534066
11.6,52.39,0.93,1.52,1.34841728516486e-5,3.53937498181651e-10,0.2122606418958447,61.79936358381121,1.18220587603932e-5,1.22029815328197e-9,-0.1743256081700807,60.02941770395853
42.14,71.53,1.37,1.65,1.00642844283558e-5,7.56106699549394e-11,0.2250388089074097,61.95535638647619,1.57312783809494e-5,4.63090484640853e-10,-0.1684221632754734,59.14580604978074
9.57,34.1,1.03,2.67,8.7836939678812e-6,6.91458663714638e-10,0.1987034452151644,65.78269401644339,7.62618791782993e-6,3.99014551440241e-9,-0.1434103150399085,64.42317954356031
38.94,12.14,1.24,1.81,1.93868384369803e-6,1.3946850880498e-11,0.2237364113457055,61.86841812220567,2.4435829893759e-6,6.43854671766979e-11,-0.1753108146923376,60.11814847226012
7.83,29.49,0.48,1.2,8.75881219168458e-6,2.74762794160827e-10,0.2122076906507505,60.877971220611755,6.60043044794657e-6,3.12520416205243e-10,-0.2072291732555118,61.409387218437836
30.31,30.01,1.4,1.79,5.09114563738653e-6,4.96103117929856e-11,0.2224565067936318,62.4980763301919,6.53132432734383e-6,4.44632872028565e-10,-0.1566336214917546,59.828745797243066
16.64,94.35,0.29,1.7,2.55725122709123e-5,2.89155037243622e-10,0.216706784717082,61.571845883608454,2.12244819688112e-5,2.69022131542109e-10,-0.2155153158544363,61.58485883456774
21.36,62.0,1.33,1.78,1.22270987222695e-5,1.67200745572654e-10,0.2197213779346915,61.840150500109424,1.36744007062097e-5,1.00274112084548e-9,-0.1645350593963867,61.803487244266734
18.62,38.86,1.48,2.99,7.58835116808176e-6,1.90929399047523e-10,0.2124979198075111,63.48434456797139,8.66569748091496e-6,2.8073959779377e-9,-0.1330457477685258,62.15914805707245
39.21,65.25,1.38,1.96,9.43726121083026e-6,7.89898692294909e-11,0.2239077448370157,62.450225714625034,1.41340880871656e-5,5.52813696555996e-10,-0.1628172073616359,61.090905190990085
34.05,77.91,0.24,2.27,1.71172813419072e-5,1.00092044868788e-10,0.2197703205601615,61.35989949060272,1.70830136325076e-5,1.00585717476448e-10,-0.215442300486964,61.07686976561763
35.17,78.97,0.5,1.27,1.68025202580541e-5,9.08309408687894e-11,0.2222189089518121,60.65722925601565,1.73837532464939e-5,1.06006824099375e-10,-0.21289338525588,60.890857746211765
42.67,62.54,1.37,2.95,8.36383171473432e-6,7.35359655896889e-11,0.223504399581679,62.59733994649713,1.36525966576196e-5,6.08219542483582e-10,-0.1576256509014785,60.175154221295536
38.81,84.0,0.91,1.61,1.42918805554822e-5,9.27926495838674e-11,0.2237177877427078,61.41654886414695,1.81590366720981e-5,2.623222224012e-10,-0.189653794767705,59.04067184040733
11.18,92.0,0.66,1.29,2.51667253849637e-5,5.2516207248923e-10,0.2148666871088315,60.91540678564501,2.09001568848366e-5,1.00454481080071e-9,-0.1935288965872458,59.91202141671447
9.78,73.41,0.24,2.51,2.07621815580573e-5,7.27989545373951e-10,0.2082329471232689,63.57055319407797,1.66278453771188e-5,9.61575048154273e-10,-0.1960698200830406,61.01503829871183
23.93,89.88,0.39,2.43,2.06335056720823e-5,1.92073103154376e-10,0.2178021746075995,61.84640594566139,2.00062246141173e-5,2.55121523574119e-10,-0.2066426905790645,58.89148934800731
40.71,48.49,1.05,2.29,7.5495146069902e-6,5.56557387530792e-11,0.2224922759326129,62.19774550583536,1.071986686724e-5,2.42630051462238e-10,-0.1755334926800651,60.23466519060011
32.42,78.56,0.92,2.05,1.38992373238506e-5,1.13599804115594e-10,0.2221925886919304,62.22868238484071,1.67999002651796e-5,3.79357373795139e-10,-0.1835276719803111,60.50087573240846
12.87,71.66,0.9,2.33,1.744600847184e-5,5.73612264224212e-10,0.2079369665936596,64.06421562270947,1.59838092821007e-5,2.48658477262465e-9,-0.1615837491786668,61.50564996455097
33.3,92.65,1.3,1.47,1.54122994902522e-5,1.29716458054332e-10,0.223674164456985,62.275975177148624,2.06894636232322e-5,7.50303587804461e-10,-0.1699726760319739,59.20891111250252
21.53,84.48,1.4,1.81,1.62841746082021e-5,2.32994644244311e-10,0.2194158747842899,61.730290549412274,1.87725624721225e-5,1.65090558222e-9,-0.1594696535784609,60.777555295307295
11.65,27.2,0.74,1.25,7.30586549387872e-6,1.47066538023707e-10,0.2150346701386445,60.9540419202358,5.7917823273454e-6,3.29125287371195e-10,-0.1902191212089045,59.807092032619636
17.67,48.76,0.64,1.5,1.20675146673603e-5,1.37133449327087e-10,0.2195139145650321,62.18611503493165,1.07528577089065e-5,2.43906076122859e-10,-0.1994147474203699,61.46526092322356
33.07,36.37,0.33,2.06,8.00324414488531e-6,4.70128288586088e-11,0.2208048183441123,61.18107835702159,7.92131982208237e-6,5.16597970491545e-11,-0.2137108249824444,61.281105970454014
7.29,31.79,0.87,2.63,8.69599741303183e-6,1.53266692208481e-9,0.1886397860434988,67.4421613956041,7.08569632473665e-6,5.12974889191163e-9,-0.1458798368969815,66.2032983975287
38.68,39.56,0.73,1.5,7.18641135711955e-6,4.22432155630703e-11,0.2234169389971812,60.98479347922649,8.12445312563366e-6,8.4427638135205e-11,-0.1983201489083066,60.605072266743946
27.39,26.97,1.28,2.71,4.7090695706824e-6,5.66566260196942e-11,0.2195383893542938,61.80670418375661,5.4397949539392e-6,3.87563277052333e-10,-0.1602291716710395,61.054927573706735
38.53,83.62,1.01,1.87,1.31043686998462e-5,9.7176683517655e-11,0.2234782496755272,61.8558390366718,1.8587888652221e-5,3.46081203692366e-10,-0.1816807910828192,60.507466487801125
17.75,92.72,0.33,2.71,2.29348168421232e-5,3.22254209496292e-10,0.2149262731642356,61.104524234696896,2.0471465692288e-5,4.91035255114681e-10,-0.1995301926604896,62.186346792429525
17.75,95.91,0.73,2.68,2.17639042525881e-5,3.6828661784334e-10,0.2148716268159137,60.878015954959075,2.18013349092984e-5,1.2342219997846e-9,-0.1773715149308995,61.088467665297976
13.63,59.82,1.12,2.92,1.36529136773111e-5,5.12415395293658e-10,0.2082201444434373,64.85265196011265,1.32166383855114e-5,4.24850051909172e-9,-0.1443855185586218,62.215353216236274
37.93,95.99,1.31,2.92,1.37380159206852e-5,1.32709614234567e-10,0.2221764926355243,62.3136495223121,2.05156514764313e-5,1.05968912766822e-9,-0.157642664398526,60.18015014866922
37.93,79.21,0.96,1.65,1.35481797074005e-5,9.04563761975029e-11,0.2237939776254633,61.53641649534441,1.76694974164822e-5,2.83805882531942e-10,-0.1864238622524147,58.85745950907857
9.74,94.97,0.33,2.28,2.68157029155806e-5,8.86251256713635e-10,0.2092390791435542,63.04354960499411,2.15829209563529e-5,1.29629219494999e-9,-0.1947160714275584,60.51681011874904
30.72,86.21,0.8,2.7,1.58761322537779e-5,1.41997940740669e-10,0.2204966977680855,62.23632841973254,1.93546611774169e-5,4.68350922922701e-10,-0.1822859951149112,61.1726878453515
22.99,55.34,1.41,1.43,1.05820503209587e-5,1.31307925237542e-10,0.2207042003056155,62.08492752675715,1.23852740284808e-5,8.0731196598642e-10,-0.1645765682837405,61.42665174704432
19.87,37.43,1.46,1.38,7.53913721156719e-6,1.14463966887663e-10,0.2182228426001781,61.47470422980114,8.18624033964716e-6,9.18680617787053e-10,-0.1565389880100368,59.83482824071875
26.65,44.23,0.7,1.31,9.32950515998787e-6,7.14288098707564e-11,0.2225392720356069,61.38529158575594,9.4213690924407e-6,1.29027799602502e-10,-0.2009383748030754,60.101194257979465
8.48,25.43,0.75,2.6,6.71089625043306e-6,6.58412996313152e-10,0.1948828909576054,66.28048987127946,5.33590651340343e-6,1.72408976842108e-9,-0.1613883726692508,62.86984014383898
16.3,81.67,0.45,2.03,2.09980042431902e-5,2.9397814271909e-10,0.2150453479012542,61.074580765450925,1.83786509340938e-5,4.39875430347231e-10,-0.2012009169471742,61.58563839388304
30.29,69.12,0.73,1.43,1.41661420611037e-5,9.8257840047316e-11,0.2224883482819249,61.38105329307223,1.53099532410888e-5,2.28244189278203e-10,-0.1939732742466222,60.402507581293925
34.42,63.99,0.96,1.99,1.11004308315558e-5,8.68025645957418e-11,0.222114531919484,62.17503939495485,1.3578931219427e-5,2.96276384868085e-10,-0.1826142691089312,60.623193715960646
34.91,70.72,1.3,1.8,1.12340275410541e-5,9.74307376394949e-11,0.2228943874377848,62.50207465536803,1.47775512285172e-5,5.86628283446958e-10,-0.1676408299717912,59.949687620363925
38.34,63.16,0.46,2.35,1.21430345379093e-5,7.25946854560338e-11,0.2211868059859991,61.53200777344306,1.40545123624437e-5,1.08374536291903e-10,-0.2055005663971044,58.654763149754736
21.6,98.18,0.38,1.7,2.4257813497324e-5,2.05021974915985e-10,0.2201767253039287,61.70902898586581,2.092714482127e-5,2.20909717076015e-10,-0.2138972069925945,61.1999796995397
15.97,60.78,1.29,2.22,1.32189047575099e-5,3.28697335524158e-10,0.2119232841741969,62.807503367585255,1.34117475759036e-5,2.69614364931194e-9,-0.1501338850444955,63.14553202645713
15.97,91.48,0.78,1.53,2.23822427429697e-5,3.27013652553203e-10,0.2168481429927089,61.39622717167799,1.97722253167473e-5,7.82732512799934e-10,-0.1903481027668789,59.491665984411426
21.83,91.55,1.29,2.25,1.71113594156215e-5,2.6068034041549e-10,0.2183551536351417,61.486135709553,2.00105768525593e-5,1.71525250319064e-9,-0.1604302740070522,61.12510132639046
44.84,36.66,1.02,2.96,5.30906559428775e-6,3.90120081500908e-11,0.2225143741611248,62.39964306884778,7.62575788253734e-6,1.7089600543902e-10,-0.1751453291127197,60.149075049638846
12.43,69.56,0.92,1.62,1.78706376908753e-5,4.39693466830296e-10,0.2117563009080131,61.75101943131286,1.57124559027994e-5,1.6280331001582e-9,-0.172395660629423,60.68712499881507
28.69,63.71,1.23,2.4,1.11590806664829e-5,1.21632662900647e-10,0.2201900459194751,61.952157317766435,1.42314301105581e-5,7.54245785714618e-10,-0.1634660164650725,61.46532747755083
39.19,21.03,0.89,2.87,3.49180595236888e-6,2.57398948787915e-11,0.2213782134853422,62.378749709904135,4.5306166831829e-6,8.92618312875457e-11,-0.1808899774243425,60.946863957205096
11.38,43.07,1.46,2.64,1.00439713070345e-5,7.763023000803e-10,0.1987712573215976,66.28093076858327,9.29052632194906e-6,1.04023687058233e-8,-0.1189669903150704,66.68614238951365
17.99,78.93,0.27,1.73,2.10336871876509e-5,2.07492728910277e-10,0.2187803464232969,62.09569109200561,1.76247258645502e-5,1.99840826368017e-10,-0.2160362720715627,61.47673573098389
8.4,33.85,0.45,2.99,9.41559389241473e-6,9.27397334730768e-10,0.1933247467483207,66.43638170324431,7.50856751191436e-6,1.66190836107906e-9,-0.1716640174836006,64.86638341196841
35.39,78.2,0.83,1.62,1.43278728787913e-5,9.67056288599666e-11,0.2223808951122309,61.53963592030659,1.69794023189855e-5,2.26188498877787e-10,-0.1934067610098877,60.28261672744468
38.71,61.2,0.29,2.43,1.23485818941764e-5,6.90078021702771e-11,0.2203958560211789,61.37612414059945,1.36033717604002e-5,7.722361420434e-11,-0.2121499215389502,60.72311644668763
28.2,55.71,0.43,2.52,1.18979176774726e-5,9.6901165043065e-11,0.2189672816550221,62.12388236264552,1.21416357326637e-5,1.45388137862548e-10,-0.2030600438949051,59.62635456668907
29.26,25.63,1.49,2.35,4.2849862437578e-6,4.90233138680313e-11,0.2202548256707035,61.90277690054166,5.49210258654449e-6,4.45180300114193e-10,-0.1542119955652919,59.02577785644753
39.86,16.17,1.36,1.64,2.49130299027573e-6,1.82683416332268e-11,0.223917876445571,61.943214003894326,3.37389395188071e-6,1.16936224743649e-10,-0.1666835970588367,59.71108513975921
44.66,15.07,0.8,1.81,2.46879550933233e-6,1.39242058224613e-11,0.2235857001873076,60.982087738188504,2.93221551932517e-6,3.14849506684167e-11,-0.1953608334183397,60.96905185488377
44.66,24.24,1.03,2.32,3.61184029614572e-6,2.4297923003137e-11,0.2235109226993279,61.84984434714336,5.03004599982945e-6,9.29974864544502e-11,-0.179757161084408,61.1670843023043
24.25,76.75,0.8,1.33,1.65427580512812e-5,1.46329405969756e-10,0.2211310584066622,62.03230197868841,1.65591133797263e-5,2.98963682716802e-10,-0.1962176466517044,61.12393608714885
8.33,99.06,1.07,1.58,2.68970115371935e-5,1.97346514775734e-9,0.1999212987478577,64.28454870541275,2.24833976838175e-5,7.36901255812208e-9,-0.1578427227459752,62.78195184772811
41.08,73.1,0.3,2.95,1.39742316766335e-5,8.33414215142545e-11,0.2190845983077875,62.00718717720796,1.6207780660775e-5,1.0938547379276e-10,-0.2072038703029374,59.091582069171864
18.56,82.29,0.81,2.44,1.83547170745356e-5,2.87035770054684e-10,0.2157551721075949,61.07987142536143,1.8371649358748e-5,1.00406510340045e-9,-0.1768139316943509,60.81158179330031
37.3,58.28,0.89,2.86,9.63882710718855e-6,7.64939406794427e-11,0.221528873171276,62.44222486445628,1.30667905826728e-5,2.91724170224371e-10,-0.1784490198244794,61.35907182599414
33.78,10.11,1.21,1.48,1.79505703765767e-6,1.33273150589438e-11,0.223182152071971,61.78788390471873,2.02895724822138e-6,5.40219815325656e-11,-0.1793220626996079,61.514571038944425
32.46,73.76,0.2,2.7,1.55619273970067e-5,1.05993405238673e-10,0.2189160400841417,61.9605852258194,1.63320496614674e-5,1.0705562785665e-10,-0.2139845836920563,61.426431759336346
36.85,48.02,0.56,2.12,9.22968290371e-6,5.6178682303625e-11,0.2219316911734649,61.350877561563614,1.08236181707653e-5,9.31174972311261e-11,-0.2028377602720745,59.1987772455215
37.42,74.21,0.93,2.11,1.24675467766582e-5,9.00753042156493e-11,0.2230254327156188,61.970930008078504,1.6398029857326e-5,2.98349870661103e-10,-0.1834801344904026,59.9606317946966
19.78,78.45,0.82,1.85,1.76945868083118e-5,2.18038130177839e-10,0.2179710820626833,61.66468638501821,1.71799977681121e-5,6.5012220397208e-10,-0.1840147804553262,61.131805900334584
21.75,39.21,1.45,1.98,7.29436723401346e-6,1.09530837715473e-10,0.2191004781889579,61.64993257267269,7.88573985589785e-6,8.55242094627621e-10,-0.1570208913116942,59.95254626009071
29.65,70.23,1.26,2.79,1.16772142643655e-5,1.3764267290884e-10,0.2191883492636568,61.64378149553233,1.53852038813473e-5,1.00923543200114e-9,-0.1579128360427099,60.30594975069467
31.59,89.62,1.14,2.31,1.50644466391766e-5,1.43132514409661e-10,0.221886375821667,62.41644747288586,1.94323321867109e-5,7.98478350684478e-10,-0.1692827188093973,59.77574114122288
7.15,69.64,0.62,1.77,2.0153808518936e-5,1.2894890048165e-9,0.2038465645459542,63.37338946734694,1.55672219175466e-5,2.34415218728732e-9,-0.1831092890081529,62.267176572717474
42.51,57.93,1.47,2.2,7.86986688996679e-6,6.43099014946196e-11,0.2245473478067362,62.46396548366767,1.27576305321603e-5,5.22579983092832e-10,-0.1592792953768932,60.68933677100032
20.14,57.63,0.38,2.17,1.43226349046411e-5,1.51928448078013e-10,0.2166569890266509,61.57748155725768,1.26728756032312e-5,2.12873850000596e-10,-0.2043854339988344,59.90537039625499
18.08,24.4,1.07,1.88,5.26014662520911e-6,8.14049277450393e-11,0.2175612254317791,61.46803858446285,5.17968672331007e-6,3.52015996625805e-10,-0.1734659683458433,59.59555039821057
36.08,60.91,0.87,2.97,1.02250773187176e-5,8.40252243136182e-11,0.2212010430086661,62.357187910698606,1.3647475668026e-5,3.22378141373978e-10,-0.1780856051474912,61.25454825368157
24.36,17.8,1.36,2.24,3.36831354615514e-6,4.22954260985348e-11,0.2188205981694842,61.65962230567275,3.84821179201856e-6,2.46768964807294e-10,-0.1646279954030824,61.555754575964244
11.52,15.88,0.84,1.92,4.14597846384179e-6,1.14224181827349e-10,0.211105205448911,62.32724659906062,3.39864046442714e-6,3.76187613000845e-10,-0.1745474375266318,60.241489628941714
40.82,15.43,1.28,1.49,2.44211876796168e-6,1.66075005070241e-11,0.2240300589745367,61.695783853735335,3.20197583128005e-6,8.19101933319793e-11,-0.1741472633451375,59.71457045515218
16.2,34.98,0.35,2.47,8.9433725624392e-6,1.37506673036661e-10,0.2135877645774224,60.73813118300382,7.73372619311386e-6,1.91985221785109e-10,-0.2017685269966829,61.79895448502008
11.8,54.54,1.08,1.59,1.36824652339004e-5,4.07479246805611e-10,0.210798882367378,62.93384340756446,1.23117183790321e-5,1.94299136912978e-9,-0.1630995415930691,61.811753047696264
44.45,69.99,0.97,1.82,1.07275088269434e-5,6.74643043549461e-11,0.2241529000371996,61.44166117918682,1.46995773341883e-5,2.13791163624063e-10,-0.1863809467636127,58.833418869779706
38.77,50.25,0.56,2.61,9.00287324231381e-6,5.91909677227302e-11,0.2211096864895563,61.88954568197111,1.09670145634028e-5,1.08618088528713e-10,-0.1982652108692648,60.79273975569216
38.77,62.8,0.25,1.73,1.37017780318329e-5,6.46515975110185e-11,0.2216453568617023,60.45194956207578,1.37884076780522e-5,5.74936440839862e-11,-0.2204517531075402,58.85795921220971
31.16,54.18,0.49,2.88,1.07599804116464e-5,8.61768678415453e-11,0.219519567201674,62.184137268721756,1.20913831811256e-5,1.5980263887723e-10,-0.197400329416407,61.750620104564945
39.71,14.58,0.3,1.58,3.19754947320211e-6,1.4419360487438e-11,0.2217647184790836,60.270907810656595,3.08655312492187e-6,1.32439435881446e-11,-0.2199185153165735,59.03261507420754
43.59,93.93,1.27,2.0,1.3221752062114e-5,9.77166600360841e-11,0.2244769634483283,62.06800826780187,2.00457561612617e-5,5.55352684913707e-10,-0.170217755452878,58.649130199108626
35.74,45.1,0.62,2.19,8.48283171715107e-6,5.52772365639135e-11,0.2221812620214677,61.53719669524943,9.96490880196054e-6,1.09325776111948e-10,-0.197859917017003,61.13776708735699
27.97,42.48,0.33,2.73,9.33825652037275e-6,7.59695936573004e-11,0.2182336637775353,61.982713771966516,9.30108844290821e-6,9.8670232531399e-11,-0.2069625823365217,58.994087019843434
19.61,11.53,0.62,1.78,2.7963744799954e-6,2.92646675123616e-11,0.2186219026626273,62.04971833238056,2.267831876654e-6,5.28677870029079e-11,-0.1987340343566825,61.59277564864014
14.96,64.79,0.21,1.93,1.78918648966715e-5,2.3303936765012e-10,0.2160956912831762,61.524431961279035,1.43334446987289e-5,2.17822244275612e-10,-0.2154561978060747,61.672842247818465
41.61,39.31,1.42,2.76,5.3637308204748e-6,4.66787930551668e-11,0.2237522691772181,62.68751930408625,8.51371737987225e-6,4.01055753282905e-10,-0.1571466359972101,59.99558182223874
23.72,80.37,1.1,2.76,1.54323817848137e-5,2.13813316691677e-10,0.2171752569251109,61.268078555114,1.81281714046293e-5,1.121920875629e-9,-0.165640562667321,61.492515838159456
12.3,42.75,1.06,2.9,1.01687983698802e-5,5.23148195201119e-10,0.2024404542001641,63.53946350963454,9.32891968015066e-6,3.64674411945547e-9,-0.1419508610877512,62.83093152313021
17.02,32.61,1.32,1.58,6.97492502758538e-6,1.21690121008048e-10,0.2175967022368548,61.36082435047173,7.20604342508854e-6,8.77213964852972e-10,-0.1592673290605419,60.81448069373123
37.71,39.39,0.24,2.08,8.33901451863372e-6,4.31581302260766e-11,0.2211040058288889,60.814514445905715,8.03783510581783e-6,4.10252995003555e-11,-0.2178002390545751,59.95815755889655
22.75,13.62,0.9,2.06,2.93969238753903e-6,3.08463308965636e-11,0.2195578413244882,62.116545430090085,2.72405856101431e-6,9.38166546244895e-11,-0.1845350727958125,60.586491445724484
14.42,51.0,1.49,2.31,1.11149430826449e-5,3.69888398065845e-10,0.210052459204544,64.48298951762423,1.14565798337987e-5,4.61504440553439e-9,-0.136625235264926,63.07400118855544
43.69,97.89,1.05,1.41,1.53012311010498e-5,9.33835190860502e-11,0.2246979402950825,61.20661335352312,2.16077274901003e-5,3.10040232931121e-10,-0.1856039591138448,59.02306480452153
41.03,73.84,1.24,2.28,1.08185475000757e-5,8.65162622764429e-11,0.2228555243182233,62.48850183095071,1.64703274596381e-5,5.22295126741967e-10,-0.1664997903961264,59.795972031731004
11.87,57.04,0.39,2.18,1.57072254281054e-5,3.68667024488052e-10,0.2109587990055772,61.37823890919787,1.2954866348376e-5,5.83842409954772e-10,-0.1945259095554404,60.43835990595078
24.83,46.88,0.27,2.58,1.10456665034068e-5,9.63868660569764e-11,0.2169774622808012,61.69773873417932,1.04579910054804e-5,1.0640334487437e-10,-0.2103254299812702,60.09899470483576
20.59,40.54,1.31,2.83,7.92422841559832e-6,1.52040229434433e-10,0.2139877583002553,61.73836093768875,8.74823440846635e-6,1.39578360919831e-9,-0.1475620788792943,62.72075885773265
22.79,84.11,0.42,2.31,1.95986769945687e-5,1.87124164162054e-10,0.2182792534519657,61.97064799430696,1.86740913068383e-5,2.55793624250363e-10,-0.2063204430850107,59.09888549216509
31.78,20.71,0.64,2.93,3.98613187335929e-6,3.21543756285272e-11,0.2200260374338018,62.270557969202876,4.44130188181521e-6,7.32462968917458e-11,-0.1923971671260321,60.07641910570938
30.62,85.44,0.97,1.54,1.6006814080014e-5,1.24699808455523e-10,0.2231325190950551,61.8216282167047,1.85101674382859e-5,4.12496495442482e-10,-0.1853685951123449,59.94278512546365
18.34,72.49,1.38,1.31,1.53025950058882e-5,2.39345547599105e-10,0.2185169903385184,61.576074934908156,1.63730771670241e-5,1.73477931304177e-9,-0.1594720224290015,60.83385400491988
7.0,61.06,1.2,1.38,1.67226242126643e-5,2.01719686804578e-9,0.1955376946827821,66.65775708793564,1.34039246619159e-5,8.39954560578338e-9,-0.1495628456052485,62.95157712851887
14.77,14.84,1.42,2.48,3.2187636606046e-6,9.71115062759979e-11,0.2108385827623228,63.870680951074064,2.80304276838338e-6,8.84594350341319e-10,-0.1459285758155381,62.45951498476775
33.62,39.62,0.51,1.43,8.43677361814128e-6,4.82733290147023e-11,0.2223536160047131,60.81586386206867,8.74133247132214e-6,5.88073308479945e-11,-0.2117313361149669,60.513957580203076
27.76,97.2,0.88,1.94,1.90492398405222e-5,1.69571601999157e-10,0.2211490221129755,62.43698743051128,2.18651344660867e-5,5.06594412100211e-10,-0.1855968163154989,59.66759397980458
25.08,74.84,1.18,1.4,1.46980844006125e-5,1.50601349889193e-10,0.2207852242764674,62.219254104244435,1.63938790472209e-5,6.3150818006153e-10,-0.1759113921497487,60.25814382612628
25.84,11.32,1.46,1.67,2.1089016871416e-6,2.23320282251304e-11,0.2217209416800605,62.43659475390406,2.24210334777923e-6,1.53439359683394e-10,-0.1629455853482076,61.724346470301974
18.46,56.72,0.77,2.77,1.26351454768219e-5,2.13138927583329e-10,0.2145956393721938,60.80631873607831,1.28236202892795e-5,7.54299632834684e-10,-0.1755589217708791,60.49421958529834
44.04,81.98,1.41,2.6,1.08349671303483e-5,9.05984094152722e-11,0.2240229989270936,62.68637450621438,1.80501781853256e-5,7.56361243779379e-10,-0.1579152196829785,60.25533124014195
10.26,53.59,1.1,2.38,1.34274421242233e-5,8.03915201638717e-10,0.2029819913138166,63.91833542391318,1.20641806958034e-5,4.95765626239334e-9,-0.1458535460675078,62.36625964929821
27.11,76.13,0.42,2.67,1.62665059589551e-5,1.42175556321144e-10,0.2186034925270701,62.01734124018032,1.67577156330087e-5,2.15616290464342e-10,-0.2020904680553189,60.08712643900768
34.77,31.07,0.26,2.24,6.77677153432937e-6,3.87248075308676e-11,0.2198778464894336,61.26576109339418,6.54510558245897e-6,3.85760784131133e-11,-0.2157850007642953,60.90372751546272
41.68,56.58,0.39,2.69,1.04928301663594e-5,5.99030148800668e-11,0.2211712291182803,61.5366042582353,1.222460575746e-5,8.05450326155648e-11,-0.2080777737540821,59.42712886441151
17.32,13.99,0.32,2.18,3.53539189969816e-6,4.14083118421733e-11,0.2176079922856885,61.91174161148036,2.77025005985892e-6,4.98816143041785e-11,-0.2100054446579872,59.85374544374891
39.81,69.73,1.07,1.34,1.15354699357008e-5,7.49011934622482e-11,0.2241597836979332,61.42596941205733,1.53860798209011e-5,2.66025284338944e-10,-0.1827930400209136,59.996662610688205
14.53,76.36,1.43,2.81,1.63756811540489e-5,6.6313706936364e-10,0.2076958251682823,64.45731027368602,1.70228072143901e-5,9.06714579244888e-9,-0.1287462876338501,64.05812251028529
10.93,30.14,1.25,2.8,7.11645169132339e-6,5.28071117610213e-10,0.1996850449599505,65.82687618291719,6.34199825721355e-6,5.0734551499045e-9,-0.1291932886775281,65.39833057515932
41.51,30.21,0.96,2.45,4.74215629689804e-6,3.28943655465801e-11,0.2232822739490289,61.93668717344023,6.23213275426821e-6,1.18650713895731e-10,-0.1813245660194586,60.7391014104085
8.06,63.6,1.18,1.51,1.687003446044e-5,1.50232865719907e-9,0.1981108573036642,65.4305532916123,1.38620758348048e-5,6.45232077771368e-9,-0.15186112907274,63.7608196584078
34.07,49.72,0.94,1.4,9.1721469021717e-6,6.34859730249729e-11,0.2231911639775318,61.539511447954695,1.09934131167835e-5,1.7140492650397e-10,-0.1907235905768387,59.42628646037644
28.57,48.97,0.37,1.81,1.12419670669998e-5,7.4109990615415e-11,0.2206599716905135,61.297831615244185,1.08869867010218e-5,8.35576508203141e-11,-0.2125630073777757,60.744731141366415
40.05,28.46,1.03,2.49,4.37762092721135e-6,3.35329938680014e-11,0.2222327955601293,62.27821740878621,5.7554586860496e-6,1.43326529052356e-10,-0.1759984871644494,60.37406240056998
7.08,43.81,0.36,1.64,1.31050564933431e-5,5.75402030484027e-10,0.2090158558008056,63.23528789143518,9.67340540211531e-6,5.65682580555371e-10,-0.2071572002272411,62.49455353756274
40.39,15.79,0.85,1.35,2.83119045112354e-6,1.60606982742777e-11,0.2235434844093994,60.93125239643006,3.29937124173775e-6,3.73891976714926e-11,-0.1945441093817278,60.6550995107379
16.74,17.91,1.17,1.45,4.17209093705357e-6,6.59748278679054e-11,0.2162037231229786,61.1153087736159,3.86502670754692e-6,2.78849828905273e-10,-0.1738416688693057,59.6717334045086
43.55,57.97,1.15,2.49,8.32997599216685e-6,6.19225971195898e-11,0.2237143688306375,62.24403420787998,1.28625545653066e-5,3.0915043650042e-10,-0.1728833887321871,59.36523787960889
8.74,80.18,1.19,2.2,2.07544316000803e-5,2.57048973012186e-9,0.191544003300333,65.89257356749708,1.69621386453956e-5,1.3690488432817e-8,-0.1370476458848313,65.32587932546308
38.06,82.41,0.42,2.96,1.53981149921813e-5,1.02724966959826e-10,0.2199047847127375,62.18715215958781,1.83779543828732e-5,1.64963829869448e-10,-0.2011961004636031,59.911722995662664
42.39,87.99,1.31,2.8,1.19800009326058e-5,1.02272772458586e-10,0.223561578319653,62.66110210561886,1.94032493162168e-5,7.55556448811994e-10,-0.1606202742026496,61.187439570916844
19.94,22.67,0.27,2.07,5.84287038498504e-6,5.65608579476862e-11,0.2173119949556906,61.84568777243653,4.82612295853718e-6,6.11775634405502e-11,-0.2117464913168108,60.40003509176783
20.9,82.12,0.72,2.33,1.82833015799281e-5,2.33245289743576e-10,0.2161227725849467,61.196740968063935,1.8317961030386e-5,6.37246895552456e-10,-0.1840815802969564,61.02398877601094
12.66,18.38,0.52,2.27,4.83583392690838e-6,1.10340355319847e-10,0.2111339218389611,61.26274043401475,3.88537083327835e-6,2.18296608839731e-10,-0.1895279157250142,60.671328347037175
19.05,21.14,0.76,2.31,4.78943840686135e-6,6.52253409997908e-11,0.2168581661014887,61.43068461500327,4.45358456563843e-6,1.79088841136951e-10,-0.1852091487192742,61.09434513381299
7.35,10.95,0.45,2.71,3.11015678238315e-6,2.70058617502272e-10,0.1981863303441213,65.06737096053125,2.22759552568289e-6,3.85032814737458e-10,-0.1838831104091348,62.80078223123473
40.29,82.77,0.22,2.24,1.74163595742078e-5,8.67391784567359e-11,0.2202782629892251,61.00448186204957,1.85761965136386e-5,8.40025921068345e-11,-0.2164296579265584,60.34078690176725
40.29,69.83,1.28,2.51,1.01027732753161e-5,8.5169783367051e-11,0.2225379657367668,62.492367362249446,1.55825770056783e-5,5.81914276054777e-10,-0.1625677848783144,61.19590738762038
28.22,90.96,0.82,1.76,1.8184526066e-5,1.50511570961092e-10,0.2213576395505548,62.14138049451426,2.04537370156462e-5,3.87038947540178e-10,-0.1904635839322349,59.289487905599444
32.1,18.66,1.14,2.4,3.24232419898294e-6,2.87743471405483e-11,0.2217385157557182,62.46161202861002,3.99906628943459e-6,1.42288116042189e-10,-0.1729850013608422,59.48556889350652
27.87,61.83,0.74,1.66,1.28564213258913e-5,1.00780928131978e-10,0.2215447272116958,61.88188979061393,1.34460936980961e-5,2.13827648356314e-10,-0.1952894512698695,60.85463687363896
41.96,72.34,0.26,2.19,1.45192746975612e-5,7.07034421367224e-11,0.2214908310236251,60.75039531491146,1.57629341530103e-5,6.85777918926504e-11,-0.2174562204462585,60.08972480862068
24.77,31.16,1.19,1.82,5.87338863311539e-6,6.73917554385227e-11,0.2198701637252089,61.95104440609484,6.71087580877092e-6,3.11724825170649e-10,-0.1727534007173982,59.274003667322994
40.91,42.86,0.58,3.0,7.42853095727318e-6,4.99803076390479e-11,0.220160483475188,62.24679560951839,9.2659576581446e-6,1.0863998225895e-10,-0.1931202209649838,60.2653184706228
19.18,97.59,1.08,1.36,2.14220483881277e-5,2.77393914992712e-10,0.2191417815456026,61.87263258522363,2.14929404473163e-5,1.14255932769157e-9,-0.1758824116289769,60.29725597380087
34.46,96.67,1.18,2.54,1.55257985173974e-5,1.44725675607395e-10,0.2212645505184745,62.21189849050149,2.15278148074604e-5,8.38060499234286e-10,-0.1669059956690294,60.30645482497918
19.73,80.53,1.32,1.42,1.67194699169905e-5,2.4059298480147e-10,0.2184825569620036,61.57740860026609,1.76450565150281e-5,1.61069627012847e-9,-0.1614879923136623,61.457709591811046
41.76,94.02,1.0,2.3,1.42059948784902e-5,1.01911049304481e-10,0.223644807317275,61.976844676187,1.9830027057618e-5,3.86102684172597e-10,-0.1798557399171001,61.18128397088498
37.28,14.1,0.95,1.82,2.50103807585024e-6,1.63505113522733e-11,0.2233852404601813,61.49049120664234,2.96049281023e-6,5.39540868861425e-11,-0.185017622555514,59.39261621729784
11.57,26.76,0.54,2.37,7.1165749641574e-6,2.0829036541883e-10,0.209398122846235,63.01260101767342,5.72590964444149e-6,4.38678600775727e-10,-0.184369063680236,62.783244282864
42.81,46.76,1.17,2.39,6.71432815130142e-6,5.03790732067742e-11,0.2239491467915093,62.18311193950438,9.69078407762095e-6,2.62795768276314e-10,-0.1722424392154112,59.12805609505237
40.06,31.01,0.48,2.6,5.733126258178e-6,3.50620358417724e-11,0.2206209350693952,61.77519081158936,6.64604493742297e-6,5.56726026612072e-11,-0.2025818348502042,59.26926742770153
10.15,51.16,1.24,1.51,1.29994242390378e-5,5.60242624605354e-10,0.2084908194301972,64.8091777543881,1.15234375705099e-5,3.26023816401838e-9,-0.1548972750388184,62.65538225519293
20.24,96.37,0.95,1.28,2.16781991873038e-5,2.43707088666606e-10,0.2195282472911941,62.0295570179783,2.15124766033458e-5,7.73059441772505e-10,-0.183358743183122,60.910476880380514
40.5,12.34,0.25,1.41,2.67649648960183e-6,1.17371542262549e-11,0.2217017925185374,60.02814917036836,2.45142267386026e-6,1.04472003600414e-11,-0.22152516202702,58.460034078865114
9.71,24.53,1.41,1.86,6.10104461176407e-6,4.10827337185376e-10,0.202793197493698,64.54579610854384,5.28119329329753e-6,3.76177343821293e-9,-0.1351646976378312,64.30284281735801
29.05,61.59,1.35,2.34,1.04520629275124e-5,1.17581894831246e-10,0.2203101081726848,61.92390095215476,1.36885392746446e-5,8.83974080053149e-10,-0.1583650023596248,60.408072627253674
30.11,57.42,0.78,1.68,1.1545933504188e-5,8.65527495342778e-11,0.2213114966754452,61.8468870315006,1.2805956543531e-5,2.01730423961291e-10,-0.1928685108868421,60.0598514863888
31.21,74.03,0.69,1.36,1.51211535320093e-5,9.91074035415763e-11,0.2231804563359479,61.09846632483308,1.65265861087626e-5,1.79880591391552e-10,-0.2019264642162951,59.89841956174091
31.21,68.15,0.57,1.98,1.40457447920589e-5,9.65349475733759e-11,0.2215707571682735,61.594600159374124,1.53504818297004e-5,1.68223063291906e-10,-0.2018216115222891,60.09930300400438
37.11,38.4,0.27,2.22,8.19945721929567e-6,4.35879135186403e-11,0.2209481589435768,61.02134190337532,8.53273214617628e-6,4.44607682288521e-11,-0.2153714604769836,60.821256759934954
20.03,76.94,0.91,2.88,1.63032172173876e-5,2.73972289560697e-10,0.2140368298553452,60.77538868017643,1.73785309876455e-5,1.34520989747597e-9,-0.1658842560431719,62.295720029496124
13.14,93.83,0.98,1.59,2.30566143089938e-5,5.02263881083957e-10,0.2145324320094682,60.69924577732219,2.03966556964326e-5,2.36935351630724e-9,-0.1708701772063456,62.22854713759332
38.39,56.39,1.09,2.81,8.49320817293661e-6,7.31046128634682e-11,0.2219910442793156,62.43445899464029,1.15423643922561e-5,3.65400734458835e-10,-0.1717514706262655,59.01137530721832
25.11,33.51,0.4,2.15,7.79590461035752e-6,6.47027565083256e-11,0.2182516641508051,61.989480377893855,7.33345425420862e-6,7.90592280251739e-11,-0.2089807159192101,59.59409998798776
42.92,95.26,1.24,2.81,1.31499991539004e-5,1.08399170537432e-10,0.2233904492999065,62.66100667049136,2.09910003685677e-5,7.15955049854927e-10,-0.1637074489025138,60.86140479849429
8.71,27.02,0.87,1.34,7.44942592506554e-6,3.21467697973319e-10,0.2074323893898965,64.07112533545012,5.60521091192989e-6,7.48553535408679e-10,-0.1793297247924962,60.96762861493056
36.82,56.8,0.56,2.33,1.06623807547821e-5,6.84358961266559e-11,0.2217545996673534,61.63936250304565,1.26781273754037e-5,1.19763871164617e-10,-0.2004889807110111,60.06767702028079
10.18,22.79,0.76,2.16,6.06968162612512e-6,2.2747854450412e-10,0.2087896174215583,64.09710409757531,4.87758346369657e-6,6.50364690972236e-10,-0.1749742645164658,61.283284753493824
37.02,46.0,1.42,2.33,6.7772935689536e-6,6.16172009085591e-11,0.2233958220538031,62.654665761436235,1.01750718042634e-5,5.44693616137215e-10,-0.1569027568705109,59.98512010489614
8.43,80.65,1.46,2.19,2.0599557776414e-5,4.09518617712221e-9,0.1849622325367487,68.55910049054411,1.83028303002833e-5,3.58762854847805e-8,-0.1133240160161496,70.38746327549876
7.24,92.85,0.62,2.15,2.64032069320708e-5,2.37817164291824e-9,0.1978992619692994,65.13283817636918,2.10850143275832e-5,4.70270557238775e-9,-0.1740667943160032,63.96530358328571
17.92,69.19,1.19,1.92,1.4852240691846e-5,2.51398860855449e-10,0.2168890668938148,61.20058032607105,1.46379334894157e-5,1.52523201217589e-9,-0.1627133557942916,61.95025580930051
22.69,79.19,1.35,2.67,1.46877692356453e-5,2.35838312837673e-10,0.2171140884125999,61.142544686267925,1.75517572719663e-5,1.90539549256983e-9,-0.1541663900377995,60.15112815097937
10.09,86.38,0.56,2.17,2.35125189943777e-5,8.07311721008079e-10,0.2093536386006358,63.44487218991751,1.95509030415937e-5,1.79918905642011e-9,-0.1828504364822733,62.43498996516713
21.3,94.43,1.32,1.61,1.87220863474105e-5,2.49131492676305e-10,0.2200696381615563,61.940701789748005,2.10896066577447e-5,1.46625845767219e-9,-0.1655748699705326,61.404149449497226
28.36,41.05,1.23,2.9,7.07229978009114e-6,8.51699155535313e-11,0.2190503738179886,61.65121529075424,8.89869246441253e-6,5.9698765852119e-10,-0.1589665636441955,60.68236323953628
20.19,61.56,1.43,1.25,1.26364271199348e-5,1.79371452360489e-10,0.2186608037214404,61.591040674367036,1.38066048389087e-5,1.36482846562276e-9,-0.1582758588591653,60.39764657005339
23.45,42.17,1.05,1.6,8.7052629928699e-6,9.0877680212399e-11,0.2205996119199262,62.25591988925903,9.36455914555367e-6,3.16682357511179e-10,-0.1808383942377615,61.57235005565678
9.84,10.24,0.96,1.29,2.77040134855115e-6,7.87231882896011e-11,0.2131985240153948,61.492616095648515,2.06896965211239e-6,2.29490048587176e-10,-0.1803725742424258,61.26131285369105
10.36,62.1,0.27,2.69,1.72980817483103e-5,6.32481408331225e-10,0.207048909089012,64.21709336132818,1.38698731659302e-5,9.10353103548641e-10,-0.191869619086543,61.301549322233164
19.21,29.39,0.82,2.11,6.61933262521179e-6,8.88503274317414e-11,0.2171890342064847,61.48462137189978,6.1482903682894e-6,2.76604520961209e-10,-0.1817797267634973,62.019818383052204
22.72,63.9,1.11,2.3,1.2587418122973e-5,1.64925729531182e-10,0.2185855621947474,61.63465046943352,1.43672360915681e-5,7.78788321333875e-10,-0.1709908805060248,59.76064088930155
26.64,39.91,0.92,2.82,7.27368226841376e-6,8.31065919903105e-11,0.2191609480105951,61.862317374581835,8.22671270294798e-6,3.26568620804552e-10,-0.1758368466683405,60.38034158151156
31.26,84.28,1.31,2.61,1.3556475120803e-5,1.45700951452144e-10,0.221369747727823,62.17752414346402,1.82965485055704e-5,1.19089700885604e-9,-0.157465259001091,60.184575321377935
15.51,65.15,1.49,1.95,1.39151158095992e-5,3.74010792440627e-10,0.2121634553065156,63.16692498797734,1.44596959781368e-5,4.33333242583323e-9,-0.1405568552899018,61.908185735773884
14.99,63.75,1.11,1.57,1.49804874135184e-5,2.86980418603493e-10,0.2154820174776085,60.91783201537236,1.43006227923933e-5,1.40863603311408e-9,-0.1690994446570441,61.96610388473251
33.46,97.75,0.45,1.78,2.06222025985307e-5,1.23854152798594e-10,0.2215038905237983,61.14154740849252,2.14744743233497e-5,1.56966184106898e-10,-0.2104031085829586,60.13079546920219
20.06,98.91,0.45,1.54,2.48707559850569e-5,2.32985286015409e-10,0.2190211180472094,62.10994247417985,2.19119602932687e-5,3.02835362742114e-10,-0.2084166307169782,59.28432961937016
18.39,42.77,0.63,2.78,9.78950068458636e-6,1.53274668814278e-10,0.2149514183244286,60.9615871227254,9.45718709555949e-6,4.11134725165964e-10,-0.1836290567273573,62.04005018350458
12.77,89.7,0.57,1.73,2.36541719289956e-5,4.74826800214301e-10,0.2129070750458366,60.40693818037082,1.9220837225646e-5,9.13803483578695e-10,-0.1916312239428433,59.41813631045174
27.08,54.31,0.52,1.8,1.20499992100229e-5,8.94245355414612e-11,0.221035739705354,61.65104969294072,1.19010708858566e-5,1.3037022669834e-10,-0.2065906243064999,58.79842703515101
28.07,75.67,0.88,2.2,1.45021331778083e-5,1.35685127784809e-10,0.2204745263023944,62.23466471647024,1.64752549729002e-5,4.30675200732599e-10,-0.1827829075903799,60.658164689944115
38.89,32.28,1.07,1.23,5.47247254084226e-6,3.4998315890995e-11,0.2243110525354982,61.29523698135528,6.61708112851881e-6,1.2335687357061e-10,-0.1835361557287285,59.788559249017
23.31,28.08,1.3,1.74,5.30791010953815e-6,6.58073516387123e-11,0.2201006732719724,61.996861611104265,5.89155980874912e-6,3.60032274310544e-10,-0.168011587198334,60.40100331991162
16.85,30.71,0.78,1.51,7.37980451515402e-6,9.73732874106691e-11,0.2182709771484981,61.77110972292601,5.83314976382551e-6,2.35321498883432e-10,-0.1913404531459445,59.435747666798186
41.41,52.21,0.67,2.15,9.15984503248118e-6,5.41907507879552e-11,0.222782387599824,61.372772733806066,1.16253940258749e-5,1.05734016264059e-10,-0.1981871436719474,60.78351109594662
36.58,43.85,1.0,2.82,7.13275952842119e-6,5.91749382665342e-11,0.2217840738423418,62.46154085410643,9.69840576836476e-6,2.78629158639633e-10,-0.1735547042362526,59.68921091141309
36.14,26.19,0.3,1.4,5.93475790296317e-6,2.7995353812666e-11,0.2225747045697209,60.119465866230044,5.63641179582629e-6,2.42158927929643e-11,-0.2225960511458872,58.504786811670485
35.06,84.84,1.23,2.82,1.32440899126165e-5,1.29968275127704e-10,0.2207109129848788,62.00985470492966,1.8720990940098e-5,9.31058288668887e-10,-0.160238930827248,61.1775796467252
28.43,50.73,0.43,1.37,1.17177579795874e-5,7.38120331895852e-11,0.2217180405543558,60.883158495798796,1.13888016898437e-5,8.38431779766695e-11,-0.2133724835192734,60.985039162547274
17.43,41.4,0.25,1.74,1.11320944929518e-5,1.12019372171827e-10,0.2188743895152952,62.06893177422122,9.09322971441801e-6,1.04481886652475e-10,-0.2171762707936888,61.19215261510096
28.54,62.38,0.36,2.07,1.41403491554413e-5,9.84307135625685e-11,0.2198492415709156,61.67528362999521,1.41420495373546e-5,1.18002674684636e-10,-0.2103712534367581,60.049771474073935
22.6,54.65,1.39,2.21,1.03298682675237e-5,1.49133290156514e-10,0.2186434544309643,61.53483809292761,1.22050714135615e-5,1.09999005301242e-9,-0.1577269491659831,60.23727672404482
30.46,64.34,1.27,1.64,1.10949106454389e-5,1.01326408034507e-10,0.2230940651497677,62.51459462433985,1.4105510982728e-5,5.47687527025823e-10,-0.1713637242679324,58.87780020055917
17.83,50.04,0.37,1.44,1.32029814812138e-5,1.2765435393938e-10,0.2199610674762239,61.78532164015474,1.12249218879842e-5,1.3880893151537e-10,-0.2138542265809155,61.000873250988114
34.66,10.43,1.46,2.89,1.6714879323916e-6,1.58729536259413e-11,0.2208509007411103,62.12616375771651,2.0166548932961e-6,1.23909451461026e-10,-0.158933893157652,60.70071310066732
27.49,59.26,1.0,1.63,1.15552606344883e-5,1.02002984466427e-10,0.2219838283933638,62.31098899232576,1.31451558401009e-5,3.41024700883478e-10,-0.1829211914882461,60.53329611363702
23.04,51.86,1.27,1.77,1.00464701806406e-5,1.24312778858077e-10,0.2200532822910679,61.95907398115129,1.14833027085845e-5,6.35014946454477e-10,-0.1698454614908864,59.846619042831755
23.04,58.13,0.52,2.44,1.30276263420517e-5,1.3352078983362e-10,0.218045484602317,61.830771799594885,1.26211314761589e-5,2.22951224237331e-10,-0.1990253147393215,61.45375427582019
36.49,51.6,1.47,1.87,7.70629874335131e-6,6.76080289621105e-11,0.2241949827904917,62.558953009987015,1.13955913029827e-5,5.38239322991591e-10,-0.1600057716073719,61.02472399060041
34.73,85.17,1.25,2.28,1.35554555447834e-5,1.24056024538497e-10,0.2218072930970839,62.325831075593115,1.90638950043088e-5,7.97655982785696e-10,-0.1644378092511779,61.09557184699883
11.54,35.74,1.26,1.85,8.74461677447181e-6,3.60833197817338e-10,0.207412612547647,64.49971135324867,7.43923046455173e-6,2.40361517080491e-9,-0.1489683391805381,63.119458846583306
31.66,25.95,1.18,1.52,4.52527313525927e-6,3.72617566396563e-11,0.2235265226666041,62.02602831646159,5.39650083475988e-6,1.59783375043699e-10,-0.1776490017146224,60.92652719575032
12.06,43.03,0.37,2.16,1.18025115441518e-5,2.67622731021878e-10,0.211164578264642,61.121877230610146,9.6104449500156e-6,4.0360482016915e-10,-0.1960338148823312,60.889342771513824
39.65,30.32,0.65,2.14,5.48080083541743e-6,3.32742432786802e-11,0.2220694689805945,61.456391539684404,6.57757282203392e-6,6.62158455172709e-11,-0.1972639133102179,61.0704816468404
20.86,66.41,0.61,1.86,1.56165916952576e-5,1.64710293891416e-10,0.2178407899589156,61.735361886008505,1.48343643401437e-5,3.25977681929018e-10,-0.1950428347882142,60.73424741944366
44.18,11.05,0.69,2.6,1.86993106977811e-6,1.08396472376628e-11,0.2223388361490348,61.43195553405885,2.23891887042774e-6,2.28368779129197e-11,-0.1960266900243926,61.27176644765314
22.4,82.89,1.1,2.95,1.587788554028e-5,2.49169861248972e-10,0.2165053535662779,61.088170779097176,1.79298456009143e-5,1.4004823542931e-9,-0.1627881363078904,62.075433034197836
19.81,46.27,0.79,1.65,1.06525000241324e-5,1.22500693001219e-10,0.2185891583385026,61.872173488599884,1.02258796672757e-5,3.14264564452621e-10,-0.1894001641785736,59.10376715523939
28.99,44.14,1.43,2.66,7.22318697091204e-6,8.94782499361361e-11,0.2195154634487541,61.68555064106752,9.1950583801116e-6,8.4163271095064e-10,-0.1518674299934875,59.86731566552095
35.29,51.82,1.34,2.81,7.78539700447018e-6,7.92837314685519e-11,0.2209402466235745,62.018562924840566,1.13220906926473e-5,6.30834834005884e-10,-0.1576980511851839,60.30348721233132
38.18,37.93,1.0,2.22,6.21190350036611e-6,4.58232358243577e-11,0.2228611690274134,62.10970550034711,8.23909618579435e-6,1.73735659041098e-10,-0.1793627492159293,61.3569013815691
35.71,48.3,1.09,2.83,7.63527372155418e-6,6.84622873980675e-11,0.2217446940799359,62.37238643126331,1.05890191751222e-5,3.77308046378919e-10,-0.1690668116790123,59.64606518022117
27.98,12.58,0.5,2.87,2.60144700149918e-6,2.25710942040997e-11,0.2186830051405523,62.071901916529086,2.40424954535142e-6,3.78594831186997e-11,-0.1996365486173987,60.968523736774316
41.28,86.29,1.17,2.65,1.26376744757224e-5,1.01083983900035e-10,0.2228956325808,62.55504314853946,1.8690576486008e-5,6.00735138345357e-10,-0.166940728395308,59.71660123461028
27.9,57.72,1.27,2.53,1.00199642330009e-5,1.16636966920702e-10,0.2198007890779239,61.8617196983771,1.27420347752606e-5,7.84608625366855e-10,-0.1608957626822218,61.293877064571646
34.26,34.63,0.95,2.26,6.03067391859286e-6,4.83420235508336e-11,0.2215932407128718,62.36892484500349,7.52390927065395e-6,1.77354790121889e-10,-0.1800712291078896,61.4949054567257
7.57,15.32,0.86,2.69,3.9471599525374e-6,5.56698022803127e-10,0.1926418225715092,66.54043844641214,3.04512025729357e-6,1.81203985518072e-9,-0.1538192770753666,64.70351830749378
38.44,21.24,1.34,1.68,3.1916947026659e-6,2.50776643798864e-11,0.2241476473820067,62.04767174636988,4.18304549221302e-6,1.38873710312557e-10,-0.1712202822424926,58.81103361680684
7.21,63.25,1.13,2.88,1.66244831592019e-5,5.81616393719879e-9,0.1773569452365306,70.28129522989046,1.38100532393318e-5,3.32173182356714e-8,-0.116574045002034,72.44883204998597
23.65,21.27,1.02,1.36,4.47878828069004e-6,4.31296913032201e-11,0.2212270560399363,62.394275893678504,4.47836866332655e-6,1.26637684198654e-10,-0.1871250486048561,59.4260813259398
21.9,14.63,1.46,1.27,2.805464477136e-6,3.52184576153393e-11,0.2210841856777588,62.28587325068335,2.9791364320029e-6,2.00732943918159e-10,-0.1681938133566836,60.46983588076103
24.07,87.66,0.82,1.23,1.88670568496068e-5,1.66399608086952e-10,0.2214762581833851,61.9386803055724,1.8728854833232e-5,3.4639099114016e-10,-0.1960729850729158,61.052470210365165
37.76,67.75,1.5,1.74,9.80366201274167e-6,8.51929573384109e-11,0.2243527202698913,62.506255717281675,1.43102046087485e-5,7.01270604087123e-10,-0.1589319395606157,60.54062728941108
44.98,23.24,1.47,2.46,3.12316873064284e-6,2.45437075518211e-11,0.224053336994874,62.46601849862235,4.91222561148712e-6,1.98707663319616e-10,-0.159126356572637,60.65482651949063
29.92,99.45,0.84,1.47,1.9757889580195e-5,1.49388089090767e-10,0.2218191062493282,61.78150758807682,2.18323520330598e-5,3.72731471181048e-10,-0.1915791891135131,59.621660247236186
14.29,87.9,1.36,2.03,1.95576875514504e-5,5.71924877407538e-10,0.2115725072773442,63.57371765006003,1.90787195499345e-5,5.63999917757549e-9,-0.1441912531479456,61.87128916203048
44.35,41.93,1.44,1.64,5.78727371477246e-6,4.21422460629714e-11,0.2249840805606053,61.94889426431599,8.90954196447933e-6,2.87396823648516e-10,-0.1650337083293693,60.23718112566048
44.09,96.95,1.21,2.88,1.31516691481982e-5,1.07515819038545e-10,0.2231913192473424,62.615308008067416,2.06080245831418e-5,6.8326706361825e-10,-0.1647377114261529,60.51257521985668
32.89,57.56,0.68,2.67,1.06165231979326e-5,8.59909806699633e-11,0.220335960554802,62.28751213088572,1.27729678204662e-5,2.11044236892696e-10,-0.1908123802684088,59.56757581000306
12.02,53.15,1.13,1.86,1.30410491937834e-5,4.55354286968332e-10,0.2086574839327874,64.16273056596972,1.18619039091576e-5,2.35518412554406e-9,-0.1575908888256191,60.633826170702044
21.01,36.27,0.94,2.91,7.57771879918601e-6,1.14239289080235e-10,0.215794071723367,61.02630432937675,8.08646531513977e-6,4.76487506933552e-10,-0.1721341914112097,59.99452114939145
33.39,39.83,0.45,1.62,8.54736887634024e-6,4.94767454528666e-11,0.2218985543991504,60.92488176282057,8.6650779340072e-6,5.7766684501425e-11,-0.2125824938190414,60.83239728812567
28.78,99.32,1.34,1.52,1.73213343402664e-5,1.72599582733777e-10,0.2221896235594931,62.4606218944188,2.19513948812003e-5,1.05499094157397e-9,-0.1659713675607062,60.4300448054082
41.37,23.86,0.81,2.05,4.07851882385388e-6,2.47739367285674e-11,0.2232242706352552,61.40273592317552,5.01669866127467e-6,6.14578949920577e-11,-0.1924368315420781,60.00430122942725
44.58,62.23,1.27,1.97,8.75588299872225e-6,6.29442446227001e-11,0.22447081678481,62.005910226957354,1.36373412939202e-5,3.46837392672467e-10,-0.1713419783623581,58.86353633517426
38.08,21.77,0.49,2.5,4.17075435290146e-6,2.52393290657906e-11,0.2212783703825979,61.55628747536984,4.61296425685049e-6,3.96498822452226e-11,-0.2038552901775856,58.87787080075181
9.67,27.75,1.5,2.58,6.59729160807439e-6,7.73052799973197e-10,0.1950880790085105,67.36144835982762,5.63371280056535e-6,1.07143019183672e-8,-0.1126232860659983,69.89415268677755
10.55,64.96,1.27,2.52,1.57316376480887e-5,1.14922984576469e-9,0.2000855060137819,65.62656230260625,1.42036178344825e-5,1.07731516233123e-8,-0.1307814819602598,65.28339766735303
20.72,74.15,0.86,1.75,1.65883378737866e-5,1.93592444190991e-10,0.2180798239223339,61.664238350816426,1.67966287098939e-5,6.00683416452234e-10,-0.1826870767314352,61.25530069108564
25.75,60.37,1.29,2.9,1.06050530859255e-5,1.44893896925754e-10,0.2188402045479487,61.55854460081564,1.34916468116172e-5,1.1379439781024e-9,-0.1559463615522086,59.727070074546724
27.31,36.0,0.65,2.88,7.13921719831608e-6,7.07033378667348e-11,0.2185659034938387,61.86819511705835,7.8693614073057e-6,1.71793082396234e-10,-0.1895123281166684,59.08895330976119
35.01,68.91,0.87,2.91,1.17367702925067e-5,1.0134420974485e-10,0.2199269608463562,62.034894087215434,1.47177390006315e-5,3.80290263658629e-10,-0.1780145861683158,61.20413280110924
37.88,72.76,0.75,1.51,1.3359767562501e-5,7.98154277916921e-11,0.2235802891310696,61.06362519474054,1.5758374893859e-5,1.62028789322527e-10,-0.1978400238991109,60.812303207699955
15.67,19.47,1.29,2.64,4.32981343010916e-6,1.15083101426186e-10,0.2109065148565238,63.42859777412087,4.20247029506328e-6,9.13659750504559e-10,-0.1498229587550504,63.588229571606895
35.97,93.42,0.89,1.83,1.63703014743946e-5,1.14100517701531e-10,0.2233742309007731,61.65534072674618,2.08983113484997e-5,3.27509909739174e-10,-0.1891093097379461,58.879717548243285
41.81,21.58,1.08,2.0,3.34488401320993e-6,2.26267708763194e-11,0.2241253286535947,61.69082583694391,4.49154293457447e-6,8.60691583133774e-11,-0.1806130023143915,60.93720333402264
14.58,97.49,0.4,1.95,2.59261409802868e-5,3.90402541420111e-10,0.215612495051252,61.277604506158475,2.16981114037093e-5,5.34745281631918e-10,-0.205073432499608,60.85973183401894
29.47,49.09,0.86,2.72,9.01513866521803e-6,8.88544181254849e-11,0.2190618942646692,61.861579740443055,1.05758961473176e-5,3.1727271546064e-10,-0.1782448038139233,61.17850626949536
24.9,20.51,0.34,2.72,4.71829153398337e-6,4.31877736657266e-11,0.2168908473380715,61.63310475450445,4.32490763650342e-6,5.2667108583891e-11,-0.2077971000609903,59.27709059479448
44.08,25.0,0.89,1.21,4.23260314763197e-6,2.26886363802563e-11,0.2245163815567187,60.717725812238385,5.33850056108531e-6,5.25062538672111e-11,-0.195306862329699,60.96142271666927
36.64,81.53,1.04,2.79,1.29246499378371e-5,1.10923756247725e-10,0.2219018820067398,62.44172506268582,1.77536490310607e-5,5.6700445950189e-10,-0.171752439703034,59.086834734861235
31.7,75.48,1.19,1.73,1.29341229854789e-5,1.12703253862466e-10,0.2231523646394472,62.392184471862095,1.63740820814459e-5,5.67533832563644e-10,-0.1733225022690244,59.55048001689341
26.55,58.48,0.54,2.39,1.25111117497197e-5,1.08178295395036e-10,0.2196691927631664,62.237770008423,1.28995642071509e-5,1.91766215177364e-10,-0.1984702559517878,61.2414932121744
21.26,50.22,1.11,1.67,1.05065972348439e-5,1.24981130177007e-10,0.2203695509092736,62.124402660859616,1.126713233603e-5,4.77746873476994e-10,-0.1779923654155561,61.007429337929544
26.57,88.35,1.37,1.89,1.56515542502088e-5,1.78037813605519e-10,0.2214054175032865,62.21881468657052,1.96271475226087e-5,1.25278599390665e-9,-0.1609041285817363,61.23828082548728
29.13,59.01,1.01,2.52,1.07327154504235e-5,1.08233006506082e-10,0.2197386388882684,61.9430879154091,1.31657884813206e-5,4.62088540328667e-10,-0.1741093201559334,59.78354741104458
33.67,90.79,1.11,1.89,1.54281409755102e-5,1.27793201373628e-10,0.2225850051380697,62.353436593609715,2.00267872864748e-5,5.65691096140713e-10,-0.1757592468060733,60.363601785798565
8.14,68.78,1.01,2.86,1.79082174006059e-5,3.46654812556193e-9,0.185257066174863,68.33676604713442,1.49770068852542e-5,1.68824887504362e-8,-0.1316462296642701,68.48507656033553
15.28,72.64,0.84,2.56,1.69778644371728e-5,3.8589078543281e-10,0.2120090682304059,62.162764544383364,1.6302936629026e-5,1.53059386376955e-9,-0.1711586724288253,62.01714736069751
20.08,16.82,0.41,1.25,4.37618869611039e-6,3.66920570760456e-11,0.220033334434833,61.40429371416501,3.6146561271784e-6,4.09380136549236e-11,-0.2134700556529772,60.859128880254815
14.68,55.62,0.24,2.62,1.48433430155884e-5,2.55591362980517e-10,0.2129135142131379,60.64017550535661,1.22303522610997e-5,3.22656939813001e-10,-0.2045834614003112,61.60395609556145
24.13,33.46,1.45,2.73,5.88482848180887e-6,9.26481488102616e-11,0.217127893204414,61.1159038780028,7.01688205164949e-6,8.53472550218657e-10,-0.1500411368342342,61.19604368207031
7.39,78.36,0.99,2.05,2.13707471448398e-5,2.7943222665129e-9,0.1930187158017572,66.45386923436344,1.74903277370442e-5,9.42746478578005e-9,-0.1516175627477864,63.96202007234354
36.29,47.18,0.51,2.36,9.07522153276958e-6,5.76336492140855e-11,0.2215414508918748,61.61601511213018,1.04496711482842e-5,9.31494987180105e-11,-0.2029588205375086,59.24470495924218
30.23,38.25,1.3,1.49,6.75400354064226e-6,6.16431360287258e-11,0.2220234587436344,62.467826693247105,8.45855341031712e-6,4.6867778427293e-10,-0.1608463034371125,61.20197956624937
20.33,89.81,0.83,2.74,1.93332508087576e-5,2.96678192837893e-10,0.2147538949828167,60.794299172729716,2.02746425157239e-5,1.19293147402224e-9,-0.1727096305842793,59.857279659697255
23.87,44.46,0.48,1.79,1.04502090145878e-5,8.63597467747843e-11,0.2196657692038638,61.964722452717695,9.77432538674842e-6,1.11847458452809e-10,-0.2086274721094933,59.45045746217967
24.94,54.97,1.06,2.79,1.05647882354478e-5,1.3507825388233e-10,0.2171636241864628,61.276198128857345,1.23946869894095e-5,6.31888725717502e-10,-0.1695843979588426,60.103756533021645
43.48,41.98,1.06,2.36,6.22215750969106e-6,4.38399693387413e-11,0.2236743294383116,62.00857316753124,8.95203659601815e-6,1.83828584754067e-10,-0.1771998881544645,60.809617162909674
26.75,61.47,0.73,2.11,1.2181568088476e-5,1.11199163624573e-10,0.2207168837833936,62.40229575592,1.36459695729354e-5,2.60084082862053e-10,-0.1920350892758403,59.83012206706613
13.82,23.0,0.99,2.53,5.34592011974646e-6,1.4682646444047e-10,0.2115040907990258,63.04700777186959,4.88023324506915e-6,7.94199261985663e-10,-0.1618316249926138,61.86918307689382
39.39,11.2,0.85,1.41,2.00641582591653e-6,1.1668700441756e-11,0.2235470110057948,60.92255240942669,2.17351968138638e-6,3.08220133033816e-11,-0.1918336022214666,59.71954765956469
18.49,54.78,1.38,2.06,1.1165225336023e-5,2.09265149132575e-10,0.2160108398486824,60.91632948729161,1.23183597444503e-5,1.88517505379095e-9,-0.1512299611096476,61.948389183672994
22.03,38.91,0.42,2.55,9.0229013213152e-6,9.30581398575284e-11,0.2178729502276217,61.84303759642621,8.55869072714932e-6,1.34979183221317e-10,-0.203655916194069,60.17210181070405
14.25,60.02,0.29,1.91,1.64467579889369e-5,2.33591653502596e-10,0.2161842179532535,61.4981389240319,1.33937570853633e-5,2.57407866951019e-10,-0.2113389990851506,60.36875196917832
34.94,12.01,0.38,2.73,2.48790926817632e-6,1.57354092252308e-11,0.2195298647659244,61.814773856492465,2.39130235235273e-6,2.02842933373948e-11,-0.2087140121041372,59.620334230024625
28.33,35.9,1.48,1.51,6.23791563429059e-6,6.4812728422671e-11,0.2220698729865462,62.40756311908971,7.57808742549962e-6,4.73089573963947e-10,-0.1607868298958544,61.1381173514017
23.88,55.83,1.31,2.5,1.03899906729553e-5,1.45711648086647e-10,0.2178043015047386,61.36332521469394,1.25343597373267e-5,1.00253753552911e-9,-0.1588692897505718,60.65575122428131
40.84,82.99,0.81,2.49,1.35833788702601e-5,9.4598685634465e-11,0.2216682793829677,62.10605566530164,1.78692935502469e-5,2.78196467065698e-10,-0.1861985980517688,58.9508865719178
33.16,45.53,0.94,1.22,8.47543155628609e-6,5.85568155334743e-11,0.2237393080551468,61.37030450086399,9.80150781577874e-6,1.54911398147844e-10,-0.1916455701587386,59.720753270502925
40.58,68.05,1.14,2.17,1.0349848728143e-5,7.85964771712967e-11,0.2229740180415288,62.258400102608164,1.4999610731613e-5,3.84808432499738e-10,-0.1730070993771499,59.379909021705124
32.86,93.69,1.44,2.13,1.45731935291422e-5,1.46735812244665e-10,0.2225579845156104,62.43322473568655,2.10374682486919e-5,1.3337695819292e-9,-0.1559437004619333,59.659585414314115
12.89,67.24,1.25,2.74,1.5582243106825e-5,7.88884150816782e-10,0.2025217223542239,63.53266358805323,1.47782538697574e-5,7.38036037333697e-9,-0.1338266502375836,63.108540959543696
37.21,62.15,0.74,2.51,1.08720053453339e-5,7.73679202925399e-11,0.2218952772863376,62.08625658499492,1.3727270537416e-5,2.08101648542521e-10,-0.1896230096081399,59.142501776453635
29.84,94.14,0.24,1.71,2.25498685094361e-5,1.33752639719647e-10,0.2200153033438979,61.03672012967149,2.12734673353184e-5,1.1992816187931e-10,-0.218958329654752,59.64212446265444
36.74,84.54,0.36,1.57,1.81512815307028e-5,9.1569560435612e-11,0.2224613765643992,60.474499322096534,1.87485969923657e-5,9.32167575275352e-11,-0.2167518413168899,60.245893396160085
43.39,40.94,0.95,1.57,6.5775681226288e-6,3.92540262607435e-11,0.224411290005815,61.154891781389,8.71194910308918e-6,1.11796054553043e-10,-0.1900571779926108,59.19701893695896
12.38,71.33,0.4,1.23,2.01572943266549e-5,3.06775562136441e-10,0.2163375983886743,61.42018016584003,1.59779395553882e-5,3.86293938631339e-10,-0.2081951661390897,58.97126184207012
39.29,55.97,0.8,1.62,1.00042200330431e-5,6.03543554354793e-11,0.2232370736219703,61.25406842150273,1.23107181602416e-5,1.37789957495479e-10,-0.1943678782873216,60.619938327560185
29.79,60.74,0.48,1.81,1.31578980321938e-5,9.05631682907102e-11,0.2204209329725386,61.56837047868441,1.31668206551681e-5,1.26168436375733e-10,-0.2073335992795894,59.02686178097144
43.85,29.67,0.86,1.45,4.99215994372921e-6,2.75018981121955e-11,0.2243022200760121,60.8759111623107,6.33237775976637e-6,6.55068841337623e-11,-0.1943069035190853,60.63297959536204
37.44,30.52,1.39,1.27,4.79825862502831e-6,3.60085712831275e-11,0.2246830672430513,61.83696131796017,6.2323816946442e-6,2.16180557591409e-10,-0.1695253028108783,58.833983695512636
35.86,50.8,0.64,2.09,9.59372235926137e-6,6.15454786840834e-11,0.2224211150745395,61.46284666489214,1.13336331547156e-5,1.15955086028132e-10,-0.1990427407302115,60.57709341062012
39.79,22.59,0.26,1.33,5.11755548961184e-6,2.172608734101e-11,0.2220408094025599,59.968214380385675,4.74428825192659e-6,1.80221486582383e-11,-0.2240349664958545,58.76881700579219
7.73,55.13,1.05,1.34,1.52155393856069e-5,1.07436008498371e-9,0.2020075469867584,63.454172485593276,1.22680444862019e-5,3.46539898143645e-9,-0.1640458949664408,61.852727991399945
26.01,78.11,0.8,2.84,1.53478580569239e-5,1.6675521692291e-10,0.2187586387012963,61.80339673671356,1.75421899331198e-5,5.44953369088674e-10,-0.1802708458308645,61.89349366934474
20.28,12.67,0.44,2.11,3.09318969854077e-6,3.19258628717465e-11,0.217350171039609,61.78388046179035,2.53072846567361e-6,4.60206731642425e-11,-0.2046969531870818,59.78475259881267
42.85,82.58,0.84,2.3,1.31762231281515e-5,8.53653721824893e-11,0.2232768845932174,61.72897360581452,1.77464846167565e-5,2.40987721154798e-10,-0.1891379400790421,58.922715319764635
32.47,64.55,0.21,2.86,1.35915437535357e-5,9.41980813448e-11,0.2187682420278323,62.103569245293045,1.36232023695285e-5,1.04439192901074e-10,-0.2116483348090435,60.684495886462535
22.44,87.68,0.78,1.92,1.90912498449407e-5,1.97261569131869e-10,0.2199178890599593,62.1844371408883,1.97232821157032e-5,4.75671367424876e-10,-0.1912002821619202,59.54929186053457
15.32,82.69,1.27,1.58,1.86336456793666e-5,3.93551181400084e-10,0.2146260142864342,61.17229387987337,1.87014559821298e-5,2.53846462523003e-9,-0.1596373732597335,60.945705149838126
24.38,60.51,0.75,1.48,1.32152659400216e-5,1.15658813092571e-10,0.2207518771918637,62.082031462069615,1.33327688513384e-5,2.25069819959373e-10,-0.1972187710713849,61.47976169185354
37.63,64.16,0.99,1.99,1.06039212432575e-5,7.70365050826184e-11,0.2233340686127201,61.93842508837154,1.41234195740134e-5,2.70557726534508e-10,-0.1819263869692401,60.47685489069173
42.79,26.3,0.88,2.71,4.12262605617589e-6,2.80704366532191e-11,0.2226978418347908,61.998671153125876,5.46819412170309e-6,9.22959867479391e-11,-0.1836779641842607,59.95959229750088
41.2,99.89,0.82,2.12,1.66323076708736e-5,1.08897232558628e-10,0.2222190297957922,61.790040189571876,2.18971273321266e-5,3.00914058790842e-10,-0.1891325563300602,58.8871665902538
10.64,40.64,0.77,1.84,1.05982553226811e-5,3.28015953315397e-10,0.2109884291310529,62.69709689181999,8.87088045052228e-6,9.57661080877149e-10,-0.177380155035754,60.59689318704468
37.51,59.43,0.61,1.22,1.17836946072398e-5,6.28428012433444e-11,0.2237322739097213,60.535136293277226,1.32871103984698e-5,9.27072851443835e-11,-0.2079693630435748,59.2605625846085
42.88,39.07,0.81,2.11,6.37783786912682e-6,3.92611926185849e-11,0.2234649391180179,61.45126967225523,7.97515054204352e-6,9.93124721560667e-11,-0.1919318699373754,59.83905107531356
42.54,64.66,0.84,2.63,1.00958225713538e-5,6.9436686906845e-11,0.2227783193407894,62.00457407874918,1.41611098892651e-5,2.11750327975803e-10,-0.1858458696478124,59.16331128346512
24.72,88.14,0.42,2.9,1.93464301901826e-5,2.01276670287087e-10,0.2162172876801539,61.36046555929184,1.98115509597373e-5,3.15112491133121e-10,-0.1989120832456574,61.461470087715355
31.04,68.23,0.68,1.5,1.3909310466527e-5,9.29921952655574e-11,0.2229243439246123,61.216853530891335,1.51717261462736e-5,1.72739852321585e-10,-0.201024386430981,60.27097174879145
13.39,81.14,1.12,2.34,1.86619761610361e-5,5.82621981039246e-10,0.2107213255679447,63.803525413573674,1.78619711156201e-5,4.29842585143276e-9,-0.1525054336048625,63.599329367665035
38.15,92.95,0.76,2.01,1.64865312089827e-5,1.07052678625531e-10,0.2226947095411146,61.60701282351971,1.99639265675282e-5,2.56292461941302e-10,-0.1927243396675159,60.07222267092235
19.28,51.1,1.04,1.72,1.1115565723975e-5,1.51570910872308e-10,0.2182209944172741,61.63091773384206,1.14139903849182e-5,6.22563923767285e-10,-0.1751191473219452,60.10801045562307
42.37,83.73,1.07,1.71,1.29299687931867e-5,8.49976027511062e-11,0.2244946626293092,61.528694364585526,1.86782761998708e-5,3.118348825359e-10,-0.1819155533593574,60.39641154450222
43.01,38.01,0.22,1.63,8.28972121937815e-6,3.40080797552789e-11,0.2221575214086645,60.040735097812075,7.8896294407558e-6,2.67316965389246e-11,-0.2251006336766272,59.180779672434
25.35,98.43,0.77,1.72,2.09711669170132e-5,1.87984650022232e-10,0.2198812632651476,62.19499636457219,2.22745000360445e-5,4.08921137825236e-10,-0.1936154139291103,60.31191931745472
15.48,47.15,0.92,2.48,1.09183585277828e-5,2.44270615695267e-10,0.212317773239273,62.0536238527983,1.04665286181989e-5,1.06178036813492e-9,-0.1684888079374019,62.60201100254073
27.34,18.14,0.38,1.36,4.35051689481333e-6,2.69069533301796e-11,0.2218976029580061,60.66478005087556,3.90235477586534e-6,2.71919437636082e-11,-0.2170929943371254,60.401918700705906
33.73,88.09,0.77,1.42,1.69758886187725e-5,1.10929354746269e-10,0.2229764350357686,61.266471026487984,1.96193512173483e-5,2.2270969478242e-10,-0.1979039453677219,60.94010723766745
15.15,49.87,1.2,2.77,1.10222703531536e-5,3.36941653475426e-10,0.2097135270081586,64.23777143034697,1.11126081090232e-5,2.82629244803309e-9,-0.1459752160861374,62.689579068695515
33.5,43.66,1.45,1.75,6.93933546240789e-6,6.38049129703478e-11,0.2232411620769547,62.65823783592052,9.2820237614351e-6,5.04538693547526e-10,-0.1599822136299815,60.99153462085187
33.88,22.1,1.15,2.4,3.68381176561793e-6,3.23074552017895e-11,0.2216554226686869,62.41044174602893,4.71022978874988e-6,1.59113467061611e-10,-0.1727901513769216,59.40027691814067
15.34,65.47,1.22,2.19,1.4531105053975e-5,3.62203768261196e-10,0.2122883177734167,62.68196973742228,1.47484899011719e-5,2.69427584825932e-9,-0.1539594394812787,62.329938284268174
21.1,41.6,0.57,1.66,9.88187989019245e-6,9.29902528032738e-11,0.2200746875498684,62.15029737888153,9.15085215191252e-6,1.37386612851077e-10,-0.2060009329900348,59.13164353637354
8.92,74.37,1.14,2.36,1.89660485873188e-5,2.33418620748913e-9,0.1915209125473175,65.88057871030797,1.64772663629995e-5,1.21885373172341e-8,-0.1375707229155664,65.3745187059775
33.02,51.55,0.95,1.89,9.24082048599916e-6,7.18973489266907e-11,0.22247216951623,62.07182703402765,1.1516230917792e-5,2.30257729147393e-10,-0.1850921022930957,59.8934393265392
43.42,86.5,0.63,2.8,1.41961712785613e-5,9.07405643366506e-11,0.2218303793601881,61.90964792092045,1.92397605440035e-5,1.97952452156801e-10,-0.1940535420195209,60.606714673138136
29.89,23.39,0.72,1.79,4.80868377030619e-6,3.54985114207162e-11,0.2209646818346343,61.82083658851782,4.93477406603655e-6,7.50536948548186e-11,-0.1952755022563345,60.847633667238945
20.54,77.03,0.94,1.53,1.71003282471294e-5,1.98537945343811e-10,0.2187698338720453,61.82488631989033,1.74345641056621e-5,6.65519930321834e-10,-0.1810729076034987,61.70966765143426
13.43,46.14,1.08,2.23,1.05171224325723e-5,3.02547643057996e-10,0.2119226298943997,63.07003319457946,9.40420898364199e-6,1.96946084450631e-9,-0.1574816889908454,61.929520924060604
24.87,34.79,0.29,2.91,7.9597558469226e-6,7.60920595927182e-11,0.2162160665352286,61.442663851934824,7.21291866561274e-6,9.48834362782007e-11,-0.2068727413583024,59.00030017657676
22.85,58.86,0.49,2.89,1.29472621914321e-5,1.49041425597511e-10,0.2165698530012714,61.437428724353,1.30102176787113e-5,2.63900871753973e-10,-0.1956901592123224,61.18457789070908
40.12,53.89,0.41,2.73,1.00825367838737e-5,6.15380931781492e-11,0.2201473783861592,61.85803851660698,1.18673665801323e-5,9.10135239448988e-11,-0.2044539310360645,58.610433120582464
42.08,66.09,1.48,2.46,8.83855144601738e-6,7.62981830172041e-11,0.2242584379829318,62.702293379806015,1.45903621347039e-5,6.89155987117403e-10,-0.1563210638289446,59.7057659910743
26.22,49.52,0.68,1.96,1.05433854379864e-5,8.83641956939382e-11,0.2209854432153723,62.13226683799938,1.10413088807274e-5,1.76390810352548e-10,-0.196494170521346,61.284664379001974
25.9,40.51,0.93,1.37,8.37464332035947e-6,7.09158755738833e-11,0.222525060497321,61.931665939958606,8.88591889866364e-6,1.94245799912828e-10,-0.1899027475936845,59.07112216116628
37.39,85.13,0.94,1.57,1.48716274244133e-5,9.76272250524943e-11,0.2238847986179067,61.43608918131215,1.91192070857789e-5,2.8639046632389e-10,-0.1889971383724025,58.83263573412127
18.96,23.05,0.55,2.66,5.39958988667573e-6,7.4425018905901e-11,0.2155454197844122,61.1961641758611,4.94178538129102e-6,1.60904981261473e-10,-0.1908001530699863,59.53659612273571
26.37,91.45,0.81,1.76,1.86854166124013e-5,1.62282382654259e-10,0.2215183276572138,62.17404641468233,1.97641023158561e-5,4.06301444933693e-10,-0.1912678860235951,59.53172911784496
42.21,70.86,0.24,2.9,1.35607918825396e-5,7.4822204832206e-11,0.2202782600390581,61.57932408313596,1.53821818014356e-5,8.34527177647558e-11,-0.2119348856954711,60.74289637087471
19.12,97.33,1.09,2.22,2.05610260204032e-5,3.3632112207835e-10,0.2161454977364904,61.044970513710645,2.17518816747955e-5,1.86441698910311e-9,-0.1642646349315743,62.53232001077415
10.42,66.92,0.59,1.93,1.83372106808695e-5,5.31284367276867e-10,0.2111470648651911,62.28815645582231,1.48823683063019e-5,1.13264118253643e-9,-0.1868357137007184,62.23853145942257
12.55,66.55,0.44,2.75,1.75415063232218e-5,5.39587250059762e-10,0.2070359839696521,63.8833498605728,1.49072975148057e-5,1.10450135714544e-9,-0.1814948336509764,62.200734687234714
12.55,13.45,0.87,1.46,3.44851716398423e-6,7.27466739742736e-11,0.2135903949372597,60.56438713812742,2.67045392918176e-6,2.1419902772364e-10,-0.1806572459149313,61.43366155409626
23.28,31.7,0.69,1.49,7.13940760484401e-6,6.22561368308127e-11,0.2210499956984738,61.915685215224805,6.95757361602785e-6,1.09121440141573e-10,-0.2008415503329925,60.46549746672794
7.46,79.78,0.31,2.94,2.28275407757152e-5,2.76929045810388e-9,0.191574782116539,66.25858762265871,1.77644342555435e-5,3.91351673768676e-9,-0.1755664489873249,64.49123032464965
15.64,16.25,1.19,2.03,3.73511743457303e-6,7.77318201134011e-11,0.2135248743881333,61.367154761080634,3.44709740478436e-6,3.98938344169925e-10,-0.1645851332401926,62.59353815866649
20.81,65.32,0.51,1.9,1.58050795489223e-5,1.61067887374466e-10,0.2175849876179958,61.71936271430785,1.46315350421944e-5,2.64748288028757e-10,-0.1999217158073403,61.008991376656596
21.8,86.6,0.79,1.61,1.89140978056391e-5,1.9323695905676e-10,0.2205932281564681,62.38365308193856,1.86097775051815e-5,4.30518759082784e-10,-0.1936242910413305,60.314732354939224
37.82,67.87,1.16,1.66,1.0885267470989e-5,8.01222489008876e-11,0.224132842020851,61.87985642943565,1.51236688767185e-5,3.53100237257912e-10,-0.1764172631751263,60.49942346954503
9.05,79.39,1.26,2.97,1.98373969572961e-5,4.2821404208456e-9,0.1818855421814476,69.02612077497575,1.77116365868418e-5,3.30738940978965e-8,-0.1132752894989464,70.48210872772081
14.74,65.56,0.67,2.42,1.5874649235714e-5,3.31781357306455e-10,0.2129391856993505,61.27207419674427,1.43621563828281e-5,8.75959909028546e-10,-0.1827048350135259,62.84289412741034
24.31,49.21,0.64,1.35,1.11494321423427e-5,9.044517472278e-11,0.2210567538669971,61.680745891470046,1.0826054959134e-5,1.34907111903334e-10,-0.2061279702577924,58.6697423245139
30.58,12.35,1.29,2.33,2.15542927261997e-6,2.01741604927667e-11,0.2218248973072931,62.4832563564794,2.46157154154044e-6,1.26269003132919e-10,-0.1665404319575136,60.860284661349475
25.94,55.45,1.34,2.63,9.77714237720952e-6,1.2677270399882e-10,0.2195878551626117,61.74649634958307,1.22672531554758e-5,9.74797580369321e-10,-0.1570497321314864,60.03894151014323
25.6,28.65,0.35,2.59,6.46975166333328e-6,5.51814254036192e-11,0.2187554574938832,62.13507437768986,6.27759976858565e-6,7.0549363269091e-11,-0.2078121641760483,59.267467886864964
21.05,16.56,0.44,1.42,4.17520112832395e-6,3.43080170423546e-11,0.2207037199789438,61.390396594203466,3.56615819232773e-6,3.67897212112428e-11,-0.2148617008860425,61.43512418626315
33.53,19.81,0.75,2.13,3.78927363555983e-6,2.68060901028692e-11,0.2216053420021214,61.86446861079548,4.19314465680444e-6,6.30910149569352e-11,-0.1931547875365296,60.29008067916879
25.65,10.28,0.26,2.44,2.42180179269094e-6,1.81364137398159e-11,0.2195362071386782,61.69520770048904,2.14409124804246e-6,1.83773678583422e-11,-0.2149908076789433,61.481678805909965
15.57,45.91,0.6,2.58,1.12770264465473e-5,2.14555333750553e-10,0.2126946779542217,60.9134408772692,1.01859297645472e-5,5.35850844374966e-10,-0.184482943341545,62.43680399891399
33.85,95.67,0.8,2.47,1.70911361520024e-5,1.37186540150724e-10,0.2209119825055446,62.358889643604265,2.10949411235551e-5,4.09211025940263e-10,-0.1857659901199988,59.726780631353904
10.7,86.72,1.22,2.66,2.07359850746351e-5,1.56178682882587e-9,0.199560351933067,65.84365427099281,1.90085503310873e-5,1.38958177023252e-8,-0.1312462342414011,65.19843156769775
31.56,78.84,0.28,1.96,1.78217378829613e-5,1.05403042717874e-10,0.2209966371905703,61.04454424228917,1.7390025600249e-5,1.04966142205104e-10,-0.2168880689606429,60.68705969384221
25.97,38.14,0.91,2.25,7.35963480839608e-6,7.4951842362742e-11,0.2205328655844988,62.23664331029477,7.87241948396145e-6,2.49680414667015e-10,-0.1816090046930386,61.27381572710259
43.63,84.69,0.27,2.21,1.69280738684809e-5,8.01224096595748e-11,0.2213104371474916,60.81755753286083,1.90102599378146e-5,7.90629572682466e-11,-0.2166560940986279,60.30681330917305
24.56,47.54,1.14,1.52,9.48312848929606e-6,9.83454925935591e-11,0.2204918667135177,62.18755070522455,1.05847288900085e-5,3.94543288360676e-10,-0.1768257846270792,60.58258916274065
10.91,42.11,0.73,2.03,1.11612782910027e-5,3.50544999314523e-10,0.2100334631409106,63.17055230942486,9.22250128883294e-6,1.00728998449813e-9,-0.176509847960001,60.37992676582988
35.89,28.72,1.43,2.37,4.25116918182458e-6,3.97626226182783e-11,0.2229771462977106,62.604085586652715,5.88764290711394e-6,3.48654786835958e-10,-0.1572666701434308,60.09487428041893
42.6,24.93,0.97,1.44,4.07712480472281e-6,2.40729240869289e-11,0.2244731877211957,61.03589245803068,5.21772902609569e-6,6.82116101891117e-11,-0.1904177506261473,59.32066793626438
9.99,17.43,1.04,1.67,4.59043359211941e-6,1.65992089793401e-10,0.2101782842810903,63.64506218665074,3.76893548383841e-6,6.4672903522914e-10,-0.1687670424719631,63.10526878028262
31.97,38.78,0.31,1.97,8.7041259016848e-6,5.15266242678948e-11,0.2209627441530821,61.11967358036151,8.48430450400281e-6,5.32192305353978e-11,-0.2156753478992855,61.07477721844859
17.4,37.32,0.9,2.03,8.5070518105347e-6,1.29433428425385e-10,0.2172008752201254,61.42450310697075,8.13452845875835e-6,4.59461265256782e-10,-0.1781893459988265,61.166580618985044
21.99,19.18,0.54,1.46,4.61979230064713e-6,3.85306271504401e-11,0.2211745394477275,61.56797797559088,4.07426735971268e-6,4.9306360978982e-11,-0.2101948040656402,59.93459523468042
23.55,41.74,1.31,2.98,7.56303188865165e-6,1.21708478060427e-10,0.2165743077051479,61.01628982017083,9.11731663725177e-6,9.67652834823684e-10,-0.1541374730467886,60.16441977693618
43.24,21.47,0.99,2.87,3.26722979330673e-6,2.31880121648448e-11,0.2226596404411076,62.21297500186414,4.6169839281128e-6,9.1049019034824e-11,-0.1782779469100946,61.23118873773538
39.9,97.21,0.71,1.76,1.75257566477446e-5,1.03501110381501e-10,0.2226970840551097,61.24206605149264,2.14290095615824e-5,2.12214410126871e-10,-0.1969523989808051,61.104701870847876
11.77,12.85,0.7,1.83,3.33524021894628e-6,7.85939873258469e-11,0.2127670988966907,60.805850435575515,2.58589709350795e-6,1.88555489669491e-10,-0.1860170459792377,61.87978907675422
16.69,95.23,1.32,2.89,1.99695136306249e-5,6.03336188724364e-10,0.2090829317506807,64.38320266043529,2.13541932814579e-5,6.17041404921871e-9,-0.1395652192072947,62.19507129161178
37.54,73.01,1.3,1.31,1.1549339428162e-5,8.57003628599527e-11,0.2246518876165481,61.806193332590865,1.59126410674638e-5,4.48755659386662e-10,-0.1730041103391088,59.34417905340312
11.3,65.95,1.03,2.54,1.61947886914263e-5,8.1284092736278e-10,0.2043067013326205,63.55792994249089,1.46262878423894e-5,4.92602937790447e-9,-0.1481123315144908,63.19640240453701
31.13,17.3,1.26,2.41,2.97822665166728e-6,2.79254571132541e-11,0.2218376810014502,62.453290303486675,3.72746296531243e-6,1.84751983292301e-10,-0.1646478070969738,61.40895530333783
10.83,23.69,0.76,1.3,6.20910999115376e-6,1.4644794467111e-10,0.2145547281224177,60.8091587116444,5.06847157443013e-6,3.34692429632776e-10,-0.1890883844460821,60.71066973724555
16.57,29.86,1.44,2.75,6.29835088978338e-6,1.84123081668951e-10,0.2096747771637463,64.16830751874484,6.30667449137386e-6,2.21431328223475e-9,-0.1369302702806776,62.41532407144301
28.11,71.23,1.04,2.98,1.2578222514732e-5,1.47581422785466e-10,0.2186909732718059,61.63754004487195,1.50972254018661e-5,7.70688266096557e-10,-0.1671579121235828,60.585190022488746
24.65,60.6,0.35,1.62,1.48003409245569e-5,1.0869205789307e-10,0.2198399347069346,61.48378191739816,1.37299209890917e-5,1.06037687939829e-10,-0.2161705062169179,60.91322708889896
22.57,58.63,0.68,1.64,1.32594793713123e-5,1.22680253874157e-10,0.2206019904258409,62.20500005452653,1.29549059521319e-5,2.22181524190996e-10,-0.1993147405158069,61.09339348998477
32.61,22.3,0.52,1.23,4.73376956030585e-6,2.72415997797146e-11,0.22293223914971,60.53022022198151,4.71677644850219e-6,3.27328229840444e-11,-0.2128576267154535,60.876378493468636
12.96,41.22,1.42,1.65,9.71847057360269e-6,3.34936690298218e-10,0.2084341589418059,64.2863564356997,8.91714316173413e-6,1.55554442124852e-8,-0.1021089856608072,68.67229466214309
28.75,99.97,0.6,1.53,2.15638572457676e-5,1.51849218053342e-10,0.2214952342241734,61.467182292024525,2.22983915378122e-5,2.44198893411515e-10,-0.2037357524108591,59.029265764647995
12.72,76.25,0.98,1.46,1.88992364735505e-5,4.51615596266654e-10,0.212474706036702,61.31250184247707,1.72480627152219e-5,1.7336201401587e-9,-0.172076682414449,60.508190023078036
27.83,93.06,0.4,1.56,2.16317786851756e-5,1.41462542236487e-10,0.2212704559657602,61.10451477836531,2.07157201448193e-5,1.58592295013939e-10,-0.2132545810976811,60.95518981242586
40.42,36.62,0.87,1.28,6.39883351899577e-6,3.74655178839008e-11,0.2237930641913461,61.02318653652412,7.8571021042502e-6,9.07430037977694e-11,-0.1934517260434981,60.28445111654909
33.79,47.83,0.23,1.23,1.15428706701747e-5,5.43900816821262e-11,0.2218295179293495,60.00308575968384,1.06048828771611e-5,3.85634729427637e-11,-0.2273206660212536,59.856699222340396
17.62,42.23,0.75,1.94,9.87927770731718e-6,1.34696665096689e-10,0.217839925456751,61.67700555164876,9.2358501596015e-6,3.61494826232103e-10,-0.1876644504835281,60.5026450094248
18.17,28.94,0.98,1.27,6.6591557668963e-6,8.20205747067263e-11,0.2199166950691283,62.146236729628654,6.22982858218694e-6,2.72699838743823e-10,-0.1826248649165735,61.44465701956184
18.17,33.28,0.72,1.84,7.84747743821715e-6,9.8542002217176e-11,0.2182471686578786,61.83027776240055,7.19399558784074e-6,2.37067214160516e-10,-0.1909196650637232,59.43814699359004
28.27,71.46,0.88,2.14,1.37040514811425e-5,1.25977241270921e-10,0.2205985691453388,62.27278643463718,1.56301174271254e-5,3.93518575454588e-10,-0.1834330059040314,60.40185958538005
36.22,27.69,0.93,2.84,4.64267658805439e-6,3.72367884885205e-11,0.2216043680818675,62.48539055085091,5.90716840566112e-6,1.50041727774612e-10,-0.1773669925936892,60.96608298483539
18.23,33.19,0.49,1.95,8.22700333842412e-6,9.50357090228496e-11,0.2178751623681034,61.86830147296636,7.21414723899218e-6,1.5036691512911e-10,-0.201792278149905,60.93949347189352
17.28,92.44,0.67,2.45,2.14945454351303e-5,3.39338780862827e-10,0.2157944691601094,61.13776658918712,2.06165638303873e-5,9.31036963295196e-10,-0.1842327351219917,61.90858728882435
40.25,41.44,1.04,2.85,6.27470919943257e-6,5.08535621642111e-11,0.2215715219487374,62.36098144111732,8.73548063698115e-6,2.42038452933317e-10,-0.172768541939026,59.328409502180726
27.48,51.75,1.07,2.51,9.50915419756656e-6,1.01693687821634e-10,0.2200662057581905,62.01241723290436,1.15638359022953e-5,4.61828866956079e-10,-0.172865357482183,59.38534746735075
37.69,34.2,0.76,2.51,5.95132092742279e-6,4.18503065692466e-11,0.2219061653612217,62.044773127835214,7.40828454838855e-6,1.10661200560669e-10,-0.1897732706177196,59.13663308645925
26.53,27.12,1.3,1.94,4.9339217375761e-6,5.34533771249618e-11,0.2212867962705994,62.27984397280221,5.84685926813962e-6,3.1471146995782e-10,-0.1663476907459262,60.59274329508085
19.11,31.28,1.29,2.96,6.2021613383317e-6,1.33635517243107e-10,0.2134785266186999,62.37891234966775,6.37431060651114e-6,1.33204718167702e-9,-0.1450440649660855,62.283479461369005
19.89,37.79,1.11,2.08,7.90121418398049e-6,1.18484822648244e-10,0.2168153457348606,61.22466478758873,8.27377090873144e-6,6.37219064044401e-10,-0.1660927472569249,61.72150561977506
25.66,53.25,1.13,2.09,1.00744475139101e-5,1.08823626409119e-10,0.2209223092727201,62.20571464693753,1.18691510118319e-5,5.01498493191515e-10,-0.1731921500401638,59.46242467246016
31.83,52.42,0.2,2.66,1.16222180802976e-5,7.53904869073e-11,0.2193107431730878,61.794479701648,1.16637218508625e-5,7.65502038141831e-11,-0.2146883707175177,61.620862128371726
44.01,32.85,0.55,2.84,5.59186150718643e-6,3.35658460639076e-11,0.2214992245409763,61.757451819492104,7.07512024456752e-6,6.26419992850889e-11,-0.1982435514474272,60.80817622045989
30.38,58.92,0.51,2.26,1.2315228021219e-5,8.93684810589167e-11,0.2205427053834458,61.94560457474632,1.31878465835875e-5,1.55931506701258e-10,-0.2002424238117437,60.49891572661896
27.0,15.69,1.4,1.48,2.87646026622647e-6,2.87100310109262e-11,0.2221790919665002,62.57075013736746,3.33125701699667e-6,1.72336837963758e-10,-0.1672172738620616,60.17824665824882
30.55,86.86,1.38,2.61,1.3886619114573e-5,1.56683069041817e-10,0.2213043248243912,62.12002522353274,1.86688749078233e-5,1.45728943032053e-9,-0.1544608296381172,59.181121733684236
31.35,50.64,1.15,2.84,8.49398261166849e-6,8.70284799953844e-11,0.2206304815897476,62.09776723624273,1.12027410836242e-5,5.32428377095261e-10,-0.1647845399891686,61.322437076449525
24.04,89.13,0.47,2.84,1.95468416770127e-5,2.09223942611238e-10,0.2165915730899603,61.4476722890331,1.94628269287279e-5,3.55307337796192e-10,-0.1969712356700232,61.58529184159663
15.8,12.94,0.57,2.83,3.06159464633003e-6,5.87658134851765e-11,0.2127238617086597,60.73247902951493,2.58355799616888e-6,1.21092071243945e-10,-0.1903494932393938,60.70076006197879
30.08,49.61,1.33,2.55,8.34571718755828e-6,9.27298223777049e-11,0.2197201648341382,61.777435646334254,1.10576123574557e-5,7.28815943204455e-10,-0.1569189146572303,59.93111703191899
23.52,94.31,0.35,2.26,2.24244188584007e-5,1.98201047729828e-10,0.2181670046191882,61.99659564232611,2.09318409264228e-5,2.34692920509384e-10,-0.2096447243748971,59.83671755462724
19.33,28.19,0.42,1.6,7.11261865380236e-6,6.85561439260392e-11,0.2192029708593881,62.07353669268742,6.07205005158699e-6,8.49058055218605e-11,-0.2097657310922207,59.715676339596655
25.87,87.42,1.06,2.29,1.64169231361657e-5,1.80971742403877e-10,0.2203282708225815,62.07679629694392,1.95820881624863e-5,8.08300434330719e-10,-0.173458912865718,59.56563994043488
18.54,55.48,1.11,1.55,1.22378044372383e-5,1.71403551760292e-10,0.2185580239065581,61.696159120630156,1.23814103750468e-5,7.84138011013637e-10,-0.1730271241066964,59.4295092279098
28.3,34.45,1.23,1.31,6.3364168510343e-6,5.75176096571196e-11,0.2226167088604434,62.34143113908733,7.21492920919263e-6,2.69978215210968e-10,-0.1744653362092184,59.774261874629076
31.88,21.43,1.28,1.26,3.79807710617785e-6,3.02381328614138e-11,0.2239288299749617,61.952373201588514,4.49690593459573e-6,1.44884460457014e-10,-0.1751945463334273,60.09321389399031
36.38,28.15,0.71,1.35,5.39544393746717e-6,3.13834006691807e-11,0.2238143487713252,60.80371897717253,5.99863770518926e-6,5.65861426295933e-11,-0.2018827085334303,59.4063669532382
19.41,19.87,0.58,2.59,4.63717322503705e-6,6.10343838868198e-11,0.2159064849157301,61.2770887358145,4.20365826206864e-6,1.31246660058901e-10,-0.1912222971643197,59.64453219999036
12.46,38.33,1.45,1.91,8.96346304472532e-6,3.86465788108435e-10,0.2063998500661955,63.98776703290063,8.50052045457e-6,3.97260755374316e-9,-0.1359345204570188,62.43559073126158
7.7,49.03,0.5,2.49,1.38454225760033e-5,1.13115302064359e-9,0.1981043022112314,64.78253634800654,1.09238175512663e-5,1.80055567931171e-9,-0.1797729984811713,62.05238351531146
14.21,24.77,0.97,1.26,6.10512503927748e-6,1.02250426337721e-10,0.2174720856661728,61.512143542350906,5.32258722524236e-6,3.46323285347549e-10,-0.1813902167749821,62.12770476098607
9.16,10.55,1.41,1.61,2.7551371026952e-6,2.03455690920056e-10,0.1986939416304588,64.76568211371514,2.07651780095632e-6,9.6508245686921e-10,-0.1499674273069109,63.246566329711015
23.26,49.39,0.34,2.24,1.18897556455894e-5,1.03593131893807e-10,0.218386617235552,62.081567863662066,1.10783087386994e-5,1.16392998541612e-10,-0.2110738879236452,60.30511298564556
32.07,77.47,0.35,2.31,1.66258172379187e-5,1.08537940475564e-10,0.220210681107397,61.67022523081338,1.69913230346275e-5,1.30374983885751e-10,-0.2107452019260275,60.27619607528309
29.85,15.16,0.23,2.76,3.44455276110371e-6,2.42672746444324e-11,0.2179007452630434,62.004533832484995,3.04518395631222e-6,2.62816452125958e-11,-0.2115108019857648,60.44461032087609
27.25,51.48,1.48,2.54,8.66254275135681e-6,1.11480099682578e-10,0.2199697247478762,61.78879034041979,1.12819254891076e-5,1.02228530630393e-9,-0.1528889182261857,59.7336718685851
18.41,75.7,0.66,1.21,1.86134309953255e-5,1.93970612024161e-10,0.2203705531875061,62.186330631961276,1.7121561292084e-5,3.37208976319601e-10,-0.2009793581094947,60.75216550135416
44.52,25.7,0.56,1.88,4.69092723524087e-6,2.36081987439387e-11,0.2228060356567766,60.82265620317713,5.52042878124451e-6,3.52211710414301e-11,-0.2071869130498673,59.06980423119068
12.6,24.74,1.44,2.27,5.64423903234131e-6,2.66023426882153e-10,0.2049188670622631,63.618839120756085,5.09843575835889e-6,2.88427236677799e-9,-0.1328094869537285,63.122289104531646
35.6,81.77,0.72,2.41,1.45712943148045e-5,1.06402638577623e-10,0.2216011947483456,62.06979667787099,1.81924727079568e-5,2.70079342890542e-10,-0.1908800466124913,59.55233478717997
44.86,22.39,0.58,2.68,3.81280903957967e-6,2.19721153091385e-11,0.2218351942262567,61.55861505259813,4.75054340860729e-6,4.0910246304171e-11,-0.1987651875008303,60.57950597616126
27.81,88.72,0.92,1.75,1.72259212699972e-5,1.51149412959081e-10,0.221647128457396,62.30032902229193,1.9171700125462e-5,4.62096585647662e-10,-0.1855660168399819,59.66826176073671
42.27,86.09,0.79,1.46,1.48414207412113e-5,8.26104181500113e-11,0.2242618762474493,60.84492631907433,1.84718398541558e-5,1.7338039322648e-10,-0.1976085850156357,60.8976402886469
31.29,26.38,0.56,2.1,5.46238930259527e-6,3.75450939614766e-11,0.2213628617975548,61.657916091165404,5.55008193593391e-6,6.2503927218532e-11,-0.2030578315159192,59.710859376042315
34.3,35.15,0.53,2.3,6.89909825021161e-6,4.64533497598835e-11,0.2206806427139089,61.790565274162404,7.41139847405403e-6,7.7224198695158e-11,-0.2021858092743252,59.84939384472235
30.21,52.74,1.18,2.65,9.14125902557799e-6,9.65088273653412e-11,0.2194928684697175,61.786613649791335,1.18186334390219e-5,7.62466310554474e-10,-0.1574195690840513,60.15834135562958
38.97,72.84,0.65,2.81,1.24780842717884e-5,8.87549333385008e-11,0.2208620044136678,62.2531037196522,1.63117263841434e-5,2.09400575368851e-10,-0.1914899153384404,59.72800974701514
38.6,18.87,0.31,2.88,3.62875758884854e-6,2.20600462382966e-11,0.2200024310257748,61.696770219084236,3.96849228492015e-6,2.69485413480243e-11,-0.2095932216226342,59.887954808674465
39.74,42.51,0.27,2.67,8.49915710763822e-6,4.79322750215702e-11,0.2197875093532343,61.61191989690569,9.31174803553314e-6,5.48063399631481e-11,-0.2110082408507241,60.35107941514673
20.37,26.02,1.21,2.06,5.39269777620374e-6,8.01909698023258e-11,0.2167275501937471,61.17915085591229,5.59869156335549e-6,4.8448888798853e-10,-0.1625508301792277,61.90238383047082
29.37,96.62,1.16,1.98,1.71737327583148e-5,1.68425771426876e-10,0.2210003590197036,62.21106795470792,2.12412371883851e-5,8.40993907841057e-10,-0.1715488235314688,58.897256851813154
38.57,84.25,0.47,2.45,1.52892250716487e-5,9.76348012537622e-11,0.2210396590623827,61.66963352232472,1.83703000882815e-5,1.51548560537787e-10,-0.2037531923556498,58.882436492229424
15.59,70.16,0.73,2.34,1.69275183798108e-5,3.19857600312988e-10,0.2135049242907691,60.69473699924105,1.55547772037994e-5,9.26247160413568e-10,-0.1806607205966876,62.09434957977401
29.46,33.85,1.15,1.69,6.08203784067989e-6,5.59320754190456e-11,0.2216895736751555,62.449191963424134,7.34499003156279e-6,2.53940961901421e-10,-0.1744028723839558,59.79462978360504
39.33,56.19,0.7,2.01,1.01077513472596e-5,6.18467475591727e-11,0.2225070180779806,61.42952218187101,1.24722145349819e-5,1.31318547789255e-10,-0.1957302579445512,61.10085712281561
17.54,71.62,0.74,2.21,1.64894333436395e-5,2.48117394571804e-10,0.2166662373894203,61.342656640992544,1.56931546853557e-5,7.07487649713847e-10,-0.1839057886862313,61.799344291779576
14.83,74.78,0.47,2.98,1.84943651481679e-5,4.2458765072228e-10,0.2105998557628724,62.430596745062694,1.68743663306803e-5,9.52081340146108e-10,-0.1849599602748066,62.960242712472606
14.83,55.79,0.59,2.36,1.38814562297576e-5,2.64621440960192e-10,0.2134799905037985,60.61755707170166,1.23187861212543e-5,5.90114831677973e-10,-0.189038820839561,61.21420613625514
13.96,97.45,1.12,1.75,2.28770478564928e-5,5.28919189532698e-10,0.2140033368896027,61.606556245749985,2.21687693918426e-5,2.96239134402348e-9,-0.1633941685651882,62.27972160295068
37.81,11.14,1.15,2.52,1.84180578602754e-6,1.38078271692792e-11,0.2225047428596997,62.245107462389456,2.2346626347587e-6,6.7542716102234e-11,-0.1734256742906971,59.527855552416426
19.7,74.46,1.25,2.37,1.51301453339166e-5,2.6564915510831e-10,0.2154860369540059,60.80692649879628,1.68003747317682e-5,2.12049066794986e-9,-0.1544837040809316,60.75933707768455
41.12,19.69,0.99,2.29,3.18129154085627e-6,2.19559598582542e-11,0.2223331554210504,62.00485328778499,4.18050515555872e-6,8.13090839695405e-11,-0.1799180923223697,61.07697292582855
21.51,62.85,0.78,2.39,1.35409596771482e-5,1.64884586485118e-10,0.2182240599497088,61.709230982609675,1.38739038693872e-5,4.41705419308595e-10,-0.1863872461269111,60.37355292418106
15.18,13.14,1.24,2.97,2.90907348860235e-6,8.6046579851233e-11,0.2099672457763612,64.02045475226602,2.69475018750729e-6,5.96845477980276e-10,-0.1526778714998366,63.33589224253594
32.24,13.89,0.3,2.55,3.02213658132188e-6,1.91993924202386e-11,0.2199991623395389,61.57191290014746,2.68613961577836e-6,2.14485063528251e-11,-0.2128930563071907,61.045024607372916
8.11,14.74,0.89,1.3,4.14295971964941e-6,1.88356130864295e-10,0.2078555491556605,64.14586632502802,2.97661771739186e-6,4.55817174094449e-10,-0.1796367989541401,60.936178711283695
41.01,46.33,0.6,2.24,8.28043994152621e-6,4.98832577830923e-11,0.221463185544134,61.56860934259133,1.00124272094828e-5,9.35984068431318e-11,-0.1983215565153739,60.661334616725505
16.47,76.49,1.47,2.61,1.58361937924834e-5,4.83983676969619e-10,0.2096448732193245,64.32320703720016,1.67485005378311e-5,6.22505410688403e-9,-0.1343262217155761,62.58075226708367
19.36,50.56,1.11,2.79,1.03572157744081e-5,1.94421999806872e-10,0.2142290254377226,61.35772290213154,1.12977484306532e-5,1.31339115311066e-9,-0.1571985209068272,60.366136467064685
9.53,86.56,1.22,2.3,2.16996323961326e-5,1.87815623049737e-9,0.1978491478924793,66.18013984126556,1.96210974763999e-5,1.4205349853474e-8,-0.1347355669541556,65.12503238888745
24.67,50.88,0.26,2.38,1.22233798366174e-5,1.0191778277531e-10,0.2175143058639562,61.87655681255842,1.13795113985362e-5,1.02496012763319e-10,-0.2131641712265606,61.01134668697418
20.78,79.61,0.68,1.82,1.85749947689731e-5,1.99680731212262e-10,0.2179951756159314,61.73714484519502,1.80433086256883e-5,4.51268085310835e-10,-0.1918876520692161,59.723533872886534
41.47,87.78,0.57,1.45,1.6750693652837e-5,8.41482880275107e-11,0.2235450081521229,60.54173721568098,1.95826095764003e-5,1.174135685501e-10,-0.2091180311094459,59.71161671054293
9.93,88.65,0.89,2.62,2.25697656403692e-5,1.4513785057523e-9,0.201673598463016,64.37153907212132,1.94919525639914e-5,6.92735573675613e-9,-0.1526029116352375,64.548783022264
13.73,90.05,0.58,1.67,2.34576019178353e-5,3.76639808371047e-10,0.2167821652973108,61.45996443524791,1.99975760924028e-5,7.17633466046384e-10,-0.1968716639979707,61.43093147410614
14.91,73.49,0.32,1.81,1.98215941932921e-5,2.65238590664089e-10,0.2165672363036295,61.585798018644155,1.6302387549481e-5,2.9363534333997e-10,-0.2112488559288396,60.2824984201949
11.16,72.69,1.48,1.4,1.73223875745401e-5,8.02645967414264e-10,0.2072851273136782,64.28980564766954,1.61093308657428e-5,7.13941586224166e-9,-0.1402613918004658,62.280514651435
18.03,35.49,1.24,2.32,7.40547130942706e-6,1.39890384618553e-10,0.2156400629899628,60.96314786584647,7.76802220836501e-6,1.06594366959465e-9,-0.155931758587348,60.64923868273617
26.28,56.49,0.58,1.68,1.25270174089136e-5,9.5334277723068e-11,0.2215008643467089,61.625588232300395,1.25136880412285e-5,1.4984549427115e-10,-0.2044538877652337,58.991097848666364
17.24,34.75,1.44,2.2,7.20140280347795e-6,1.54770598667965e-10,0.2149337077701494,61.87545133113631,7.31522885993737e-6,1.68229097029283e-9,-0.1449474321107932,62.183942005819155
30.42,91.69,0.5,2.04,1.94924324715169e-5,1.34631765298271e-10,0.2209159647081757,61.65441898685517,2.06218540157995e-5,2.14063323425873e-10,-0.2044199223979852,59.27072887596173
13.86,85.37,0.37,1.22,2.383259103508e-5,2.90566049691399e-10,0.2192646730036276,62.10393773583814,1.94224209411633e-5,3.09039115351018e-10,-0.2154229337479798,61.52850505392407
10.76,67.82,0.28,1.94,1.92010225720378e-5,4.29433512540433e-10,0.2129388615181078,60.59631919694082,1.48652087614481e-5,4.99715808947537e-10,-0.2063156260534793,60.82236844666189
17.1,37.22,1.49,2.54,7.3871950001658e-6,1.87701781853705e-10,0.213568381814802,63.032488612536504,8.0968922634666e-6,2.52380709297642e-9,-0.137623340937882,62.020306778114865
34.16,76.66,0.28,1.77,1.7119398549663e-5,9.29509263496494e-11,0.2209333670948389,60.83794534594153,1.67279079255219e-5,8.29857881867144e-11,-0.2197448901845671,59.34420703750595
8.84,37.14,0.98,2.84,9.75898905069132e-6,1.31273782096077e-9,0.1897821422944461,66.51385537225136,8.07707557885303e-6,5.94390531989726e-9,-0.1391064835438843,65.91026978527023
22.96,72.4,1.2,1.54,1.44201908673177e-5,1.65549615346388e-10,0.2206924424265009,62.180363394365266,1.59268527573516e-5,7.52023045159378e-10,-0.1738025208351221,59.58701305636701
25.13,88.51,1.4,2.25,1.58909602983407e-5,2.13619602145698e-10,0.2184430727382846,61.4391380742695,1.92121256017351e-5,1.6696296212396e-9,-0.1562776634060502,59.727011093664444
19.55,47.91,0.67,1.68,1.1390741090696e-5,1.24826521030223e-10,0.2187253832485174,61.97681206195577,1.06483222596869e-5,2.48714107482127e-10,-0.1954243608274213,60.8508206885867
39.23,13.33,0.6,1.83,2.56173503889427e-6,1.40647620436395e-11,0.2223659400040922,60.93307745417875,2.63063612780675e-6,2.34048705801504e-11,-0.2037991480314174,58.76230311724091
12.0,55.24,0.36,2.19,1.53178521514175e-5,3.51760256950013e-10,0.210777094313214,61.30754125486822,1.25138700131929e-5,5.22996637984865e-10,-0.1959802412173026,60.886706964057055
39.56,19.95,0.52,2.41,3.76593080948594e-6,2.21798228908154e-11,0.2212269893156789,61.512891293424076,4.21357600936267e-6,3.63945829827079e-11,-0.2024444182050086,59.30031180024017
25.46,80.87,0.86,2.41,1.60427073979214e-5,1.70178107049702e-10,0.2192074665393566,61.895132357063844,1.80599112115384e-5,5.4254392552161e-10,-0.1816039685121246,61.34216980121798
19.02,93.55,0.99,1.2,2.12410242397497e-5,2.53036545168689e-10,0.2199371538453948,62.12572163028417,2.09055802408807e-5,8.39677221203527e-10,-0.1823757479227099,61.39448797209912
29.41,56.65,0.45,2.25,1.20394894874952e-5,8.97710570698193e-11,0.2196054770443185,61.99966342504467,1.25201568793217e-5,1.33745459144883e-10,-0.2044992809043193,58.96297344786823
21.47,16.31,0.28,1.69,4.22445931889016e-6,3.28606012382346e-11,0.2204463604403325,61.28394226463363,3.51968720714569e-6,2.81205236094802e-11,-0.2215350764529002,59.49269666317368
31.68,45.42,0.87,2.45,8.06576567844225e-6,6.98652154278131e-11,0.221278989819642,62.442928927303036,9.78189004486236e-6,2.41156615709485e-10,-0.1817833753424115,61.19784901805889
23.18,61.25,0.21,1.56,1.58828818227653e-5,1.11806586376789e-10,0.2202557371918795,61.032648239593954,1.37863958115941e-5,8.40927103475903e-11,-0.2250948130084459,59.06845213640259
18.69,45.28,0.69,2.0,1.06178320270181e-5,1.34334241647008e-10,0.2176633191830985,61.67012674140129,9.9777493594503e-6,3.21747004252767e-10,-0.1903442021829257,59.29782141843078
34.58,43.45,0.63,2.64,8.10772303546356e-6,6.0702629617476e-11,0.2200847477878846,62.25730582585047,9.49891519871804e-6,1.34259146342788e-10,-0.1931564299319957,60.33245386823882
26.83,78.26,0.31,2.87,1.69041331071605e-5,1.49777628855431e-10,0.2179319958641988,61.89568664883356,1.66712971203288e-5,2.01926611574918e-10,-0.2056279295826676,59.03955725710016
13.57,36.18,0.22,2.95,9.67543468157606e-6,2.15828156198459e-10,0.2106501090155942,61.97438247403894,7.85977829404639e-6,2.98156770457235e-10,-0.1987995804301844,62.45791776764481
29.17,10.88,1.37,2.72,1.90387940510256e-6,2.06061563279617e-11,0.2196187499024884,61.879626715258745,2.15848558460923e-6,1.26551805187577e-10,-0.1636233008693103,61.468756131921346
18.25,29.16,0.84,1.88,6.60587392981592e-6,8.91554468730306e-11,0.2181149222322931,61.72232376170733,6.40128711386446e-6,2.75641065863715e-10,-0.1831658760927555,61.635630130331904
15.77,75.57,1.14,2.05,1.70928756733775e-5,3.71702564627414e-10,0.2132026884037378,61.7519880675402,1.68717682551075e-5,2.19502525534052e-9,-0.1603815529788375,61.27364046513957
36.56,95.13,1.15,2.17,1.49048910323624e-5,1.23173538398805e-10,0.2232946331978921,62.39532147038776,2.03036300963745e-5,6.45594451543219e-10,-0.1720664572597296,59.13613095702729
13.19,53.8,0.63,2.89,1.33593512439412e-5,3.84946100972728e-10,0.2098525932127207,63.51954618674579,1.20896013555444e-5,1.2335538345409e-9,-0.1745207827046213,62.04234389059416
13.08,77.58,0.36,2.68,2.03956086010973e-5,4.88595769448001e-10,0.2104349197399702,62.128659219189394,1.73577447247972e-5,3.31109591625029e-9,-0.1567531604189502,60.93231241814099
13.08,75.22,0.5,2.09,1.99378183242378e-5,3.93092325314097e-10,0.2134602644123304,60.607148368218525,1.7050337070292e-5,3.1466305118427e-9,-0.156935561429781,60.63417466422981
10.03,52.6,1.04,2.48,1.32364071292232e-5,8.30027056978484e-10,0.2024332934138172,64.17122612640628,1.1884469892541e-5,4.73596323724191e-9,-0.1476876958996757,62.995907663173284
41.71,52.0,1.08,2.46,7.68558454388257e-6,5.74593462885969e-11,0.2236121040971157,62.15200129478829,1.15083968394568e-5,2.43688945269907e-10,-0.1766741193588338,60.64560722166157
17.49,55.07,0.21,1.92,1.47926090402572e-5,1.5364611091174e-10,0.2181212145670935,62.09599626843671,1.21285124930305e-5,1.44997290650062e-10,-0.216237534445565,61.613320570148375
35.26,81.6,1.04,1.41,1.40822042035385e-5,1.02256284525541e-10,0.2231549164019055,61.693777863844026,1.76536341472928e-5,3.32755077910652e-10,-0.1848971599851518,59.48424792954517
24.17,48.7,0.89,1.87,1.00872785948721e-5,1.02020111321074e-10,0.2198885949323084,62.129403740740095,1.0830119437899e-5,2.71159001834892e-10,-0.1887091419728211,58.96913130212621
8.23,98.03,1.09,2.57,2.56874405493048e-5,4.32819541592982e-9,0.18760245309935,67.62126400078056,2.19507001722367e-5,2.31855343401581e-8,-0.1313499641262913,67.71034844751672
33.23,36.41,0.36,2.53,7.62662270096605e-6,5.04295936228119e-11,0.2196885164687972,61.88294252310954,7.93345438304491e-6,6.50615224481503e-11,-0.2086826129595168,59.62606159869187
43.91,11.53,1.37,1.54,1.70994596049392e-6,1.12821507042835e-11,0.2246879709428412,61.54347876092731,2.31584657766222e-6,6.37249880070923e-11,-0.1719224513141528,59.01743038752537
18.64,71.06,0.46,2.78,1.68228338482715e-5,2.4570000600252e-10,0.2145882620796878,60.95423080296857,1.5907410997288e-5,4.86625004014184e-10,-0.1918722377965142,59.94092025663524
17.97,82.22,1.46,1.68,1.68924773055636e-5,3.12736247251275e-10,0.2168542195755165,61.09663857655284,1.80545533027716e-5,3.06341376818536e-9,-0.1496380811741611,62.29874216531211
24.53,70.38,0.75,2.35,1.43640974411506e-5,1.53746786642826e-10,0.2184619258455611,61.778694028605436,1.47970913144712e-5,3.85107863254407e-10,-0.1891209257311738,59.002995001501496
23.81,24.05,1.43,1.28,4.67641723429859e-6,5.2894085703439e-11,0.2210221349802476,62.22726797086982,4.95818443610353e-6,3.12902580285799e-10,-0.1668260198212656,60.70111046827477
31.93,65.66,1.22,1.49,1.14043282629362e-5,9.46383811192904e-11,0.2236896641853044,62.156624341477205,1.41582913329187e-5,4.73385231417575e-10,-0.1739535435442627,59.731112547383916
23.1,36.98,0.68,2.8,7.85563734748799e-6,9.32609451214917e-11,0.217071214786469,61.48420294255227,8.01175246592137e-6,2.26171732435005e-10,-0.1884865116787341,59.69369468180999
36.46,46.68,1.12,1.22,7.66451391059938e-6,5.42521005461892e-11,0.2245681730891442,61.37866023549679,9.03970367114256e-6,2.90980050605762e-10,-0.1733995274607154,59.41312489423324
7.99,40.21,1.37,1.71,1.05675433863805e-5,1.46788480825194e-9,0.1917749998812178,66.0761815892526,8.92148681850054e-6,8.15680268302466e-9,-0.1352656848047006,65.75513061624916
7.99,45.64,0.71,2.98,1.24182313419191e-5,1.8133317145507e-9,0.1896087333627159,66.69105722961304,1.02893433501638e-5,5.5023215360863e-9,-0.1505791752276489,63.98971345269652
42.64,30.4,0.39,2.35,5.79704368313906e-6,3.01056627258547e-11,0.2217151404135612,61.102003817364206,6.58579335603825e-6,3.72702412130748e-11,-0.2106215826808384,60.252056534838225
38.3,30.5,1.38,2.99,4.36416184326054e-6,4.17006920492182e-11,0.2220820778825667,62.313090089636034,6.37906457087825e-6,3.70853975861809e-10,-0.1553782832617002,59.41365760809783
42.18,79.91,1.36,1.98,1.10854581532585e-5,8.69351580293979e-11,0.2246229330292625,62.20655961064928,1.76815733210486e-5,5.86011027891989e-10,-0.1646796142163364,60.42713434633696
36.37,44.9,0.9,1.63,7.84591121384061e-6,5.27688462385479e-11,0.2238877431715048,61.40100356032739,9.18077328396293e-6,1.45847370318445e-10,-0.1903769341093083,59.255584186068546
38.48,18.75,0.46,2.5,3.50245114105651e-6,2.14261388208086e-11,0.2211150929428138,61.50367286925238,3.89641640134503e-6,3.18972687755733e-11,-0.205717828094396,58.692433754315864
18.83,67.05,0.33,1.75,1.73407507713232e-5,1.69742189038904e-10,0.2187469653513918,62.17415329582854,1.47317473783535e-5,1.90585991978334e-10,-0.2119097149346142,60.4179611843267
21.37,45.6,0.86,1.32,1.01301559236717e-5,1.00287298428411e-10,0.2215227921634973,62.218379015834714,1.00019679211902e-5,2.30924634700863e-10,-0.1937220028845278,60.32681200105284
33.12,13.82,0.81,1.26,2.69498403387763e-6,1.72922957767767e-11,0.2232930414588695,61.02025174895959,2.7271563729239e-6,3.4964556811879e-11,-0.1984921124181608,60.78196868389276
41.16,71.19,0.72,1.35,1.30495648518652e-5,7.0937403652352e-11,0.2232068228422665,60.88647930499616,1.57517804238146e-5,1.33593162783656e-10,-0.1999501838620121,59.942434259610906
20.52,73.28,0.76,2.58,1.59946979473149e-5,2.28729849181957e-10,0.2151913443546203,60.93742698833408,1.64644960053499e-5,7.30863441949654e-10,-0.1784544289156993,61.340104321442695
19.43,61.93,0.32,1.22,1.65520072761162e-5,1.370107041151e-10,0.2202061157708889,61.21024783981758,1.40832153286546e-5,1.31319947383255e-10,-0.2179179504937991,60.524827647419734
16.61,85.63,1.26,2.46,1.85375497291734e-5,4.57712346810641e-10,0.2112861929308786,63.00298600773395,1.9355516822793e-5,3.79901208014381e-9,-0.1487362874034484,63.421180460766834
22.89,50.1,1.03,1.84,1.02340662005124e-5,1.15382073791281e-10,0.2199949201312039,62.070192728576835,1.12479405847803e-5,3.91139774075492e-10,-0.1807042554314323,61.73129192264218
27.53,20.12,0.53,2.29,4.33918577843918e-6,3.43188743432308e-11,0.2201089513528408,62.11072289562232,4.34526358138182e-6,5.58675639549332e-11,-0.201889452179778,60.00001380273946
41.93,13.57,0.44,1.25,2.75631588690246e-6,1.22831387752227e-11,0.2235014521233868,59.97114739647318,2.75203814379158e-6,1.26746122828608e-11,-0.2177110394615377,59.91142928502469
41.27,67.34,0.9,2.42,1.07318580733298e-5,7.48165286731878e-11,0.2226808669498599,62.03587093422923,1.48596372945121e-5,2.57789099867937e-10,-0.1818430860284882,60.41042602271653
18.92,80.03,0.67,2.77,1.80172155193131e-5,2.82191348404793e-10,0.2147601470407773,60.886602561020865,1.76138221350767e-5,8.48666070999877e-10,-0.180100728384106,61.978144199837665
30.82,31.38,0.91,1.38,5.97805644603728e-6,4.39418658986493e-11,0.2234756100669358,61.47872951548385,6.80958659604323e-6,1.17730223146132e-10,-0.1915447946748164,59.73923777981134
20.95,99.15,0.4,1.87,2.45392248597775e-5,2.36401078416706e-10,0.2175700622971626,61.77779492068657,2.22600554135316e-5,3.13158868785193e-10,-0.2069244934228007,58.85655991238911
28.94,53.48,0.61,1.45,1.15223549682234e-5,7.97788035827157e-11,0.2217314661109403,61.35948593603481,1.18189140900534e-5,1.26933842073723e-10,-0.2043809742025758,58.77498896163411
16.19,33.75,0.23,2.8,8.74149237270684e-6,1.42866378823192e-10,0.2121023826445883,60.400041321343025,7.2539858194825e-6,1.74514653236385e-10,-0.2041326883923992,61.36135654420673
8.47,98.67,0.67,1.8,2.79777234873752e-5,1.40343478842272e-9,0.2044880452977651,63.65690228422927,2.24796653361157e-5,2.77391751285129e-9,-0.1808325202289178,61.59971793434152
9.45,99.66,1.16,2.35,2.51899985187314e-5,2.25207196246492e-9,0.1967105119868428,66.27829728528702,2.2308899603765e-5,1.48626314816411e-8,-0.1377115334114813,64.85695299530701
36.31,88.48,0.97,2.32,1.46386289004415e-5,1.14268713491352e-10,0.2227113193588748,62.26429550601123,1.96061615071248e-5,4.52158381088482e-10,-0.1784396878388027,61.30518078718614
19.27,90.01,0.29,2.85,2.17355780372004e-5,2.93894785790656e-10,0.2140747738079014,60.90331989007669,1.98489173455035e-5,4.31546008025597e-10,-0.1993991260359606,62.007490301067186
18.74,50.33,1.47,2.75,9.87510690963268e-6,2.30358310820245e-10,0.2133276801710058,62.90957598269212,1.12200328656855e-5,3.09236890641007e-9,-0.1371084431347019,61.6454373950305
44.6,96.86,0.7,1.88,1.65404619031082e-5,9.08151509945089e-11,0.2232612408403904,61.107733171004526,2.16262792268523e-5,1.78910808191805e-10,-0.1984220707168747,60.59390332797647
34.1,98.96,1.37,2.38,1.53352538069584e-5,1.51538622095842e-10,0.2218324435729629,62.26216460069158,2.2009854307772e-5,1.27961095133048e-9,-0.1571448457349769,60.08121401744945
32.58,20.62,1.28,1.34,3.5932726634174e-6,2.86331718819935e-11,0.2237713769633234,61.99403980956317,4.28644547984731e-6,1.38315435598148e-10,-0.1750194773636944,60.08414180110425
26.93,84.93,0.69,1.53,1.78125476676645e-5,1.39565392436841e-10,0.2219959217837161,61.64051646669909,1.8481034898977e-5,2.60095710549105e-10,-0.1993544728476677,60.67801318815909
17.46,90.54,0.66,2.37,2.12020491934156e-5,3.19761980128405e-10,0.2161818266218583,61.24929204740365,2.01952735727609e-5,8.30685310676928e-10,-0.1864243940258148,61.16502695799796
35.52,19.12,0.62,1.26,3.88433449948377e-6,2.16636552687596e-11,0.2230659292888666,60.65868303182055,4.09405044163594e-6,3.09912972057398e-11,-0.2084296607165858,59.40531382515102
42.3,41.53,0.59,2.08,7.45777974768831e-6,4.11529646279549e-11,0.2228582966464608,61.102602522300415,9.18678572900597e-6,6.93519286547154e-11,-0.2031060372974469,59.057593908683145
30.37,66.43,1.21,1.85,1.14487190253563e-5,1.07009715993238e-10,0.2224714580675462,62.56483729733978,1.40899393802757e-5,7.78886195326784e-10,-0.1619945766571726,61.60737876403994
32.36,92.62,0.46,1.93,1.93712064082288e-5,1.23180859090646e-10,0.2214456595656189,61.30095622701402,2.04623983845871e-5,1.68923049580984e-10,-0.2086332505770878,59.57923209994763
26.39,34.0,0.4,2.05,7.79922249240724e-6,5.80307924382187e-11,0.2203306109584419,61.70336991385704,7.44256560776064e-6,7.27629728998676e-11,-0.2097052501826748,59.81630410209568
7.07,98.57,1.1,1.39,2.72728963475949e-5,2.79074670977759e-9,0.1976040876525434,65.77292821778371,2.21690911753716e-5,1.01171161746056e-8,-0.156253317433785,64.26731260083567
30.77,80.25,1.1,1.79,1.42916347200074e-5,1.22950797493124e-10,0.2228670882884798,62.33454961512289,1.79638249798824e-5,5.47652555656262e-10,-0.1761323915139217,60.50622325536239
14.0,85.77,0.34,2.01,2.32103448128956e-5,3.61361830133714e-10,0.2154232002690895,61.25888459489906,1.9335608214112e-5,4.63768389186399e-10,-0.2070975367667698,60.41989508205868
22.2,77.8,1.44,2.98,1.40237326904867e-5,2.62633748162915e-10,0.2159509905370467,61.64835229813423,1.72226054350598e-5,2.72129374470021e-9,-0.1445100840291206,61.944707584294505
15.37,24.17,1.26,2.49,5.29685582554899e-6,1.42441070834237e-10,0.2113172377550194,63.26104996686573,5.22624000969307e-6,1.16101472277534e-9,-0.1498534168262328,63.614551878737004
43.87,23.64,0.57,2.69,4.05462000220595e-6,2.3747160561613e-11,0.2218829406913816,61.57517363551403,5.02884414618819e-6,4.40061485630424e-11,-0.1989201191102123,60.546124782088356
32.79,44.96,0.62,1.86,9.04945564099819e-6,5.97329859363645e-11,0.2218785543284916,61.46472167870727,1.00078882969544e-5,1.06852389197626e-10,-0.2010585582821074,60.1700356341735
27.6,21.83,1.39,2.55,3.81461574767564e-6,4.50343169018905e-11,0.2199179417821603,61.87455528698192,4.66221470183847e-6,3.42404458570574e-10,-0.157856134970351,60.27462745619203
18.3,44.1,1.06,1.63,9.58335489781626e-6,1.37652255924033e-10,0.2185077636605832,61.70510142191463,9.10986144285485e-6,6.0019148754337e-10,-0.1743889693356844,59.82263771897447
29.2,25.81,0.44,2.62,5.49067179657966e-6,4.36333929174993e-11,0.218632890753908,62.037011706472825,5.40673110964052e-6,6.5490318124337e-11,-0.2027736285925612,59.68747644700853
8.98,17.22,0.25,1.83,5.13508217713572e-6,1.47690523454411e-10,0.2099456807995248,61.241310533687894,3.60990286751865e-6,1.28956557879536e-10,-0.2112495755804036,59.876530450221246
36.94,41.23,0.35,2.02,8.58307139133844e-6,4.64776210764521e-11,0.2216185646161485,60.93965838733827,8.98781679308051e-6,5.17548803286442e-11,-0.2133574078593654,61.09937311511178
36.94,32.37,0.54,1.99,6.25423727437897e-6,3.70932321652253e-11,0.2223129963218813,61.17555913314455,6.79359434217197e-6,5.77881713584965e-11,-0.2054807765285062,58.61906223073457
31.5,70.83,1.0,1.97,1.25817640977227e-5,1.06110451997474e-10,0.2224803037695642,62.31589793733157,1.54431090390004e-5,4.013810067789e-10,-0.1800615677810335,61.68003386049103
37.14,49.3,0.41,2.93,9.44386361227144e-6,6.22653128976925e-11,0.2198852818671166,62.07849322500626,1.09930841363833e-5,1.00141564313307e-10,-0.2019077126758247,59.85848131434078
16.14,24.45,0.55,1.9,6.21310947471424e-6,8.54065638024433e-11,0.2161097542409984,61.33568807530729,5.18174860228091e-6,1.45977725683863e-10,-0.1986482520128934,61.921571837946
15.91,23.54,0.34,1.52,6.18270248956944e-6,7.25812684143828e-11,0.2178420400851958,61.91903185735108,5.18059730158865e-6,7.15267108291531e-11,-0.2153115009326566,61.470105125276866
19.69,22.04,1.45,1.99,4.40967844888693e-6,7.47455969328648e-11,0.2165879791545368,61.06789204814997,4.75493780953886e-6,6.87375752633636e-10,-0.151548080339981,61.471499039513766
26.13,16.66,0.78,2.81,3.50463813451284e-6,3.32573135793803e-11,0.2191781684154654,62.05056800089145,3.56132338147448e-6,8.56953628426712e-11,-0.1890548647181269,59.0307612935107
10.65,95.38,1.07,1.56,2.41390484768579e-5,8.61916386240115e-10,0.210023186603269,63.73558444401898,2.12352264884964e-5,4.00386341262669e-9,-0.1627126953311182,61.64967483751497
28.62,41.78,1.49,1.68,7.11944100191803e-6,7.62416248960722e-11,0.2218256059366017,62.302437129346245,8.97959180700796e-6,6.20991624630688e-10,-0.1577170690112046,60.1308760053863
13.16,32.5,0.46,2.57,8.43274504917432e-6,1.92691327474919e-10,0.2116888370261505,61.65459913474401,6.99081038170919e-6,3.15278085378556e-10,-0.1946245102279605,60.85455807391807
39.46,89.01,1.49,1.74,1.26670415679978e-5,1.06571037421726e-10,0.2242831040948,62.440338032726096,1.90017396400765e-5,8.71352394035467e-10,-0.159050256387574,60.58174140354335
24.46,40.09,0.46,1.87,9.2753521110536e-6,7.67902275052333e-11,0.2193374663282944,62.04345730615486,8.62045345836921e-6,9.64389592641574e-11,-0.2090192965789868,59.574424636256815
10.97,39.04,1.05,2.85,9.63665578719292e-6,6.06439921245815e-10,0.2010579389379528,64.8477887798484,8.72459136887745e-6,4.10376733533205e-9,-0.1410808298038662,63.78131931205303
25.23,29.04,0.43,1.24,7.04703002603257e-6,4.85893197119805e-11,0.2208007334191332,61.04392529528803,6.39539610014457e-6,4.9441417341565e-11,-0.2160573010733834,60.85459237030211
24.0,73.61,1.17,1.33,1.48283726989847e-5,1.53458868693924e-10,0.221135539362671,62.336249279833275,1.65122576083959e-5,6.20272904443337e-10,-0.1770844918985485,60.65138466790972
34.79,54.87,0.89,1.26,1.02198475235056e-5,6.73397179143407e-11,0.2232343605632934,61.34035674938687,1.19480402722155e-5,1.5607161506145e-10,-0.1941027188525799,60.497839552183244
12.22,87.57,1.01,1.55,2.21818509651677e-5,5.80831600412429e-10,0.2116416649443749,62.10230084084728,1.98117967385266e-5,2.50410607580373e-9,-0.1675056451225831,62.29403978487325
17.68,79.05,0.3,1.96,2.05898334158217e-5,2.25305332528476e-10,0.2179055758452859,61.966228117810914,1.74948179750013e-5,2.54226360673111e-10,-0.2111243403970191,60.21595500786496
22.87,53.07,1.06,2.62,1.04806996586707e-5,1.40966912044071e-10,0.2177945466768537,61.460592619239115,1.19364592408084e-5,6.37502547791598e-10,-0.1715694960572017,59.75191511945868
13.53,35.42,0.26,2.46,9.54118726078031e-6,1.7518329340174e-10,0.2134094858544994,60.77566153322274,7.74000941336881e-6,2.26129100397873e-10,-0.2051456214779243,61.820109853156374
44.23,15.27,0.3,2.95,2.88957679977139e-6,1.51638447294863e-11,0.2203624013858175,61.43952172061373,3.07146313243448e-6,1.77057512802855e-11,-0.2111587170754238,60.456009536972275
19.63,46.44,0.36,2.44,1.13953055682471e-5,1.31332594465208e-10,0.2160784081691868,61.42593854366331,1.0425295594597e-5,1.94711393141236e-10,-0.2018700389496918,60.94328306314308
40.64,97.08,0.68,2.97,1.62985682596261e-5,1.15735240458543e-10,0.2204249104283026,62.257169687066764,2.14357740581604e-5,3.04283860714116e-10,-0.1888490194418821,58.87054845192534
32.28,62.6,1.19,1.49,1.04388878581393e-5,8.88223859367069e-11,0.2236419410861674,62.105296802930226,1.39165783271966e-5,4.12999369492934e-10,-0.1755931897551499,60.29927063540428
9.32,80.45,0.71,1.98,2.22024503737807e-5,1.09328001042321e-9,0.2030052885004114,63.21453303502744,1.81938401106539e-5,2.47681191713545e-9,-0.1758835780292204,61.290234402812864
23.13,38.64,0.66,1.6,8.68782758252577e-6,7.76391494373149e-11,0.2206760793956437,62.05554451526686,8.46251592612656e-6,1.34474592913653e-10,-0.2008701641593642,60.52839523418771
17.11,82.48,1.2,1.27,1.79248478023587e-5,2.77012577809293e-10,0.2189187793966057,61.74107039880336,1.75858816581764e-5,1.4290195401876e-9,-0.1705833953986487,60.68314669853612
31.77,53.74,0.57,1.43,1.13761218829992e-5,6.98003156808036e-11,0.2228178994502044,60.93061782370664,1.18383165948119e-5,9.99787531713329e-11,-0.2084975409650631,59.49648519898065
26.11,99.46,1.27,1.56,1.83711437629982e-5,1.91377572488896e-10,0.2221515721663113,62.4859624805085,2.20635246276058e-5,1.02446801724559e-9,-0.1704524171863884,59.19954063929824
14.04,40.79,0.7,1.33,1.05614187866336e-5,1.58642081175151e-10,0.2179409677201562,61.72842257975933,9.05297587282574e-6,3.30290754949952e-10,-0.1952732581702127,60.82718557716559
42.48,89.41,1.12,2.4,1.29603740351436e-5,9.74046209540576e-11,0.2237618054373406,62.20296934918076,1.99820051590518e-5,4.66894498300903e-10,-0.1738322921079301,59.676059548703684
14.9,31.44,0.52,1.63,8.04210038626318e-6,1.14341829012646e-10,0.217217497294834,61.65180927926457,6.54424809461845e-6,1.7249375538737e-10,-0.2037377482075311,60.971873262200006
7.58,75.04,0.31,1.4,2.27944277374823e-5,7.22125000279218e-10,0.211960440178846,60.83224114351718,1.70170641985878e-5,6.74049811721572e-10,-0.2122068145382773,60.0181321440455
26.18,89.05,0.56,2.66,1.85541479119205e-5,1.76879686731085e-10,0.218883573976355,61.986281540151914,1.96721614601544e-5,3.51429643382904e-10,-0.1944665299562575,60.6990635576922
13.92,68.34,0.75,1.32,1.71091812090158e-5,2.74665157373739e-10,0.2178004730043284,61.6464914837969,1.44780201052379e-5,6.44859352463848e-10,-0.1923099856260189,59.85781263072071
8.82,56.07,1.26,2.06,1.43374971779643e-5,1.67434704773267e-9,0.1925953167974951,66.3650179509538,1.23454141100719e-5,9.40474882896182e-9,-0.1368399670827811,65.00445248234007
16.93,23.93,1.02,2.76,5.2119124101635e-6,1.08417368108114e-10,0.2135830969482889,61.68975475582081,5.01012246952052e-6,6.07361108797451e-10,-0.1622481958353447,62.063406982295334
9.04,57.83,0.48,1.94,1.65441433205001e-5,6.79268511493997e-10,0.2057582182071918,64.0894455906032,1.29306465415457e-5,9.44054110120324e-10,-0.1923070212204036,60.88582004824458
36.71,99.6,0.49,1.44,2.05481996823916e-5,1.08351657306046e-10,0.223056843480114,60.56253065265453,2.24252682575847e-5,1.34844034039141e-10,-0.2115485098986507,60.462936193027005
31.36,75.99,1.0,1.93,1.36058974117408e-5,1.13972466791619e-10,0.2225192881869818,62.287456794618336,1.68775556689655e-5,4.31112056471579e-10,-0.1801320149426171,61.655261622817676
33.26,83.95,0.85,1.47,1.5770536700734e-5,1.09192931551198e-10,0.223065711853865,61.47366574525812,1.80207661030317e-5,2.68365467179903e-10,-0.1929878764313647,60.18315657935697
21.22,31.99,1.18,2.69,6.3527361615187e-6,9.80316755255548e-11,0.217118753468001,61.26022011615404,7.09500889745339e-6,5.64844999764171e-10,-0.1630600337625409,62.10877109250934
35.56,28.56,0.21,2.63,6.0835436687085e-6,3.58243712100977e-11,0.2196078526800997,61.54642839267452,6.2620394519927e-6,3.66942611673767e-11,-0.2144028824653355,61.41484401876329
41.13,72.99,0.65,1.46,1.3608227411915e-5,7.28944903807643e-11,0.2228479819003765,60.87763601567892,1.6108185539948e-5,1.24592527781122e-10,-0.2027915386893246,58.9374377506858
37.33,54.02,0.55,1.29,1.08992280488543e-5,5.72987445543716e-11,0.2234869588358592,60.494417585882005,1.2061622683198e-5,7.64050358085682e-11,-0.2101388831097432,59.978268211377475
18.88,85.86,1.33,1.24,1.80601653700056e-5,2.64814571346181e-10,0.2188752353353587,61.69580512986754,1.86682087402798e-5,1.74380165746369e-9,-0.1624790473889196,61.767254957417656
23.64,37.72,1.22,2.7,7.14101497812516e-6,1.01107395319916e-10,0.2174028298265445,61.29567641284572,8.36976206685796e-6,6.32286923986277e-10,-0.1608859912661653,61.35721426622
22.19,42.35,0.37,1.87,1.03577967238857e-5,8.75042143223597e-11,0.2198660097159745,61.85638200551835,9.28774634554346e-6,9.6058505884077e-11,-0.2129933758692688,60.906986345169074
32.94,25.33,0.61,2.37,4.81507504684422e-6,3.53106683038661e-11,0.2210099304338345,61.94396235520434,5.41296269498528e-6,6.80538299656266e-11,-0.1975853794242794,61.34283397782027
30.84,91.79,1.38,2.18,1.47998545114311e-5,1.54351087937795e-10,0.2223526198606521,62.413294903489195,1.98698073744794e-5,1.31094786136326e-9,-0.1574932840862203,60.15044142720556
30.65,15.53,0.62,1.75,3.25762989224343e-6,2.15220722225619e-11,0.2222494046799569,61.21375874633768,3.10476537705958e-6,4.07974539492392e-11,-0.2006289096999936,60.52506354944514
13.74,59.09,0.49,2.24,1.52536491826249e-5,2.880778842709e-10,0.2141223010487628,60.81357747630967,1.32354305106458e-5,5.62019055778987e-10,-0.1935979187487466,60.491458082187656
21.43,93.74,0.34,1.69,2.35071750001843e-5,1.96379100559137e-10,0.2201176972969581,61.65484474025384,2.07190986383945e-5,1.95759654816421e-10,-0.2160661885707915,61.30139012194301
11.02,74.63,0.34,2.47,2.04812017114356e-5,6.26667142631636e-10,0.2086823433942712,63.19268010022864,1.68905584431982e-5,9.81766734226395e-10,-0.1918928431592843,60.67641306729339
42.42,83.3,1.11,2.76,1.20185695494892e-5,9.39751478739068e-11,0.2231340115025347,62.47850596560426,1.81312903960842e-5,4.87268426296303e-10,-0.1716935530693652,58.97833729128375
12.34,44.73,1.42,2.14,1.03279787982745e-5,4.91001449416246e-10,0.2051700134277201,63.65394598096288,9.62318774298253e-6,5.38573728386812e-9,-0.1324518554285714,63.13585115831821
10.2,88.24,0.47,1.6,2.49259109776202e-5,5.8616057850224e-10,0.213788288959107,60.697793632824485,1.98383626300642e-5,8.56684359745611e-10,-0.1997719567195758,61.86334631171912
26.49,89.49,1.34,1.77,1.60639716237983e-5,1.767456591675e-10,0.2217084506811098,62.32080627731122,1.92450775200863e-5,1.11634326103805e-9,-0.1643322164613999,61.224512632545654
44.91,30.79,1.45,1.95,4.08671782671706e-6,3.11937418444205e-11,0.2246369543523651,62.113762835962675,6.27945770164282e-6,2.31547026913541e-10,-0.1622619488415779,61.22014627202256
20.66,83.52,0.92,1.96,1.81086659649987e-5,2.3244481375133e-10,0.217357135015109,61.428838248837145,1.89734735803944e-5,8.49243768780961e-10,-0.1772253362493091,60.80373946573048
28.44,20.41,0.7,2.17,4.1700693345867e-6,3.41706219245899e-11,0.2204011462697908,62.263345327071725,4.43651222208099e-6,7.26467399632305e-11,-0.1942852366662091,60.563491687497695
27.73,14.27,0.55,2.37,3.07638091029232e-6,2.43628323814755e-11,0.2198656124201928,62.177917689490606,2.87044627150562e-6,4.20552026004832e-11,-0.2000034600547443,60.643020980036944
8.54,20.9,1.25,2.12,5.42731155230639e-6,6.47399312729753e-10,0.1926533729790743,66.4609044168557,4.42689018915804e-6,3.3473991733747e-9,-0.1392455157279857,65.08155842494789
15.4,90.11,0.47,2.15,2.31542503950243e-5,3.63429919077251e-10,0.2146150947849972,60.971811539029225,2.01092365387111e-5,6.10338512285745e-10,-0.1975254864897196,61.674999339945884
29.29,47.74,1.08,2.57,8.48767675199322e-6,8.83157820271228e-11,0.2196953222226198,61.90367797548391,1.05222658041669e-5,4.44041901182906e-10,-0.1699226068874128,59.35843720128372
40.88,16.06,0.32,2.14,3.36218681808376e-6,1.63237519806742e-11,0.2208070232993268,60.86127843799502,3.38447783397472e-6,1.76641475167448e-11,-0.2139098549184099,61.20599651638459
35.1,18.37,1.47,2.83,2.82113976490767e-6,2.80710422104723e-11,0.2210632639989425,62.08062425464636,3.86156410196066e-6,2.62473162735721e-10,-0.1545884929375693,59.26055282061391
8.2,19.33,1.23,2.48,5.06451634473192e-6,7.88953265493684e-10,0.1895616048326306,67.24872481684186,4.20568626906769e-6,4.39572398695414e-9,-0.1328843591306235,67.63691255758424
30.87,93.16,1.2,1.39,1.63372859739998e-5,1.37729993163146e-10,0.2237745087059649,62.08354550035205,2.0100332568902e-5,6.66390772517365e-10,-0.1749949566568477,60.081656381406205
37.99,98.79,1.37,2.12,1.45401533241521e-5,1.26325239414035e-10,0.2235930977444898,62.651598731409536,2.21581967686775e-5,9.17553234583168e-10,-0.1614005692480913,61.41479806489813
10.87,40.36,0.86,1.39,1.07130090023841e-5,2.74185421682381e-10,0.2132763825613919,61.19422912985474,8.81275821969469e-6,8.08288714315265e-10,-0.1794797053011201,61.114934218023016
16.42,44.77,0.23,2.63,1.17185669315022e-5,1.77375458209484e-10,0.2127174117531268,60.54144443537028,9.63446576182045e-6,2.06114115660223e-10,-0.2066764947388166,60.354892740797304
30.98,28.88,1.21,1.29,5.08710977314315e-6,4.17158394723031e-11,0.2238931656168634,61.89390150733655,5.98406947469757e-6,1.91435136314152e-10,-0.1766092168117635,60.60874881437869
28.02,80.64,0.54,2.95,1.62866793365353e-5,1.55420741195647e-10,0.2179330615167239,61.74449331192207,1.82358300701898e-5,3.19996735499355e-10,-0.1927029854136415,60.158944703706084
16.82,96.05,0.72,2.59,2.2421632138415e-5,4.0465195984631e-10,0.2136927333796687,60.674411774338104,2.15420838224328e-5,1.26554238804918e-9,-0.1784254876692035,61.409344422610914
41.89,17.59,0.63,1.39,3.28223803718112e-6,1.65036250789984e-11,0.223961955510044,60.43717816249489,3.70391551392018e-6,2.46581184962406e-11,-0.2079669159037558,59.32551171894994
21.94,85.98,0.95,2.13,1.76949662949615e-5,2.16771955925502e-10,0.2191160450734306,61.853851540673716,1.90469168778624e-5,7.36177427646942e-10,-0.1798804610453451,61.707525364804766
21.64,14.48,0.52,2.38,3.24863836931629e-6,3.42186126414674e-11,0.2185311250883432,62.02973642784991,2.85249130537e-6,5.33891735571624e-11,-0.2024839633017044,60.58532914485562
10.28,47.38,0.28,1.47,1.39311755984738e-5,2.59967224533384e-10,0.2160843416281551,61.43874928771253,1.06532564142974e-5,2.59729675681989e-10,-0.2134975329708019,60.52481356871125
25.47,14.41,1.4,1.57,2.69885472346286e-6,2.88900221865024e-11,0.2213770412802821,62.34706471876498,2.97960098657906e-6,1.86992899306447e-10,-0.1643037375151623,61.20690812032313
13.89,17.0,0.53,2.52,4.38178514370992e-6,8.59645355860222e-11,0.2135467039096962,60.71013866163224,3.59461899242693e-6,1.60311157090602e-10,-0.193877351017701,60.6488532494117
16.08,30.66,1.36,2.55,6.51650682942988e-6,1.80229446476638e-10,0.2107334778154114,63.58804340378842,6.77796085761169e-6,1.84264655428101e-9,-0.1421140396248943,61.309029136444224
32.72,10.07,0.88,1.91,1.90347400531473e-6,1.36355113337456e-11,0.2222932454787776,61.67343084245069,2.04969518586241e-6,3.62122306900601e-11,-0.1911289794128932,59.59461868654828
11.26,48.2,0.39,1.53,1.37082230521994e-5,2.52833516192365e-10,0.21526666669135,61.157798928747454,1.0872490207804e-5,3.08864862429065e-10,-0.2073563383398156,59.74121319637915
16.45,15.01,0.2,2.23,4.06293000246744e-6,5.01913090571384e-11,0.2149805876566318,61.22927647632726,3.07384371660186e-6,4.7312918728311e-11,-0.214374714681471,61.304035364215444
39.92,99.25,0.43,1.33,2.06037281250243e-5,9.78776890472424e-11,0.2225709386689141,60.35960116417525,2.18491843896542e-5,1.09355982648076e-10,-0.2143486581019558,61.00237437513223
27.56,60.08,0.55,1.7,1.31586406206027e-5,9.57678800186069e-11,0.2214119854030592,61.52119983839202,1.2898451493466e-5,1.46367957309959e-10,-0.2055177714553862,58.57633286717842
21.12,25.56,1.21,2.82,4.97149800776145e-6,8.19083541158356e-11,0.2164498786641578,61.08839169718249,5.51595029639655e-6,4.86851206967904e-10,-0.1612651175579915,61.49497456160537
40.01,81.36,0.78,2.72,1.3440451371659e-5,9.7114932743042e-11,0.2211783519238874,62.32242645344198,1.81586707225213e-5,2.85324746623208e-10,-0.1856026930820086,59.24705912150406
35.0,46.96,0.51,2.18,9.41231997690115e-6,6.02406684153828e-11,0.2204781077136446,61.679990510759644,1.03240106665824e-5,9.44900248981189e-11,-0.2039424216806913,59.10864402521053
7.44,63.42,1.18,2.27,1.67819260694146e-5,3.46306748082833e-9,0.1861318435726608,68.27181741901809,1.39078634445674e-5,1.8094930057634e-8,-0.1299280804387544,68.56064876794322
34.22,91.89,0.68,2.09,1.75125422481945e-5,1.22070679339435e-10,0.2213411327234318,61.86319515377392,2.04121107353331e-5,2.5874002745383e-10,-0.195399877708301,61.04257529520741
44.16,87.16,0.82,2.23,,,,,,,,
44.73,83.44,1.48,2.68,,,,,,,,
21.21,58.22,0.83,2.46,,,,,,,,
23.99,32.51,1.17,2.79,,,,,,,,
23.69,57.15,0.73,1.34,,,,,,,,
41.55,23.19,0.5,2.28,,,,,,,,
33.43,18.92,1.41,2.35,,,,,,,,
42.7,10.48,1.41,1.88,,,,,,,,
24.99,83.59,1.03,1.59,,,,,,,,
7.65,36.48,1.41,1.36,,,,,,,,
24.41,17.7,0.41,2.28,,,,,,,,
40.77,54.25,0.98,2.13,,,,,,,,
22.09,29.89,0.47,2.83,,,,,,,,
44.31,71.02,1.02,1.21,,,,,,,,
29.98,90.88,0.54,1.66,,,,,,,,
13.3,90.37,0.23,1.32,,,,,,,,
22.08,67.62,0.65,2.94,,,,,,,,
20.38,13.16,1.3,1.9,,,,,,,,
36.63,16.01,0.33,1.74,,,,,,,,
22.15,27.97,1.39,2.54,,,,,,,,
39.58,62.71,0.32,2.07,,,,,,,,
9.49,58.57,0.43,2.93,,,,,,,,
9.24,57.17,0.8,2.27,,,,,,,,
11.67,75.81,1.28,2.86,,,,,,,,
34.69,25.07,1.43,1.34,,,,,,,,
16.34,51.39,0.7,2.96,,,,,,,,
33.71,52.76,0.23,2.03,,,,,,,,
23.6,60.31,0.23,1.71,,,,,,,,
41.88,97.78,0.77,1.9,,,,,,,,
32.56,22.93,0.71,2.86,,,,,,,,
42.04,49.49,0.36,1.85,,,,,,,,
12.51,54.38,1.22,1.24,,,,,,,,
43.82,92.36,1.21,2.85,,,,,,,,
43.14,17.12,1.0,1.25,,,,,,,,
9.85,97.93,1.12,2.43,,,,,,,,
40.19,95.58,0.85,2.38,,,,,,,,
16.89,93.18,0.98,2.8,,,,,,,,
35.12,60.2,0.61,1.45,,,,,,,,
28.72,44.37,0.21,2.08,,,,,,,,
29.62,69.38,1.24,2.08,,,,,,,,
26.97,24.65,0.64,1.72,,,,,,,,
22.63,11.92,1.01,2.31,,,,,,,,
15.12,69.92,1.03,2.26,,,,,,,,
25.42,84.79,1.4,2.43,,,,,,,,
44.78,32.91,0.47,2.45,,,,,,,,
39.04,48.57,1.01,1.78,,,,,,,,
20.49,83.12,1.4,2.34,,,,,,,,
42.76,59.21,0.35,2.04,,,,,,,,
29.03,34.28,0.5,2.42,,,,,,,,
13.01,16.45,0.41,2.16,,,,,,,,
12.99,94.22,0.77,1.35,,,,,,,,
11.73,20.88,1.46,1.6,,,,,,,,
26.71,31.89,1.33,2.09,,,,,,,,
39.01,71.78,0.43,2.6,,,,,,,,
38.64,93.46,0.74,1.8,,,,,,,,
11.12,93.32,1.25,1.66,,,,,,,,
31.08,24.03,0.48,1.37,,,,,,,,
39.12,31.56,0.87,2.04,,,,,,,,
13.36,92.22,1.24,2.17,,,,,,,,
11.43,52.51,0.63,1.85,,,,,,,,
20.18,64.38,0.79,3.0,,,,,,,,
37.23,29.79,1.14,1.82,,,,,,,,
15.24,60.99,1.17,2.42,,,,,,,,
43.75,80.83,0.41,1.83,,,,,,,,
21.89,66.29,0.22,1.91,,,,,,,,
13.69,44.01,0.93,1.47,,,,,,,,
28.9,64.85,0.51,1.38,,,,,,,,
13.59,63.31,1.04,1.48,,,,,,,,
20.44,68.09,0.81,1.76,,,,,,,,
28.88,29.55,0.67,2.88,,,,,,,,
27.71,37.89,1.16,2.94,,,,,,,,
34.61,48.15,0.46,1.3,,,,,,,,
23.37,94.94,0.71,2.65,,,,,,,,
36.89,78.66,1.49,1.42,,,,,,,,
36.06,33.64,0.71,2.04,,,,,,,,
31.52,56.33,0.28,1.21,,,,,,,,
25.3,33.11,0.94,2.74,,,,,,,,
26.32,62.35,1.38,1.43,,,,,,,,
16.71,87.05,0.42,1.37,,,,,,,,
9.25,33.36,0.23,2.23,,,,,,,,
7.85,64.06,0.83,3.0,,,,,,,,
27.2,35.09,0.98,2.54,,,,,,,,
7.18,41.05,1.18,1.69,,,,,,,,
14.6,34.88,0.38,2.48,,,,,,,,
26.89,65.01,0.31,2.96,,,,,,,,
15.46,19.09,0.33,2.89,,,,,,,,
13.34,34.52,1.2,1.21,,,,,,,,
38.4,77.98,1.26,2.15,,,,,,,,
16.36,35.59,1.17,2.63,,,,,,,,
39.51,81.89,0.25,1.55,,,,,,,,
17.88,91.12,1.39,1.2,,,,,,,,
14.51,70.57,1.32,2.66,,,,,,,,
31.0,10.78,0.37,2.11,,,,,,,,
40.67,53.44,0.39,2.78,,,,,,,,
11.22,71.98,0.59,2.93,,,,,,,,
26.78,46.47,0.59,2.23,,,,,,,,
29.5,77.63,1.16,1.55,,,,,,,,
36.16,85.04,0.21,1.59,,,,,,,,
38.25,39.73,1.15,2.86,,,,,,,,
26.42,69.42,0.93,2.74,,,,,,,,
8.08,83.88,1.35,2.93,,,,,,,,
29.71,45.15,0.61,1.99,,,,,,,,
40.52,59.37,0.37,1.95,,,,,,,,
41.35,59.7,0.9,2.91,,,,,,,,
23.38,38.49,1.35,1.56,,,,,,,,
14.08,26.52,1.06,2.29,,,,,,,,
9.12,94.74,0.67,2.32,,,,,,,,
26.25,35.71,0.53,1.99,,,,,,,,
37.55,43.15,0.25,1.3,,,,,,,,
35.23,32.12,1.2,2.7,,,,,,,,
24.49,25.25,0.34,2.25,,,,,,,,
34.88,26.58,1.0,1.42,,,,,,,,
33.6,88.8,0.46,2.58,,,,,,,,
37.59,59.54,0.84,1.6,,,,,,,,
35.78,94.53,1.28,2.91,,,,,,,,
12.19,33.02,0.97,1.76,,,,,,,,
22.35,28.42,0.44,2.5,,,,,,,,
32.74,18.53,1.13,1.32,,,,,,,,
15.09,73.23,0.39,1.26,,,,,,,,
10.52,18.0,0.96,2.02,,,,,,,,
27.65,27.51,1.43,1.51,,,,,,,,
44.48,17.07,0.58,1.89,,,,,,,,
14.38,82.03,1.35,2.34,,,,,,,,
21.59,76.53,0.44,1.74,,,,,,,,
30.49,19.6,0.2,2.97,,,,,,,,
43.09,27.57,0.83,1.66,,,,,,,,
25.57,43.49,0.85,2.61,,,,,,,,
28.15,12.75,0.95,2.78,,,,,,,,
22.29,98.52,1.29,1.67,,,,,,,,
29.6,70.57,0.58,2.2,,,,,,,,
43.34,63.5,0.62,2.75,,,,,,,,
16.96,77.12,0.49,1.61,,,,,,,,
32.66,96.4,0.74,1.7,,,,,,,,
34.55,86.99,1.36,1.79,,,,,,,,
19.54,88.85,0.69,2.73,,,,,,,,
35.34,20.32,1.31,1.36,,,,,,,,
19.47,86.86,1.32,2.56,,,,,,,,
37.05,81.24,0.95,2.36,,,,,,,,
20.69,91.21,0.72,2.71,,,,,,,,
14.66,39.98,1.12,1.55,,,,,,,,
7.33,75.25,0.27,2.96,,,,,,,,
8.76,53.98,0.96,1.65,,,,,,,,
28.51,14.17,0.52,2.21,,,,,,,,
43.11,25.92,1.22,2.29,,,,,,,,
35.99,37.6,0.24,2.45,,,,,,,,
40.94,43.22,0.32,2.85,,,,,,,,
25.26,64.48,0.29,1.92,,,,,,,,
24.8,74.53,0.41,2.73,,,,,,,,
35.94,64.25,0.44,2.1,,,,,,,,
27.27,91.07,0.76,1.54,,,,,,,,
24.21,67.58,1.32,1.97,,,,,,,,
8.97,40.71,0.59,2.77,,,,,,,,
22.36,68.44,0.91,2.02,,,,,,,,
13.77,96.56,0.69,1.97,,,,,,,,
38.04,58.34,0.4,1.84,,,,,,,,
17.59,34.34,1.22,2.57,,,,,,,,
42.98,87.31,1.47,1.41,,,,,,,,
9.19,48.35,0.66,2.13,,,,,,,,
39.37,43.58,0.6,2.39,,,,,,,,
26.84,73.64,0.88,1.48,,,,,,,,
33.97,15.59,0.72,1.73,,,,,,,,
7.51,20.23,1.16,2.01,,,,,,,,
42.26,49.81,1.35,2.12,,,,,,,,
13.25,13.01,0.79,2.01,,,,,,,,
41.64,90.7,0.82,2.16,,,,,,,,
14.11,66.16,1.23,2.4,,,,,,,,
13.47,12.47,1.07,2.43,,,,,,,,
40.44,38.54,0.64,2.69,,,,,,,,
17.8,50.43,0.94,2.99,,,,,,,,
8.63,52.29,1.4,1.97,,,,,,,,
36.24,27.89,1.13,2.51,,,,,,,,
32.33,35.3,0.66,1.45,,,,,,,,
8.27,44.55,0.33,2.1,,,,,,,,
10.05,67.5,1.34,2.94,,,,,,,,
24.61,89.26,0.8,2.01,,,,,,,,
8.9,71.9,0.77,2.99,,,,,,,,
44.25,57.29,1.32,2.75,,,,,,,,
35.66,94.85,0.73,1.5,,,,,,,,
11.91,21.65,0.22,2.79,,,,,,,,
34.38,67.07,0.75,1.89,,,,,,,,
33.94,77.15,1.15,2.12,,,,,,,,
9.6,36.73,0.44,1.84,,,,,,,,
43.64,56.14,0.83,1.91,,,,,,,,
9.63,20.73,1.23,2.15,,,,,,,,
16.24,89.31,0.55,1.71,,,,,,,,
20.91,42.63,0.31,2.92,,,,,,,,
11.48,79.41,0.77,2.65,,,,,,,,
11.85,25.15,0.39,2.53,,,,,,,,
12.84,65.38,0.64,2.19,,,,,,,,
36.42,52.99,0.53,1.69,,,,,,,,
29.74,95.44,0.47,2.53,,,,,,,,
23.47,40.31,1.33,2.0,,,,,,,,
14.48,66.77,1.34,1.37,,,,,,,,
25.2,27.29,1.16,2.56,,,,,,,,
7.89,44.57,0.59,2.98,,,,,,,,
32.98,75.08,0.93,2.21,,,,,,,,
8.62,82.97,1.2,2.59,,,,,,,,
17.19,95.76,1.02,2.16,,,,,,,,
10.74,74.32,1.39,1.9,,,,,,,,
22.48,30.91,1.39,1.91,,,,,,,,
39.98,77.7,0.82,2.76,,,,,,,,
32.82,63.0,1.36,2.33,,,,,,,,
34.18,16.7,0.53,2.18,,,,,,,,
34.84,98.21,0.21,1.55,,,,,,,,
35.81,68.58,0.92,2.14,,,,,,,,
10.34,74.95,1.09,2.78,,,,,,,,
14.34,53.37,0.26,2.82,,,,,,,,
20.61,79.54,0.6,1.65,,,,,,,,
44.37,22.16,0.65,2.53,,,,,,,,
43.18,94.64,0.79,2.65,,,,,,,,
30.69,32.23,0.54,2.32,,,,,,,,
28.84,65.75,1.13,1.21,,,,,,,,
41.77,69.01,0.88,2.71,,,,,,,,
31.41,56.91,1.44,1.85,,,,,,,,
7.92,58.77,0.3,2.56,,,,,,,,
31.9,90.24,1.05,1.48,,,,,,,,
12.81,65.88,0.56,1.73,,,,,,,,
21.7,37.08,0.29,1.83,,,,,,,,
21.72,66.61,1.1,2.7,,,,,,,,
7.63,35.25,1.38,1.33,,,,,,,,
27.04,66.02,0.91,2.58,,,,,,,,
12.14,36.02,1.02,2.72,,,,,,,,
10.4,29.19,0.74,2.56,,,,,,,,
27.17,60.47,0.63,2.59,,,,,,,,
16.11,26.67,1.1,1.72,,,,,,,,
25.8,11.86,0.28,2.77,,,,,,,,
43.04,63.02,1.19,1.57,,,,,,,,
16.01,27.4,0.48,1.56,,,,,,,,
33.06,76.83,1.03,1.39,,,,,,,,
18.82,78.75,0.85,1.77,,,,,,,,
14.16,92.09,0.41,2.1,,,,,,,,
31.45,96.8,1.09,1.49,,,,,,,,
40.17,80.02,0.63,1.27,,,,,,,,
16.79,45.74,1.48,1.7,,,,,,,,
29.09,99.74,0.32,1.44,,,,,,,,
8.34,16.88,0.96,1.24,,,,,,,,
25.54,11.62,1.02,2.57,,,,,,,,
19.0,59.65,0.83,1.92,,,,,,,,
25.01,80.93,0.66,2.57,,,,,,,,
32.23,18.6,1.01,1.43,,,,,,,,
12.1,81.06,0.28,2.62,,,,,,,,
41.43,10.65,1.35,1.93,,,,,,,,
28.65,52.05,0.59,2.41,,,,,,,,
35.63,90.57,0.38,2.14,,,,,,,,
24.28,85.95,0.22,2.08,,,,,,,,
34.48,67.31,1.09,2.94,,,,,,,,
35.48,70.04,1.21,1.37,,,,,,,,
11.07,46.07,1.36,2.74,,,,,,,,
9.41,72.12,1.42,1.24,,,,,,,,
17.06,91.91,0.92,1.94,,,,,,,,
43.47,84.4,0.58,2.43,,,,,,,,
29.32,20.0,0.5,2.5,,,,,,,,
25.73,47.32,0.97,1.31,,,,,,,,
14.31,96.2,1.13,2.47,,,,,,,,
32.03,43.37,0.81,2.64,,,,,,,,
30.03,68.76,1.08,2.49,,,,,,,,
21.17,57.47,0.98,1.61,,,,,,,,
32.17,18.05,0.87,1.4,,,,,,,,
8.58,18.21,0.53,1.28,,,,,,,,
9.89,92.3,0.84,1.8,,,,,,,,
34.33,51.29,0.6,1.29,,,,,,,,
33.98,77.4,0.85,2.92,,,,,,,,
30.05,14.89,1.49,2.9,,,,,,,,
12.67,75.9,0.51,2.6,,,,,,,,
15.83,31.64,0.65,1.96,,,,,,,,
17.18,17.5,1.08,1.86,,,,,,,,
9.31,13.34,1.5,2.47,,,,,,,,
11.37,47.52,1.5,1.3,,,,,,,,
37.06,91.28,1.14,1.63,,,,,,,,
9.39,26.88,1.25,2.41,,,,,,,,
30.94,98.38,0.97,2.92,,,,,,,,
23.21,47.69,1.45,1.78,,,,,,,,
33.36,48.87,1.47,2.44,,,,,,,,
29.57,72.06,0.38,2.04,,,,,,,,
15.88,23.49,1.33,2.06,,,,,,,,
44.77,61.31,1.42,1.5,,,,,,,,
40.62,79.7,1.41,2.02,,,,,,,,
22.25,11.73,1.33,2.42,,,,,,,,
7.78,83.24,0.4,1.38,,,,,,,,
11.04,11.41,1.29,1.77,,,,,,,,
10.46,39.47,0.99,2.07,,,,,,,,
19.96,52.86,0.53,1.8,,,,,,,,
22.53,59.91,0.61,1.53,,,,,,,,
32.52,76.24,0.6,2.07,,,,,,,,
40.36,13.7,0.78,1.72,,,,,,,,
17.36,36.84,0.24,2.26,,,,,,,,
35.37,70.42,0.29,2.67,,,,,,,,
18.12,37.54,1.42,2.39,,,,,,,,
43.32,87.25,0.9,1.59,,,,,,,,
27.41,77.23,0.69,1.88,,,,,,,,
43.97,85.52,0.38,1.44,,,,,,,,
39.11,45.34,0.85,2.0,,,,,,,,
12.27,29.33,0.42,1.58,,,,,,,,
15.05,81.43,0.71,1.28,,,,,,,,
16.52,26.23,0.91,2.64,,,,,,,,
26.07,96.25,0.31,2.4,,,,,,,,
42.0,47.05,1.35,1.41,,,,,,,,
18.75,90.4,1.05,2.02,,,,,,,,
11.94,22.77,1.32,2.25,,,,,,,,
43.72,75.42,0.22,2.21,,,,,,,,
38.85,19.37,0.79,2.09,,,,,,,,
32.13,66.82,0.94,2.31,,,,,,,,
30.16,54.64,0.26,2.62,,,,,,,,
35.46,22.5,1.17,2.68,,,,,,,,
25.37,68.65,1.01,1.23,,,,,,,,
36.78,73.94,0.55,2.5,,,,,,,,
15.73,85.28,0.49,2.22,,,,,,,,
44.96,46.6,0.65,1.31,,,,,,,,
10.6,61.68,1.1,2.92,,,,,,,,
38.22,95.86,1.44,2.04,,,,,,,,
39.63,72.25,1.13,1.32,,,,,,,,
33.22,32.7,0.91,1.71,,,,,,,,
39.43,69.26,0.25,2.75,,,,,,,,
44.41,12.19,0.34,2.23,,,,,,,,
9.26,64.49,0.55,2.98,1.7437760980148e-5,1.58333576676489e-9,0.1929717988764697,66.21203239915671,1.44644851322865e-5,3.36384614772607e-9,-0.1655232265544523,63.01524556995798
37.6,50.39,0.84,2.64,8.43885269273939e-6,6.33430186169145e-11,0.2218864464598785,62.278289041415164,1.12132209990564e-5,1.89305282149936e-10,-0.1856117105527956,59.3452514848659
34.89,80.7,0.31,1.28,1.86623572969066e-5,9.11885161133012e-11,0.2216557153499113,60.308729945776754,1.79561312794533e-5,7.60473753340236e-11,-0.2231796696361298,58.61071137785599
17.69,90.3,0.86,1.28,2.12403207999077e-5,2.60449335797846e-10,0.2198675216040963,62.15332789426843,1.93836415160206e-5,6.80394657542849e-10,-0.1899493830497818,59.04105897837045
20.37,89.72,1.05,2.87,1.82978976412339e-5,3.24996385535216e-10,0.2140109601795347,61.193790242598034,2.01979422748968e-5,2.03329878390108e-9,-0.1586480120708541,60.807271845321644
27.17,97.82,0.78,2.55,1.89430946735136e-5,1.89079253826933e-10,0.2195210055698327,62.02155704872947,2.16978509570169e-5,5.47718586115328e-10,-0.1845936352854648,60.25367345871508
43.75,14.83,1.38,2.96,2.03722387467444e-6,1.64509083206483e-11,0.2232389961805731,62.61410332431497,3.08527047805314e-6,1.49220990593749e-10,-0.1563432459283899,59.75130518173581
22.97,40.91,0.57,1.5,9.50552435214177e-6,8.03917968744711e-11,0.2208728295496175,61.77489940021825,8.97248570181136e-6,1.13504534576667e-10,-0.2074633025572619,59.05852402101071
40.51,26.76,1.42,2.88,3.74256417313982e-6,3.40842456751467e-11,0.2221256589164848,62.30412501650258,5.70910765734784e-6,3.02356801748033e-10,-0.155514366822665,59.44569670702247
38.58,13.85,1.44,1.33,2.09528500921968e-6,1.58293721642787e-11,0.2244642497955765,61.79334145324628,2.85784433581576e-6,1.07920461314853e-10,-0.1654540161468773,60.132649233718006
7.24,35.35,0.68,1.9,1.00899033375523e-5,7.52848416279196e-10,0.2012570691714186,63.63296180761238,7.88313596291923e-6,1.56102337620004e-9,-0.1766065468166712,62.82563539094011
28.48,38.14,1.11,2.09,6.94436079188041e-6,6.84760800886839e-11,0.220905204048866,62.237401409538194,7.84110451423285e-6,3.13716707817066e-10,-0.1735231139206559,59.52548572335982
36.78,32.32,0.65,1.52,6.19877012738778e-6,3.59915748297281e-11,0.2233604745145388,60.88298982949185,6.68150932800149e-6,6.05504431565123e-11,-0.2038320175317357,58.766855609358224
9.18,13.67,1.34,2.73,3.49417330495669e-6,4.84734969437856e-10,0.1896355583869358,66.94065486242295,2.5978844860511e-6,3.31981870304678e-9,-0.1271366136199135,68.04622352058516
12.1,43.1,0.55,1.36,1.18663984212241e-5,2.11151477914707e-10,0.2152641164582175,61.07072642548513,9.73760788081715e-6,3.53230690593401e-10,-0.1979716435494019,61.31658180093649
12.23,72.13,0.29,2.32,1.98658452475838e-5,4.60542766521718e-10,0.2101593748399229,61.4831553141386,1.59483631031598e-5,6.38237262116548e-10,-0.1973692237100168,61.34157956157886
43.14,47.94,1.15,2.61,6.90535858530313e-6,5.2262147354595e-11,0.2234998863655387,62.33782664066166,1.05122476647229e-5,2.77588128138512e-10,-0.1715044646087197,58.91142289859523
34.64,53.83,0.34,2.33,1.13446865741445e-5,6.94308430883152e-11,0.2198895335332191,61.59117178183834,1.19963812020022e-5,8.29110823705517e-11,-0.2106861281253696,60.265440458545314
17.91,73.89,1.18,2.47,1.55446306026486e-5,3.04536788117283e-10,0.2149736918757153,61.374942992995365,1.63062119609365e-5,2.28791064329421e-9,-0.1556536249852134,60.962263324665685
34.84,64.72,1.31,1.58,1.05174859702995e-5,8.74689354808683e-11,0.2232599003173782,62.33103494662338,1.43206936209568e-5,4.99489876875084e-10,-0.1698268111569441,59.14986010527427
15.58,55.87,1.1,2.75,1.2573872758183e-5,3.37756765114614e-10,0.2104331590117549,63.53587439180078,1.26452700954152e-5,2.26761887385901e-9,-0.1543640382059465,62.55177555802834
40.81,67.09,0.94,2.04,1.08676932246115e-5,7.39488786864266e-11,0.2227968998976058,61.84334069245369,1.47508607662185e-5,2.46267013346708e-10,-0.1832910397628385,59.87929283903316
13.82,28.51,0.47,1.57,7.59560731322033e-6,1.10302053903939e-10,0.2175778856138709,61.760871819889246,6.26197603400006e-6,1.46839443512782e-10,-0.2079915482702648,59.70769060041192
32.08,92.54,0.29,2.02,2.07061242126137e-5,1.22872387392518e-10,0.2208078525855384,61.13823451576002,2.04150270132784e-5,1.255763928803e-10,-0.2158784111705615,61.00532144404046
32.08,18.73,0.57,1.21,4.04361962832607e-6,2.33539143057457e-11,0.2231401429814547,60.59456117264446,4.02501705386309e-6,2.9849349720152e-11,-0.2113774515855767,60.391950067130246
28.8,43.57,0.9,2.95,8.11550658232045e-6,8.46561378880736e-11,0.2185504596233555,61.7032696693589,9.68248249226146e-6,3.27059121204189e-10,-0.1754950970675731,60.29480574750739
28.62,68.28,0.81,1.62,1.38683684204468e-5,1.08642956335673e-10,0.2216826330787388,61.91218644998028,1.54341948799785e-5,2.65070152840159e-10,-0.1919416757240778,59.7587773399787
19.46,65.33,1.4,2.1,1.29488245763886e-5,2.37689674674447e-10,0.2157742458050978,60.8980794424419,1.45374369138364e-5,2.2794992901279e-9,-0.1488174216346786,62.37036987056739
23.61,68.17,1.22,2.3,1.29607456300287e-5,1.72526103681033e-10,0.2184372263865467,61.53930362254753,1.53093286393792e-5,9.91337137119151e-10,-0.1643074854836112,61.71919556674467
19.15,12.29,0.95,1.81,2.7944806452737e-6,3.50089274549476e-11,0.2183544300265337,61.80122559038688,2.50888110926118e-6,1.09109094021995e-10,-0.1832236567308596,61.45386456603135
29.42,11.11,0.42,1.92,2.47532239139955e-6,1.64759146855582e-11,0.2202176331764592,61.36887815616987,2.1682189572726e-6,1.99078965204625e-11,-0.2108328784089861,60.14916874363793
29.42,49.27,1.16,2.66,8.48113415667865e-6,9.31956525240457e-11,0.2194327155357472,61.796174035398884,1.08343197466357e-5,5.56844607375819e-10,-0.1639840992873223,61.287046635102556
19.94,80.87,0.74,2.5,1.79761390315931e-5,2.55618003646004e-10,0.2155518293718046,61.055896332307334,1.80421269336847e-5,7.82237845534917e-10,-0.1800957660247677,61.87975910360441
7.51,92.41,0.88,2.76,2.46482592168509e-5,4.79869385630088e-9,0.1863876779078918,68.0447373929236,2.01737600151867e-5,1.85746836208531e-8,-0.13984534052564,67.3891246514006
40.87,53.11,0.32,2.11,1.08865380592057e-5,5.46730011682903e-11,0.2207836678035894,61.0000409603273,1.19100290139897e-5,6.04922455642902e-11,-0.213010378308123,60.99520014780016
23.51,89.03,0.73,2.89,1.83324630850734e-5,2.26926171318154e-10,0.2167984017331516,61.35711613933463,1.95975755989425e-5,6.43165270209777e-10,-0.1828991784133486,61.4444685292706
32.36,17.18,1.2,1.28,3.05702302471712e-6,2.34152527167014e-11,0.2238312709533787,61.73767660504084,3.64188360420024e-6,9.33083938554213e-11,-0.1801415441042541,61.502948167521886
36.37,57.82,0.95,2.0,9.80470607414288e-6,7.16008436416023e-11,0.2232782223882565,61.90471781006572,1.24951020976966e-5,2.41406480039858e-10,-0.1836794768450496,60.125836881624856
36.37,17.31,0.97,1.54,3.10159178576381e-6,2.01636047143514e-11,0.2239746102796394,61.309986419915724,3.70609145372753e-6,5.8697213691627e-11,-0.1894502204867217,58.96586600548466
20.09,34.52,1.43,2.37,6.72009162890444e-6,1.24765651057567e-10,0.2150903164447644,61.12732282298176,7.28497996267976e-6,1.31952849005558e-9,-0.1455254915983664,62.31691015182468
19.96,95.61,1.15,2.83,1.9193810182452e-5,3.65401171346011e-10,0.2139387957633748,61.605088851554314,2.06991270789778e-5,2.76848407891153e-9,-0.1541666462965026,61.15263820165634
18.65,27.52,0.91,2.59,5.97422699744122e-6,9.91803468486883e-11,0.215354379939538,60.96835824451263,5.76407160210209e-6,4.26605745808978e-10,-0.1719643798564773,60.666895737987915
44.73,72.19,0.46,2.73,1.26044603415482e-5,7.20438180623461e-11,0.2211742174292426,61.66054633298593,1.58383214239299e-5,1.12655338735042e-10,-0.2035205581427556,58.93876958310416
28.7,44.97,0.76,1.67,9.19899353213641e-6,7.10061066412873e-11,0.2214928601036026,61.85021828367926,9.88660594073674e-6,1.59571144464206e-10,-0.1938820762294002,60.393925905281684
31.38,42.65,1.44,2.54,6.74405481001003e-6,7.37024166860531e-11,0.2216224118650844,62.20902798825657,8.8658005403314e-6,7.20654225808515e-10,-0.1535870419128317,59.51763696587942
29.84,48.93,1.45,1.65,8.27935123358166e-6,8.40076849030224e-11,0.2216786344066148,62.29295243018393,1.07434931325528e-5,6.12377008864468e-10,-0.1605400638481627,61.08270877862879
38.79,54.74,1.29,2.23,8.09960499728302e-6,6.79024578233501e-11,0.2233018528976351,62.53584097879582,1.20794724937038e-5,4.16645843027782e-10,-0.1662146795772867,60.002036121396536
32.96,16.33,0.59,1.24,3.46763637871724e-6,1.98965337720293e-11,0.2229993097749105,60.63143434695928,3.50958941013237e-6,2.68645832060183e-11,-0.2099158541379493,59.89774388207303
43.37,53.81,1.32,2.76,7.32144983995233e-6,6.03182364543682e-11,0.2237054738973576,62.65388859404174,1.17467554658205e-5,4.18236140359299e-10,-0.1625200109620155,61.25250220397263
13.84,95.05,0.32,1.74,2.60337369805575e-5,3.68361264772936e-10,0.2169521018322923,61.67629404443885,2.13831791557359e-5,3.84665915944113e-10,-0.2129466852034057,60.79160606225588
16.33,45.31,1.27,1.46,3.10159178576381e-6,2.01636047143514e-11,0.2969553926139676,65.50433027803798,3.70609145372753e-6,5.8697213691627e-11,-0.2433996638927249,61.18373212595658
11.24,84.73,0.79,2.48,2.1616789825423e-5,8.9588833832026e-10,0.2065064384444766,64.30817238896915,1.89747972888179e-5,3.33004020545427e-9,-0.163680731795652,62.260002014203685
22.71,63.4,0.72,1.37,1.44127376514077e-5,1.27121622930794e-10,0.2214338287044519,61.901909893649744,1.39781184863618e-5,2.29819085018426e-10,-0.200183187671246,60.725319017903736
9.36,89.55,0.7,2.25,2.39255294561143e-5,1.44167147996958e-9,0.1999747895395664,63.121187101518125,1.94290041264051e-5,3.32453121737228e-9,-0.1722567256057212,62.97696444044058
8.07,94.63,1.14,1.75,2.52273691945575e-5,2.59636046476799e-9,0.1954936165657587,66.3557601100656,2.11520442465075e-5,1.06409881464969e-8,-0.1491964601568696,63.04420781023991
42.97,69.13,0.49,2.21,1.26797896763564e-5,6.76092606117709e-11,0.2223449722689728,61.09320235570899,1.53814678836899e-5,9.95385618847634e-11,-0.2070581953984585,59.04898671756306
31.86,44.74,0.27,2.31,9.94342328347985e-6,6.2170713782026e-11,0.2200384781413631,61.501934750854595,9.81795783772064e-6,6.65096048576587e-11,-0.2139795213859229,61.41219877582352
27.45,16.65,0.99,2.18,3.22396326245423e-6,3.00608372889081e-11,0.2208133518147407,62.354871643414135,3.48111697405113e-6,9.5639499189113e-11,-0.1832783061999756,60.54376624548436
26.19,72.78,0.33,2.2,1.68636122027877e-5,1.28350549134428e-10,0.2196837646816064,61.91157166981723,1.59947736700083e-5,1.48989337286025e-10,-0.2110082312502459,60.26049641307355
17.14,42.17,0.39,1.3,1.11983053165506e-5,1.10137122382039e-10,0.2203511327957609,61.6408156878574,9.53879486668487e-6,1.19052736564877e-10,-0.2145087908589244,61.194892924522236
40.45,17.2,0.24,1.26,3.95506715146817e-6,1.6179181416041e-11,0.2218554736590172,59.88159263287025,3.62748085759309e-6,1.31190296580221e-11,-0.224504343619762,58.92754959395301
38.94,60.87,0.63,2.84,1.04515895797443e-5,7.38219362891052e-11,0.2209125215177701,62.201377320301035,1.33122020220073e-5,1.68794416800831e-10,-0.1923203264524734,60.00030234170577
37.23,19.36,0.36,2.25,3.98953128225713e-6,2.20049834746047e-11,0.2212597765867967,61.09644384659084,4.13455835382139e-6,2.56201099924307e-11,-0.2120349244252505,60.65719168485058
18.19,76.64,1.36,2.93,1.51899647885515e-5,3.77654030144595e-10,0.2126936139691117,63.30736853709457,1.71013485218456e-5,4.43608316124694e-9,-0.1394044917782528,61.769052995271004
37.82,86.02,0.43,2.0,1.73498406352283e-5,9.576540262691e-11,0.221741341569535,61.077239071529426,1.9394516144673e-5,1.24149310674666e-10,-0.2095468227825043,59.82561348596535
37.82,53.62,0.93,1.44,9.41965736329986e-6,5.98659135747178e-11,0.2240672078634744,61.281839955763665,1.16938051345099e-5,1.62340780234135e-10,-0.1907710924798428,59.40698158194716
10.49,89.58,1.34,1.91,2.17571935328796e-5,1.28439437985657e-9,0.2038971499851921,63.762451414044286,1.94115799919747e-5,1.14254148171016e-8,-0.137143464746053,63.53694263972484
15.71,28.78,0.92,1.99,6.71977507626193e-6,1.23521528586521e-10,0.2146563848840121,60.7874217213283,6.08425108231607e-6,4.52964582273948e-10,-0.1758110394663561,60.364467581564824
25.5,90.42,0.86,2.25,1.80393915513915e-5,1.84167408167107e-10,0.2198043246679459,62.0576617831667,1.95014743402151e-5,5.55761833369518e-10,-0.183937665479628,60.542990716116975
26.03,31.24,0.68,2.88,6.35552297749732e-6,6.4691714402811e-11,0.2186453873147666,61.879895752049855,6.76108261571652e-6,1.66369766548615e-10,-0.1882725051225667,59.40059087007992
21.35,17.1,1.45,2.02,3.36213602931553e-6,4.74186666898405e-11,0.2191101420658803,61.73104531378967,3.67110514999346e-6,2.92643158271276e-10,-0.1632961841425946,62.078709471996746
7.56,87.14,0.75,1.7,2.48239418213962e-5,1.57838304759819e-9,0.2032020544580858,63.18189017017244,1.97797728946493e-5,3.60590389716336e-9,-0.1758455066495035,62.36014440933912
27.04,96.3,1.17,1.61,1.79066404518455e-5,1.75291032199467e-10,0.2220707469281138,62.52804082327923,2.12861147303091e-5,7.98285947013371e-10,-0.1744085207684191,59.805636852505934
19.12,35.83,1.47,2.82,6.89138964967153e-6,1.59419587389108e-10,0.2133706095836765,62.81619800185367,7.44162154665215e-6,2.05009807694476e-9,-0.1381187125990178,61.48645451403407
8.43,89.38,0.42,2.67,2.5226383927162e-5,2.01155173996909e-9,0.195943548927281,65.09859215208257,2.0098253765594e-5,2.90142339363621e-9,-0.1796820410232928,61.60194983984438
30.93,27.4,0.36,2.29,5.97730298678243e-6,3.92272842696574e-11,0.2205659044208131,61.537588385447236,5.91837478556183e-6,4.85755083101048e-11,-0.210686612531308,60.29807389604637
9.33,82.49,0.86,1.61,2.26816345230352e-5,1.00766047934164e-9,0.2053336404448621,63.838834200997255,1.86702991666701e-5,2.68606475708863e-9,-0.1739150509045468,61.58467240002154
23.08,62.09,0.59,3.0,1.33322668790411e-5,1.60087005438644e-10,0.2164859891356748,61.355491438080946,1.36800008187225e-5,3.57913156829583e-10,-0.1900734563647941,59.329396373191024
26.07,31.76,0.53,2.94,6.63010561698305e-6,6.46477274380893e-11,0.2183825535283023,61.88074580525449,7.03213326183834e-6,1.29934109023669e-10,-0.1940186035765774,60.602511979954144
30.31,90.98,0.42,2.02,1.98237155756111e-5,1.33275491809247e-10,0.2205085949990818,61.563766631058584,2.0298677043336e-5,2.36840662436186e-10,-0.2004536703555283,60.28489432033131
22.39,81.88,0.96,1.78,1.71821529694672e-5,1.89260645255518e-10,0.2201664074523726,62.1559770900361,1.83900531637657e-5,6.00091177747469e-10,-0.1830980146830508,61.00112597569056
22.39,10.84,1.41,2.38,2.14358830767225e-6,2.90043094649106e-11,0.2183516975175214,61.619154050636794,2.22508494509642e-6,1.69547436937976e-10,-0.1644625957269168,61.96868594628982
31.9,97.01,0.94,2.54,1.70394196495967e-5,1.53002773968029e-10,0.2211285366561616,62.32510821994384,2.1859214020744e-5,6.1519733652427e-10,-0.1771188575444234,60.891325130868005
8.32,35.6,1.12,2.08,9.47012958572027e-6,1.08434926797508e-9,0.1932749683378563,66.7705480874006,7.6203471226651e-6,4.86364185531342e-9,-0.1435448848933636,64.3132459222504
26.96,10.04,1.06,2.2,1.93762801842118e-6,1.85303913391744e-11,0.2208107982328334,62.36704870680113,1.95661384027621e-6,7.21189901102086e-11,-0.1779566944377827,60.99626154641025
9.04,22.18,0.98,1.54,5.99779599161841e-6,2.96158623365296e-10,0.2049139314678481,63.70621689678335,4.87167984200272e-6,8.91293757397971e-10,-0.1702748550077457,63.05589105955342
42.55,48.5,1.42,2.99,6.38667078707544e-6,5.76460591483579e-11,0.2235221642304105,62.58131444016117,9.81884003057468e-6,5.38261338299328e-10,-0.1550199569257216,59.27716048720015
17.22,14.37,1.08,2.75,3.05557399224525e-6,6.06141263588388e-11,0.2147276329477528,61.15824549432738,2.93269043145364e-6,3.25525408484762e-10,-0.1644548551790801,62.75775965669758
10.0,23.7,0.88,2.4,6.00612119731281e-6,3.05852998284108e-10,0.2058412296360201,64.03646795722325,5.09997201241264e-6,1.21942618381666e-9,-0.161227413787382,61.3698289728145
23.36,80.45,0.87,1.71,1.71459333032528e-5,1.71572802236758e-10,0.2202434884433339,62.24892035793908,1.80650204046322e-5,4.50647711731171e-10,-0.1894539838693691,58.96361007360146
40.82,23.12,0.43,1.21,4.79279820470209e-6,2.20284035637847e-11,0.2225411284066122,60.20909255838826,4.97082843407077e-6,2.3811789492121e-11,-0.2154755885061508,60.58121077799468
33.69,90.58,0.3,2.4,1.93408180442487e-5,1.20446063716534e-10,0.2198383884552269,61.61499554924618,2.00026063090062e-5,1.39670096436714e-10,-0.2115090833843008,60.55937765021585
20.91,73.96,0.73,1.89,1.69094500716241e-5,1.89315588017284e-10,0.2177417603437082,61.64092068271509,1.66488403440329e-5,4.78817780395023e-10,-0.1891598300479928,59.155625541596244
14.78,38.78,1.23,1.63,8.87244291797314e-6,1.90872967254543e-10,0.2146794725796559,61.16788653387853,8.30881625170732e-6,1.11693583013911e-9,-0.1624924745715163,61.84938394309482
39.79,84.84,0.39,2.53,1.62862800949516e-5,9.55744968135912e-11,0.2203920651916755,61.654728296465635,1.88157114692456e-5,1.31406432430611e-10,-0.2071087222555514,59.043874912253365
17.38,72.83,1.08,2.63,1.5633103752529e-5,3.17738284850238e-10,0.2143267908848588,61.6367896122378,1.61163877419071e-5,2.11666593499812e-9,-0.1580574578953505,60.64985146467949
14.36,46.24,1.25,1.68,1.06294880700588e-5,2.45537107790526e-10,0.2141547097902707,61.703273932741844,9.55671784610734e-6,1.66849344883812e-9,-0.1584582177885905,60.51040263952683
25.94,47.38,1.21,2.34,8.58337101750791e-6,1.00244624670578e-10,0.2204244341120283,62.04321899580974,1.05329646579854e-5,6.02322355616305e-10,-0.1647968219117541,61.28627587884638
12.64,75.31,0.97,2.86,1.77947924959521e-5,8.22672523088824e-10,0.2036093725003198,63.38288127210562,1.65898905518361e-5,4.82672256502012e-9,-0.1480534821972954,63.27991746464826
15.07,11.02,0.54,2.19,2.76091671387647e-6,4.38054151911743e-11,0.2154604171136758,61.22971118202611,2.25681901280819e-6,7.51118886831437e-11,-0.1982860289785657,61.883778621522985
22.5,66.72,0.45,2.53,1.52910838645639e-5,1.57283735363751e-10,0.2178118603105715,61.802427580178524,1.47291349148101e-5,2.41370165602777e-10,-0.2015570740858925,60.75267179897503
43.88,56.92,0.71,2.98,9.10362469543363e-6,6.03402909183154e-11,0.2217483431299314,62.108268450622354,1.26282028652425e-5,1.55718752533365e-10,-0.1900517229063232,59.26106441174975
30.63,38.68,0.74,2.15,7.53029193716906e-6,5.83168600893943e-11,0.2216600082817141,62.04555472606765,8.41978440988133e-6,1.38638331093979e-10,-0.1926723518610594,60.11661827914991
21.56,84.44,0.96,1.67,1.80158937687885e-5,1.99771730047246e-10,0.220425748302118,62.22716357671991,1.8201162933025e-5,6.22360138452511e-10,-0.1843206736745556,60.73529197403844
11.8,25.91,0.44,2.96,6.72409066382113e-6,2.42987358300169e-10,0.2064363821896618,64.5551903965833,5.51053298988539e-6,5.10339374333331e-10,-0.180174343701472,61.81191430659139
12.27,69.37,1.32,2.5,1.62835991833791e-5,8.63144001263894e-10,0.202769293117459,63.72724862159515,1.49813257996149e-5,8.79402995698998e-9,-0.1317895095041791,63.65933060535803
25.09,22.83,1.23,2.72,4.24824648173391e-6,5.5755640732451e-11,0.2174908563537768,61.32174240315458,4.89801602342836e-6,3.26709650015612e-10,-0.1629976115421304,62.059091704311214
29.91,31.07,0.68,1.64,6.38866572926832e-6,4.62351750091678e-11,0.2212068759508914,61.642779296923244,6.45360080712844e-6,8.81238637367323e-11,-0.1982905384205776,60.915124717692585
18.03,51.75,0.39,1.51,1.34252939277033e-5,1.33036480781437e-10,0.2197063805383525,61.96051103815058,1.16729865616614e-5,1.53229182779637e-10,-0.2119819747358777,60.41498642359168
9.5,16.67,1.01,2.13,4.3999128823727e-6,2.30435154684255e-10,0.2048279582402428,63.714914813096016,3.51279174753392e-6,8.83433289145752e-10,-0.162082627644556,61.55401744184834
22.75,75.43,0.96,2.81,1.50911410712683e-5,2.07300972233307e-10,0.2170402661705871,61.31193703697954,1.69743681722705e-5,8.74880951491637e-10,-0.1725066765573754,59.37545754273119
31.23,34.7,0.65,2.34,6.79195839052969e-6,5.1594767184327e-11,0.2212245888903832,62.07116737004617,7.18232635888848e-6,1.09634730020339e-10,-0.1954392555232361,61.08130064706237
16.01,81.03,0.22,2.3,2.14559681147959e-5,3.02708825890084e-10,0.2140674964533415,60.93433123762945,1.77963767152971e-5,3.21631399992462e-10,-0.2100197462645746,59.95146538279282
39.3,39.0,0.52,1.69,7.65080667814742e-6,4.08270395181521e-11,0.2224181575526084,60.866948333197044,8.52680191849597e-6,5.75752409125925e-11,-0.2081181971200218,59.33020805280071
24.28,86.16,0.58,2.59,1.84319365883298e-5,1.9531182100933e-10,0.2173771380166202,61.59553393924097,1.91529903115346e-5,3.81380148765422e-10,-0.1939212467491745,60.53051909710548
13.15,22.7,0.5,1.39,6.02868285647968e-6,9.04798818734864e-11,0.2178225478241567,61.79118478735586,4.89898122159586e-6,1.36514892813034e-10,-0.2060818912927666,60.793242617355
14.67,74.34,0.66,1.62,1.90465934989901e-5,2.92412667703683e-10,0.2167229472776512,61.4349899620122,1.65835638609667e-5,5.94814039101453e-10,-0.194379915425848,60.5720095659627
20.59,18.68,0.56,2.27,4.41233696571486e-6,4.90205209059091e-11,0.2169898759047129,61.55414120811978,4.06214007799382e-6,9.24558865179641e-11,-0.1955846190851832,60.97146375279139
31.67,18.16,0.3,2.94,3.88852371765787e-6,2.71643777575031e-11,0.2191887688357285,62.130506022773325,3.85896444580506e-6,3.34103769277677e-11,-0.2094892458414267,59.95653583649893
35.83,36.2,1.29,1.94,5.67367858786752e-6,4.73268349371352e-11,0.2238639191757941,62.338939046108166,7.82215454624438e-6,3.0015574468459e-10,-0.1666937191626993,60.19208266763773
16.89,18.26,0.93,1.47,4.31777299137841e-6,5.89983517791844e-11,0.2183650299302649,61.759561792290086,3.8262297012638e-6,1.71135342295593e-10,-0.185952373275302,60.8869933824373
8.15,90.07,0.95,2.37,2.40676355224049e-5,3.00148644490012e-9,0.1920935949045478,66.22689784722961,2.03330484351115e-5,1.11164840882692e-8,-0.1471748342225608,64.29101106134756
44.51,13.11,0.68,2.44,2.2161273176359e-6,1.26493766412025e-11,0.2224764209475845,61.343285912738594,2.5989032700125e-6,2.59740308732476e-11,-0.1968848968125128,61.23635756508314
13.51,54.64,0.33,1.85,1.4934296396608e-5,2.23437443597693e-10,0.2165989640302201,61.55711983073525,1.20012670731284e-5,2.68358023305497e-10,-0.2100904109388417,59.98297653426785
15.63,63.13,0.29,2.38,1.64967618304605e-5,2.5357970498981e-10,0.2137268350603525,60.81998088688604,1.36643935120285e-5,3.17833928593533e-10,-0.2058043913459127,60.75696373782739
23.38,50.8,1.06,2.27,1.00487584034375e-5,1.23241510261799e-10,0.21881723570628,61.722717990135386,1.12893567844323e-5,4.94980115753353e-10,-0.174993843456174,60.07492050311532
29.94,39.18,1.22,2.88,6.67061021475608e-6,7.56121162999937e-11,0.218963839351502,61.62327612911979,8.49453978847652e-6,5.09076441471219e-10,-0.160009599257625,61.013732044229066
18.54,27.07,0.28,1.55,7.14855463393181e-6,6.58593672301123e-11,0.2195402889145533,61.67359985061116,5.93248076615931e-6,6.29645486511255e-11,-0.2172850665323319,60.98897316492294
27.3,64.06,0.84,2.26,1.23682058462633e-5,1.1820283649546e-10,0.2204514967969544,62.247623808960235,1.36089564851133e-5,3.47478860788587e-10,-0.1852370010442767,59.95087223256533
28.17,81.96,1.33,1.65,1.43064884182846e-5,1.47771576667577e-10,0.2219957492114885,62.40709382604857,1.76157682733208e-5,9.01584088514578e-10,-0.1657565837983125,60.58481780774774
9.76,49.93,1.29,2.16,1.2391463547026e-5,8.76228912780299e-10,0.2016782247660265,64.93865473488708,1.12796983677661e-5,6.83696920302891e-9,-0.138170824711343,64.24214067499453
9.23,97.34,1.13,1.83,2.54030137023914e-5,1.93009601176673e-9,0.1976882781120263,64.93158565212056,2.17476874389271e-5,8.09821148940911e-9,-0.1518110800132604,64.04658184070063
16.28,99.35,0.49,2.12,2.5185501313472e-5,3.72338282828671e-10,0.2146230916099325,60.93949860087251,2.21205452760505e-5,6.27761487048277e-10,-0.1972990400856129,61.5814153366718
43.85,44.36,1.26,1.6,6.45555821638748e-6,4.39343472661632e-11,0.2248104912517077,61.66247049227621,9.47262380969243e-6,2.18651564105695e-10,-0.1742334489558412,59.77610028961817
36.0,53.01,0.82,2.02,9.38845121565496e-6,6.52390693367357e-11,0.2229568940523104,61.71085622542527,1.1760745052022e-5,1.73863419005447e-10,-0.1906481959815937,59.4394790223548
25.38,69.58,0.89,1.78,1.40701832406052e-5,1.36618847482729e-10,0.2199081681448214,62.11372635188679,1.48074656889302e-5,3.79500119949482e-10,-0.1875580710258215,59.24391159982585
9.57,34.58,0.55,2.18,9.43880752570425e-6,3.58564093288144e-10,0.2084304057790321,63.80079232055816,7.57082974765101e-6,7.47005732831192e-10,-0.184138553147859,62.79532765304693
41.92,79.69,0.26,1.31,1.73661821707966e-5,7.15361648835681e-11,0.2227765743611235,59.802425088446036,1.72297494625926e-5,5.57491568732398e-11,-0.2256750583534544,59.373319265632816
17.02,62.29,1.19,1.81,1.35324718411137e-5,2.36295125322686e-10,0.2170754893301585,61.24282775550627,1.37158062835139e-5,1.40781735548359e-9,-0.1636323343996048,62.29469971216958
41.73,81.72,0.51,2.75,1.41909392408172e-5,8.7856622396152e-11,0.22155362946839,61.73574955147486,1.79266587873641e-5,1.52362084390329e-10,-0.2004480077102571,60.09555597557723
14.25,54.44,1.41,2.92,1.17617502316347e-5,4.95577595059126e-10,0.2073548236827051,64.34512839331965,1.21035304462692e-5,6.33558678157896e-9,-0.1302732865306709,64.19383319011368
16.64,78.84,1.11,2.43,1.73694841322538e-5,3.91866235516378e-10,0.2119084661957897,62.317300229826955,1.73737996977657e-5,2.38152374135549e-9,-0.1583552611031144,60.69346517954595
24.84,18.0,0.91,2.22,3.7076779162741e-6,3.80904762506027e-11,0.2189966214170374,61.89683807309159,3.83469774272967e-6,1.07909451882009e-10,-0.1855771950460336,60.06311361716375
13.94,50.05,0.39,2.68,1.29960664225688e-5,2.63179619222818e-10,0.2125489199087639,60.993286395126994,1.10970627610855e-5,4.39865907462991e-10,-0.1955548646202146,61.27313320673307
27.95,14.75,0.28,1.68,3.59833303290409e-6,2.19103115516612e-11,0.2207620226036883,60.855788691158956,3.02253852296716e-6,2.00126819721074e-11,-0.2193966383245587,59.6370464352554
32.63,48.38,0.26,2.74,1.03279747098943e-5,6.90584736341811e-11,0.2189035618567872,61.94850360298934,1.05509982429541e-5,8.0989534040065e-11,-0.2106414505765709,60.327341459670265
26.85,80.77,1.02,1.4,1.55060237228415e-5,1.39457140536293e-10,0.2224995224170676,62.15418970480981,1.7230529142293e-5,4.5456032086506e-10,-0.1841433233983772,60.076111997933296
40.1,49.35,1.13,1.39,7.96075319853797e-6,5.31227281520078e-11,0.2242200280069818,61.52786967856408,1.09535018769201e-5,1.99497805742932e-10,-0.1810268811979862,60.63043431663761
34.03,49.81,0.86,1.67,9.2832112249787e-6,6.45656009078517e-11,0.2226768044175287,61.64735197212788,1.11592379864999e-5,1.63777278709465e-10,-0.1918553644518539,59.82246766996124
14.29,26.99,0.51,2.32,6.95210473140167e-6,1.24629423622782e-10,0.2142920860546398,60.87751093021936,5.92528277813841e-6,2.39712647677729e-10,-0.1939689541052554,60.6038618965702
37.69,41.25,0.3,1.48,8.99573101297694e-6,4.2693022203242e-11,0.2224081582325655,60.23006752381388,9.05015252730013e-6,3.83154403666577e-11,-0.2209651261411916,58.7077386805996
14.82,76.51,0.53,2.06,1.95879938388539e-5,3.20661933335739e-10,0.2150421442308378,61.06150722576606,1.71863871014861e-5,6.02251572024246e-10,-0.1950693117297416,60.883470459295765
17.32,15.98,1.39,2.16,3.34955350926912e-6,6.54633141584713e-11,0.2158894515315965,60.99134849193932,3.29540510793563e-6,5.9004784874513e-10,-0.1521717109974459,62.15302850892219
17.29,98.67,0.49,2.08,2.46714531704651e-5,3.12439789637308e-10,0.2172779386783756,61.65497760000571,2.23336222209272e-5,5.44645462255418e-10,-0.1984692785033781,61.963406238207604
44.79,57.63,0.46,2.51,1.02060449437479e-5,5.56381720224246e-11,0.2216903458514074,61.35811234385924,1.2424451560143e-5,8.25176235825734e-11,-0.2062220425628917,58.821198997160955
42.62,44.72,0.3,1.86,9.19151207760684e-6,4.1748255902183e-11,0.2221149844666728,60.44355353507877,9.52400008160548e-6,3.94309568193309e-11,-0.2189550918833698,59.49500230943687
34.2,51.18,0.5,1.57,1.07089049351201e-5,6.23432186273945e-11,0.2219626066799385,60.97869674619556,1.12749628343154e-5,7.77228220579817e-11,-0.2107781542144788,60.21099653592843
25.99,94.09,0.85,1.66,1.94867455194837e-5,1.68631490766605e-10,0.2217319405241861,62.14331117462925,2.11821477529359e-5,4.41715621480725e-10,-0.1903636388249819,59.2450753057358
33.54,34.81,1.41,3.0,5.32531600103866e-6,5.84998471165263e-11,0.2206485326824757,61.93299889161015,7.32947147102748e-6,5.72570607257956e-10,-0.1520609618138087,59.92441887548195
12.79,25.83,1.33,2.68,5.91558558241312e-6,2.97802269341984e-10,0.203133797969191,63.32978687861195,5.25910354785828e-6,3.07307757151547e-9,-0.1321411292638781,63.43657804346099
13.62,52.57,1.14,2.09,1.23195735917659e-5,3.30770669525358e-10,0.212344211312793,62.82827155716886,1.16600594227785e-5,2.1628502798821e-9,-0.1575485051902681,61.66283961848558
25.19,48.14,0.66,1.3,1.09248930460336e-5,8.52223711111318e-11,0.2209356015571043,61.64855489944422,1.08085135418095e-5,1.31076775369148e-10,-0.204978734448113,58.79945242961694
25.45,45.42,0.21,2.35,1.09590311621454e-5,8.43898786013416e-11,0.2182708793845485,62.04859272850016,1.00869959184638e-5,8.03060318374108e-11,-0.2154704269854381,61.32621618934976
38.36,51.44,0.25,2.72,1.0464901518525e-5,5.97441422150711e-11,0.2200322618541548,61.56338039161506,1.13118407279265e-5,6.60516084039096e-11,-0.2120425227951467,60.70363938418988
27.57,96.02,0.29,1.65,2.30847743640447e-5,1.46556426049469e-10,0.220858326722386,61.01347008453871,2.13764609444516e-5,1.36736262651016e-10,-0.2183341055199776,59.98827692094139
25.74,85.91,1.48,2.38,1.47268525552099e-5,1.98636002445163e-10,0.2199645556898071,61.784163191119454,1.88770771860368e-5,1.92797286309288e-9,-0.1511555587384131,60.43359520300052
31.14,76.36,1.11,1.73,1.3503269152678e-5,1.14760561459355e-10,0.2230304585513675,62.27637499471819,1.71842354649899e-5,5.07950385307713e-10,-0.176387666748959,60.58302110211577
11.92,24.36,1.22,2.04,5.87319878977499e-6,2.3286520163611e-10,0.2075193599698056,64.58503171311503,5.2501851225446e-6,1.57332450344467e-9,-0.1487907096072555,63.191070319805576
30.66,71.87,0.82,2.89,1.31146012194148e-5,1.21752338306571e-10,0.2201122667714261,62.122470154804404,1.60597702372528e-5,4.12646778330272e-10,-0.1807248680732495,61.60542870806845
31.82,25.69,0.68,1.39,5.22711645723807e-6,3.35498995900306e-11,0.2230601543598303,61.0312253704044,5.37628643158932e-6,5.88928309406265e-11,-0.2030420419067515,59.485927605788916
34.71,38.84,1.16,1.91,6.398210416363e-6,5.31484633956623e-11,0.2224604840334064,62.360102682701005,8.29632722440684e-6,2.44796364662228e-10,-0.1746189778433984,59.94614347413341
21.42,60.65,0.63,2.37,1.34351502994466e-5,1.52075462323456e-10,0.218476602029134,61.85433773098718,1.31036305840836e-5,3.07034167059075e-10,-0.1943570139748815,60.64983755158113
27.12,49.51,0.77,2.6,9.65523686603771e-6,9.59464799894256e-11,0.2192591514653365,62.007084915696566,1.10113904964264e-5,2.65969300850948e-10,-0.1859526156292624,59.83057128504898
22.92,50.31,0.92,1.7,1.06763984187351e-5,1.09465386089344e-10,0.2205141539204844,62.28713315158227,1.12683090997745e-5,3.03212280921566e-10,-0.1881210459708578,59.2796964088765
13.09,29.27,0.37,1.4,8.21388233006336e-6,1.13692257491309e-10,0.2177061371246947,61.822992231928886,6.42134271822383e-6,2.96453172343738e-10,-0.191527964640112,59.23044250260995
44.93,47.21,1.07,2.9,6.68806912095752e-6,5.02333601588199e-11,0.2227443264156074,62.43008428605673,9.51066388493592e-6,2.48137905731326e-10,-0.172614624435622,59.277837778053275
43.34,74.03,0.82,1.57,1.25184351305948e-5,7.0125089096666e-11,0.2241749543541531,60.976087319664416,1.63265153216251e-5,1.58019552864109e-10,-0.1954400670716171,61.020838810446165
9.63,92.72,0.5,1.48,2.61177429776724e-5,6.4529147594574e-10,0.2141069576902144,60.72249445466739,2.06640709330014e-5,9.50320708745317e-10,-0.2003327956721367,61.96952598399194
44.28,90.47,1.09,1.88,1.34153339631146e-5,8.94960154054158e-11,0.2243015146656538,61.693921412072484,1.99766226671868e-5,3.54161174152682e-10,-0.1792979442945744,61.24072465839436
28.41,10.8,0.56,2.27,2.3056397181491e-6,1.75059130516245e-11,0.2201958830663076,61.92513621942841,2.10655118003445e-6,2.90585198706531e-11,-0.2018770267628496,59.98817656999486
42.31,82.71,1.4,1.49,1.15718355478551e-5,8.61792572625191e-11,0.2251832675299319,61.865442971513446,1.79359669194006e-5,5.32550442777003e-10,-0.1684440842514701,59.11560385980858
13.71,75.89,0.31,2.74,1.98428632073591e-5,4.3051433991376e-10,0.2114381566437507,61.593485842410615,1.69837637148879e-5,6.45480071540165e-10,-0.1971266103705369,61.84185560374026
38.86,78.93,0.64,2.5,1.38242723073408e-5,9.29412295121674e-11,0.2214540916295698,61.932542907938554,1.7404392894528e-5,2.0027998260983e-10,-0.1941703719956511,60.60628219770238
12.55,75.99,0.22,1.94,2.16604820155683e-5,3.83175667819658e-10,0.2128460686208169,60.55176694766559,1.7003308960178e-5,4.13398708999518e-10,-0.2082303951408824,59.13110997937973
44.46,85.6,1.32,2.07,1.17464880366723e-5,8.82861555344128e-11,0.2244305608398428,62.16763568169932,1.83747474237234e-5,5.5061004346412e-10,-0.1669051052183237,59.634375038378025
7.04,58.25,0.4,1.49,1.72830448410643e-5,7.30786111910329e-10,0.2098479255256098,62.805037874513694,1.28680162249546e-5,7.95264357353224e-10,-0.206004043009839,62.84032041546005
44.41,75.63,1.22,2.83,1.03603943942341e-5,8.27479072797301e-11,0.2232744499527341,62.6159889664486,1.66308009454065e-5,5.31458336258444e-10,-0.1645282413788937,60.546832086849584
26.74,67.93,0.62,1.76,1.42567189166195e-5,1.14365109783139e-10,0.2213690881293498,61.7746686292958,1.41779365598769e-5,1.99086500766422e-10,-0.2009315496943584,60.2134425941238
42.36,86.34,0.28,1.57,1.83028023239772e-5,7.88239588099678e-11,0.2225496216104106,60.12999821282614,1.93995582963206e-5,6.75499078134243e-11,-0.222793061306291,58.60970286809841
44.39,21.62,1.19,2.52,3.12885477717536e-6,2.24887983880209e-11,0.2235578501711223,62.160555086724415,4.58594811307651e-6,1.12271901741303e-10,-0.1730481599336184,59.42452017265831
42.52,22.93,0.45,2.32,4.31691141009619e-6,2.27146014706255e-11,0.2220273021267496,61.09739964609301,4.95883186409034e-6,3.05775902358737e-11,-0.2088772502428448,59.66520504374439
44.86,46.9,1.04,2.33,6.79288242279988e-6,4.71997686946238e-11,0.2236167357197099,61.9391777751173,9.83101961940068e-6,1.92129142312075e-10,-0.1779575550308362,61.06784536453146
31.26,89.13,1.06,2.81,1.51247132305188e-5,1.51991588237537e-10,0.2206431958871155,62.12086906183552,1.94995774724104e-5,8.24411845071251e-10,-0.1687255489885891,60.10734728551696
34.92,73.0,0.59,2.62,1.37448136376866e-5,1.00738748751888e-10,0.2199099517619465,62.22523885684371,1.61480657539081e-5,2.06322774120705e-10,-0.1949004418442302,60.920980039456815
8.39,71.06,0.64,2.31,1.97496333708714e-5,1.46690232633445e-9,0.1981802184274971,64.50641049344758,1.59067940882591e-5,3.0499052943142e-9,-0.1725665055512574,63.464224144141546
11.18,40.97,1.1,2.23,1.01197777488481e-5,4.66818240773228e-10,0.2060932379534954,64.0388214422354,9.0975095001204e-6,2.80461049051649e-9,-0.1500143295371152,63.72470974905497
23.01,30.29,0.97,2.95,5.84390805729007e-6,8.26520279910558e-11,0.2168583769852646,61.28968834913599,6.46670221966633e-6,3.61984689292249e-10,-0.1717733658311264,59.84123490981134
24.15,10.42,1.44,1.38,2.02397897926163e-6,2.22496882011117e-11,0.2207365852050023,62.23236587759888,2.11576114982432e-6,1.08435419585911e-10,-0.1725603689421016,59.16824708775371
43.48,55.71,0.48,1.6,1.05977988260145e-5,5.07039447787938e-11,0.2232549444362483,60.466510526960796,1.20698929239181e-5,6.2248240711932e-11,-0.2120007903102757,60.68778118060764
43.48,11.75,1.02,2.04,1.8654197120632e-6,1.16314815710034e-11,0.223799752116385,61.468029107810324,2.32291723216207e-6,4.31283286748393e-11,-0.1817357165092028,60.52324520476209
41.01,14.3,1.38,2.17,2.09426362915061e-6,1.63395721842546e-11,0.2231255872699032,62.2723136530052,2.83971720394276e-6,1.29089014121186e-10,-0.1600445241866156,60.90290039534481
41.01,66.24,0.84,2.31,1.09361721052676e-5,7.40420401878395e-11,0.2220189607301171,61.98252676926151,1.46201736524713e-5,2.20766576064733e-10,-0.1861234446870383,58.91570868118216
40.3,48.76,0.8,2.77,8.01635182700605e-6,5.76653887900074e-11,0.2211907139522707,62.3006745699579,1.08521992598433e-5,1.76153636508915e-10,-0.1844538768062462,59.63527438046824
21.52,18.89,0.89,1.49,4.20180306628856e-6,4.19770570519534e-11,0.2210939334903486,62.36015211560858,3.98315614018648e-6,1.00928114662677e-10,-0.1924597836271233,59.9091232038248
35.23,55.23,0.34,1.31,1.25957143951095e-5,6.22490656984372e-11,0.2216709792034702,60.393023420082905,1.19505668299767e-5,5.49235252803736e-11,-0.2211220639514777,58.7300911823824
7.42,62.34,1.07,2.05,1.66239250252376e-5,2.45398082210535e-9,0.1916176243958688,66.01548025910935,1.35137129144075e-5,9.30520519388247e-9,-0.1458796546464674,64.96336040627732
44.01,25.22,0.48,2.48,4.53457765897269e-6,2.46312686397809e-11,0.2218261182917454,61.306077733430925,5.32640405501739e-6,3.64509280292283e-11,-0.2065438819781643,58.88809230852274
22.81,37.03,0.6,2.16,8.27657361923403e-6,8.22051315461479e-11,0.2190605693083584,62.08547016707237,7.70348339775258e-6,1.49223234461026e-10,-0.1979594777445389,61.758738857243614
11.96,93.1,0.81,2.62,2.32372839480397e-5,9.37964199184726e-10,0.2058698211571995,64.13242354882036,2.12552831761199e-5,3.77300948829479e-9,-0.1609767422504769,61.45720404626773
40.74,46.38,0.71,2.19,8.02177713097149e-6,5.05295678580455e-11,0.2219592259394446,61.65212147438921,1.02533210744894e-5,1.13995904410544e-10,-0.1936403185747411,60.400836559193955
34.8,70.91,0.66,2.12,1.35192503980746e-5,9.26444375172027e-11,0.221140140476628,61.84909237964344,1.58606186951277e-5,1.89588231853263e-10,-0.1961618797092388,61.30470470073396
15.61,93.82,0.29,2.3,2.50076098425775e-5,3.70052758478734e-10,0.21396236190268,60.88730934898138,2.12281927827492e-5,4.53149470106921e-10,-0.206690017455456,60.31484070759851
32.48,55.39,0.37,2.57,1.13940842109014e-5,7.93311454311936e-11,0.2198206446639051,61.99402091455361,1.20854286497062e-5,1.06883735738496e-10,-0.2076958015423617,59.32241410092992
13.41,99.23,0.82,2.26,2.43014394790756e-5,5.98523237776074e-10,0.2124078006735426,62.18550215121811,2.21745626769907e-5,1.87098734670526e-9,-0.1766410062247804,60.738326807613255
41.33,86.64,1.21,2.41,1.26475142815339e-5,9.9020480626291e-11,0.2236054686493662,62.387372687014334,1.92852415114178e-5,5.6070325731415e-10,-0.1692252316182461,58.95299536721498
36.08,11.68,0.65,2.01,2.26932232743723e-6,1.36977628632266e-11,0.2224667774478101,61.18592589389416,2.32257193955838e-6,2.47110138577467e-11,-0.2010836938886384,59.894872709346764
11.53,30.14,1.0,2.92,7.32987671738186e-6,4.11202154184271e-10,0.2019287452676426,64.05896976895079,6.43762601982255e-6,2.46565654165458e-9,-0.1455844843627491,62.4415816253202
38.08,77.81,0.4,2.42,1.52213531914503e-5,8.98022960365308e-11,0.2209973303710564,61.488803537911224,1.73023485423108e-5,1.22918938798e-10,-0.2076890621438387,59.229469433662125
20.18,65.08,0.61,1.66,1.56507293205338e-5,1.62264642003694e-10,0.2185323673249276,61.944922896891896,1.44655899253784e-5,2.97333190312675e-10,-0.1976006887848873,61.5517611356693
7.7,67.59,1.32,1.58,1.77079239861315e-5,2.40958225220964e-9,0.192753090842541,66.21091389704421,1.46679011305294e-5,1.22083968876782e-8,-0.1393897228742136,65.23519414753163
32.76,26.37,1.2,2.09,4.36822682538172e-6,3.91714595881713e-11,0.2223383544030888,62.57502612547848,5.58961937509045e-6,2.16029136407936e-10,-0.1704681887017548,59.22514943492115
36.96,78.18,0.22,2.61,1.63275089130746e-5,9.34280209541755e-11,0.2200877239347629,61.47435326721025,1.75576803049747e-5,9.73157445969286e-11,-0.2138046492528746,61.30385952242914
27.6,40.24,1.13,2.61,7.28724847597561e-6,8.08479179426934e-11,0.2197146239829928,61.90636537473747,8.90831054000545e-6,4.38885731574018e-10,-0.1672341602394061,60.43446262381515
42.05,60.25,1.28,2.18,8.49507871008617e-6,6.61579230623013e-11,0.2243091345174798,62.23120129441359,1.33835524071146e-5,3.874541487438e-10,-0.168795321538727,59.06722388586499
29.56,58.56,0.65,1.34,1.23773179703213e-5,8.5114224092267e-11,0.2218502879426453,61.314797485844466,1.25419351697498e-5,1.42611550181743e-10,-0.2028466184426417,59.286435115337085
23.85,19.69,0.98,2.75,3.99930156197439e-6,4.8463558106936e-11,0.2176176108942611,61.50726492545718,4.22343323203793e-6,1.80404513496751e-10,-0.1762849640662172,60.55420336788468
13.03,11.36,1.37,1.99,2.70437567780951e-6,8.16679798843968e-11,0.2106390774989232,63.55428631545891,2.29738942959956e-6,1.42758661629016e-9,-0.1312856102443624,64.35776094432629
29.47,54.31,0.9,1.82,1.04007985854825e-5,8.74862475071668e-11,0.221205819504141,62.27977277823643,1.21130403302906e-5,2.56379537751027e-10,-0.1864673417077837,59.206764151371786
13.6,35.01,0.23,2.51,9.5661233279757e-6,1.73153268361319e-10,0.2132190184903596,60.74619951489284,7.64950979500635e-6,2.09006395166482e-10,-0.2068077359914942,61.27947812234813
42.13,52.44,1.25,2.2,7.48721953223219e-6,5.71272878367311e-11,0.2242844721626718,62.167440034980984,1.17590146415588e-5,3.06858574982976e-10,-0.1716940281974984,58.96102388568439
29.8,87.4,1.09,1.25,1.63336800954149e-5,1.34727712749344e-10,0.2224696998037002,62.046686503641205,1.88571014144205e-5,4.91361583026385e-10,-0.1808246047393667,60.99459061998211
39.81,53.12,0.54,2.86,9.47205072486257e-6,6.23025199213837e-11,0.2205488427265362,62.06702088017631,1.16797636593458e-5,1.19587232022536e-10,-0.1965494983344592,61.39480146454872
26.24,66.45,0.79,2.6,1.3128326754624e-5,1.35023379188062e-10,0.2193937334573564,61.984386292245645,1.48147735660254e-5,4.00083770752627e-10,-0.1837182071790623,60.63956359812208
34.96,56.16,1.45,1.79,8.74626234584115e-6,7.91018859627588e-11,0.2229879522124933,62.558800173081934,1.2241832877516e-5,6.07811809872146e-10,-0.1603425772097673,61.12799551133424
24.67,23.79,1.32,1.43,4.52634296616362e-6,4.98527303584383e-11,0.2207474219487036,62.18238625670936,5.09905985357007e-6,2.52590057419756e-10,-0.171616849155875,58.94670128684586
18.33,92.83,1.19,1.41,2.02273922298881e-5,2.91776576793922e-10,0.2187473842438096,61.710319748936605,2.10866913361713e-5,1.5210205485506e-9,-0.1695793945654824,60.74534390811918
11.36,54.52,1.02,1.78,1.38495401345533e-5,4.60868402798841e-10,0.2096597295528522,63.66025616785981,1.22795267709627e-5,2.01782320153374e-9,-0.1637785934656238,62.069215524719944
33.86,67.47,0.97,1.43,1.22814340172961e-5,8.74918029089415e-11,0.2231921488561236,61.638071566896905,1.49335951369012e-5,2.62938664514191e-10,-0.1881165420703236,58.71010405227437
12.6,26.09,0.35,1.8,7.32461207517581e-6,1.29146406035233e-10,0.2134383940277584,60.68422184223242,5.33825344038698e-6,1.59387784284503e-10,-0.2054145843594232,60.366486708089056
42.4,48.29,1.12,2.46,7.06482606668787e-6,5.2696377919288e-11,0.2237442925415191,62.2010643088576,1.06249364068091e-5,2.50084196071878e-10,-0.1740672000391416,59.7530546530429
36.64,91.34,0.62,1.38,1.79616310615966e-5,1.00725764539541e-10,0.2235068248209069,60.73492135906781,2.01447332475392e-5,1.54283536747161e-10,-0.206929981584516,58.92301875224634
17.75,69.72,1.24,1.64,1.4718514988265e-5,2.44369113595557e-10,0.217784993280774,61.413634716065566,1.48656100746993e-5,1.5209221447296e-9,-0.1631113761885574,62.039355686559475
19.53,74.86,0.37,2.94,1.77421158285007e-5,2.46938306973194e-10,0.2140194121714712,60.8451423880402,1.6687232505766e-5,4.33149734400802e-10,-0.194379902858569,60.78156293265201
7.12,13.92,0.55,1.35,4.15401106581772e-6,1.70759154699775e-10,0.2102787517734563,62.76719486713697,2.85115827556331e-6,2.2985906513844e-10,-0.2000741176198415,61.601576347563466
16.98,14.96,1.4,1.99,3.16752264088509e-6,6.2576476844364e-11,0.2155395526052488,60.96619091144266,2.85042821183305e-6,4.76476797876786e-10,-0.1561483561961533,60.602516215408414
26.28,77.37,1.21,1.84,1.43203926040864e-5,1.51444198394561e-10,0.2215372129181492,62.339955935444515,1.68065333847739e-5,7.72861686330449e-10,-0.1713760585757541,58.957552638954745
41.15,22.64,1.34,1.59,3.44327321541125e-6,2.47354724947088e-11,0.2240165122868606,61.927254433607025,4.77224979020768e-6,1.39433607455815e-10,-0.1705988278112181,58.68771306505593
11.42,33.96,0.24,2.42,9.54463262291764e-6,2.42283781066658e-10,0.2098921111558067,61.97121374611042,7.4512321021024e-6,3.15208769579996e-10,-0.1986958095544279,61.76606929765638
44.62,57.29,0.45,2.13,1.06306971192239e-5,5.34868017187027e-11,0.2220451093830993,60.977273785544185,1.26055664874794e-5,7.08074172813723e-11,-0.2092601910072695,59.77171385646243
44.62,24.21,0.51,1.2,4.73139540201481e-6,2.07631563737979e-11,0.2236694220721431,60.09084651608575,5.18131059449303e-6,2.41127199369273e-11,-0.2140322384290047,61.08505527714822
12.4,75.21,1.14,1.79,1.8361984081325e-5,5.94089391297546e-10,0.2092056386511526,63.759995875575655,1.68517817120948e-5,3.31781013018411e-9,-0.1566675197911069,60.79641626974412
28.57,25.53,0.62,2.44,5.19225801069634e-6,4.3951991839117e-11,0.2195752720438886,62.19297053383731,5.37119448490453e-6,8.98841408325505e-11,-0.194554207370058,60.67533953624102
11.5,91.43,1.26,1.94,2.19935834866816e-5,9.9875073899058e-10,0.206544227613871,64.08332967128511,1.97768241376134e-5,7.60628951772814e-9,-0.1435778561570107,61.447410941149734
18.12,89.4,0.8,1.95,2.04982619358757e-5,2.81241034015645e-10,0.2177584955896484,61.60883973260421,2.02010270880035e-5,8.4498321392986e-10,-0.1835523835127999,61.61293648804652
40.64,92.25,1.5,2.65,1.24938205524947e-5,1.17695277062053e-10,0.2227060646737525,62.34528380763316,2.00168130052005e-5,1.21857970326706e-9,-0.1512107892620735,59.27467950780187
33.96,81.31,1.12,1.47,1.4094785825176e-5,1.07893093236857e-10,0.223366813024348,61.915074457041214,1.81848062566445e-5,4.28324299027861e-10,-0.1792578250489344,61.485177918954875
10.29,59.54,1.22,1.51,1.49809447357923e-5,6.30739539427562e-10,0.2087261314562991,64.68204285900322,1.31018988961018e-5,3.72777750642461e-9,-0.1549739154228704,62.6096836381863
31.56,18.58,0.41,1.89,4.07334150748963e-6,2.48803961900901e-11,0.2214907206627275,61.10192480661694,3.93424240264478e-6,2.85501249815874e-11,-0.2130117228160951,61.01618416044884
33.2,25.15,0.58,1.97,5.07484017683858e-6,3.30707385798463e-11,0.2214853277461266,61.45882979260872,5.24342183699221e-6,5.61075612327238e-11,-0.2027197699096829,59.66931504384715
24.36,23.31,1.04,2.81,4.58068988821063e-6,5.77422261625361e-11,0.2172927943589777,61.375717830219585,5.13210251960463e-6,2.53246014717604e-10,-0.1720438322163825,59.30292271705739
36.69,67.78,0.77,1.85,1.22889719940463e-5,7.96077348976286e-11,0.2231109731592494,61.42952877345812,1.43497330527748e-5,1.84035283004092e-10,-0.1940448396408393,60.497202897108444
31.36,73.33,0.78,2.12,1.38254016655918e-5,1.08639836657342e-10,0.2218105935917744,62.11629409066025,1.62325564055029e-5,2.85886916154347e-10,-0.1906033558964931,59.46810450374068
35.76,36.47,0.59,2.8,6.67581801609424e-6,4.80016850121777e-11,0.2209076787674842,62.175840025298136,7.86672804462805e-6,1.04616153680253e-10,-0.1939872271564842,60.62059563031833
12.88,26.71,0.88,1.72,6.80232853071789e-6,1.5638730115075e-10,0.2120051331196973,61.26789178657585,5.66025102549213e-6,5.39915132723153e-10,-0.1745666775088185,59.677830090282654
34.11,97.08,0.83,2.47,1.71409882267613e-5,1.38613214828563e-10,0.2209420204093755,62.34379163449445,2.1368606780901e-5,4.31235035577027e-10,-0.1843285710412435,60.17864541572132
30.09,18.44,1.18,1.54,3.41095259076493e-6,2.89604104376043e-11,0.2219371321510965,62.285690156957756,3.9742346432125e-6,1.1847950823467e-10,-0.1773224802859399,60.740351667979226
36.28,26.47,0.98,1.49,4.62184151570042e-6,3.09856226858241e-11,0.2240441817332713,61.345378054474125,5.50497990800816e-6,9.33338396310077e-11,-0.1885784194928506,58.73626158925131
30.25,90.24,0.78,2.24,1.73185296750816e-5,1.47890286437991e-10,0.2198848639260571,62.1252117478025,1.94072972934725e-5,5.32022219849474e-10,-0.1796975656305294,61.624037577785856
32.83,29.67,0.74,1.36,5.92866717076009e-6,3.78023968006773e-11,0.2230879378570547,61.10743860699386,6.14701856406907e-6,7.31479763874887e-11,-0.199781214839989,60.50394727498737
31.5,72.92,0.36,2.16,1.59202616967172e-5,1.01887544611313e-10,0.22070620068858,61.484132565870624,1.63525465581498e-5,1.24876615827439e-10,-0.2108344967539956,60.34403216849764
39.69,63.94,0.66,2.33,1.12998483285036e-5,7.20816145477166e-11,0.2218125585207818,61.72582450827374,1.39431917561864e-5,1.54635167687291e-10,-0.1947090468893483,60.768417738965326
11.39,24.52,1.18,2.71,5.84079288698101e-6,3.39973975403582e-10,0.2023915791901052,64.16274230352342,5.15039385740338e-6,2.59845789701866e-9,-0.1396985771399528,63.60913440680888
21.09,45.96,0.54,1.98,1.08103320521909e-5,1.08353957154917e-10,0.219074622646882,62.093291172914206,9.97949505409145e-6,1.69952895229154e-10,-0.2027741467378707,60.32129381783201
44.17,19.49,1.2,2.39,2.85677719789316e-6,2.01001643053349e-11,0.2238379787129075,62.0477822094065,4.14360877639405e-6,1.10866088205656e-10,-0.1713079502771321,58.876622455897746
22.01,94.36,0.93,1.83,1.99016391157014e-5,2.23301902767389e-10,0.2200200503037397,62.120662704337064,2.12945485344875e-5,6.8565567314648e-10,-0.1839997029856934,60.79351885265145
26.9,55.52,0.4,2.56,1.19175424922235e-5,1.01722330517675e-10,0.2189647166473561,62.14103074421416,1.17958430325168e-5,1.44803152312508e-10,-0.2048403498311732,59.142763430037256
32.27,24.46,0.87,2.35,4.39852462284075e-6,3.61181256440323e-11,0.2215223259208599,62.34119810263283,5.15436490169459e-6,1.08961747107579e-10,-0.1859941404897256,59.6409361053057
40.75,71.22,0.99,2.82,1.09099930130577e-5,8.56371328347994e-11,0.2213559473692765,62.33743825554026,1.50863827542801e-5,3.79614421980562e-10,-0.1743636772709427,59.8565986539379
36.32,71.33,1.24,2.94,1.05851646746786e-5,1.02545732369377e-10,0.222059171218793,62.33285615936943,1.50342480257966e-5,7.84204094568789e-10,-0.1593239913030349,60.857198724182645
36.67,19.4,0.51,2.05,3.88696499397844e-6,2.22878102411611e-11,0.2220618599630027,61.10524365148838,4.11552185957267e-6,3.21960797772132e-11,-0.2074811064356465,59.131424600578185
17.03,34.9,0.86,1.5,8.03136749032386e-6,1.08405496630018e-10,0.2192055808829248,61.971270498262854,7.50292420529639e-6,3.02895288918262e-10,-0.187867549307709,60.21241987707037
31.97,32.06,1.1,2.91,5.40225554527932e-6,5.34910937499759e-11,0.2206224840609386,62.120299684727016,6.74521494316095e-6,3.06740273504848e-10,-0.1670455853226673,60.66991570654646
20.73,75.06,0.89,2.18,1.62823792748325e-5,2.16528263682745e-10,0.2166317351528737,61.24002163380101,1.6766221429315e-5,7.94831817499316e-10,-0.1763428508312031,60.53591186549089
23.9,17.81,1.4,1.53,3.45793956695213e-6,3.97029385790308e-11,0.2204785323682682,62.0993494711155,3.77920403527797e-6,2.1099399885185e-10,-0.1693955446173447,59.81835177910651
19.8,21.29,0.41,1.28,5.39926931515905e-6,4.74888461893146e-11,0.2200555211971092,61.49443071650525,4.53381908317245e-6,5.40847605340787e-11,-0.2129214766551999,60.675962290200445
42.86,71.82,1.11,1.86,1.0812656062355e-5,7.34930838114751e-11,0.2244052355604449,61.724214359550004,1.57892897454041e-5,3.0188420953131e-10,-0.1784104194235041,61.217094534118445
37.91,42.04,0.86,2.57,6.939212165897e-6,5.21612697558302e-11,0.2220233804049269,62.24151337387139,8.99517294500075e-6,1.68874553958166e-10,-0.1833310637209642,60.108059189656544
40.61,82.26,1.33,1.52,1.22367625835318e-5,9.141804619428e-11,0.2242522197151984,61.988453328862086,1.84217084355524e-5,5.31686641626505e-10,-0.169455170201927,58.67905663324614
21.6,49.97,0.45,2.03,1.19565076678368e-5,1.11853116611072e-10,0.219240827306808,62.235311383825625,1.07948055545805e-5,1.47016473682695e-10,-0.2081398184151456,59.35042910951917
14.6,30.56,0.48,2.7,7.69690505713918e-6,1.55252143174739e-10,0.2124753909960803,61.14704476903292,6.68184069826869e-6,3.22456046380584e-10,-0.1901149690504804,61.23120777485523
7.9,69.85,0.54,2.5,1.9604423646768e-5,1.68804360085297e-9,0.1968377468112409,65.3075585656292,1.56603480661107e-5,3.03272488539511e-9,-0.1749483833899907,63.486565825669764
21.96,31.58,0.42,1.47,7.67412822505177e-6,6.2461440134465e-11,0.2210536777188515,61.374899948385114,7.00556839561581e-6,6.68611183082623e-11,-0.2148117708749326,61.46342044186498
22.55,76.76,1.43,2.85,1.38881143156489e-5,2.44241409837109e-10,0.2165201710883765,61.15795322257685,1.70126279756836e-5,2.39903095725768e-9,-0.1468105387672751,62.461476892140325
16.8,70.98,0.26,1.84,1.92070206102008e-5,2.22225459781004e-10,0.2159385951970304,61.3933330133484,1.58257172255685e-5,2.11454894592285e-10,-0.2143141959514142,61.22951995593419
35.85,37.5,0.98,1.23,6.74763505537131e-6,4.36456062101223e-11,0.2242782928876469,61.175491969768295,8.13375841788246e-6,1.29618000123895e-10,-0.189330679392728,58.93185869322813
13.74,65.43,0.27,2.25,1.77624990086913e-5,2.96756587259076e-10,0.2144524050878787,61.03047729137019,1.46919274229576e-5,3.70234138347121e-10,-0.2071651730705253,60.78815304447759
32.56,67.98,0.71,2.69,1.21590157415593e-5,1.02771644015815e-10,0.2205115132295512,62.30293487966157,1.42316563628425e-5,2.78133932167378e-10,-0.1889128733882229,58.94680384205593
25.41,99.44,0.35,1.64,2.3975771353212e-5,1.73567117516438e-10,0.2195882815690945,61.49464562714326,2.23415516927362e-5,1.68957968393382e-10,-0.2159681324394511,60.90812399396489
7.46,91.75,1.29,2.13,2.41232019053732e-5,5.50078879312289e-9,0.1843061749606958,68.69510196718737,2.08650969278206e-5,3.28586043003948e-8,-0.1235012049411313,69.27880009135123
7.93,31.47,0.22,2.07,9.23676112731088e-6,3.98714507712227e-10,0.2070163231303176,63.74752805935827,6.92235458123223e-6,3.63620810685298e-10,-0.2065494774054769,62.47943616017994
42.2,79.02,0.23,2.69,1.53975504479533e-5,8.15072735216972e-11,0.2205230880108625,61.345419097607156,1.71237379745515e-5,8.48949150541365e-11,-0.2141286456882857,61.3134902340209
7.16,23.49,0.49,2.58,6.50913837431563e-6,6.66501099553505e-10,0.1965582453963273,65.84579127447901,4.98269314961409e-6,1.05616467642727e-9,-0.1784865367454914,63.494099098653585
32.15,84.59,1.3,1.92,1.38365809892209e-5,1.29753416067628e-10,0.2228478119009128,62.60279262786034,1.81772045689402e-5,8.57468863865193e-10,-0.164703882858314,61.14528007616091
19.0,46.35,0.29,2.24,1.18548669602547e-5,1.29351789059743e-10,0.2166385873323349,61.64085113330581,1.02797517100788e-5,1.56169469515203e-10,-0.2085042650518714,59.42479937941847
41.56,69.48,0.54,1.92,1.30171247810382e-5,6.87532020851505e-11,0.2228643666523006,60.88471171595685,1.55353548499323e-5,1.03152648482133e-10,-0.2070750346798739,59.04554160109333
35.63,30.36,0.35,1.53,6.67322405513695e-6,3.39030951681632e-11,0.2222465501890024,60.455415198641475,6.60984482086253e-6,3.27327372450977e-11,-0.2183488428790667,59.720979441695604
37.31,73.69,0.8,2.95,1.23448885378412e-5,9.70336431120978e-11,0.221108444640876,62.37995474892459,1.62202249436807e-5,3.32078807279211e-10,-0.1812281812072819,61.14801036964101
20.71,54.91,0.75,1.3,1.28190565435961e-5,1.28192852224326e-10,0.2196722828591385,62.15894522637805,1.20696470885624e-5,2.73583926207969e-10,-0.1944942193511028,60.475031717509935
28.74,87.77,1.14,2.39,1.5503279205663e-5,1.65142618665547e-10,0.2200998277646398,61.96812806533164,1.97153225270193e-5,8.78049240574066e-10,-0.1681964095111018,59.910898363948405
23.23,12.81,0.56,2.46,2.89849454906013e-6,2.82597110220791e-11,0.2184129772922435,61.99028056116955,2.55099142466041e-6,4.77506145838968e-11,-0.1996580893243904,61.27575727000266
18.95,37.39,0.75,2.09,8.53797432106308e-6,1.12826216465924e-10,0.2173084701553972,61.54284088805263,8.17596130301169e-6,3.04092524361173e-10,-0.1863883959330496,60.642345953515964
18.73,47.16,0.87,2.35,1.0176152024665e-5,1.59658184231663e-10,0.2162436733642197,61.18373068056511,9.58795509972562e-6,6.11657411241603e-10,-0.1752541910906893,60.20934687029406
25.8,46.5,0.95,2.25,9.09514789606888e-6,9.29094223444996e-11,0.2205303521588059,62.20745052887519,9.819645079016e-6,3.3947693324838e-10,-0.1789554582570982,61.35828913283561
11.63,74.39,0.96,2.98,1.81087829091143e-5,1.05380223168737e-9,0.2010085744010021,64.43820960725589,1.6826462215554e-5,6.29237741483513e-9,-0.1443230645859813,62.08847951206345
16.54,17.0,0.43,2.28,4.40350622928131e-6,6.00526903725658e-11,0.2149462734248035,61.08111864674375,3.65510671806818e-6,8.49404610209373e-11,-0.2032154382432272,61.09040971791263
39.96,94.8,1.07,1.96,1.49728032402179e-5,1.07994937877072e-10,0.2232718183745127,61.998481047395856,2.08822936618573e-5,4.44407206355225e-10,-0.1774563787953398,60.86877990761006
15.49,30.24,0.23,1.98,8.317837526904e-6,1.05638126613061e-10,0.2158412646081485,61.44718351795179,6.60305568454116e-6,1.02993633781969e-10,-0.2139036382761624,61.13086948535177
22.43,20.08,0.91,2.13,4.22822522648632e-6,4.74578938887294e-11,0.2194382901847724,62.015601127848164,4.23299179555346e-6,1.36786368621509e-10,-0.1855670570350328,60.39633810920315
43.59,95.93,1.15,2.4,1.36867137672877e-5,1.01892717941885e-10,0.2238635062517234,62.209746943335254,2.14668418474216e-5,5.1840075534537e-10,-0.1725564074566468,59.24803816264364
28.6,21.85,1.2,2.23,3.90237984929649e-6,3.99518388737434e-11,0.2206297701187003,62.146911732609055,4.69753769984667e-6,2.06522508603443e-10,-0.1701330890556456,59.24471649815183
15.96,46.75,0.8,1.45,1.15087315176639e-5,1.63753920644362e-10,0.2171111289270245,61.486202986096124,1.04370882430563e-5,3.8705302918703e-10,-0.1908694603922311,59.39648015941315
13.35,51.88,1.28,2.24,1.18964148971229e-5,3.86605372572595e-10,0.2105594311500754,64.10105778988527,1.16768016631126e-5,3.54398128019395e-9,-0.1453965270710961,62.402996486552816
25.65,10.54,1.29,2.82,1.96555517159177e-6,2.33458456489465e-11,0.2193639917257568,61.86784705907945,2.11005335672892e-6,1.26652368212262e-10,-0.1673048108884336,60.77120455973689
27.85,57.74,1.42,2.35,9.8724846245176e-6,1.17623411148889e-10,0.2203373419342908,61.9140442981516,1.29358369373926e-5,9.83657647774949e-10,-0.1557730579087817,59.567693478840276
13.88,61.63,0.51,2.83,1.54115551301379e-5,3.80091463032923e-10,0.2107536268509983,62.6279996283844,1.37319533270315e-5,8.85691285368569e-10,-0.183936819757645,63.39139692857271
13.07,93.29,1.27,2.78,2.10941028291094e-5,9.72429918492368e-10,0.2060615373089535,63.90909462264255,2.0868479058245e-5,5.97329905981525e-8,-0.08807195144362338,72.52445321469497
27.87,20.86,0.44,2.7,4.51676408934459e-6,3.70931692141837e-11,0.2188042614198867,62.102369067435504,4.40226479243535e-6,5.64200050344749e-11,-0.2025138513328781,59.890960916297935
12.08,91.15,1.49,2.99,2.04719497591588e-5,1.817650077873e-9,0.1958700689025886,67.10278201175993,2.07492210847147e-5,2.78946224220903e-8,-0.1099518530995277,68.14019835705348
37.66,80.29,1.05,1.46,1.36158748858073e-5,9.18138250422063e-11,0.2241783264140769,61.51117706967102,1.79473419763764e-5,3.17247182575129e-10,-0.1836169694571785,59.81756681087473
40.54,86.13,1.3,1.9,1.27289482861751e-5,9.89899440180142e-11,0.2237617327522229,62.25581020050161,1.90288598624884e-5,6.03173650978458e-10,-0.1670783130686963,59.55196052722576
17.59,26.17,1.46,2.68,5.3489519781289e-6,1.26259477067098e-10,0.2135753072570038,62.860077196825415,5.34155232013405e-6,1.51068823539118e-9,-0.140447071058523,61.72176699528755
26.93,93.75,0.54,1.53,2.06956147964444e-5,1.50390126051011e-10,0.221738446279659,61.36552590495993,2.06313309153774e-5,2.13235041025828e-10,-0.2076865278137759,59.12344755642883
39.03,12.73,1.21,2.68,1.96103241126316e-6,1.57065213780799e-11,0.2221829991005125,62.47240263754393,2.4740153546076e-6,9.43558933128735e-11,-0.167057746165126,59.82511357430075
39.03,78.71,1.5,1.65,1.12366201504427e-5,9.46671095198605e-11,0.2244204069782177,62.39770229299019,1.71177779147059e-5,7.68617127162048e-10,-0.1593544536990571,60.69261078477446
32.45,27.75,1.35,1.83,4.50693385411644e-6,4.13765517993932e-11,0.2230524631826308,62.588199889895684,5.87491153064552e-6,2.76896292128467e-10,-0.1647175780483607,61.059196131516096
14.02,86.72,0.76,1.95,2.16030288925076e-5,4.1101538283662e-10,0.215010653385046,60.91353678026358,1.89215657189287e-5,1.11622926011673e-9,-0.184418186263421,62.265941765388106
9.94,81.37,1.42,2.55,1.94725393610918e-5,2.0857312031017e-9,0.1956448189572145,67.51029408993396,1.7847126075564e-5,2.54085963471937e-8,-0.1171638668679345,68.6448076088323
33.42,19.58,1.29,1.56,3.34502219987561e-6,2.71032485034213e-11,0.2233425773024491,62.178844295867094,4.21468946533159e-6,1.46739865990029e-10,-0.172055602361491,59.11575550987229
8.73,49.07,0.33,2.34,1.42353370297723e-5,6.8660187969243e-10,0.2028547187487749,63.35240584335125,1.07651161128218e-5,8.18645049436159e-10,-0.1940815756663564,61.10006681374172
36.05,19.84,0.87,1.87,3.59251741952368e-6,2.38797424869455e-11,0.2232550476844471,61.516461125631224,4.26974597983545e-6,6.12245023237633e-11,-0.191629303199112,59.70753641433646
44.75,61.09,0.59,2.68,1.02330924925559e-5,6.09980106275913e-11,0.2218204551591069,61.71133949686218,1.346624644052e-5,1.20157907808505e-10,-0.1968557869194156,61.21958053936899
21.2,29.51,1.1,1.42,6.20332269816451e-6,6.99346190880555e-11,0.221089715066366,62.36179291082894,6.10214093753678e-6,2.59221757098631e-10,-0.1800471931563728,61.60751269728087
34.68,38.49,1.23,2.14,6.16968520640073e-6,5.46486714476133e-11,0.222094467755316,62.449986782715435,7.90916669228434e-6,3.18321277524127e-10,-0.1681289445994671,59.881154203804456
37.27,99.56,0.74,2.88,1.70183136403401e-5,1.29573047678714e-10,0.2211063922695107,62.414574795724874,2.2391685136295e-5,3.88507799572524e-10,-0.1853452759046638,59.759620658563165
32.77,76.98,0.2,1.29,1.88430911784928e-5,9.03311093666312e-11,0.2218024511881743,60.00974698898859,1.70064270748687e-5,6.21291345311646e-11,-0.228110765972064,60.1284054872135
30.35,95.53,0.75,1.23,1.9562322485631e-5,1.32515751848082e-10,0.2230665422520607,61.17573814049601,2.11507053804814e-5,3.62691996856155e-10,-0.19108786771103,59.461391617348006
34.51,26.53,0.31,1.22,6.19063478853515e-6,2.99480026245697e-11,0.2218833579752786,60.181453892451565,5.72381004355967e-6,2.42628850383362e-11,-0.2243288536800198,58.85757303592959
23.27,76.83,0.38,2.56,1.75431236066711e-5,1.75206210069692e-10,0.2173321545369561,61.7217860652764,1.69801098401833e-5,2.29795026986731e-10,-0.2062865937537964,59.169446322535265
9.68,47.62,1.05,2.39,1.19944705450791e-5,7.97523221548924e-10,0.2022335679661136,64.40640826788905,1.04255948142751e-5,4.6091431220101e-9,-0.1471591052029935,62.750281146618484
18.32,58.1,0.33,1.54,1.52730511731931e-5,1.45585872391242e-10,0.2195231918811702,61.85240442352144,1.3139796153749e-5,1.49732209769115e-10,-0.2148798915980807,61.34602719293819
26.63,15.75,0.26,2.05,3.8287448136792e-6,2.56936899479906e-11,0.2199203595981182,61.296385038260944,3.31205411838181e-6,2.41294660761456e-11,-0.2176458143574205,60.397058463902894
7.22,93.42,1.3,2.28,2.45024990892597e-5,6.98193242532538e-9,0.1811746833479907,69.26405610749565,2.12225643672207e-5,4.60448110851888e-8,-0.1172946852816639,71.36731481668947
13.31,14.64,0.76,1.22,3.78244722358171e-6,5.92043084478891e-11,0.2183562326654686,61.82269872052289,2.97075723531813e-6,1.34263118086561e-10,-0.1943977842692597,60.507401282570584
13.31,39.93,0.28,1.31,1.14471170891875e-5,1.40799518051984e-10,0.2191074996001008,62.03631656472522,8.86207563450503e-6,1.33721490209775e-10,-0.2192541495788357,61.482992116647495
9.82,75.52,1.37,2.5,1.8268618757363e-5,1.83105597630187e-9,0.1965540985511692,67.16151980270224,1.68525971716166e-5,2.03016709250347e-8,-0.1213354223714809,67.83757490616487
24.44,96.38,0.73,1.88,2.08068679079598e-5,1.94579165905249e-10,0.2196361789488978,62.14910053436823,2.13945042148931e-5,4.13962805603998e-10,-0.1940069687927024,60.44784882309288
11.33,62.82,1.19,2.04,1.53883311769691e-5,6.96424360292728e-10,0.2064636762332473,64.08587112091533,1.39878343477686e-5,4.70775003924727e-9,-0.1467276804702903,62.54655267684039
10.63,27.86,0.53,2.8,7.38196154615936e-6,3.15352540325516e-10,0.2058757149637934,64.29448364999601,5.96919036979071e-6,7.39734797448092e-10,-0.1764240852871744,61.35859181869141
21.16,68.09,0.38,2.46,1.62150121777895e-5,1.70274534360616e-10,0.2176125015469532,61.78761084822573,1.53215689488542e-5,2.2568728073726e-10,-0.2065943135872577,59.308654198669004
35.67,35.09,0.21,2.49,7.52796089561593e-6,4.26607863465168e-11,0.2202183148579298,61.28470881245668,7.62915386143465e-6,4.13391585250306e-11,-0.2162867711842491,60.64259590190984
11.72,74.11,0.41,2.76,1.97003704659017e-5,6.76577606694226e-10,0.2066971691413645,64.30603843669307,1.67048809931422e-5,1.32218202729273e-9,-0.1822649922017827,62.476765379571574
19.38,29.88,0.57,1.72,7.11798125745062e-6,7.69859893945237e-11,0.218721822149608,62.04106833021636,6.4477559068984e-6,1.31654398423995e-10,-0.1999073786972075,61.13991767598462
8.06,36.76,0.92,1.99,9.75788818175112e-6,8.72600813520919e-10,0.1975953045314237,65.41650470398488,7.65436782445174e-6,2.67276402138397e-9,-0.1603820707280721,62.64873230196502
35.7,87.47,0.78,1.83,1.59998953451644e-5,1.06292793815222e-10,0.2229371543902577,61.48978061715668,1.8921200143598e-5,2.49218020172227e-10,-0.1936311866838275,60.36597592207231
17.17,20.07,0.65,1.25,5.05180676319282e-6,5.52138689327793e-11,0.220375761189948,62.19081494819162,4.38693577637521e-6,9.2754211632227e-11,-0.2025218439238513,60.49439102631965
19.63,93.96,0.71,1.5,2.22017816965631e-5,2.40356136704485e-10,0.2191457025289305,62.057827096878654,2.09905070996891e-5,5.05727580928355e-10,-0.194336491867433,60.470531701577634
21.01,92.26,0.39,2.56,2.18023881569066e-5,2.4526435624722e-10,0.2164241843144994,61.44299962895176,2.06222084979458e-5,3.35259103723634e-10,-0.2040588204133489,60.201059119332584
8.47,97.59,0.85,2.31,2.6210752495293e-5,2.49016426818381e-9,0.1950671246655929,66.12508832745246,2.17792738310788e-5,7.67147056164674e-9,-0.1571529411124925,63.69801112729212
35.17,57.17,1.44,1.46,9.04549440668695e-6,7.72502119947605e-11,0.2235128943123597,62.43335459194933,1.27761070315343e-5,5.30539743805943e-10,-0.163965793669122,61.05456533734871
33.14,40.09,1.43,2.99,6.09251838120108e-6,6.87042029891182e-11,0.2206869829885991,61.92784509548911,8.23360993251381e-6,6.95054396743718e-10,-0.1509437556221214,60.35277489746344
10.53,78.07,1.49,2.24,1.86472948982006e-5,1.50596716233292e-9,0.19919502552203,66.2606345104326,1.76441994608729e-5,1.94521472981095e-8,-0.1203765599281963,66.80552131777954
14.22,31.63,1.28,2.97,6.86956212341159e-6,2.66329321896071e-10,0.2081515312019402,64.7874526579294,6.84496936643441e-6,2.86854138675244e-9,-0.1373837684589186,63.434815638447176
30.84,35.95,0.49,1.25,7.94367324301267e-6,4.65917405651817e-11,0.2229500334182298,60.56441325888509,7.82670130801362e-6,5.67598168905776e-11,-0.212953842354582,60.97309099804247
17.66,73.5,1.0,1.8,1.65096284727165e-5,2.47613060790384e-10,0.2177413242859508,61.50753950522665,1.61809778344089e-5,1.03455423917554e-9,-0.1746607445553366,59.984925297136094
34.24,37.34,1.27,2.45,5.9341224017217e-6,5.58602465759722e-11,0.2215808250449341,62.28728046098331,7.89656361030999e-6,3.83085637263045e-10,-0.162617427296526,61.78210909302865
22.67,58.71,0.44,1.68,1.41201557761349e-5,1.16656309804107e-10,0.2204182969126013,61.7172743636501,1.29358010337191e-5,1.38219263559564e-10,-0.2113992203235795,60.35368830141928
19.28,62.72,0.51,1.26,1.57170066784946e-5,1.4780578700066e-10,0.220185565354667,61.7975875470243,1.40544969034854e-5,2.0056585019657e-10,-0.2084010937001561,59.258083769159825
36.79,98.92,0.87,1.2,1.80164158898363e-5,1.10449132851807e-10,0.2242746913092998,61.000215795009666,2.19027812744629e-5,2.57564192069524e-10,-0.1946736658517483,60.69248441143844
31.63,67.6,1.44,1.56,1.1011986981136e-5,1.03468360742942e-10,0.2237265412413169,62.642637942972385,1.48696037103049e-5,7.78586420690507e-10,-0.1617137217068448,61.590897311789654
8.68,72.63,1.0,2.17,1.90243696014946e-5,1.83891233027119e-9,0.1951320865241829,66.25060935382385,1.57118074998165e-5,7.13312976447081e-9,-0.1503551785354337,63.65719297195803
13.17,56.45,0.87,2.32,1.37588945758138e-5,3.7277983020484e-10,0.211289946368824,62.85460215568041,1.25866140552913e-5,1.59187460513019e-9,-0.1685205097070928,63.35560731046501
41.77,79.88,0.36,1.48,1.62691417210928e-5,7.40717781139001e-11,0.2229553096388086,60.17856377950978,1.75907684153705e-5,7.13422292969649e-11,-0.2191038097904839,59.41319509363177
8.5,31.85,0.37,2.12,9.27674715657273e-6,4.0825727880761e-10,0.2054841958901943,64.08777754986282,6.80353358935219e-6,5.1275965277472e-10,-0.195585918913408,60.603905763029374
26.36,73.39,0.94,2.01,1.43579860036365e-5,1.38771882550639e-10,0.2210541164140978,62.36017616616893,1.63081767549393e-5,4.63956791845674e-10,-0.181798390476973,61.05918740598517
24.52,78.32,1.13,1.42,1.5693530191132e-5,1.60359358939312e-10,0.2208126304101469,62.26224640184382,1.76274758102543e-5,6.11154175200663e-10,-0.1783373818034981,61.07726133317566
30.82,35.4,1.36,2.7,5.66128556236454e-6,6.28397951800313e-11,0.2212175986235815,62.13883963631096,7.4388828380771e-6,5.31467032835277e-10,-0.1565930620510121,59.89340981419545
24.04,15.19,1.05,1.46,3.12986650456827e-6,3.06907847226375e-11,0.2209329566951152,62.40813137717653,3.06457832186737e-6,9.43094188033638e-11,-0.1854333266740319,60.03402474980647
43.07,90.71,1.49,2.72,1.17696875803405e-5,1.05090670634699e-10,0.224033574742237,62.68186845495259,2.00083682767361e-5,1.06886835434238e-9,-0.1530445700400226,58.7675005469344
8.84,61.15,0.66,2.46,1.65453359278528e-5,1.21252613593477e-9,0.1977671362587126,64.56329308041262,1.28555442694678e-5,2.68334923469293e-9,-0.1708544555210677,63.978870483944156
18.46,80.57,0.76,2.03,1.8371736501583e-5,2.49518706334529e-10,0.2175268796473145,61.57131047734796,1.76894039297404e-5,7.09176179439463e-10,-0.1851111922596565,61.162946288825516
27.99,85.75,0.61,1.43,1.8634536761507e-5,1.3221864562564e-10,0.2218954305156479,61.37006903573193,1.89681113195881e-5,2.06417119510086e-10,-0.205121246435108,58.56311478354073
17.48,62.19,1.0,2.55,1.34929391413126e-5,2.53735183165425e-10,0.2150606398662623,60.937952742336684,1.38050162958025e-5,1.38475098086323e-9,-0.1641600034378723,62.674377755926564
31.51,96.19,1.45,2.73,1.48655677510268e-5,1.72048166727876e-10,0.2212237342774765,62.04655433582148,2.1377510274169e-5,1.72965692167054e-9,-0.1508922639347145,60.10553715675147
33.94,78.25,0.5,2.98,1.49110590306289e-5,1.15964497353313e-10,0.2189550253429351,62.01886668033202,1.76047263844192e-5,2.23288268889579e-10,-0.1957613792206813,61.272253379019745
23.75,45.07,0.7,2.69,9.4745204853903e-6,1.08139535697256e-10,0.2173847330791577,61.545911610241994,9.8264274939943e-6,2.68385726145571e-10,-0.1879706639365093,59.64340954284356
7.61,65.57,1.47,1.92,1.7050964726163e-5,4.0736093666029e-9,0.1834783841127746,68.95910096281638,1.4692385163199e-5,2.98371505640529e-8,-0.1165003092770351,70.35979841982245
31.4,32.6,0.94,1.71,6.16107047075867e-6,4.66398521750471e-11,0.2227972423184077,61.85405584065745,7.16261937037836e-6,1.49234865393801e-10,-0.1861718281113141,59.657871345910124
42.44,31.37,1.31,2.53,4.40402366957278e-6,3.49489505096612e-11,0.2238355964821472,62.41468997973916,6.45428779955327e-6,2.38018785594405e-10,-0.1638142528502405,60.83916408360504
11.0,96.68,1.38,2.88,2.24952613964161e-5,2.15836679516631e-9,0.195968084195168,67.30706345899948,2.16222069194106e-5,2.72750966774264e-8,-0.1159599419732777,67.94595572060939
25.27,32.21,0.73,1.27,7.04618276073447e-6,5.71636134617834e-11,0.2210688735118725,61.716308203175096,6.70818878988808e-6,9.91965762115548e-11,-0.2012448781778858,60.13581219346092
9.1,43.39,1.14,2.46,1.10897446570387e-5,1.29027374285448e-9,0.1919749428590876,66.2081406433491,9.57311969964512e-6,7.13476972512721e-9,-0.1370968817726338,65.51687127494007
18.24,18.32,1.45,1.58,3.84907108642809e-6,6.34655817353672e-11,0.2177135973860068,61.39061683337596,3.89131428658912e-6,4.65901967936966e-10,-0.1584764781590163,60.515490102685504
20.82,84.92,1.44,1.81,1.66521913942826e-5,2.66440537223841e-10,0.2168409192732997,61.06339347321839,1.89628390491893e-5,2.50741001875306e-9,-0.1504972798192434,61.26639319273036
7.84,22.04,1.15,1.28,6.05067906208408e-6,4.31532515446485e-10,0.2018449106999307,63.69141752283122,4.74203013829102e-6,1.54975770765199e-9,-0.1610690833710884,61.82205968030931
14.74,30.87,0.52,2.3,7.68938557587842e-6,1.36604296961392e-10,0.2143944558150788,60.896512882082284,6.51479547927061e-6,2.63561557371837e-10,-0.1939379184359726,60.53944764555924
42.6,24.91,1.46,2.74,3.34279275299706e-6,2.86463294448008e-11,0.2238240670978504,62.727578080850265,5.22441721435628e-6,2.46925401453325e-10,-0.1572475259837879,60.025723079498505
29.5,88.76,1.11,1.63,1.61548342378525e-5,1.44989241243375e-10,0.2217983422732646,62.45765871775538,1.91457710762807e-5,6.06400488844608e-10,-0.1764822315381812,60.47567399717083
14.18,16.91,0.64,1.76,4.40546859050458e-6,6.86755106611654e-11,0.2166741445237644,61.46710345407247,3.57873641883154e-6,1.31253606665852e-10,-0.1965033665261659,61.2793741820577
33.04,62.56,1.31,2.6,9.91575811198145e-6,1.00671949166639e-10,0.2214351548907968,62.19518816016586,1.34906080430599e-5,7.76875638729038e-10,-0.1589516382913414,60.708410347254976
8.23,31.96,1.07,2.37,8.41017768592527e-6,1.11174103201754e-9,0.1915143492441807,65.92899270414362,6.84361349763002e-6,5.10238939657082e-9,-0.1411683061650901,65.56637477706404
19.42,68.99,0.71,2.16,1.56939730559582e-5,2.0487801182197e-10,0.2169715646249413,61.45528931011118,1.54822009878669e-5,5.35741062684415e-10,-0.1867883140540319,60.414864371989935
8.98,21.45,1.23,1.6,5.68221267331203e-6,4.01504062579766e-10,0.1994757509992693,64.33996489296835,4.63747215682236e-6,1.72846471368775e-9,-0.1539704011754814,63.76464709933424
42.74,53.35,1.09,1.63,8.24601890583053e-6,5.32814740169584e-11,0.2246069367119675,61.457374166699246,1.17285745264368e-5,1.91961723667916e-10,-0.1826408251580179,60.147369905183645
41.39,56.26,0.25,2.34,1.1584969042468e-5,5.70345076265922e-11,0.2209742468311197,60.97667574356309,1.24401843076183e-5,5.60480131395315e-11,-0.2165159766473646,60.44349681303804
42.66,10.63,0.79,2.17,1.83022184688802e-6,1.05363080852894e-11,0.2232005734340567,61.23076036898426,2.1252432082837e-6,2.6726646693535e-11,-0.1922823318743302,59.9723049456667
9.54,41.92,1.21,2.23,1.04737466651175e-5,8.17040492519691e-10,0.1997166771502809,65.48906132663296,9.20348183800144e-6,5.82507616269393e-9,-0.1387115638255847,64.39508520543204
37.43,73.24,1.26,2.93,1.07879754872285e-5,1.02039727331574e-10,0.2220957856575017,62.3287582601624,1.59581078422561e-5,7.43876293732419e-10,-0.1598803306931876,60.95233185983928
23.92,45.17,0.57,1.29,1.05735483198621e-5,8.25752336667054e-11,0.2212161894827863,61.46684241111169,1.00209178203351e-5,1.09062728105619e-10,-0.2092816569522883,59.61811556697234
11.14,88.37,1.46,1.35,2.10116512480166e-5,9.44670349637712e-10,0.2077032097238334,64.4671553829343,1.93213646078474e-5,8.22056961518421e-9,-0.141537848123151,62.10071163125932
43.6,91.06,0.8,1.34,1.55395038379471e-5,8.4042976059517e-11,0.224343250149469,60.76569242745958,2.0132134804661e-5,1.74189254997302e-10,-0.1979645990422742,60.69415787863421
37.98,48.52,0.2,2.46,1.04040803915153e-5,5.49502177181035e-11,0.2202007196835065,61.200521508486986,1.07620692584322e-5,5.15604427566343e-11,-0.2171097214250539,60.23756202357815
24.57,63.9,0.21,1.26,1.68812323778655e-5,1.05674009460038e-10,0.2204841874535255,60.58315630533005,1.42540209298435e-5,7.33353762272365e-11,-0.2271663683659979,59.71400640576809
33.9,11.25,1.35,1.31,1.9347897274515e-6,1.49081150837189e-11,0.2235095383028515,61.90211292304336,2.24298201815437e-6,7.5065289889708e-11,-0.1739868731258086,59.684029641473906
12.51,33.5,0.64,2.37,8.49467810781952e-6,2.42840215271093e-10,0.2091469409360232,63.02334401543348,7.35045938124961e-6,6.12535313385112e-10,-0.1784782398317939,61.07867888445064
12.51,33.05,0.68,1.49,8.63830138148629e-6,1.72569507089011e-10,0.2138926024000104,60.65433617906894,6.90795110039883e-6,3.76560522585799e-10,-0.189865993739125,59.91920305011493
26.31,69.84,1.46,1.31,1.25969182545957e-5,1.34098021276956e-10,0.2227064439481033,62.56380865212394,1.48103283603353e-5,9.38893950935913e-10,-0.1625006290479238,61.68094637054919
20.42,76.33,0.41,2.99,1.77535422598925e-5,2.42383279952781e-10,0.2137910782421484,60.74047407182774,1.72024880631286e-5,4.63961732656353e-10,-0.1920038088408784,59.99881921594573
8.95,77.27,0.25,2.0,2.26573534400776e-5,7.84377464242984e-10,0.207643900846485,62.80982921947374,1.6933049110587e-5,7.71864790223469e-10,-0.2051882144970079,62.08772529450267
21.4,97.27,0.31,1.95,2.43629940552967e-5,2.12569064599204e-10,0.2192659120214938,62.009057036377044,2.1750817658433e-5,2.14329920669542e-10,-0.2149184183267007,61.57142952021474
20.95,12.08,0.6,2.22,2.74065759198562e-6,3.05516353638268e-11,0.217356752940415,61.66835984876336,2.3136317448997e-6,6.10088472999017e-11,-0.1947829932877871,60.59906784566623
19.86,92.92,0.23,1.22,2.54983645125763e-5,1.97110092058987e-10,0.2199528667813299,60.96316087036912,2.0999324674631e-5,1.6238565145e-10,-0.2229091094191675,58.734808316989714
17.1,87.92,0.64,2.87,2.02069267898252e-5,3.71398293479124e-10,0.2137691987498204,60.943743412486455,1.96356710561598e-5,1.13341588477683e-9,-0.1789700533858797,61.67750131253789
44.25,59.92,1.01,2.63,8.87833853140224e-6,6.2803742726153e-11,0.2231162927519711,62.170610124008746,1.32126712407909e-5,2.55482014611709e-10,-0.1774388023964814,60.91573890007537
39.08,78.59,0.48,1.69,1.55699103633845e-5,8.25531232014974e-11,0.2223079266097522,60.832946722985724,1.74370260154185e-5,1.08605503082315e-10,-0.2096028465715323,59.8263872595657
12.92,82.41,0.65,1.25,2.22019024571009e-5,3.80462571474486e-10,0.2150031474125727,60.932962033714105,1.86220822506859e-5,7.54964175231859e-10,-0.1931234501154387,59.813029092851174
25.92,13.19,0.29,1.55,3.21143716439415e-6,2.08124933616823e-11,0.2214319681847548,60.72370750847224,2.78009943610275e-6,1.83476745295573e-11,-0.221165694216614,59.11626699192116
14.88,60.34,1.37,2.36,1.31690628241483e-5,4.00763597522065e-10,0.2106249952725109,64.0251150932015,1.33211667504359e-5,4.29887110142741e-9,-0.1408075720677221,62.43623913995464
20.52,10.48,1.47,1.95,2.15383674983102e-6,3.21029383364884e-11,0.2168248773679959,61.204763810974114,2.09352940399659e-6,2.21306277576759e-10,-0.1594640956995866,60.813800254535536
28.73,34.2,1.14,2.67,6.0654868177606e-6,6.60744015831425e-11,0.2193256197688064,61.825192133419065,7.27452449390712e-6,3.71143494044231e-10,-0.1660730606508844,60.744009231026
25.28,61.52,0.53,1.76,1.4108774858097e-5,1.13423524099819e-10,0.2195537852497881,61.99981249131942,1.36440109541712e-5,1.58742895975411e-10,-0.2067286803877362,58.839447942249436
16.88,51.55,1.16,1.64,1.14010520930488e-5,1.92062053398306e-10,0.2169255520943784,61.22940150398183,1.15028832476357e-5,9.71632946594363e-10,-0.168988833488308,61.45051278742681
19.27,87.24,0.96,1.94,1.89799241143748e-5,2.68145294449261e-10,0.2174020356429139,61.43853350057686,1.95928438461938e-5,1.051612805124e-9,-0.1754732406588368,60.25997287337027
13.98,83.3,0.83,2.69,1.96293407666338e-5,5.52730541569146e-10,0.2104950054537064,63.4340517946652,1.836435743669e-5,2.44268937973737e-9,-0.1659069773542542,63.36496405881068
24.45,61.78,0.27,1.37,1.55813908912925e-5,1.05456186965775e-10,0.2204413710324641,60.89256074365504,1.36295649075684e-5,8.45531845306435e-11,-0.2237641318497643,58.65695666466279
33.16,30.47,0.58,2.1,6.12231128872992e-6,4.07613584011327e-11,0.2213588746744676,61.617520937956016,6.54754368712071e-6,7.18681941350279e-11,-0.2011275194298155,60.22426868980063
25.01,93.57,1.24,2.42,1.71834253280432e-5,2.25321472620441e-10,0.2180924255559024,61.41974367832665,2.02442362244415e-5,1.39109785652146e-9,-0.1619916108234771,61.65145536019785
25.01,55.93,0.5,2.64,1.22765295141274e-5,1.21213562268762e-10,0.2171136705769884,61.563045926464945,1.22940070256326e-5,2.03162525586681e-10,-0.1979229220288737,61.66269901449962
39.12,23.89,0.67,2.4,4.18268959979242e-6,2.72691915509347e-11,0.2218214268781547,61.708668694422265,4.99841091972794e-6,5.86967518143544e-11,-0.1947678659684136,60.789331149214604
20.29,46.13,0.97,2.88,9.72554467017287e-6,1.62659941334976e-10,0.2141373114149313,60.81700789329439,1.02904056013804e-5,8.71079007215257e-10,-0.1631934059724073,62.33774209203086
37.47,39.33,0.56,2.48,7.24557351000615e-6,4.71367739075728e-11,0.2215328495555319,61.74992768418683,8.56573048762673e-6,8.54100522441925e-11,-0.1991692691945186,60.52319869887264
7.77,20.24,0.45,2.77,5.7039877453408e-6,5.3317038437818e-10,0.1957036378906678,65.82390194702148,4.36836002996411e-6,8.21835113980661e-10,-0.1778817029659146,63.161015423927715
23.95,50.42,0.73,2.82,1.05220797293223e-5,1.21513986559362e-10,0.2172524922038527,61.48731138339994,1.12631098198716e-5,3.14130781561257e-10,-0.1864239703439891,60.21787074700954
7.37,67.28,0.64,1.36,1.94049945222958e-5,9.2156070016178e-10,0.2082123554373931,63.921720452879484,1.4820597851636e-5,1.3668337502593e-9,-0.1935619395520667,61.183130452305434
20.3,37.58,0.87,2.24,8.24370533759625e-6,1.11618309358752e-10,0.2163795913684213,61.215367088486644,8.10161350178932e-6,3.84675925616525e-10,-0.1778662111378332,61.036807740339036
44.98,52.73,1.37,1.22,7.56622950452213e-6,5.00275878007257e-11,0.2252448014761427,61.5197734963435,1.1615669200245e-5,2.63733143257221e-10,-0.1732867578127623,59.4563329666296
30.26,64.31,1.42,2.86,1.02361406842948e-5,1.2467345756209e-10,0.2200234625261885,61.7613075750003,1.38228949110824e-5,1.45951135219138e-9,-0.1455542404851083,61.8879126838721
8.11,58.92,0.28,2.24,1.72902409720746e-5,8.78322894898628e-10,0.2035788988302989,63.57372009196728,1.33015032869922e-5,9.63330995969877e-10,-0.1969540007097045,61.13692580150981
26.09,32.96,1.26,2.79,5.86644576158383e-6,7.48774937903206e-11,0.2192347683566132,61.71503127515976,7.02261022370531e-6,5.30287962422857e-10,-0.1590184317736262,60.710122334047625
20.68,77.59,1.26,1.38,1.60370370925249e-5,2.12102156567609e-10,0.2187153953455356,61.65141994290849,1.71091954628156e-5,1.22986769522205e-9,-0.1658547973627697,61.34101270177313
11.2,72.03,0.7,2.54,1.85290915628274e-5,7.43577803740654e-10,0.2066973191550933,64.44316141230104,1.58123570889793e-5,2.34975222656065e-9,-0.1691734497168295,63.15139452273133
22.17,36.33,0.89,2.31,7.59222108630857e-6,9.09282038374019e-11,0.2187761258694767,61.816355142842184,7.67576381893721e-6,2.914790505339e-10,-0.1814608257629737,61.77882988958532
41.74,43.52,1.17,1.43,6.53409414649175e-6,4.40973151436605e-11,0.2248584398124613,61.38907755624994,9.00225550833944e-6,1.79399748017947e-10,-0.1796818369154851,61.1913197874043
33.48,30.72,1.15,1.82,5.20675832229043e-6,4.29756105633189e-11,0.2227296092079873,62.25365106581605,6.39337626391542e-6,1.99775416163028e-10,-0.1749190770905334,60.0546356093365
24.51,66.79,1.32,1.36,1.27789100744543e-5,1.41884142054021e-10,0.2208802885009746,62.1774371393302,1.4261456899265e-5,7.48125953505447e-10,-0.170181770951687,59.45151028120498
21.27,86.93,1.48,1.26,1.7025305244094e-5,2.26927766512519e-10,0.2207669786858004,62.078812894874076,1.95450171358586e-5,1.60256430018333e-9,-0.1609648849937432,61.19053134767053
8.55,50.56,0.4,1.56,1.4976663689958e-5,4.77904403588817e-10,0.2099796176175612,61.85115621130689,1.13969571124435e-5,5.15516444661589e-10,-0.2054377661807089,61.79822012459092
16.71,42.41,0.25,2.63,1.06907434617674e-5,1.66941895625154e-10,0.2125238822373687,60.45775769192627,8.76083460013332e-6,2.02121332361327e-10,-0.2051444318674076,60.84636873029266
10.89,51.59,0.29,1.61,1.49171750432914e-5,2.80129260356449e-10,0.2150987588183604,61.16994320788255,1.17428694287606e-5,3.00359206797548e-10,-0.2104376180991249,59.67037634127957
9.61,68.65,1.01,1.53,1.77457174631035e-5,7.13504429794153e-10,0.2094727606100968,63.992120892981674,1.47298254493332e-5,2.90806572781447e-9,-0.1664739393286016,62.717025137457746
28.82,56.67,0.35,1.74,1.3118624788266e-5,8.42820331533712e-11,0.2206604024602809,61.204908724744335,1.25327931428384e-5,9.06723796851953e-11,-0.2138687619617546,61.17238941834365
30.04,99.66,0.72,1.96,1.99861071571937e-5,1.56284943572818e-10,0.2204639436421811,62.15829734990176,2.20776993842127e-5,3.53344351657156e-10,-0.1928698022361531,60.0771733987783
39.65,33.68,0.69,1.45,6.28085535378194e-6,3.4798395644189e-11,0.2231453704266115,60.87137221569871,6.9326959451702e-6,6.32658656380128e-11,-0.2012319356202914,59.591572872188245
23.81,21.43,0.47,2.27,4.98118162225091e-6,4.46832198218605e-11,0.2185082750866859,62.04106147673477,4.61608863252745e-6,6.2845115494275e-11,-0.2057564237671145,59.15032972829261
23.3,26.21,1.42,2.03,4.93948300652409e-6,6.60765369376248e-11,0.2191869639745611,61.707026753870046,5.53722821202448e-6,4.79045133804825e-10,-0.1589596541431179,60.58580625596922
18.58,88.53,1.17,2.74,1.82657439133122e-5,3.71038424211947e-10,0.2140440548215073,61.90592785325494,1.98732327431209e-5,2.88288437530238e-9,-0.1535234736765446,61.72828667948749
7.76,59.84,0.24,1.53,1.80945052539392e-5,5.63456639217233e-10,0.2116611437304417,60.81602534751289,1.35409613150294e-5,4.5863763781604e-10,-0.2153625687639495,60.98665617667949
26.71,17.89,0.72,1.46,3.75505912171397e-6,2.91232383248066e-11,0.2222792953773588,61.47553619019261,3.75895307101522e-6,5.30102155372558e-11,-0.2004873511521273,60.28504956378435
27.67,10.28,0.31,2.84,2.31956252734317e-6,1.78966771080098e-11,0.2185906783246891,62.18670902200986,2.07026092045534e-6,1.9607564355799e-11,-0.2114912060773316,60.47636240799592
32.67,43.7,1.46,1.65,6.98856421948264e-6,6.50567736113579e-11,0.2235030148162105,62.66387173633413,8.78148142037194e-6,5.33251514184175e-10,-0.1594461187483235,60.78297872438592
39.54,43.19,0.83,1.69,7.57085654569927e-6,4.65701860437104e-11,0.2232696307817475,61.32245574329453,9.51968128083369e-6,1.17704022598759e-10,-0.1919819105035935,59.81839116421742
40.2,75.35,1.2,1.32,1.1882821182612e-5,8.1474192349928e-11,0.2243557271725417,61.61675377799908,1.68265732003572e-5,3.66163474518212e-10,-0.1763593025986388,60.46971749597878
33.73,45.23,0.4,2.34,9.34012312436776e-6,6.05856576961417e-11,0.22018648703703,61.72789400476622,1.00475796911202e-5,8.13147377710029e-11,-0.2081112122162062,59.41913717548966
11.09,98.32,0.75,2.89,2.50094264495069e-5,1.29079108564315e-9,0.2028157506625166,63.268239478847704,2.20030740816049e-5,5.20710862360418e-9,-0.1581819215599749,62.53637574686334
18.88,61.47,0.25,2.41,1.57385739529678e-5,1.7940898395093e-10,0.2159553546902575,61.46473760271223,1.36836169402699e-5,2.14450004153498e-10,-0.2081738824485802,59.35758590328588
20.62,34.3,1.08,1.77,7.32082484671915e-6,9.5267560424785e-11,0.2178425111422813,61.510490512109705,7.53982878691018e-6,4.30605320929599e-10,-0.1726225646814258,59.27286265918962
31.44,87.54,1.38,2.08,1.4004682029067e-5,1.42639275307712e-10,0.2225165964062821,62.461709101891195,1.90819674865322e-5,1.09548742797131e-9,-0.1596042109129954,60.81490399082858
27.02,48.0,0.85,2.71,9.16013200411038e-6,9.57342838057214e-11,0.2193860111126377,61.94947490733861,1.06107971606267e-5,3.22899299919799e-10,-0.1798845029510577,61.77172818663024
38.63,70.45,0.24,1.73,1.54469255147625e-5,7.28828218775107e-11,0.2215349753275659,60.46085319626277,1.52113103454242e-5,6.38258336719704e-11,-0.2209094349724685,58.70070157837041
11.77,58.16,1.43,1.21,1.39740274423614e-5,4.95051462746134e-10,0.2097495921217731,64.05661470115743,1.28280696560402e-5,3.96231183507838e-9,-0.1470391751493696,62.416673827391506
14.54,47.3,1.49,2.19,1.01744041105733e-5,3.27996189240431e-10,0.2107387240038821,64.23428709025758,9.70890057160527e-6,4.35253841710687e-9,-0.1360229132104899,63.09500967316484
22.28,88.2,0.41,2.9,1.98436355620523e-5,2.28057545166163e-10,0.2164220074950259,61.43832871064156,1.94755155489879e-5,3.56462804667701e-10,-0.1992571319721352,61.696706532099995
42.26,40.51,1.04,2.58,6.11324173829982e-6,4.44143380586485e-11,0.2233094656255248,62.184989619295386,8.91429523244343e-6,1.87774894167776e-10,-0.1766383727247296,60.63071758423058
12.0,70.66,0.22,2.95,1.91886136846265e-5,6.34277980635433e-10,0.2054935686369798,64.24911936277523,1.56909330699189e-5,9.31989108730741e-10,-0.1900240494822877,61.50631929018289
28.51,60.8,0.3,2.97,1.32198916575607e-5,1.11098586478775e-10,0.2173420197704933,61.741693265649154,1.35253924562832e-5,1.48266322483564e-10,-0.2051534795275732,59.0596227807276
24.38,37.98,1.22,1.87,7.31296352433017e-6,8.51918258964027e-11,0.2196611046837918,61.890102012489386,8.24737836860453e-6,4.20725359486969e-10,-0.1708265799950076,59.32179760987984
15.31,59.05,1.43,2.61,1.25925729673601e-5,4.17730655047483e-10,0.2094127973029676,64.66470378638775,1.30746020466384e-5,5.16870506819997e-9,-0.1351779573191621,62.912110529685485
38.22,73.8,0.82,2.97,1.21692283900707e-5,9.50211668822485e-11,0.2209081609355554,62.340080104865606,1.61872298412727e-5,3.2160661339001e-10,-0.1809801655202852,60.98026948928068
11.9,22.44,1.3,1.53,5.51951147425469e-6,1.8348788569602e-10,0.2097328673453908,63.787467321937044,4.88672009642406e-6,1.17894676527737e-9,-0.1542168600471972,62.030335155879285
15.27,32.26,0.39,2.8,8.18002985965867e-6,1.58392999840892e-10,0.21177018922164,61.19930683774902,7.05472438539802e-6,2.63231358185134e-10,-0.1942377256941614,60.777619052079245
22.21,79.09,0.88,2.69,1.61958958905426e-5,2.14800461451132e-10,0.2174765058481672,61.455018146837254,1.78334757786291e-5,7.60730747940086e-10,-0.177138477081606,60.86804280558984
37.34,11.26,0.84,2.78,1.97096026710366e-6,1.39886046044782e-11,0.2216480598843791,62.08743204161259,2.33346507048077e-6,4.28464948811171e-11,-0.1859669815425063,59.48777526384654
17.44,38.61,1.31,2.85,7.92427904189614e-6,1.90934254898251e-10,0.2131377600510774,62.977585827078315,8.46798072692502e-6,2.02180133927833e-9,-0.1429761811439839,61.66364292436195
40.43,16.17,1.04,2.84,2.55895756481122e-6,1.92758446163511e-11,0.2216612393368113,62.437851205523046,3.41447808718005e-6,8.21037998359529e-11,-0.1755960314703704,60.275804315640045
42.9,13.02,0.31,1.71,2.71839980226617e-6,1.18054506316837e-11,0.2224612663870662,60.1985892320793,2.62712155660597e-6,1.06953575122371e-11,-0.2208811581766555,58.791524282093
25.08,66.99,1.03,1.4,1.37377646377557e-5,1.30061906821283e-10,0.2208542943687861,62.322908480536285,1.50860714722901e-5,4.14954739139234e-10,-0.1836681972078127,60.374321173787244
33.4,82.61,0.94,2.67,1.42317785546761e-5,1.25414828986721e-10,0.2208053528594376,62.23758186439987,1.84890115604257e-5,5.11149916802772e-10,-0.1764768911970614,60.67800828174488
7.03,85.21,0.63,1.38,2.47056870832409e-5,1.30854524261046e-9,0.2074369087491237,64.39617904669942,1.90433591562944e-5,2.06032786657398e-9,-0.1914001902491816,62.37877700737682
16.52,34.1,1.24,2.15,7.51901965693118e-6,1.62900598657805e-10,0.2128751890087749,61.89540377820765,7.51607493252722e-6,1.09758379136613e-9,-0.1567947358728883,60.593159801707515
27.52,79.98,0.77,2.51,1.56649476457472e-5,1.50857026042162e-10,0.2196134247183841,62.05853212115947,1.77281226927479e-5,4.21797061245444e-10,-0.1858942786333327,59.75977964127324
27.68,88.59,1.47,1.66,1.51322906724339e-5,1.68922576032844e-10,0.2218684699306215,62.3002678055284,1.90966263768822e-5,1.34902541179222e-9,-0.1580652845334424,60.24295972801833
21.89,32.9,0.58,1.96,7.66219798506742e-6,7.34242124726021e-11,0.2195284179603899,62.25588566372157,7.25864170154567e-6,1.21584723042898e-10,-0.2013689229830494,60.64189575327547
12.14,66.63,0.44,2.64,1.76836122060431e-5,5.43269849736975e-10,0.2075782535599157,63.70673910422972,1.48971633670124e-5,1.01496849004158e-9,-0.1848649052787863,62.608725525941075
15.0,94.15,0.34,1.45,2.58068487280838e-5,3.07345760401584e-10,0.2181756691312711,62.02338026025403,2.1373261504016e-5,3.1601848491364e-10,-0.2147837802595486,61.33366964593494
19.2,92.11,0.89,2.27,2.00198692536542e-5,3.00157632754768e-10,0.2163654862360611,61.19357986928905,2.04569408074545e-5,1.16186463663159e-9,-0.1748449502258758,60.118195073751345
10.17,29.13,0.3,2.08,8.22218558701668e-6,2.11777101673654e-10,0.2120338556869205,61.026229551927464,6.26885261339134e-6,2.6827866531567e-10,-0.2025949908151652,62.33805176036543
16.2,80.2,1.17,2.67,1.76007364929035e-5,4.61462635469156e-10,0.2105385682274282,63.422833231198155,1.8231513987513e-5,3.47974887869688e-9,-0.1506151433487646,63.20955426289731
31.75,82.18,0.79,1.7,1.60055444869655e-5,1.1394873995703e-10,0.2226145598822984,61.62871818430135,1.84535964258946e-5,2.75948849478532e-10,-0.1932346529111908,60.310929573880564
17.77,27.23,0.32,2.96,6.6474422987955e-6,9.94693215576454e-11,0.2141531480463317,60.92590048362151,5.74710038720762e-6,1.56094260130994e-10,-0.1979205506069159,61.94842595609633
29.2,94.31,0.33,2.42,2.08929237841374e-5,1.54157554769141e-10,0.2186327825298899,62.10933305484988,2.09181494717596e-5,1.91862306469248e-10,-0.2084896054018231,59.45900611240815
30.57,44.21,1.39,2.82,7.08767363225289e-6,8.12963332501218e-11,0.2209377247497514,62.03346537080852,9.6520709965528e-6,7.8277562538852e-10,-0.1530397338844103,59.78415735167041
19.66,12.42,0.46,1.93,3.07202799766726e-6,3.10810184942453e-11,0.2183044285773034,62.0277677607074,2.36752520314347e-6,4.39831426488247e-11,-0.2065492288663793,59.180379073671425
31.03,55.31,0.96,1.45,1.04381589265799e-5,7.85575680965041e-11,0.2233804023341209,61.6952741793112,1.22319405958784e-5,2.40368402133741e-10,-0.1880756259831499,58.948739303758614
41.88,41.7,0.91,1.7,6.69514088173593e-6,4.1730643265395e-11,0.2242000885628889,61.21196719130406,8.44991881471847e-6,1.14789930692473e-10,-0.1907855976224668,59.43542131188412
27.93,57.02,0.99,2.79,1.04926596090705e-5,1.13703195193375e-10,0.2191544283869947,61.81348199847783,1.27471157466167e-5,4.9647377793682e-10,-0.1731076693256896,59.494763682383976
30.02,60.49,1.06,2.01,1.09000335038612e-5,1.01286326726804e-10,0.2208089300627665,62.21192207033377,1.30125320849368e-5,4.16845710848982e-10,-0.1759036408906114,60.31807601227624
16.13,64.96,0.68,1.29,1.63919650780557e-5,2.11667378564671e-10,0.2178509749838657,61.716789422598225,1.41468005932346e-5,3.77929741870194e-10,-0.1985724249190075,61.77781418661042
16.18,35.74,0.8,2.12,8.44733709689918e-6,1.48097028998874e-10,0.21430079614957,60.72811299511663,7.45060333067307e-6,4.3282322720019e-10,-0.1814401767867715,62.22153121448287
24.91,84.38,0.68,1.72,1.86127398470223e-5,1.62063024954499e-10,0.2198118866525027,62.24296530359756,1.88747832862706e-5,2.97767444591065e-10,-0.198036025672347,61.288085306472034
30.54,15.23,1.24,2.17,2.65210340184403e-6,2.44708588450166e-11,0.2221647307279764,62.56995841431745,3.00044847603579e-6,1.41353717077676e-10,-0.1694047901244108,59.88142366257703
27.22,24.71,0.2,1.69,5.96631433042554e-6,3.75348359841322e-11,0.2207568242920576,60.80312283371593,5.29892984389549e-6,2.99012209544631e-11,-0.2239361310418702,58.70280675516799
34.49,64.56,0.87,2.2,1.13313536515825e-5,8.82708785643257e-11,0.2215978149348851,62.233933079360845,1.37529348800222e-5,2.70886134876131e-10,-0.1855658410078945,59.69148970079021
11.66,14.17,1.27,2.51,3.28029514079132e-6,1.6555466489344e-10,0.2050070209382123,63.78871137647471,2.92520201946183e-6,1.30536394738381e-9,-0.1417252355483818,62.8864157952877
18.7,59.45,0.63,1.68,1.42834366403367e-5,1.61231440092917e-10,0.2189306276430658,62.04072929827618,1.28567618093246e-5,3.08623187880728e-10,-0.1968926268037423,61.29961957775995
7.66,29.44,1.14,1.41,7.9242182195755e-6,6.67451909128195e-10,0.1998952093885431,64.79283482907003,6.14982975353796e-6,2.56647764605606e-9,-0.1574743211360498,63.52828394245612
43.69,91.67,1.12,1.8,1.3614988327605e-5,9.16139390128763e-11,0.2244460255095501,61.67981516049317,2.03211408552943e-5,3.7566203898398e-10,-0.1784921144316077,61.2463739824826
39.21,48.86,0.89,1.45,8.54111244560298e-6,5.24101205036267e-11,0.2238016645149619,61.2145526571035,1.07256419417734e-5,1.31064348698748e-10,-0.1924558285302913,59.96466842883069
19.82,96.8,0.37,2.55,2.33536476576779e-5,2.8700513825126e-10,0.215220844735329,61.163660852068816,2.17205537392821e-5,4.38946923869442e-10,-0.1993835348766137,61.70387626706994
44.13,38.92,1.42,2.71,5.16920007362552e-6,4.30694192030854e-11,0.2238343293574458,62.703682961483345,8.32027875194628e-6,3.64926493103156e-10,-0.1575547962003746,60.12895259598243
35.9,28.85,0.66,2.23,5.36697561592044e-6,3.54332582168231e-11,0.2221772639023749,61.60568028381952,6.14461238195648e-6,7.53148733540619e-11,-0.1958722952300421,61.19362611270472
35.33,56.29,0.58,2.79,1.0369769405831e-5,7.81349370608779e-11,0.2195162537889659,62.11256284597094,1.22767095843522e-5,1.60654471771344e-10,-0.1944442927049443,60.79652945589655
8.81,85.81,0.95,2.58,2.24309210806182e-5,2.67125387335371e-9,0.1914636154464397,65.9806296288175,1.94112854645481e-5,1.06937494088229e-8,-0.1445300287939036,64.56255995793312
21.67,77.93,0.24,2.17,1.95993253229061e-5,1.72984473722613e-10,0.2184092959257078,62.16227437838227,1.66350641316356e-5,1.64822947901673e-10,-0.2157560066278628,61.5359879968923
41.31,10.24,0.47,1.33,2.09595969044137e-6,9.55221079002248e-12,0.2230808011699111,60.13128591308325,2.074327629958e-6,1.08009716496342e-11,-0.21481439880843,60.92667046820874
18.79,27.66,0.25,2.7,6.88930858216598e-6,8.58265651238135e-11,0.2151688904500545,61.253573204258714,5.84726486701427e-6,1.1022121472538e-10,-0.2055480216376375,60.106703304030354
34.36,74.23,1.36,1.2,1.22194694814543e-5,9.8705485567351e-11,0.2239822028946709,62.09487192532545,1.6171063329563e-5,5.74508370928799e-10,-0.1702052314963727,59.01603313033883
32.16,30.06,0.56,2.1,6.14282973112593e-6,4.15024088587356e-11,0.2213476928113513,61.627251180376625,6.45164202946604e-6,6.99174105653048e-11,-0.2025387705308993,59.78172050119642
18.48,87.68,0.42,1.61,2.23599118733964e-5,2.26777626265843e-10,0.2191622095327549,62.22946573139115,1.970487862944e-5,2.83519121751128e-10,-0.209392295576476,59.60960205266171
10.23,28.26,1.25,2.62,6.85946921756399e-6,5.2894870119127e-10,0.1998719739082241,65.86472344482655,6.11446029578426e-6,4.64697608471517e-9,-0.1323700788807219,65.3806195760323
10.12,38.23,1.04,1.8,9.74118337226118e-6,4.14616875168269e-10,0.2082996426111971,64.68570545937588,8.41990253968447e-6,1.86446395239616e-9,-0.1612016071035968,61.195205905346405
25.54,31.05,1.45,2.64,5.26934606943759e-6,7.42618801399446e-11,0.2190944173269999,61.61126342934159,5.97056396747554e-6,7.1164177168295e-10,-0.15118719318626,60.61736836274499
14.04,57.42,0.7,1.44,1.47867147660102e-5,2.30837725319627e-10,0.2174244084054634,61.581607719231435,1.26997578970264e-5,4.9306171503861e-10,-0.194085676594524,60.47438588287211
36.18,55.04,0.99,1.98,9.27123824628135e-6,6.87350570151564e-11,0.2233951332230116,61.94508963863508,1.20920863964072e-5,2.45811847733898e-10,-0.1819110838664548,60.722894292189615
27.19,52.24,0.85,2.07,1.02670033370295e-5,9.41283378128163e-11,0.2209198227425155,62.384635336857464,1.14804788865961e-5,2.60595112437308e-10,-0.187808624506407,58.995512467512434
15.23,62.5,1.48,2.73,1.31786971307511e-5,4.83619748344192e-10,0.2084534258202812,64.74664427476911,1.39107365667869e-5,6.77388008207421e-9,-0.1292868692174461,63.58640611959603
37.53,33.29,1.41,1.97,4.97388425969922e-6,4.2260003732466e-11,0.2239036998412054,62.49803905390801,7.09092753239501e-6,3.14949212393811e-10,-0.1612738008206898,61.35547445816186
22.31,79.53,1.21,2.98,1.49899580857972e-5,2.48990750792211e-10,0.2163096979400451,60.98603533269756,1.77209790074732e-5,1.72553446291058e-9,-0.1569669680780747,60.13094811355278
17.95,77.05,1.21,1.21,1.70410622906722e-5,2.41532276955788e-10,0.2192616095569693,61.84701635629464,1.71383734550563e-5,1.22972678671039e-9,-0.1708989606281302,60.23726666585399
34.62,16.49,0.61,2.29,3.22465626366148e-6,2.13750129539474e-11,0.2209116303293334,61.70363399838408,3.51265098893827e-6,3.78523030596092e-11,-0.2001273128265603,60.31658456514352
30.94,72.51,0.76,2.8,1.3357356044336e-5,1.18976098432807e-10,0.2203012372631003,62.20637410542272,1.59958334965971e-5,3.72609756504907e-10,-0.1837061871795963,60.73575237794088
32.61,15.43,0.86,1.93,2.86191846404492e-6,2.12123619875459e-11,0.2223100628537686,61.795496173056854,3.17058191077785e-6,5.58138273463223e-11,-0.1911594248545595,59.59797232326315
14.48,36.9,0.95,2.67,8.58425588156264e-6,2.29091086337189e-10,0.2111034814974852,63.18719874773636,7.96172499935021e-6,1.17750766516186e-9,-0.1622202435952158,62.02937559139359
15.52,33.82,0.53,2.16,8.44754750489429e-6,1.36724535827707e-10,0.214667430192619,60.972144809206135,7.0970001019022e-6,2.46296363291885e-10,-0.1956426785484296,61.00060389879475
32.95,43.3,1.12,2.42,7.16901440182351e-6,6.6009747676056e-11,0.2216191775508148,62.37616415661887,9.24181036710322e-6,3.47138021381567e-10,-0.1712408975096946,59.08884149558495
37.21,99.81,0.71,2.63,1.72963794376448e-5,1.26109288440691e-10,0.2215100162051393,62.205846050157554,2.22382119317083e-5,3.31022619633276e-10,-0.1898503920813919,59.22395736779981
15.87,41.98,1.18,2.41,9.21389889340591e-6,2.25786507960201e-10,0.211908441099218,62.68820958506767,9.04200953101324e-6,1.61913376439696e-9,-0.1546469222143494,62.1062821703504
20.21,70.09,0.6,2.85,1.58208447607092e-5,2.26071913867876e-10,0.2144721114195872,60.832670301801315,1.58539265353984e-5,5.98417958786045e-10,-0.1834861123513138,61.75408353423693
21.25,55.6,0.5,2.2,1.30938963681107e-5,1.31593181283895e-10,0.218923571294702,62.070983875482014,1.24767040187545e-5,2.04839250139323e-10,-0.2028602517643844,60.3887981795321
41.11,45.83,0.66,1.82,8.30517964492278e-6,4.72351750270619e-11,0.2223004876551129,61.18454088418203,9.86257102156786e-6,8.96642607702352e-11,-0.1990095164447569,60.362566661831984
34.09,49.45,1.01,1.26,8.9890194590579e-6,6.28795063998379e-11,0.2235740452338433,61.52807060371339,1.09071044877793e-5,1.7684693064181e-10,-0.1897256902515731,59.05444064517032
24.75,43.25,1.15,3.0,8.05814604063033e-6,1.14161286884266e-10,0.2165649011337677,61.06945602207643,9.16472918500348e-6,6.70713834313137e-10,-0.1616699860264505,61.64744590565476
35.05,98.54,1.04,2.61,1.63316124460412e-5,1.43082056246199e-10,0.22086078540601,62.178607220421874,2.20474015493321e-5,6.80774404832279e-10,-0.1728428238414857,59.44886060633412
21.78,87.97,0.96,2.86,1.72525598884891e-5,2.60264038808823e-10,0.2167427045424789,61.22802623912628,1.86457238933032e-5,1.12532186870938e-9,-0.1717882325585197,60.039788479952676
44.02,20.35,0.49,2.27,3.74202974783758e-6,1.9385246831576e-11,0.2221581474527779,61.05809244206331,4.35804159860362e-6,2.7723004991873e-11,-0.2076539969485466,59.251117873514964
29.99,42.33,0.73,2.23,8.3163740613613e-6,6.88260298950176e-11,0.2199352102441507,62.188486914979734,9.17204868507767e-6,1.68008229591307e-10,-0.1905827788135482,59.34400143037095
38.91,99.12,1.4,2.89,1.37358321615854e-5,1.34552421389618e-10,0.2223079658835262,62.28681064850779,2.17858465225256e-5,1.24839153814047e-9,-0.1542686059012536,59.05261545766219
15.4,83.19,1.32,1.86,1.84018021861585e-5,4.35564902036796e-10,0.2132488717430877,62.22273341023503,1.86375370369129e-5,3.49626194299692e-9,-0.1525651968872567,62.372632509332405
30.38,39.8,1.17,1.51,7.22464531237205e-6,6.0535119431447e-11,0.2231493166120266,62.16174769668495,8.63755730639012e-6,2.83368991930248e-10,-0.175166789359615,60.08228507810293
38.32,19.8,1.41,2.87,2.91183786600892e-6,2.64294181732985e-11,0.2224079215493951,62.422050308630986,4.19047394014511e-6,2.11810194650387e-10,-0.1580773689780505,60.32835663168586
33.51,61.24,1.09,1.41,1.0828005685652e-5,8.13034820205788e-11,0.2235030091294961,61.79599713180502,1.32156121979609e-5,3.03375368725265e-10,-0.1814611006197381,60.984373997923626
17.34,66.57,0.9,1.49,1.53687005363669e-5,2.0613817032454e-10,0.2191172511472735,61.92293067801125,1.42510063255804e-5,6.3609551966345e-10,-0.1843412041859714,61.274798711467845
35.0,51.81,1.36,2.43,8.04912707604329e-6,7.64044529318594e-11,0.221530710403269,62.23056768014262,1.1519234036748e-5,5.65156133157623e-10,-0.160350389025151,61.17741264965872
25.72,70.62,0.36,2.4,1.60864735817141e-5,1.32162852801515e-10,0.2191655302121649,62.22500814479777,1.59274250534531e-5,1.70828069178876e-10,-0.2079989020674433,59.31411776868198
26.41,99.96,0.75,1.52,2.12359559449383e-5,1.69876884393753e-10,0.2220166757534923,61.7889614896967,2.23221594574144e-5,3.49510163108852e-10,-0.1964282275300285,61.21917441565654
34.25,91.61,1.31,2.8,1.40483604779493e-5,1.45771486997222e-10,0.2209300722265137,62.02357642137112,1.97981043064093e-5,1.22012029932279e-9,-0.1565338497072737,59.89653843894312
39.59,17.44,0.67,2.14,3.19122605269722e-6,1.90593866110628e-11,0.2220944652175557,61.39818031014258,3.73139175893298e-6,3.88406796088527e-11,-0.1968036158893688,61.22717130344738
20.53,47.64,0.33,2.87,1.13553429580665e-5,1.41622735211681e-10,0.2143793454107298,60.930629455136554,1.04169807463869e-5,2.22737187121784e-10,-0.1978042753048447,61.840682816153816
13.79,56.43,1.34,2.82,1.24395604718175e-5,5.11795346569178e-10,0.2077683015074656,64.54051728860723,1.25484502518335e-5,5.9521255256056e-9,-0.1343467094201843,63.885004154728534
13.66,20.61,0.55,2.21,5.32350570571294e-6,9.984912807642e-11,0.2144920781117254,60.92063505633591,4.47195132093335e-6,2.0286272312818e-10,-0.1930362854519316,60.28968398194501
20.45,99.83,1.07,2.53,2.05816694962615e-5,3.3327113016519e-10,0.2152035088846402,60.79294374062902,2.26523417316373e-5,1.94852664638851e-9,-0.1617750968506464,61.78340230128952
40.36,33.6,0.55,1.35,6.61339046674079e-6,3.33129782627281e-11,0.2228283363102319,60.574406883783894,7.35187202533846e-6,4.62706754878868e-11,-0.2089186294584978,59.58510065617095
34.56,60.11,0.9,1.74,1.09613486058383e-5,7.81372050937152e-11,0.2223823155727254,61.813032300469004,1.33787563685669e-5,2.22552771400817e-10,-0.189141473083246,58.931365096876796
16.6,56.56,0.65,2.65,1.3513407155245e-5,2.55028967384503e-10,0.2121246614698668,61.182925206751364,1.25003881189356e-5,6.52920689051737e-10,-0.1823532587390156,62.74000371851351
42.77,44.9,1.27,1.62,6.55937129232894e-6,4.5839784283232e-11,0.2248660579067787,61.731828809070635,9.14700468079793e-6,2.33508814640208e-10,-0.1737349748368601,59.59691520648376
21.12,25.96,0.84,1.33,5.92260858004373e-6,5.79500224963242e-11,0.2210596842014273,62.22056993672492,5.47392304818298e-6,1.29050827433861e-10,-0.1944911064214327,60.550364115394245
9.79,24.95,1.17,1.71,6.41643206645477e-6,2.99918368011926e-10,0.2076290427264825,64.55064102822978,5.16784418502115e-6,1.59796133219082e-9,-0.1563823982229011,62.58749236172016
22.32,88.24,0.96,1.24,1.90569022888853e-5,1.88244955931306e-10,0.2216046069361355,62.35522428549295,1.96475314119005e-5,5.14285028548447e-10,-0.1895297910020881,58.96052896890323
18.15,60.19,0.63,2.66,1.37965856346992e-5,2.14092399774763e-10,0.2153358419511344,61.05252723499284,1.3432280438605e-5,5.73994660675553e-10,-0.184150397958574,61.859847346279686
12.45,94.95,1.4,2.58,2.16177871272689e-5,1.28610412428282e-9,0.2012199494879519,64.63312174776392,2.05401045625357e-5,1.52751249573662e-8,-0.1249956839811043,64.44738098695207
36.44,41.14,0.54,2.76,7.64517709354283e-6,5.26429808784123e-11,0.2208795292162692,62.0847420983506,8.92169911739301e-6,1.02039822878304e-10,-0.1968965017981801,61.51942826026621
23.16,44.62,0.21,2.22,1.1177944679731e-5,9.11565317830051e-11,0.2183435998176373,62.072338303464136,1.00818902725387e-5,8.30514311223529e-11,-0.2170331740816934,60.975272636320824
42.11,22.26,0.94,1.33,3.74531010254828e-6,2.14707127184305e-11,0.2245395958317211,60.89799866119727,4.68376449449664e-6,5.59659524886491e-11,-0.1924002622464537,59.98176166907637
39.51,97.55,0.91,1.73,1.64956133769844e-5,1.07345474217937e-10,0.2233301624881519,61.53703401880892,2.180201390745e-5,3.16689462046937e-10,-0.188181491661752,58.68818207460341
25.6,28.15,0.46,2.32,6.23119665190337e-6,5.28100908363683e-11,0.2194959929143545,62.26703397865915,6.15656683214792e-6,7.76548274720042e-11,-0.2048029520987698,59.21971046925362
33.36,63.09,0.89,2.5,1.1085894918313e-5,9.30333738410999e-11,0.2211228559142845,62.36040670614042,1.39713822875878e-5,3.26454910812945e-10,-0.1807935709608442,61.394467739317854
29.05,45.57,0.53,2.85,9.24837361796512e-6,8.22761093277235e-11,0.2181408286291465,61.81100154325345,9.94725392231949e-6,1.60175584687738e-10,-0.1943695063194462,60.6790325265229
43.91,67.75,1.08,2.91,9.59881788694796e-6,7.43418478661252e-11,0.2228534786730945,62.51375211309022,1.45527685810804e-5,3.72857530717433e-10,-0.1721529971949562,59.14789579050157
20.88,79.15,0.72,2.04,1.79149114119882e-5,2.10706737125461e-10,0.2171303286154387,61.474549242791625,1.74493220011855e-5,5.45711697804448e-10,-0.1875404236588821,59.846269644014974
31.61,32.54,1.33,2.18,5.38163574937717e-6,5.2263199069511e-11,0.222244740700497,62.460401999014564,7.16523367940164e-6,3.67765798508712e-10,-0.1622848762052536,61.79481097115324
34.0,52.3,0.57,2.14,1.0356168331543e-5,6.86026282849937e-11,0.2211915688255352,61.657487262501505,1.16079839547279e-5,1.19324370516053e-10,-0.2011794110646957,60.13044842598006
21.29,30.68,1.41,2.83,5.61436679878895e-6,1.02227724346203e-10,0.2165303071975505,61.03355706625284,6.37375699643534e-6,9.37571905658524e-10,-0.149697669162967,61.92515738896079
32.31,24.22,0.58,2.49,4.57485204519085e-6,3.47927777416392e-11,0.2207983179085885,62.03713237364448,4.81881100418618e-6,6.73161056495736e-11,-0.1977077640862424,61.52022550908949
16.42,75.12,0.61,2.96,1.78428379883547e-5,3.75698894923083e-10,0.2107696982882484,62.13217245995274,1.66802072270356e-5,1.04862201644737e-9,-0.1786695456113893,61.5925790091855
9.09,13.25,0.45,1.51,3.88176509192711e-6,1.09619722033149e-10,0.2107035689041852,61.056878431870274,2.74068250852894e-6,1.21064009177523e-10,-0.2063243037021372,61.31635806917414
10.55,78.01,0.55,2.74,2.08037440238767e-5,9.11188072997834e-10,0.2054588172133377,64.12468761754967,1.73128734942775e-5,2.462985533409e-9,-0.1728200660720599,62.74801230432145
23.11,40.69,0.52,2.78,8.98534188251144e-6,9.94823778268192e-11,0.2169832778831815,61.54095488397031,8.97634237353801e-6,1.77638150799676e-10,-0.1958206330207003,61.185916041294085
38.13,68.38,0.45,2.59,1.29966983648189e-5,8.08322287455915e-11,0.220890870369387,61.743853380836505,1.51152677359539e-5,1.24528115691015e-10,-0.2038253740000027,58.896650814439205
10.77,64.39,1.33,1.55,1.57968038563e-5,7.09004018280188e-10,0.2076663994713927,64.49719209352229,1.40414320581441e-5,4.99532567564151e-9,-0.147300592268413,62.5372336208788
31.12,14.45,1.02,1.62,2.61836346541768e-6,2.06398230834685e-11,0.2230629029444541,61.76547170178567,2.85222820301618e-6,7.42133646621108e-11,-0.1831971683303994,60.706680526089535
27.35,85.32,0.34,2.93,1.84535058104733e-5,1.63684501598686e-10,0.217626475344892,61.79309089949855,1.89830435484956e-5,2.3503280359134e-10,-0.2028806095467126,59.93007208929617
28.08,60.69,1.25,2.77,1.04197817054853e-5,1.26286544897749e-10,0.2193513249799105,61.70826726363575,1.33708371996822e-5,8.82155159146305e-10,-0.1591877840245493,60.757444083025426
40.69,33.37,0.94,2.21,5.39174596962213e-6,3.73591905834688e-11,0.2224911406411829,61.949994443141726,7.1629224802453e-6,1.31706407026924e-10,-0.1814131471582757,60.56971221061297
21.64,35.51,0.74,1.58,7.78174167845298e-6,7.78107164931525e-11,0.2208116394248863,62.25635770772442,7.37753929091072e-6,1.54455379149469e-10,-0.19702418889957,61.42514187090963
16.11,38.33,1.07,1.89,8.80732972628459e-6,1.6633769965975e-10,0.2143991155918782,60.64538548362321,8.31942434664828e-6,7.590795408043e-10,-0.169578810984315,61.56910083061715
27.39,77.18,0.78,1.52,1.60145228624617e-5,1.26708382440817e-10,0.2220061494779162,61.81063046813197,1.71150396690192e-5,2.77864321217797e-10,-0.1947043003981161,60.65222846380843
23.79,83.46,0.44,2.61,1.88211220954141e-5,1.89529061151177e-10,0.217195118378309,61.64195691316994,1.85367276953513e-5,2.85904459755519e-10,-0.2012460867174554,60.7405699852456
17.25,99.06,0.38,2.91,2.41208968798697e-5,3.85966142038956e-10,0.2139011413782083,60.79467293937993,2.19268484821867e-5,7.22298319874667e-10,-0.1930393164694355,60.387414185130886
42.71,64.89,1.15,1.7,9.76477627247047e-6,6.58923928564864e-11,0.2246285023524441,61.63026858409165,1.42953218886183e-5,2.75437511959325e-10,-0.1782648970488407,61.1561509674129
24.12,69.56,1.02,2.45,1.3509500310137e-5,1.67336446299622e-10,0.2181845325020251,61.561529798541656,1.55932139484783e-5,6.96793679166906e-10,-0.1737028003825297,59.676443132394965
37.95,63.77,0.89,1.89,1.09353195327976e-5,7.40154563501427e-11,0.2232573919063239,61.671796694951524,1.4085060181949e-5,2.13060768758769e-10,-0.1887938275812386,58.80478671886097
24.09,19.08,1.3,2.08,3.6434554213052e-6,4.48021732648308e-11,0.2191652207205314,61.762819271717504,4.00868912007602e-6,2.38272395485537e-10,-0.1678526567670773,60.49483812279782
36.51,58.33,1.45,2.6,8.49998442531433e-6,8.23611299904278e-11,0.2229793322368735,62.488145901232045,1.28254888298277e-5,8.04085567345046e-10,-0.1542373089488193,59.12289414160571
10.74,50.19,0.83,1.85,1.31804187342547e-5,4.13922816674869e-10,0.2106459387897367,62.98050850662845,1.12392842911794e-5,1.3094039789042e-9,-0.174775030189546,60.70848617835462
24.68,50.62,1.19,1.39,1.00428154774535e-5,1.03412239490679e-10,0.2209025573379891,62.26295087995984,1.13370349673272e-5,4.18088202258071e-10,-0.1768184171458572,60.571882421186935
23.48,88.97,0.82,1.67,1.92914702912919e-5,1.84901202316576e-10,0.2203753094325425,62.31872382254092,2.0018442034781e-5,4.43015266890435e-10,-0.1916689667405396,59.67026305221422
44.21,74.79,0.35,2.83,1.35555848511359e-5,7.51359189667267e-11,0.2207793882308658,61.58005514877847,1.62497193767479e-5,1.00210266985622e-10,-0.2079863123703606,59.38864894203766
42.92,87.06,0.62,2.33,1.49415592879858e-5,8.79955645267067e-11,0.2225532243802663,61.457836292319,1.92549639729099e-5,1.67204196420751e-10,-0.1986104405550891,60.62533478259027
28.35,21.24,0.67,1.98,4.46967864757514e-6,3.44829452827404e-11,0.2208102210797303,61.96020363954438,4.55129254737625e-6,6.82387427223929e-11,-0.1968475006090022,61.39302709376718
9.91,65.68,1.28,2.48,1.61922871153634e-5,1.3634964614823e-9,0.1987119224423994,66.3097528575833,1.49353722256273e-5,1.29390844150386e-8,-0.1283731410297698,66.08398836712158
26.58,18.54,0.41,2.79,4.10469517807596e-6,3.45987095921959e-11,0.2188618890114525,62.13295633041888,3.93240934932304e-6,5.01561469230619e-11,-0.204344394389203,59.44137113544301
18.28,84.66,1.2,2.42,1.76389460145927e-5,3.36881956592366e-10,0.2151923406925605,61.20492580022403,1.92105233574338e-5,2.5863392504308e-9,-0.15520937391063,60.93930669312913
16.48,15.51,1.39,1.45,3.4545306792701e-6,6.42580763154457e-11,0.2152008006889985,60.79431696582426,3.17883540335968e-6,4.24890713475872e-10,-0.1600531757023442,60.97958830039331
15.38,59.77,1.28,2.8,1.29454749786903e-5,4.14473819012295e-10,0.2093007926813517,64.52621558009277,1.31032150038155e-5,4.10781480723327e-9,-0.1408331139803768,62.478874350830246
32.52,45.67,1.18,1.32,7.66972046772423e-6,6.27132664211621e-11,0.223898723971231,61.86905273773538,9.39107892320216e-6,2.76457156830139e-10,-0.1772858069469919,60.82892646925124
43.72,96.65,1.32,2.29,1.32761935781765e-5,1.03440614886109e-10,0.2242536335805172,62.34755790593738,2.17177290823268e-5,6.91551436264203e-10,-0.1643886366947439,60.53885493626278
22.09,40.04,1.25,2.65,7.64808119470532e-6,1.17598358298135e-10,0.2174214458148631,61.29620285903929,8.45708962232069e-6,7.84595127945551e-10,-0.1593471273612668,60.823807498485664
38.43,81.54,1.34,1.56,1.18105039019051e-5,9.63921336636159e-11,0.2244257427253852,62.08470392948566,1.8157480156436e-5,5.67625064609334e-10,-0.1690600062289191,58.927219402069596
22.14,41.79,1.23,1.25,8.49342624312184e-6,9.58384186277935e-11,0.2212718694585736,62.36775479858977,8.89454775575764e-6,4.18416886685774e-10,-0.1755327569922685,60.12877588795072
18.86,52.66,1.5,2.43,1.04447884023793e-5,2.19560077362049e-10,0.2146047015587119,62.07876932785378,1.17220393546009e-5,2.63868887262916e-9,-0.1410058424268096,60.895889677867416
32.39,29.79,0.78,1.27,5.85552237719178e-6,3.83035280560753e-11,0.2234040060561175,61.0819013370147,6.0192850106487e-6,7.70444071820486e-11,-0.1987912075531146,60.812978203324015
28.28,53.47,1.43,1.27,9.46765764793302e-6,9.30201606384125e-11,0.2227998925678331,62.612532005590566,1.20327191044672e-5,5.94283149801317e-10,-0.1652002728560466,60.689603204753745
28.28,42.79,0.43,1.51,9.79785803967623e-6,6.37524512906553e-11,0.2214398934680608,61.07266575353248,9.54453424690578e-6,7.38157087004817e-11,-0.2124930353135532,60.69621707329739
15.9,34.43,0.62,1.71,8.58341501428806e-6,1.22563161371623e-10,0.216431223611014,61.38499513085892,7.17833760564747e-6,2.21765694682016e-10,-0.1970230641810475,61.33778709524937
20.23,79.81,1.06,1.89,1.68341379461156e-5,2.34534349125417e-10,0.2173981897264339,61.3802209140632,1.73009708942669e-5,1.07066197635801e-9,-0.1719551213779456,59.65550965832377
40.22,17.5,0.83,1.4,3.1411353353372e-6,1.78710225768685e-11,0.223602422451773,60.93045889240258,3.69241224948191e-6,4.06210840010031e-11,-0.1951364087901539,60.85788515462939
14.44,43.0,0.38,2.06,,,,,,,,
41.61,53.23,1.19,1.96,,,,,,,,
43.95,72.0,0.32,2.04,,,,,,,,
36.85,48.19,0.34,2.44,,,,,,,,
10.45,83.04,1.17,2.65,,,,,,,,
26.15,38.07,0.6,2.85,,,,,,,,
24.62,45.79,0.3,1.63,,,,,,,,
40.96,80.53,1.12,2.49,,,,,,,,
8.91,98.82,0.62,1.59,,,,,,,,
28.86,39.71,0.73,2.51,,,,,,,,
23.6,97.96,1.44,1.91,,,,,,,,
10.72,68.55,1.27,2.14,,,,,,,,
9.47,91.22,1.35,1.93,,,,,,,,
36.24,11.99,1.34,2.81,,,,,,,,
38.51,85.02,1.25,2.93,,,,,,,,
8.56,53.39,1.24,1.41,,,,,,,,
10.32,20.47,0.34,1.63,,,,,,,,
23.71,40.77,1.31,2.9,,,,,,,,
38.97,97.89,1.41,1.78,,,,,,,,
40.59,23.66,0.4,2.67,,,,,,,,
38.16,90.9,0.43,2.48,,,,,,,,
37.13,98.46,0.75,2.01,,,,,,,,
43.12,43.98,1.05,2.19,,,,,,,,
7.34,76.24,0.48,2.54,,,,,,,,
28.1,39.44,0.27,2.76,,,,,,,,
26.77,28.44,0.23,2.39,,,,,,,,
16.26,82.73,1.37,2.79,,,,,,,,
41.18,37.18,0.72,1.21,,,,,,,,
26.8,17.57,1.48,1.34,,,,,,,,
35.94,51.26,1.06,1.4,,,,,,,,
42.47,13.76,0.81,2.47,,,,,,,,
41.22,67.16,0.23,2.48,,,,,,,,
36.75,62.97,1.16,2.65,,,,,,,,
12.99,98.58,0.46,1.23,,,,,,,,
21.92,98.23,1.0,1.38,,,,,,,,
20.4,61.68,0.52,2.89,,,,,,,,
42.02,41.64,1.15,1.82,,,,,,,,
44.1,62.91,0.43,2.03,,,,,,,,
24.19,64.71,0.9,1.98,,,,,,,,
14.11,97.7,0.26,1.42,,,,,,,,
42.3,22.56,0.75,2.21,,,,,,,,
33.1,59.29,0.39,2.91,,,,,,,,
26.53,14.87,0.36,2.03,,,,,,,,
21.45,87.0,1.49,1.57,,,,,,,,
30.79,84.31,0.65,1.22,,,,,,,,
44.84,15.67,1.48,2.29,,,,,,,,
37.15,46.87,0.32,1.72,,,,,,,,
8.18,31.9,0.99,1.75,,,,,,,,
9.15,58.03,0.84,2.77,,,,,,,,
30.49,54.02,0.38,1.82,,,,,,,,
25.82,27.62,0.21,1.46,,,,,,,,
19.89,90.1,0.99,1.44,,,,,,,,
34.42,79.65,1.17,1.76,,,,,,,,
10.57,43.83,0.77,2.73,,,,,,,,
22.63,72.68,1.42,1.44,,,,,,,,
41.96,44.46,1.0,2.62,,,,,,,,
10.98,82.31,0.43,1.5,,,,,,,,
25.13,37.7,1.01,2.91,,,,,,,,
24.32,83.67,0.26,1.33,,,,,,,,
29.3,55.77,1.49,1.62,,,,,,,,
40.4,81.17,0.27,1.35,,,,,,,,
10.86,14.12,0.51,2.71,,,,,,,,
11.26,76.48,1.34,1.59,,,,,,,,
7.39,65.52,0.34,1.34,,,,,,,,
7.8,55.16,0.22,1.59,,,,,,,,
30.68,39.55,0.27,2.99,,,,,,,,
32.91,85.37,1.22,1.86,,,,,,,,
38.76,59.06,0.4,1.81,,,,,,,,
9.29,96.57,0.81,2.43,,,,,,,,
32.71,85.45,0.81,1.77,,,,,,,,
30.17,11.48,1.08,2.52,,,,,,,,
37.05,10.91,1.1,2.29,,,,,,,,
35.78,17.67,1.38,2.85,,,,,,,,
12.37,86.83,0.93,2.66,,,,,,,,
10.93,66.33,0.98,1.42,,,,,,,,
30.88,35.71,1.46,2.36,,,,,,,,
19.04,88.89,0.31,2.11,,,,,,,,
29.59,86.54,1.18,1.43,,,,,,,,
18.41,25.33,0.7,1.29,,,,,,,,
13.56,84.0,0.26,2.52,,,,,,,,
17.56,51.33,0.62,2.61,,,,,,,,
37.59,20.74,0.76,2.84,,,,,,,,
12.68,49.21,0.92,2.44,,,,,,,,
36.88,15.83,0.77,2.51,,,,,,,,
14.09,97.16,0.34,2.36,,,,,,,,
26.66,74.6,1.07,2.45,,,,,,,,
15.02,26.57,1.02,1.27,,,,,,,,
39.16,76.95,0.37,2.53,,,,,,,,
35.54,70.3,1.47,1.48,,,,,,,,
10.38,93.45,1.01,2.01,,,,,,,,
8.28,77.47,1.12,1.95,,,,,,,,
16.75,53.94,1.23,1.3,,,,,,,,
43.43,96.42,1.1,2.97,,,,,,,,
28.14,12.23,0.67,2.13,,,,,,,,
39.38,21.54,1.12,1.93,,,,,,,,
35.3,33.19,1.35,2.62,,,,,,,,
29.64,46.55,1.05,2.56,,,,,,,,
33.81,39.36,0.66,1.88,,,,,,,,
25.57,15.37,0.85,2.79,,,,,,,,
25.86,81.22,1.3,1.76,,,,,,,,
9.72,85.63,1.27,1.97,,,,,,,,
28.38,28.05,0.56,2.53,,,,,,,,
12.73,50.99,1.11,2.0,,,,,,,,
7.29,47.03,0.44,1.98,,,,,,,,
12.31,65.98,0.79,1.39,,,,,,,,
38.82,88.73,0.73,2.38,,,,,,,,
26.57,36.06,0.42,1.84,,,,,,,,
40.08,79.27,1.38,1.5,,,,,,,,
17.87,58.42,0.63,2.86,,,,,,,,
28.91,32.84,0.32,2.78,,,,,,,,
19.59,28.7,0.27,2.45,,,,,,,,
23.67,19.24,0.56,2.64,,,,,,,,
19.73,77.56,0.49,1.42,,,,,,,,
16.46,61.37,0.33,1.96,,,,,,,,
27.27,13.48,1.33,1.23,,,,,,,,
43.25,28.91,1.28,1.83,,,,,,,,
44.57,49.72,0.98,2.06,,,,,,,,
33.33,27.1,0.82,1.41,,,,,,,,
23.22,98.13,0.27,1.4,,,,,,,,
17.61,29.9,0.32,1.34,,,,,,,,
38.62,63.65,0.2,2.97,,,,,,,,
31.29,25.6,0.9,2.55,,,,,,,,
13.43,68.85,1.03,1.76,,,,,,,,
7.11,22.11,0.3,1.29,,,,,,,,
21.97,16.23,1.45,1.91,,,,,,,,
35.96,23.01,0.47,2.59,,,,,,,,
34.15,27.34,0.21,2.71,,,,,,,,
35.37,83.83,0.4,1.8,,,,,,,,
30.2,70.55,0.56,2.33,,,,,,,,
39.42,44.48,1.29,1.85,,,,,,,,
39.85,59.64,1.05,1.74,,,,,,,,
28.23,91.54,1.16,1.3,,,,,,,,
22.89,29.02,0.99,1.43,,,,,,,,
24.96,82.94,1.09,1.37,,,,,,,,
27.73,83.71,0.67,2.0,,,,,,,,
39.32,14.01,1.11,1.87,,,,,,,,
32.85,73.58,0.93,2.06,,,,,,,,
43.23,78.57,1.01,2.57,,,,,,,,
15.99,56.88,0.46,2.26,,,,,,,,
36.55,71.45,0.63,1.74,,,,,,,,
8.78,58.86,0.7,1.27,,,,,,,,
43.31,20.91,0.45,2.93,,,,,,,,
18.07,22.41,0.83,2.05,,,,,,,,
37.38,20.43,0.69,1.26,,,,,,,,
24.72,13.4,0.63,1.88,,,,,,,,
13.24,11.87,0.61,1.34,,,,,,,,
18.39,94.05,0.91,2.22,,,,,,,,
16.05,40.85,0.69,2.01,,,,,,,,
19.5,12.61,1.4,1.55,,,,,,,,
10.82,49.67,1.2,2.9,,,,,,,,
9.87,99.49,0.93,1.37,,,,,,,,
31.19,97.4,0.69,2.08,,,,,,,,
36.92,42.72,1.08,2.05,,,,,,,,
15.83,86.24,1.03,2.07,,,,,,,,
28.93,37.77,1.36,2.45,,,,,,,,
44.69,46.03,1.24,2.11,,,,,,,,
25.67,40.28,1.05,1.6,,,,,,,,
14.39,44.18,1.33,2.3,,,,,,,,
27.43,29.18,1.36,2.07,,,,,,,,
15.36,47.72,0.88,1.81,,,,,,,,
20.85,52.77,0.92,2.96,,,,,,,,
35.56,27.96,1.49,1.77,,,,,,,,
24.81,57.56,1.37,2.25,,,,,,,,
21.81,60.98,1.38,1.7,,,,,,,,
17.83,73.1,1.34,1.33,,,,,,,,
39.49,57.94,0.61,1.87,,,,,,,,
18.6,33.44,0.47,1.24,,,,,,,,
38.3,95.7,1.38,2.54,,,,,,,,
27.09,49.01,0.22,2.74,,,,,,,,
34.28,66.41,0.6,2.35,,,,,,,,
11.69,69.18,1.0,2.47,,,,,,,,
43.52,39.67,0.25,2.94,,,,,,,,
9.41,94.99,0.38,1.84,,,,,,,,
21.51,89.94,0.43,2.71,,,,,,,,
35.01,98.04,0.84,2.43,,,,,,,,
37.01,47.8,0.7,2.41,,,,,,,,
36.57,71.69,1.04,2.18,,,,,,,,
24.89,12.47,0.85,1.66,,,,,,,,
40.28,69.97,1.36,1.54,,,,,,,,
38.69,12.96,0.5,2.26,,,,,,,,
15.46,60.52,1.48,2.94,,,,,,,,
12.2,13.57,0.47,2.49,,,,,,,,
39.75,16.07,0.52,1.77,,,,,,,,
38.71,47.52,1.47,2.47,,,,,,,,
34.4,30.91,0.96,2.7,,,,,,,,
37.76,54.12,0.69,1.75,,,,,,,,
15.8,88.43,1.15,2.11,,,,,,,,
29.38,82.0,1.13,1.86,,,,,,,,
34.47,70.23,1.38,2.19,,,,,,,,
10.07,37.88,1.39,2.39,,,,,,,,
19.18,65.15,0.77,1.91,,,,,,,,
43.65,52.88,0.69,1.87,,,,,,,,
33.6,21.9,0.36,1.66,,,,,,,,
20.76,18.02,1.39,1.84,,,,,,,,
11.84,65.72,0.69,1.69,,,,,,,,
8.87,39.15,0.24,2.66,,,,,,,,
22.61,69.25,1.18,1.69,,,,,,,,
15.11,95.8,1.48,1.75,,,,,,,,
30.14,58.62,1.47,1.64,,,,,,,,
42.18,36.42,0.74,2.3,,,,,,,,
22.54,57.14,0.21,2.59,,,,,,,,
44.09,41.41,0.41,1.58,,,,,,,,
43.02,74.97,1.16,1.52,,,,,,,,
12.84,54.2,1.35,1.32,,,,,,,,
37.08,31.22,0.93,1.59,,,,,,,,
14.3,35.28,0.35,2.97,,,,,,,,
30.46,92.63,1.0,1.88,,,,,,,,
29.79,67.35,1.37,1.95,,,,,,,,
25.23,94.51,0.95,1.32,,,,,,,,
22.06,24.8,0.71,2.57,,,,,,,,
21.05,81.81,0.79,1.6,,,,,,,,
23.05,59.18,1.39,2.19,,,,,,,,
44.35,46.66,0.98,2.02,,,,,,,,
33.25,23.57,0.67,1.64,,,,,,,,
36.22,96.92,0.52,1.36,,,,,,,,
41.36,91.97,0.77,1.61,,,,,,,,
16.92,59.34,1.13,1.86,,,,,,,,
31.79,54.68,1.5,1.61,,,,,,,,
26.2,95.22,1.19,2.11,,,,,,,,
35.15,42.53,0.61,1.23,,,,,,,,
35.09,37.18,1.02,2.4,,,,,,,,
10.1,62.02,0.52,2.55,,,,,,,,
41.68,71.49,0.24,1.55,,,,,,,,
20.04,51.99,1.48,1.9,,,,,,,,
43.21,35.12,1.4,1.87,,,,,,,,
33.28,33.88,0.79,1.79,,,,,,,,
16.65,40.43,0.74,2.66,,,,,,,,
15.19,65.2,0.94,1.79,,,,,,,,
14.93,80.12,1.03,2.28,,,,,,,,
10.02,63.33,0.54,2.72,,,,,,,,
36.11,41.54,1.16,2.4,,,,,,,,
14.57,24.09,0.83,2.31,,,,,,,,
41.26,45.46,1.36,2.36,,,,,,,,
23.55,93.62,1.31,2.2,,,,,,,,
7.59,66.1,0.81,2.28,,,,,,,,
33.65,61.87,0.31,2.91,,,,,,,,
27.49,16.47,0.93,2.13,,,,,,,,
8.01,32.49,1.48,1.37,,,,,,,,
29.24,23.14,0.72,2.76,,,,,,,,
29.08,93.17,0.52,1.22,,,,,,,,
17.51,93.02,0.8,2.1,,,,,,,,
15.14,79.32,1.19,2.92,,,,,,,,
32.23,63.61,1.39,1.94,,,,,,,,
30.72,25.45,0.69,1.92,,,,,,,,
30.43,77.71,0.5,2.81,,,,,,,,
41.05,95.33,1.29,1.84,,,,,,,,
29.66,82.85,0.76,1.6,,,,,,,,
8.33,90.81,1.25,2.21,,,,,,,,
35.41,20.63,0.6,1.47,,,,,,,,
16.36,98.85,1.1,1.9,,,,,,,,
39.26,76.08,0.88,1.63,,,,,,,,
8.61,70.14,0.37,2.33,,,,,,,,
37.48,41.16,0.57,1.66,,,,,,,,
26.46,16.84,0.24,1.29,,,,,,,,
13.47,32.75,0.26,2.06,,,,,,,,
38.47,34.29,0.8,2.35,,,,,,,,
40.9,65.9,1.35,1.79,,,,,,,,
30.98,94.42,0.48,1.94,,,,,,,,
10.39,81.57,0.42,2.89,,,,,,,,
35.26,63.27,1.18,2.64,,,,,,,,
39.6,42.22,0.38,2.75,,,,,,,,
15.68,52.05,1.43,1.38,,,,,,,,
28.97,52.16,0.67,2.1,,,,,,,,
29.71,83.11,0.59,2.11,,,,,,,,
14.84,87.58,1.09,2.92,,,,,,,,
11.56,21.06,0.46,1.32,,,,,,,,
14.52,36.63,0.33,2.84,,,,,,,,
40.17,75.72,0.88,2.72,,,,,,,,
41.83,88.12,0.64,2.38,,,,,,,,
19.33,12.66,1.25,1.9,,,,,,,,
41.97,14.54,0.9,2.56,,,,,,,,
31.73,11.97,0.85,1.73,,,,,,,,
27.78,79.47,0.84,1.55,,,,,,,,
33.58,11.58,0.48,1.31,,,,,,,,
20.03,64.24,1.02,2.38,,,,,,,,
29.15,95.28,1.13,1.97,,,,,,,,
19.71,92.03,0.79,1.78,,,,,,,,
32.33,57.49,0.23,1.47,,,,,,,,
44.91,56.77,0.72,1.72,,,,,,,,
14.96,36.11,1.03,2.9,,,,,,,,
17.84,15.9,1.01,1.36,,,,,,,,
28.05,19.17,0.72,1.35,,,,,,,,
15.76,65.87,0.28,1.9,,,,,,,,
29.19,42.9,1.24,2.63,,,,,,,,
28.43,74.65,0.92,2.92,,,,,,,,
25.35,83.97,1.08,2.15,,,,,,,,
12.74,68.48,0.88,1.99,,,,,,,,
12.02,56.02,0.49,1.77,,,,,,,,
12.34,63.51,1.35,2.03,,,,,,,,
42.8,84.15,0.22,1.55,,,,,,,,
12.96,86.49,0.36,1.81,,,,,,,,
11.46,26.87,0.42,2.57,,,,,,,,
32.02,36.65,0.58,2.75,,,,,,,,
34.77,15.07,0.92,2.6,,,,,,,,
19.57,68.72,0.77,1.68,,,,,,,,
38.06,84.23,1.09,1.24,,,,,,,,
38.26,19.95,1.04,2.44,,,,,,,,
36.46,62.44,1.3,2.45,,,,,,,,
7.96,28.55,0.23,2.66,,,,,,,,
41.49,64.11,1.26,1.89,,,,,,,,
33.77,28.32,0.35,2.93,,,,,,,,
37.74,89.2,0.6,2.36,,,,,,,,
10.66,70.8,1.23,1.79,,,,,,,,
11.04,72.36,0.47,1.75,,,,,,,,
23.42,36.97,0.39,1.24,,,,,,,,
35.47,23.35,0.6,2.95,,,,,,,,
24.25,50.86,1.08,2.56,,,,,,,,
31.09,59.97,1.26,1.67,,,,,,,,
29.73,80.09,0.44,1.73,,,,,,,,
21.82,83.36,0.84,2.12,,,,,,,,
29.31,94.76,1.22,2.22,,,,,,,,
39.35,10.12,0.55,2.27,,,,,,,,
22.8,71.64,0.91,2.09,,,,,,,,
13.22,83.6,0.98,2.52,,,,,,,,
44.5,41.38,0.7,2.77,,,,,,,,
21.73,44.06,0.46,2.85,,,,,,,,
39.88,89.9,1.03,2.78,,,,,,,,
37.87,51.09,0.58,1.74,,,,,,,,
41.62,89.76,1.07,2.14,,,,,,,,
17.99,38.38,0.57,1.97,,,,,,,,
16.82,21.76,0.59,2.52,,,,,,,,
43.04,53.74,1.46,1.44,,,,,,,,
18.76,24.59,0.97,2.41,,,,,,,,
22.87,78.44,1.41,2.29,,,,,,,,
10.24,66.94,0.47,1.56,,,,,,,,
14.7,75.8,1.26,1.48,,,,,,,,
19.07,92.5,0.58,2.7,,,,,,,,
31.96,48.65,1.06,2.49,,,,,,,,
33.0,54.9,0.37,2.06,,,,,,,,
38.03,29.61,0.83,2.58,,,,,,,,
38.42,71.19,1.28,1.58,,,,,,,,
41.52,43.91,1.31,1.41,,,,,,,,
20.12,25.08,0.97,2.15,,,,,,,,
43.79,24.03,1.28,2.59,,,,,,,,
26.43,18.92,0.81,1.78,,,,,,,,
39.92,95.5,0.78,1.51,,,,,,,,
40.05,74.45,1.11,1.24,,,,,,,,
35.45,68.9,1.23,2.87,,,,,,,,
23.99,91.85,1.46,1.93,,,,,,,,
27.81,96.11,0.53,1.92,,,,,,,,
35.6,85.07,0.77,2.99,,,,,,,,
18.91,21.14,1.09,1.83,,,,,,,,
41.46,80.94,1.03,1.28,,,,,,,,
8.67,40.38,0.62,1.99,,,,,,,,
29.01,72.37,0.91,1.73,,,,,,,,