Lch,Wch,Tox1,Tox2,Ion_N,Ioff_N,Vth_N,SS_N,Ion_P,Ioff_P,Vth_P,SS_P
34.81,34.17,0.31,1.83,7.57805673143703e-06,4.11283094381256e-11,0.2207462929766507,60.95575497467355,7.41493759582305e-06,3.8551647758070195e-11,-0.2178867101585354,59.95828439943188
39.28,26.61,0.26,2.39,5.55248747685355e-06,2.8947987990661298e-11,0.2204477838409228,61.15008460397126,5.5191162128958e-06,3.08511973476824e-11,-0.2138655613071749,61.27713713800753
22.01,84.27,1.28,2.48,1.60685074767897e-05,2.45845527940046e-10,0.2178184829853777,61.35344853344049,1.90726754403724e-05,1.6733519183623e-09,-0.1589588644834334,60.69652732650898
13.56,70.33,0.55,1.58,1.87324445155926e-05,2.91296308194152e-10,0.2170980696099264,61.55805309705513,1.55022362999129e-05,4.92516425071723e-10,-0.2004928429131051,62.33022101022803
15.81,82.65,1.33,2.43,1.78305513903104e-05,4.95413692823563e-10,0.210822710992438,63.62335056188256,1.87255157722134e-05,4.901989056693581e-09,-0.1430484829285142,61.64324792186392
15.91,62.69,1.46,2.12,1.33729313349084e-05,3.55241045050514e-10,0.211777144644327,63.23449403400809,1.41556525039479e-05,4.01280794642509e-09,-0.1407514328062763,61.88207837303268
33.84,24.98,0.59,2.51,4.71504430148685e-06,3.4354311047162895e-11,0.2205786900759404,62.04545695951536,5.24765600535631e-06,6.514738541029439e-11,-0.197660826868358,61.32033414722858
37.1,63.45,0.42,1.66,1.3129320287993e-05,6.91004201159951e-11,0.2225273288453531,60.660092064161866,1.40353651134336e-05,8.055473157785839e-11,-0.2128242204977273,60.897549532799886
40.95,52.9,1.12,2.91,7.87320144716916e-06,6.46385452646286e-11,0.2216960471039813,62.3101356602194,1.16248389895598e-05,3.44131666977933e-10,-0.1693828928587326,58.932871334123
14.68,89.23,1.08,2.82,2.00152649834271e-05,6.27920944795804e-10,0.2095141547855985,64.31077170939892,1.91384283981844e-05,4.571572828390651e-09,-0.1502684922049183,63.93565082450878
18.09,99.84,1.04,2.29,2.14468366816163e-05,3.73420679762147e-10,0.2158469348540741,60.98629425450762,2.21319701768015e-05,1.9588772546561402e-09,-0.1658254396961449,62.40721214873263
9.96,27.01,0.59,1.83,7.48187241353393e-06,2.1692935342012002e-10,0.2116758876951048,61.95932696675108,5.83059228086674e-06,4.26460456111834e-10,-0.1900165223892131,61.28290103043354
9.96,87.98,0.35,1.65,2.52929173031033e-05,5.74553215018321e-10,0.2141236464304984,60.84085977631359,1.982505987422e-05,6.46891009344196e-10,-0.2080564806143542,60.03428026415343
34.94,50.07,0.42,2.45,1.01486893621986e-05,6.57025446049758e-11,0.2198608625475268,61.850562011439614,1.11590186286075e-05,9.110932778074189e-11,-0.2070479256242405,59.06799108305499
13.8,70.69,0.78,1.61,1.77628135182352e-05,3.1192721074930803e-10,0.2164488874540519,61.279379066771554,1.55183393933004e-05,8.74489200195402e-10,-0.1864225247136957,61.88842662794913
12.43,49.13,0.49,2.37,1.30933061388833e-05,3.25550848502953e-10,0.2100543555403592,62.09444113940163,1.10673162940164e-05,6.552279800158901e-10,-0.1871944574190807,61.618353349164266
34.77,60.96,1.42,1.95,9.4254720753181e-06,8.755849654027519e-11,0.2226599551973621,62.47701462013224,1.31566369533497e-05,6.740879143598701e-10,-0.1600564803917648,61.04244429423836
35.54,91.16,0.9,2.73,1.52935480331021e-05,1.26919438319864e-10,0.2211678784974106,62.334157255377775,1.97431760071528e-05,4.92013859861062e-10,-0.1780068594131806,61.19116046566947
44.43,98.58,0.64,2.42,1.64456723115601e-05,9.7341296101219e-11,0.2223690806598247,61.56139659868945,2.17962602450422e-05,1.95810351634695e-10,-0.1967715838291265,61.234421563646976
9.35,81.17,0.54,1.73,2.29917363655147e-05,8.28365369408458e-10,0.2073995304394814,63.269553375066565,1.80142877653984e-05,1.19739066637918e-09,-0.1930601881212279,60.049054463022586
43.32,88.58,1.47,2.03,1.18458660157578e-05,9.53772982802162e-11,0.2246924966216465,62.36708141314218,1.90431732750755e-05,7.72168591763788e-10,-0.1595730466737594,60.7648980898449
13.88,38.28,0.75,1.97,9.54622219237217e-06,1.85238852254146e-10,0.2148457314761362,60.900255205944845,8.43242530115171e-06,5.40864762193045e-10,-0.1830936984769356,62.85978591348491
24.33,82.81,0.97,1.9,1.65088902496724e-05,1.78209218468082e-10,0.2196413331337915,61.99340249675962,1.81943019286701e-05,5.79084420683056e-10,-0.1816818883879521,61.2804203886339
20.14,84.48,1.38,2.21,1.67802337660272e-05,2.94285830500565e-10,0.2157439121445203,60.81730426647701,1.90460126009615e-05,2.8726647030339e-09,-0.148232146698894,62.37748762378281
31.41,29.88,0.75,2.02,5.84206769465818e-06,4.3037360583901097e-11,0.2219906778483055,61.86505404455772,6.51886108211686e-06,1.03936502463199e-10,-0.1929347278303232,60.236014259219054
16.85,55.68,0.6,2.25,1.35564161511414e-05,2.00754262655262e-10,0.2156668464818106,61.14114768574823,1.23503675365008e-05,4.43051011202241e-10,-0.1911010710836962,59.60417079233492
23.04,39.79,0.21,2.3,9.84421674699164e-06,8.28854681119819e-11,0.2181942974270079,62.11416531572829,8.84314591823819e-06,7.661663783746749e-11,-0.2163990180263415,61.23971785806933
37.71,96.86,0.32,2.11,2.02549592823859e-05,1.08178447267642e-10,0.2211719968435898,61.038410012582005,2.18574964003625e-05,1.18687507007824e-10,-0.2134084767041703,61.13096078309597
37.01,12.91,1.05,2.73,2.09875610892647e-06,1.66056698356258e-11,0.2220453701817204,62.36544734243549,2.64065997320528e-06,7.488380025724419e-11,-0.1752073399738151,60.21287417789411
7.99,87.89,0.47,2.72,2.46751870812929e-05,2.4520632760451e-09,0.1939529618366898,66.23366105516753,1.99428041184819e-05,4.3539786161824506e-09,-0.1721977818059416,64.5126515867506
29.06,30.81,1.21,2.96,5.16639947396378e-06,6.18679504979733e-11,0.2188885886596854,61.63279896978166,6.30052875587075e-06,4.23561798311963e-10,-0.1596963670323036,60.9021008364503
25.19,26.05,0.64,1.93,5.80244729246667e-06,4.9704709770731e-11,0.2193753568651651,62.15775098285645,5.56772569002884e-06,9.00297059746016e-11,-0.1985216544053127,61.22555355304944
22.81,36.51,1.4,2.26,6.73545285483375e-06,9.894605337317149e-11,0.2185199665586711,61.51729849055576,7.8579233972441e-06,7.62181503414437e-10,-0.156776725463843,59.91201385217381
42.06,19.22,1.12,2.99,2.84786372535097e-06,2.18544746061924e-11,0.2228376991314826,62.45221180290147,4.07784012334601e-06,1.14055164505574e-10,-0.1717113019680865,59.017158190344375
21.26,14.55,1.31,1.21,3.0346216962872e-06,3.46433641767391e-11,0.2213542474630955,62.41058180799014,2.78643056435761e-06,1.53334177215052e-10,-0.1756407897722853,60.12132205027403
39.63,29.07,0.25,1.61,6.32545204129836e-06,2.8931036654173598e-11,0.2216776155879467,60.31477227430532,5.76956604468003e-06,2.53602464102635e-11,-0.2214260475174011,58.570047100665306
15.28,30.73,0.57,1.78,7.77949693539795e-06,1.14843726788227e-10,0.2163557252635094,61.39760621388775,6.49742609528429e-06,1.95045212594996e-10,-0.1988900168747651,61.99688340568182
15.4,85.09,0.37,2.33,2.21945618377861e-05,3.46691216744064e-10,0.2141539029735619,60.89400271911725,1.9264721495865e-05,5.124043130735451e-10,-0.2009309861131884,62.16716486324223
23.21,34.43,0.21,2.19,8.57130001381315e-06,7.016787942901279e-11,0.2183184909814964,62.06945239575499,7.15345914543366e-06,6.20644282940536e-11,-0.2179913855302109,60.7087699196388
31.55,19.61,1.14,2.04,3.45811616836809e-06,2.9705364549880196e-11,0.2224776978393777,62.43740935023745,4.18876242584731e-06,1.54595861852346e-10,-0.1725319985849322,59.315343241216816
7.2,18.11,0.24,1.65,5.46766396520678e-06,1.98925839406329e-10,0.2109993681387403,61.72633704857356,3.94380907204463e-06,1.62334909232251e-10,-0.2148173325860918,60.8038443792184
27.01,13.58,0.96,2.99,2.56294779852942e-06,2.76822014729097e-11,0.2189441049999881,61.882597567363696,2.76880663011486e-06,1.02614770979027e-10,-0.1771198937279957,60.83179666594233
24.38,92.63,0.94,2.75,1.79758052802768e-05,2.29520297927693e-10,0.2171943044937907,61.34153399873653,2.0056182175645e-05,9.10536484827689e-10,-0.1741282475710359,59.845261557373966
42.28,44.52,1.36,2.98,6.02721749638294e-06,5.27579489165313e-11,0.2233610978414776,62.590380551054025,9.6680265814731e-06,4.3690139968631403e-10,-0.1576666294000604,60.19182396798052
15.38,25.17,1.35,1.54,5.70000923459427e-06,1.18685668825611e-10,0.214712303827953,61.12032424796167,5.41682991056439e-06,8.18091185434472e-10,-0.1583436308735726,60.50332652285413
37.16,13.11,1.49,2.83,1.97581371841427e-06,1.7997795585682098e-11,0.2223188435242315,62.46307802364985,2.55916401831174e-06,1.64543424535876e-10,-0.1557100231328011,59.565693573682175
11.13,71.1,0.85,2.53,1.7732529608257e-05,8.13521331188991e-10,0.2055268375240284,63.98213233324648,1.51124270830745e-05,3.39058852900297e-09,-0.159718507044311,61.28872380191762
29.99,84.13,1.32,2.16,1.41568393767609e-05,1.51412954993632e-10,0.2205116201972949,61.98064924770166,1.83939868440651e-05,1.05693024741008e-09,-0.1604833823565699,61.08177070031374
25.04,59.25,0.81,1.44,1.27954801440873e-05,1.10480134280806e-10,0.2207946376954598,62.09910356118949,1.30985516339261e-05,2.3720521898882103e-10,-0.1946345390100306,60.6189881150486
26.79,69.69,0.88,1.38,1.38185085566678e-05,1.16967375311954e-10,0.2225411205925611,61.84653799552792,1.53536403864011e-05,2.98018315096243e-10,-0.1914147198432405,59.56117375947085
16.95,12.82,1.18,1.93,2.8280046019834e-06,4.8224884307588595e-11,0.2165720090569354,61.227760989022464,2.54228045431385e-06,2.2917895464340701e-10,-0.1708349898746921,61.04481689255913
22.68,88.85,1.26,1.52,1.74491348211659e-05,2.09046960749734e-10,0.2206708977988423,62.14055503447047,1.9231830282792e-05,1.05562011783614e-09,-0.1714221720938261,59.34539522543991
32.59,70.43,1.28,1.63,1.13814746958131e-05,1.0222212505678e-10,0.2234433042127287,62.39983590667356,1.47402440511932e-05,5.8704671885271e-10,-0.1699272287016114,59.314414554809815
40.99,98.92,0.99,1.87,1.59182312483247e-05,1.07631020620257e-10,0.2231143828464396,61.78107684082207,2.20990393100274e-05,3.80933662751935e-10,-0.181745266758193,60.384271419424906
31.92,70.79,0.72,1.35,1.41983233702911e-05,9.30032949488828e-11,0.2232180374518795,61.14500075976208,1.53909460073976e-05,1.74833149525243e-10,-0.2007182176287559,60.27422979682537
33.9,85.92,0.7,2.77,1.55610396361651e-05,1.2592752261244e-10,0.2200802234076747,62.1887411433282,1.93268233369456e-05,3.24265839631475e-10,-0.1894577201292956,59.09590518639188
32.88,94.28,0.92,1.88,1.69283754158139e-05,1.31622911619579e-10,0.222449153551127,62.040061028030586,2.11614986756656e-05,4.207949901408e-10,-0.1852238096851493,59.83438579202053
14.03,48.73,1.33,2.08,1.09724798832026e-05,3.21542719949058e-10,0.2115951342677053,63.54311747281098,1.09057008192797e-05,3.06435278063159e-09,-0.1454250371140048,62.34194639472091
14.03,78.46,0.51,1.88,2.0627400841267e-05,3.29301021932608e-10,0.2160591409689573,61.32100250170162,1.75902827913714e-05,5.79991838995165e-10,-0.1982017363932426,61.906745984722775
26.63,17.58,0.76,2.45,3.60025151789012e-06,3.29153000757051e-11,0.2201205830274292,62.27110834365202,3.702696684206e-06,7.8491638214427e-11,-0.1911553730116639,59.56501210665413
11.54,23.62,0.98,2.1,5.9910802570707e-06,2.0991901936003002e-10,0.2085774706022915,64.14480587129978,5.00414722769681e-06,8.76507818348998e-10,-0.1635841755401856,62.02417735423809
21.91,69.51,1.49,1.86,1.29502770831201e-05,1.93407990151256e-10,0.2192291122266226,61.647227198053,1.54459655806864e-05,1.6300282867363401e-09,-0.1550919150613633,59.36823667414099
38.95,68.21,1.27,2.15,1.00389309277892e-05,8.34358120914598e-11,0.2234370067251464,62.45294450358416,1.45926876349627e-05,5.06478528812317e-10,-0.1668176466947743,59.78272723619846
22.47,64.66,0.61,1.92,1.4738080923863e-05,1.40691736302754e-10,0.2197725960005531,62.261347558632174,1.44274507016532e-05,2.44512442776807e-10,-0.1998339381453497,61.07116260774749
9.23,82.92,1.15,1.5,2.20346771147498e-05,1.32114804007397e-09,0.2014616388778658,63.02155530805201,1.87473030141884e-05,5.5854021699060105e-09,-0.1565635346724302,62.533171395765
27.99,27.51,1.43,1.56,4.87795473522281e-06,4.9742409026807595e-11,0.222095267249708,62.45347202365276,5.77040098502098e-06,3.38852703293791e-10,-0.1628353407966972,61.530356975578336
27.71,56.85,0.84,1.36,1.17041048828484e-05,9.121478029021989e-11,0.2224366527027646,61.72287930327224,1.25700938488857e-05,2.12424802306058e-10,-0.1935025020071665,60.25211179403034
21.4,54.19,0.86,2.94,1.12662650390181e-05,1.61193413352841e-10,0.2163444616040022,61.21003222192049,1.21501852318499e-05,5.66763189603259e-10,-0.1765706887973609,60.73275961533385
7.71,56.95,0.2,2.19,1.69571932555051e-05,8.15307109302838e-10,0.2054900895888311,64.20369318309187,1.2637420856368e-05,7.78782503135471e-10,-0.2035177101105791,63.203832173337496
11.88,15.93,1.21,1.78,3.95537476638273e-06,1.30712024119018e-10,0.209479380455422,63.78557490309063,3.22662799624229e-06,7.59303570698567e-10,-0.1565254121825226,61.19733695034583
32.68,88.52,1.06,2.31,1.49193677530456e-05,1.34261086144971e-10,0.2217719563736479,62.4345432668542,1.96495256957608e-05,5.88106190659146e-10,-0.1751251846711252,60.15336723387134
43.61,75.91,0.64,1.75,1.33603448433524e-05,7.109376243415219e-11,0.2234799382067977,60.8566527415324,1.64181280471734e-05,1.21956840668098e-10,-0.2031261265564393,58.94186209196514
27.4,40.62,0.88,1.94,7.90438216702445e-06,7.142409377582319e-11,0.2212509308980125,62.43239035412503,8.39546458912075e-06,2.02005515654051e-10,-0.1877962527730454,59.05061021882801
14.28,43.39,0.3,1.39,1.20203153186284e-05,1.44692950453963e-10,0.2187801632714704,62.16560811419214,9.66421959392559e-06,1.38597770531359e-10,-0.21788756564933,61.61887377965507
7.35,98.12,1.49,2.89,2.48510687797337e-05,1.59410143625764e-08,0.1666552732136219,75.36661646360392,2.20956532252527e-05,1.54783183389039e-07,-0.0854549162686195,86.85198073384178
35.8,82.29,1.39,1.24,1.30526609249217e-05,1.02504006990068e-10,0.2247769065877273,61.94654930611748,1.83915944767221e-05,6.152488613918521e-10,-0.1692843646661489,58.96011542341915
10.23,33.56,0.21,2.16,9.68259456468263e-06,2.42701257233879e-10,0.2116706061612716,60.99613429110712,7.23299938581442e-06,2.65078678875058e-10,-0.2068541890229083,61.13296632714048
19.58,96.22,1.41,2.61,1.87652336684164e-05,3.90808611104094e-10,0.2141453279870201,62.1347665290084,2.14599204275429e-05,4.491772480516331e-09,-0.1414825491265554,61.04988345694376
33.73,74.3,0.91,2.33,1.29141745604076e-05,1.06516382083604e-10,0.221460855440014,62.444066127204586,1.61945017804997e-05,3.75509074057991e-10,-0.1810151105000449,61.27135823317074
40.59,69.58,0.63,2.17,1.243261347058e-05,7.52451548671428e-11,0.2217894125561235,61.52601276406522,1.53028708031675e-05,1.4840921106733901e-10,-0.1971974973623322,61.063592012090965
25.06,27.57,0.34,1.43,6.83478430281964e-06,4.68709693081823e-11,0.2202782079919141,61.11244383186547,6.00290847107953e-06,4.2336898775189e-11,-0.2192798269055119,59.80907402461198
13.51,16.59,1.33,1.32,3.9810333628736e-06,8.636417794115579e-11,0.2153860031223316,60.88440385548997,3.55183395598652e-06,5.18549119443335e-10,-0.1642741418492596,62.56239976064154
44.72,97.23,1.11,2.14,1.40991361767778e-05,9.788587518955789e-11,0.224048370835854,61.94495419914059,2.12543384961389e-05,4.3350513917568303e-10,-0.1759841758129935,60.39503325347351
12.75,35.92,0.4,1.76,9.7592675113798e-06,1.747474314412e-10,0.2137613873018104,60.69015493200974,7.76150688208831e-06,2.489779742335e-10,-0.2010306202833343,61.56990467502175
25.27,39.54,0.86,2.92,7.87110966611513e-06,9.368243058157279e-11,0.2167255355726639,61.26819514374734,8.77654945576138e-06,3.23074876490224e-10,-0.1773000883914316,60.92851330245127
19.0,46.78,1.16,2.7,9.4816096971444e-06,1.8324942191953e-10,0.2145501236978131,61.404723735613786,9.62742508576565e-06,1.35957035232309e-09,-0.1555146555378346,60.83018280385463
35.0,34.39,0.91,2.73,5.97747358383777e-06,4.9288787111827196e-11,0.2203820096085186,62.17554195002702,7.36491805735594e-06,1.85278190164088e-10,-0.1784233884879708,61.31381196718298
17.16,86.24,1.12,2.01,1.8684824066722e-05,3.3280100104069603e-10,0.2164823144252142,61.11549108626049,1.88376528894778e-05,1.9329872043260503e-09,-0.163890178148619,62.41238482752568
10.73,72.76,0.74,2.66,1.84929542840968e-05,8.841204129526501e-10,0.2049983498440802,63.87338254739012,1.59468766979494e-05,3.15035699358809e-09,-0.1635275857779524,62.27199237555128
10.81,42.8,1.05,2.21,1.05614423793057e-05,4.97421470994628e-10,0.20648497794879,64.15970074229352,9.40788516081121e-06,2.7374596059620404e-09,-0.153449400216678,63.29466917945456
37.38,61.7,1.22,2.76,9.3356663942948e-06,8.35817618343661e-11,0.2223563041927144,62.4479758506757,1.36676892942919e-05,5.63291986171525e-10,-0.1629330166156946,61.49811497070517
14.34,35.99,0.39,1.78,9.63605833192366e-06,1.37370763483496e-10,0.2167806616567141,61.59929766069205,7.82897044668483e-06,1.70065921741143e-10,-0.2087989883049132,59.49576157100089
42.26,75.32,0.93,1.89,1.1969798112475e-05,7.666256168181929e-11,0.224077957304447,61.48173963052229,1.68020995467749e-05,2.32002091965497e-10,-0.1878280686406726,58.65244967560683
29.64,48.6,1.43,1.41,8.26318288972089e-06,8.16255705640341e-11,0.2221356670816464,62.44796088096477,1.07686336223322e-05,5.40684792264171e-10,-0.1636575944273043,61.10175410853588
28.69,72.38,0.52,1.82,1.57997437884058e-05,1.13061839429084e-10,0.2206490995779669,61.68119175051341,1.61248041712385e-05,1.68923839197776e-10,-0.2054240374394188,58.57642229358573
42.96,85.42,1.12,2.56,1.23342435740853e-05,9.32094266570189e-11,0.2235162568567103,62.30841262915203,1.84234040568723e-05,4.64336168156219e-10,-0.1728405583728168,59.34285251848993
34.12,27.25,1.2,1.6,4.63794303678503e-06,3.67281476225705e-11,0.2231030562066975,62.09859539710756,5.81161279978954e-06,1.70809990494878e-10,-0.1752303039020435,60.1480900790838
17.7,49.87,1.36,1.91,1.0428106862609e-05,1.92657850858609e-10,0.2165599103067672,61.06268325578866,1.09791696889611e-05,1.5423264911021901e-09,-0.1554040996676274,60.60822634267427
32.69,66.77,0.27,2.49,1.44401989049763e-05,9.293789281217509e-11,0.2195866928229731,61.7560947716248,1.47423260201233e-05,1.0458271514867001e-10,-0.2120336684886768,60.76576047197377
32.32,94.66,0.38,1.45,2.05610596861977e-05,1.17917992355232e-10,0.222197105449098,60.59995500083172,2.12654285305359e-05,1.17355303376784e-10,-0.2175406065347666,60.172030018212894
30.36,19.81,0.44,2.62,4.17896641800444e-06,3.08442766017266e-11,0.2196972716704269,62.143231460108375,4.18807268054442e-06,4.6791749072480495e-11,-0.2038094740641693,59.33815653619595
33.67,64.59,1.2,2.4,1.05429554899666e-05,9.74409403802136e-11,0.2217239355443051,62.340177826258085,1.43826941507389e-05,5.8519433001975e-10,-0.1665257221253428,60.54585121262551
12.55,72.97,0.44,2.75,1.92217434582929e-05,5.95565373674749e-10,0.206936549685346,63.93055708017295,1.63703282965701e-05,1.2184254295153501e-09,-0.1813565634750723,62.159242475249656
24.85,49.57,0.25,2.23,1.21197828626766e-05,9.52781428881284e-11,0.2179056389628769,61.9906992669672,1.10999417256825e-05,9.05116388245413e-11,-0.2152266457878846,61.39786582527862
12.34,75.64,0.21,1.28,2.23008379642015e-05,3.06395176585314e-10,0.2166678146437381,61.6283317573373,1.69130781322725e-05,2.73911978663255e-10,-0.2177129538831277,61.37238651079552
39.14,20.45,0.35,2.55,4.027173865689e-06,2.29410944185658e-11,0.2205232623889868,61.44761066055171,4.41649825109491e-06,2.8410314018887896e-11,-0.2097450869708862,59.914454582162605
27.26,77.64,0.61,2.48,1.59042560104964e-05,1.43678517220801e-10,0.2194722773203127,62.131935481148815,1.71295037778976e-05,2.94265453713924e-10,-0.1941217279823373,60.55420507951151
25.1,46.07,0.94,2.76,9.08601771861277e-06,1.08950735157485e-10,0.2171717037679239,61.34945108212656,1.0045286714572e-05,4.28096358119614e-10,-0.1744777338214563,59.94883382629054
25.64,61.93,1.39,2.83,1.06924671003446e-05,1.5122738058861e-10,0.2189549634105356,61.54232373521258,1.38590216101988e-05,1.3987406668566801e-09,-0.1513987169740623,60.56552893062599
16.32,42.87,0.72,1.45,1.07008881909411e-05,1.43907847054464e-10,0.2171555598916987,61.51295529357999,9.47811275398633e-06,2.9271270931235203e-10,-0.1942800744639455,60.44267963273325
7.95,44.78,1.01,2.4,1.17752269027119e-05,1.7041076588268e-09,0.1907636638831071,66.32273603116079,9.92973450958794e-06,6.946434709027761e-09,-0.1427191735404973,65.32667937118329
25.68,72.19,0.99,2.34,1.38283324012542e-05,1.49623679910925e-10,0.220170218598061,62.071485714445245,1.58691556048262e-05,6.02485949859647e-10,-0.1759002887000178,60.36484065920581
32.25,65.27,0.4,2.91,1.30361280402189e-05,9.881260022468169e-11,0.2192506493472098,62.17942820692955,1.35780758064619e-05,1.57294463582161e-10,-0.2019402869074745,60.23869287515929
14.61,41.34,0.73,2.39,1.00439900304878e-05,2.09090812745683e-10,0.2132825358542249,61.19145221730224,8.50935511259463e-06,6.27748771246766e-10,-0.1799730319609262,61.847165450339766
7.74,54.81,0.32,1.85,1.6234696226471e-05,6.94580617690962e-10,0.2076980343345805,63.60432088851084,1.22723905958314e-05,7.161966716846391e-10,-0.2034153966981244,63.02810462662139
22.86,12.71,0.53,1.75,3.0158540256167e-06,2.5309619754556097e-11,0.2202868833326078,61.82199714986125,2.58580918765219e-06,3.53238835164185e-11,-0.207723831537729,59.14653724781435
40.48,61.19,0.4,2.86,1.13389476136006e-05,6.99969022372208e-11,0.2199108999908884,61.945455469026165,1.3209075615863e-05,1.06411808321852e-10,-0.2033149420440161,59.04780327069211
42.66,24.33,0.45,1.26,4.92365628885524e-06,2.17641558222878e-11,0.2235650379543609,60.04515814739629,5.21372047456301e-06,2.3105946548955e-11,-0.216651700298075,60.23947821809279
36.47,38.89,1.3,1.84,6.10941567337771e-06,4.9453023407254195e-11,0.2240578583584343,62.258218347198216,7.97716973114648e-06,3.1339846025562403e-10,-0.1669522043129013,60.05737575577438
42.55,67.44,0.99,2.84,1.00215430671464e-05,7.521726532223209e-11,0.2227256691019082,62.37139891186562,1.45342095261434e-05,3.1600611818038004e-10,-0.1763189596420157,60.53161206007797
33.59,26.78,1.16,1.89,4.59651158175408e-06,3.7619890086466595e-11,0.2225910473128922,62.31523680714676,5.57960475780476e-06,1.73904831657076e-10,-0.1748866585673977,60.04585025800729
41.14,83.91,0.42,1.35,1.73640859342678e-05,8.057978553644919e-11,0.222296450281276,60.3792696179863,1.87721167646241e-05,8.911663239544419e-11,-0.2144251411779228,60.934825810414345
43.0,87.26,0.8,1.53,1.48123428973713e-05,8.307849069014649e-11,0.2241623077549791,60.943433574016005,1.86325570733698e-05,1.80436842049798e-10,-0.1964591622656379,61.27979857704508
7.53,18.0,0.38,2.17,5.32863868914057e-06,2.9344601313079e-10,0.2042867694034375,63.78573730589962,3.89101818998386e-06,3.50952723148502e-10,-0.195674409052833,61.43336102534258
11.98,10.44,1.19,2.25,2.56319839135201e-06,9.472313223167249e-11,0.2078530489854255,64.55942868524127,2.0996182783545e-06,5.16559265083274e-10,-0.1561858645928594,61.87786454561201
40.24,10.69,0.98,2.59,1.76383918373254e-06,1.2220864200570498e-11,0.2219484013742895,62.01431947523955,2.11907697455033e-06,4.58217885069449e-11,-0.1797757614870616,61.238827344062464
30.58,73.83,0.74,2.05,1.43073418183656e-05,1.10592553230964e-10,0.2218493461609093,61.97600177943816,1.61738332066513e-05,2.72184155677475e-10,-0.1923751614293124,60.05002890279174
40.15,99.51,0.26,2.69,1.97011796560298e-05,1.1211288913624002e-10,0.2195151622243127,61.68981686419212,2.20743496883935e-05,1.2852097481319701e-10,-0.2107253029422768,60.26125520165221
23.34,53.0,1.28,1.24,1.05884896246678e-05,1.15725926995861e-10,0.221409046036781,62.34920048904353,1.18596584995773e-05,5.36401806288072e-10,-0.1738000947014012,59.57397984044451
37.54,25.53,1.19,1.87,4.06658565108804e-06,3.09368941232801e-11,0.2237582335467622,62.04139307629573,5.33319764598096e-06,1.46925911126319e-10,-0.1744391736079104,59.838466363145095
8.79,30.24,0.58,2.49,8.18425922884141e-06,5.5241838391319e-10,0.199255636363894,63.82878464621369,6.31548751820902e-06,1.0277430304258601e-09,-0.1767608059652575,62.11942153973192
17.03,75.23,1.29,2.05,1.54387082240654e-05,3.16748891505365e-10,0.2158076603666783,61.10614553372791,1.64205873361432e-05,2.5583973910089402e-09,-0.1547323126949438,61.299365419116185
34.29,26.27,1.29,2.01,4.29275150388834e-06,3.7346867729740197e-11,0.2223717784210749,62.53618019061397,5.40087923552305e-06,2.31352018335053e-10,-0.1665798388137094,60.397460992870215
11.49,29.24,0.78,2.72,7.37391251706637e-06,3.15497496880953e-10,0.2055556972429886,64.0972323590479,6.12268752232332e-06,1.19068326190199e-09,-0.1628515164992268,61.9999376964201
11.07,30.45,0.25,1.62,8.75300893067972e-06,1.58355688706172e-10,0.2153005168106895,61.25531850686809,6.68820796632738e-06,1.55792348100875e-10,-0.2129686760211242,60.39367308584906
43.06,44.72,0.37,1.73,8.90647407337469e-06,4.11501330669438e-11,0.2225277590268191,60.42666485012374,9.53961841355161e-06,4.2597780992884094e-11,-0.2163712321048778,60.36584462929172
23.18,57.73,1.09,2.06,1.14836774455403e-05,1.38525476584878e-10,0.2193246935427514,61.84190723462032,1.28767698353685e-05,5.85178090079566e-10,-0.1742704688710904,59.821410436203095
17.74,16.44,1.19,2.62,3.5605559709672e-06,6.665932413160489e-11,0.2149791512236478,61.06099870388013,3.52421179123005e-06,5.61062069816268e-10,-0.1534106636589349,61.63837902008494
43.08,21.39,0.23,1.7,4.61083944607928e-06,1.92204192451817e-11,0.2222089339185776,60.11880413903555,4.58716711697525e-06,1.53687315203735e-11,-0.224604136585624,59.02577247612741
16.11,36.97,0.89,2.67,8.41724550341781e-06,1.86300131787206e-10,0.2118200926504854,62.120686321812805,7.81090532277214e-06,8.06654455860434e-10,-0.1683598864125213,62.67927874160184
34.38,50.41,1.3,1.78,8.17594914160556e-06,7.016706803241539e-11,0.2229979752311573,62.465801532681375,1.10843416983312e-05,3.9269710811571503e-10,-0.1701013828655493,59.134464857213686
30.47,19.43,0.54,2.41,3.99740148253579e-06,2.93501314382655e-11,0.2207679647977229,61.94962442821253,4.14078457045915e-06,5.15369262617124e-11,-0.2008280290260906,60.60904120354776
18.17,58.71,0.39,2.24,1.46798463507679e-05,1.76755095074582e-10,0.2168257205708121,61.60880925063428,1.31393926007912e-05,2.61046943304043e-10,-0.2028942232706853,60.80247212713709
20.01,14.32,0.91,1.57,3.27729575997079e-06,3.6890534712716793e-11,0.2189303042229731,61.96911822093193,2.85818751790122e-06,1.06463000082595e-10,-0.1864460272334037,60.12649616913156
37.35,59.53,1.37,2.36,8.88267251142906e-06,7.88021306269452e-11,0.2232723437964714,62.63752504789305,1.33106108035579e-05,6.25965082039342e-10,-0.1593493349775172,60.823773757833855
10.58,20.05,1.44,2.79,4.73384265373532e-06,4.22654809169669e-10,0.1977186631284643,66.88511834431928,4.29661474364419e-06,4.7144396989807104e-09,-0.1223543784835579,67.28628209367257
23.11,50.94,1.39,1.69,9.71602520654034e-06,1.23800617597676e-10,0.2201105935527828,61.92527780305204,1.13018494751893e-05,7.56355666757097e-10,-0.1640736691397842,61.65478492742634
13.76,53.63,1.47,1.62,1.2043451816964e-05,3.42921652723197e-10,0.212679281006533,63.15518443263665,1.19041754685926e-05,3.4180890068069402e-09,-0.1453847063035699,62.284626098261214
10.42,93.66,0.51,2.74,2.50151865784106e-05,1.1314275263145802e-09,0.204927280863998,63.97184886288935,2.10343681875834e-05,2.7660631618226204e-09,-0.1745860664395595,62.13269185999783
25.37,21.6,0.48,2.36,4.81105543306213e-06,4.2834292842090096e-11,0.2179992356299881,61.85716141117629,4.51034479367883e-06,6.23368258643508e-11,-0.2038528075755964,59.6214968587504
26.51,50.02,1.12,2.63,9.18297232549763e-06,1.06256764888368e-10,0.219494966421212,61.86121656308836,1.12855062735236e-05,5.65011060936558e-10,-0.1676405202576459,60.43893619889073
39.49,56.04,1.37,2.18,8.16406112307595e-06,6.83934456569397e-11,0.223542247399622,62.56113062139859,1.24178628728331e-05,4.82873173300364e-10,-0.1622413444821269,61.308929791483216
23.92,68.01,0.71,1.5,1.51969708928426e-05,1.32320504716243e-10,0.2207025705004599,62.06861503667518,1.50816803546667e-05,2.44687968005622e-10,-0.1987123282281255,61.106809390832254
23.29,49.77,0.91,2.94,9.98217201381049e-06,1.33710351504466e-10,0.2165969491869291,61.24572625810862,1.10780825428838e-05,5.28107409270932e-10,-0.1737665342233415,59.77820264308545
30.39,37.12,1.06,2.4,6.48806058485102e-06,6.20987068259884e-11,0.221156133877977,62.29907449234254,7.75364525104125e-06,3.40171044705559e-10,-0.1695239257363835,59.63549456100142
44.48,87.14,0.41,2.15,1.64495749820736e-05,8.152176841825679e-11,0.2218608465905646,60.95151727879697,1.94661424197729e-05,1.01806844972991e-10,-0.2105387866761224,60.20822489350003
18.6,57.68,0.67,2.85,1.29763947265669e-05,2.13275508200252e-10,0.2143737774294337,60.795644602733205,1.28328496794793e-05,6.43112484831996e-10,-0.1795869908049348,61.83936645514609
31.99,51.22,1.21,1.71,8.7995908767601e-06,7.546461004497619e-11,0.2232395268204496,62.35438672011902,1.12669860033067e-05,3.68596932626449e-10,-0.173969499800192,59.76994770813291
20.76,81.63,0.94,2.9,1.70854132669281e-05,2.80402734108122e-10,0.2140373574712791,60.75479423791669,1.85578616973603e-05,1.43646332406625e-09,-0.1642468429644511,62.537232264754216
14.08,31.18,0.66,2.78,7.62551042096574e-06,1.860065008733e-10,0.2113484912910746,62.49747173687345,6.96462762030835e-06,5.77793907583475e-10,-0.1768793889733363,61.01630424649717
9.43,80.44,0.25,2.16,2.31278053636657e-05,7.8042244978558e-10,0.2080550407371423,62.91984853206574,1.75523013826815e-05,8.42867951310967e-10,-0.2022532188840252,62.7845726813532
18.02,80.71,0.82,1.92,1.86410165282982e-05,2.5645153849381e-10,0.2177490433924226,61.60397334861779,1.76032143287731e-05,7.89425303036425e-10,-0.1829267770501799,61.86273800100912
12.68,23.32,0.62,2.31,6.05268286870864e-06,1.55560357223673e-10,0.2098951987040152,62.37105333292194,4.95440143274727e-06,3.8163905354695703e-10,-0.1806532554403023,61.73337104001509
39.04,88.1,1.46,1.32,1.28847520447078e-05,1.0195859946223401e-10,0.2247466260250349,62.06070077980996,1.90582291637031e-05,7.09032693089409e-10,-0.1642594401076913,60.56058077397818
13.07,37.72,1.03,1.53,9.36975292552333e-06,2.02501176091066e-10,0.2145074661610665,60.68671245427858,8.42578459441775e-06,4.12673961481037e-09,-0.1333456990005448,62.82645481939329
33.97,32.6,1.17,2.78,5.24984962355262e-06,5.036212755892619e-11,0.2208636216120953,62.1396080227935,7.1125652251905e-06,3.04825979543039e-10,-0.1652629668372705,60.908203768904
19.54,43.98,1.42,2.52,8.66880754591296e-06,1.7277742733951901e-10,0.2145218856940631,61.76701727974139,9.72080927003644e-06,1.9129734596026303e-09,-0.1431839248854058,61.6232896335696
20.52,73.22,0.47,2.32,1.72698517443771e-05,1.9775892930311301e-10,0.2163587269319655,61.39717080152124,1.61539709651647e-05,3.50412403205518e-10,-0.1967195462350593,61.376231495567005
14.45,66.03,0.33,1.29,1.852803914871e-05,2.14192999608443e-10,0.2190708384455401,62.03306119998174,1.47660600697618e-05,1.99684658774555e-10,-0.2184621071724606,61.20704844011397
38.74,40.93,1.25,2.51,6.1456339835333e-06,5.1747992495310497e-11,0.2226966322303676,62.56907741451479,8.38615447260021e-06,3.26928920815934e-10,-0.1650600395282297,60.48107995257182
26.87,24.0,0.67,2.91,4.64353866649487e-06,4.7428324958486e-11,0.2188345773921372,61.94184570019159,5.06204094060322e-06,1.17867180506616e-10,-0.1893877234355568,59.04105303506903
41.05,85.55,1.46,2.47,1.18327651006561e-05,1.04783297318789e-10,0.2229435436299731,62.45600545683737,1.89814796405951e-05,9.70662916339594e-10,-0.1550281062685601,59.26284853524072
31.49,36.42,1.11,1.3,6.59248829067032e-06,5.11381684626663e-11,0.2238350566508399,61.76752559466125,7.73128954214626e-06,1.96762861304523e-10,-0.181110801953179,61.23455880245003
24.87,43.23,0.52,1.94,9.89002749078531e-06,8.241332362740229e-11,0.2192863816218149,62.15125592012366,9.65574486123222e-06,1.2018273029556e-10,-0.2052457968566166,58.95477115494245
29.79,94.96,0.29,2.27,2.15069800059084e-05,1.47819875066661e-10,0.2187066062960641,61.893705747585386,2.10621204682407e-05,1.65809289953743e-10,-0.211199330995392,60.33404054646962
35.99,71.53,1.17,1.75,1.15761473816097e-05,9.0171746211847e-11,0.2240462873935112,62.03850485896119,1.58746399009193e-05,4.30396613362895e-10,-0.1747199052900714,60.00112113502368
44.54,88.7,1.19,1.44,1.31934598120526e-05,8.46642483265694e-11,0.2248503486166466,61.43776088026028,1.97054602601152e-05,3.60865836864512e-10,-0.1781080492234878,61.08425033105645
30.29,86.97,1.35,2.34,1.4297658393537e-05,1.5444908523885101e-10,0.2212054646708132,62.133379203595126,1.89044295254605e-05,1.4355696878112601e-09,-0.1543889442293304,59.0776311579337
28.14,77.34,0.79,2.3,1.49779485981191e-05,1.38177304763846e-10,0.2201319165295685,62.19474884602442,1.68369636586003e-05,3.75184981511412e-10,-0.1875929643805296,59.07099649476341
13.49,45.07,0.53,2.17,1.16656443621523e-05,2.1875445037427701e-10,0.214522936209567,60.905008998599214,1.00003328990488e-05,4.70252784132065e-10,-0.1921508954305813,60.36012634563473
28.74,87.63,1.25,1.59,1.56589995022524e-05,1.5086047475841601e-10,0.2220286020677536,62.46779482260828,1.96578485598993e-05,7.920141807478401e-10,-0.1710088892116028,58.768713376064085
37.99,28.06,1.38,1.96,4.159494119533e-06,3.48566675540422e-11,0.2237967385968484,62.399787341765645,5.75357704987615e-06,2.41365767619586e-10,-0.1634183446960605,60.95930396756406
29.72,43.15,1.36,2.6,7.14683007551414e-06,8.28272260294846e-11,0.2196692076742284,61.75307318689005,9.36857509881824e-06,6.76915186816666e-10,-0.1558948541499285,59.59922147458217
25.85,42.99,1.27,1.88,7.89047747490922e-06,8.67925259727994e-11,0.2213305658272729,62.28174052513489,8.86128049755122e-06,4.97548856372297e-10,-0.1674564878192466,60.33896274140907
14.93,71.76,1.07,1.4,1.68734536473559e-05,3.0505435479261e-10,0.2163501901857821,61.159096688797874,1.58024660367053e-05,1.29324917073271e-09,-0.1740111949080883,59.986290063859954
28.1,37.61,0.65,1.39,8.03283588681183e-06,5.7553193889291e-11,0.2219972392673911,61.33792779856287,8.29711667137664e-06,9.685533539849001e-11,-0.2028220182142143,59.34780830135095
38.6,40.79,0.95,2.38,6.35858673233181e-06,4.92759091862002e-11,0.2224913721185992,62.18851982363661,8.83080792127139e-06,1.7547669842797e-10,-0.1807275243017971,60.908520687530654
8.66,70.85,0.43,1.51,2.03867423458556e-05,6.58951524998489e-10,0.2100587651472295,61.815586958192114,1.60317450862205e-05,7.04834153399885e-10,-0.2054773997146821,61.66802645273648
33.93,15.02,1.41,2.63,2.36195788571201e-06,2.3055329317868598e-11,0.2213701885050229,62.24937822382877,2.98316203572304e-06,1.92180765509601e-10,-0.1576069942240512,60.229303119969785
30.65,49.17,1.28,1.44,8.60939862360902e-06,7.43152072945771e-11,0.2237819015775169,62.23022507531768,1.09214722529835e-05,3.88793486463154e-10,-0.1730507024904939,59.456146004101534
38.36,13.75,1.02,1.88,2.31690360163701e-06,1.57454960806545e-11,0.2232475632280286,61.6472469649524,2.79275677088437e-06,5.89797239374489e-11,-0.1809009238536118,60.79677899762346
31.05,10.08,0.75,1.76,2.05259011041614e-06,1.3941599759736299e-11,0.2224738519502247,61.35424319025404,1.99745696106205e-06,2.92201215453176e-11,-0.1974506311000102,61.49939795022265
8.97,11.01,0.67,2.14,3.05955823559705e-06,1.46756543719743e-10,0.2043465326925653,63.71952005873212,2.2569007552842e-06,2.70328163541315e-10,-0.1833611525573292,62.4498827655231
29.17,39.98,1.22,1.26,7.38622461076048e-06,6.42152499666305e-11,0.2225755097964491,62.24990382289407,8.75127196215297e-06,2.90164540537551e-10,-0.1752637061435909,60.05544475862733
20.75,41.95,0.51,1.71,1.02338576330859e-05,9.898237554430379e-11,0.2184465017643711,61.95369525507924,9.22785706692186e-06,1.52811789519991e-10,-0.2029069511914755,59.93601365881453
30.11,84.74,0.55,2.89,1.68418652568827e-05,1.4910193019358e-10,0.2178493616356173,61.687053983353366,1.91216202655293e-05,3.09758256561967e-10,-0.1925078164072686,60.06059947926234
33.8,14.08,0.28,2.3,3.0850606868244e-06,1.8088512988194598e-11,0.2199848945782728,61.2981498743402,2.80180379447374e-06,1.83690091690826e-11,-0.2155929230439696,61.11687324599267
31.37,76.17,0.83,1.63,1.47509965242435e-05,1.06551925861389e-10,0.2228911836756428,61.61446104920218,1.71677852414933e-05,2.73623010348168e-10,-0.1920396286442877,59.91004351324683
24.04,77.96,0.61,2.78,1.65834082499687e-05,1.86689032678377e-10,0.2168240762413638,61.43381224601407,1.67542130884339e-05,3.99416653186589e-10,-0.191198553950474,59.64786399986593
24.67,27.28,1.44,1.84,4.91193250048274e-06,6.278154816281629e-11,0.2195419702331368,61.77928811752837,5.82126370984486e-06,4.49785620893135e-10,-0.1594706563343654,60.741522433595215
19.09,96.99,0.58,2.33,2.26594326774904e-05,2.97982454453426e-10,0.2163138162751806,61.34960276034065,2.13442003608743e-05,6.46072041627723e-10,-0.1913287394753836,59.65469308857337
26.48,13.2,1.47,1.48,2.4107168998298e-06,2.49330474832693e-11,0.2221728532886417,62.54363913176429,2.65474666512435e-06,1.72177232705419e-10,-0.1630366652525129,61.56956224207455
42.73,88.14,0.9,1.75,1.43917974070181e-05,8.709776435423889e-11,0.2241485494741099,61.28843544524192,1.96196349525112e-05,2.40508163118983e-10,-0.1904259491346321,59.33050007829837
41.4,21.33,0.4,2.98,3.94856963042693e-06,2.3292895126884596e-11,0.2206019032371382,61.752260832415615,4.58446690566821e-06,3.2975604930633495e-11,-0.2066399686680929,58.94746477199985
32.18,81.66,0.95,1.49,1.52384852123617e-05,1.12017696653946e-10,0.2232323112316296,61.7036775006607,1.82973952041626e-05,3.39797012372604e-10,-0.1880744273748346,58.8389676088307
32.28,30.26,0.25,1.46,6.96666611544825e-06,3.68699045040462e-11,0.2218764451471323,60.29334514802966,5.9719772387709e-06,2.94101241443001e-11,-0.2248450249008091,59.02330079588619
31.68,83.15,1.36,2.2,1.33999320954656e-05,1.35209985431564e-10,0.2223559206224895,62.425454256035934,1.80966824550879e-05,1.0838074052965e-09,-0.158870234091458,60.6251681688218
34.32,83.19,1.43,2.5,1.26875914349098e-05,1.2950494278657001e-10,0.2216143782160387,62.165834869483575,1.85108999282818e-05,1.22191410103369e-09,-0.1543792536095994,59.16656130777135
20.26,47.39,0.29,2.44,1.17565560919009e-05,1.28568116228439e-10,0.2156997835525896,61.348354762454704,1.02320717391406e-05,1.65276772539612e-10,-0.2063584793193592,59.40938101008663
20.82,22.92,0.5,1.95,5.5682361203612e-06,5.56536573947995e-11,0.2176926630400341,61.77903879623622,4.89470616329051e-06,9.02060445498295e-11,-0.2008856255626414,60.75443720888161
43.63,53.45,1.44,2.42,7.14521694274368e-06,5.848444624066879e-11,0.2242538443044893,62.53321589914089,1.19146207400959e-05,4.58747807812379e-10,-0.1597906945437168,60.88841554172407
23.4,54.63,0.23,1.7,1.39389916948055e-05,1.0147795996908001e-10,0.2198955787331148,61.304178590237306,1.23576842267281e-05,8.250166825574719e-11,-0.2223817606958694,58.9432759916138
38.4,42.35,0.83,1.63,7.47380233008051e-06,4.6593885369131194e-11,0.2234736365318888,61.241331834649024,9.0250580515965e-06,1.14753082193065e-10,-0.1927878136771979,60.08250116353344
17.61,50.85,0.65,1.69,1.24692206269369e-05,1.49885111207723e-10,0.2187861868727191,61.980301447049285,1.130866674273e-05,2.9322797970263005e-10,-0.1961479605965522,61.08814176878939
43.12,76.46,1.47,2.31,1.02318226460906e-05,8.465568970897669e-11,0.2243925727620567,62.55422332394164,1.70106215146011e-05,7.40478302775779e-10,-0.1573217657381951,60.02533459044517
44.79,77.72,0.31,2.15,1.52740286727852e-05,7.12758596691959e-11,0.2215264075762816,60.77870206654526,1.7399342760291e-05,7.447684860807179e-11,-0.2151341638171235,60.79031513977222
22.39,66.13,1.15,2.16,1.28566326681195e-05,1.71611229601964e-10,0.2189485068958572,61.70881270387917,1.43475441909214e-05,8.43237071947811e-10,-0.1700116487563033,60.05788859447246
12.9,39.89,0.71,2.29,1.00247028119138e-05,2.7264644625459e-10,0.2095221989582638,62.75674176047423,8.62003799327334e-06,7.83257403743567e-10,-0.1756768737699207,60.155224212560846
17.58,32.86,1.03,2.56,7.15931760143527e-06,1.3273308828958201e-10,0.2150990250071299,60.89138736872796,7.20095871091513e-06,7.33554798830311e-10,-0.163912633317932,62.58396060607964
40.89,97.7,1.04,1.6,1.57805097784379e-05,1.04345656253455e-10,0.2236389496939283,61.59974444242592,2.1486366244707e-05,3.77801279095099e-10,-0.1817041592165042,60.39565771802992
20.48,55.01,1.07,2.0,1.15319010356665e-05,1.62107006781356e-10,0.2171265628147558,61.296994483453545,1.21521035032807e-05,7.57879884760843e-10,-0.170917185034505,60.05883688472442
38.97,76.38,0.8,1.8,1.34726779333242e-05,8.440916772407939e-11,0.223035992373866,61.41652562953802,1.7061063061939e-05,2.04955818906603e-10,-0.1927006213395389,60.06747151885716
35.28,16.53,0.34,1.53,3.68528103792491e-06,1.8861297956572798e-11,0.2214066124004333,60.53695035975816,3.50747362991471e-06,1.71989497881214e-11,-0.2197497567118563,59.24921127945805
13.95,97.2,1.48,2.38,2.12033009583168e-05,8.11151826702561e-10,0.208890395684012,64.94448581784532,2.21697727988046e-05,1.1375689344055e-08,-0.1302406234281726,63.82159928511366
23.66,30.56,0.61,2.56,6.665685741451e-06,7.016120818871869e-11,0.21779522531613,61.72013861336112,6.59927123364834e-06,1.39550391441976e-10,-0.1939300485673824,60.51688872808605
10.36,50.35,1.15,2.88,1.2312167184333e-05,1.0351046086634601e-09,0.1977849253181075,66.50810002429795,1.12202733979769e-05,8.644706809179291e-09,-0.1309883683711973,65.83306580469264
38.13,47.02,0.48,2.1,9.24876014846623e-06,5.2697972286557596e-11,0.2216241942024031,61.23495496401314,1.04144293010007e-05,7.62415266061779e-11,-0.2070549265552739,59.00509506651135
13.31,37.32,1.04,2.24,8.89353470584986e-06,2.42617345924688e-10,0.2119995571740112,62.89298709429722,8.1465757316425e-06,1.4270039642561201e-09,-0.1599994198190068,61.26163614738945
31.28,64.2,0.91,2.88,1.1373687707559e-05,1.07349906291026e-10,0.2201610260623629,62.116418071553134,1.44378546175792e-05,4.44261606329889e-10,-0.175753268069628,60.4468768033296
28.65,29.5,0.24,2.81,6.62605114094294e-06,5.117309580132969e-11,0.2177265268615441,61.91204259116049,6.33567660211451e-06,5.850146673592939e-11,-0.2096218492145147,59.85018468473039
41.45,26.31,0.82,2.83,4.27624680068184e-06,2.93900192037535e-11,0.2221022021717499,62.0967053823361,5.48249347035735e-06,8.86192947919228e-11,-0.1860115762633396,59.2116203474871
30.76,15.61,1.18,2.62,2.61925553273531e-06,2.5938424538594397e-11,0.2211089078378946,62.324883686644114,2.82243922122017e-06,1.49755259174335e-10,-0.1685442978493542,60.33269329420041
8.0,84.04,0.57,2.55,2.34499021523059e-05,2.13823449184216e-09,0.1957729515629894,65.7422824231412,1.90857079433661e-05,4.22804471083944e-09,-0.1715297165901066,64.50079481990609
21.18,28.9,0.88,1.88,6.33024949321704e-06,7.053050888883039e-11,0.2198661660863156,62.12885462583551,6.156286960522e-06,1.9813610090162301e-10,-0.1874014783511549,59.90452754093491
36.91,90.88,1.22,1.76,1.43099565822118e-05,1.12526712497747e-10,0.2241010436950827,62.11582776661184,2.00902925101523e-05,5.786994303740201e-10,-0.1727071267843867,59.27212207210082
37.58,52.73,1.35,2.11,7.88025857158084e-06,6.745847096103379e-11,0.2236675994385392,62.56094649871222,1.17402077243713e-05,4.3752046795374503e-10,-0.1647255575298123,60.54286799622416
14.47,89.56,0.78,2.78,2.1421982687585e-05,5.53268213278587e-10,0.2107745155297402,63.08809459143514,2.02616575828534e-05,1.92411605805322e-09,-0.1724346899091391,61.81524789693541
9.87,29.3,1.05,2.24,7.38626618654998e-06,4.16177375060033e-10,0.204742080091934,63.60629318792198,6.32185537614973e-06,2.29148252947006e-09,-0.1516337877520285,64.16891073186228
25.75,44.64,0.86,2.36,8.81802648807534e-06,8.947026053818919e-11,0.2200523429971958,62.141598158758086,9.78091164108724e-06,2.84162180654501e-10,-0.1825701017983312,60.95174003125944
32.43,90.7,0.84,2.65,1.55343826107751e-05,1.40091369207377e-10,0.2207688350747483,62.285825262933606,2.02870437351723e-05,4.80012813686691e-10,-0.1812003650792715,61.37656628240659
21.34,65.25,1.02,2.85,1.31517225833987e-05,2.00239467685627e-10,0.2166476644812188,61.18032269813235,1.45790824102516e-05,9.52160006588455e-10,-0.1685793034097288,61.13959361775695
30.68,28.63,1.1,1.98,5.14392884204364e-06,4.44634731121466e-11,0.2224833126726123,62.4102129505677,5.96462467352585e-06,2.01437511298912e-10,-0.1756533466955661,60.34333784447313
23.51,38.79,1.14,2.52,7.51935020337427e-06,9.91528454977324e-11,0.2180362222336847,61.499004354945946,8.59096726518026e-06,5.12173267308973e-10,-0.1674140839225172,60.88418654736311
31.22,21.14,1.26,1.89,3.6604258779334e-06,3.2604796293012097e-11,0.2228208082915631,62.533752412319,4.48848381444699e-06,1.90617797871422e-10,-0.16915681303276,59.75183010715497
22.75,85.64,1.3,1.65,1.66180595865576e-05,2.0773929356465502e-10,0.2202174878595767,61.9910443193528,1.89415069952922e-05,1.14843513044595e-09,-0.1673802787774044,60.59390983525635
14.38,94.73,1.21,2.43,2.13115586041932e-05,6.399728640456111e-10,0.2106821360945626,63.89124097999928,2.05882294962452e-05,4.68034654065697e-09,-0.150588158473404,63.20707728076315
17.54,76.65,0.57,2.97,1.7751577644095e-05,3.1350719185067003e-10,0.213638266865869,60.84096266102429,1.69345829073503e-05,8.54687899985678e-10,-0.1819651765157886,62.699504195950674
13.23,97.39,0.8,2.58,2.35457731142992e-05,6.79537127902927e-10,0.2105549423498672,63.38402452034589,2.16253785658879e-05,2.40313508103434e-09,-0.1715909939870713,62.21906390241756
28.92,85.8,1.01,2.7,1.55171852725441e-05,1.63628883648756e-10,0.2192542479883285,61.814299548161074,1.92684043711491e-05,7.52002763978905e-10,-0.172083095534489,59.14304977184609
38.85,12.66,0.55,2.54,2.33529635248908e-06,1.4403099028186799e-11,0.2212364101512188,61.56767830444154,2.49431920705641e-06,2.5255676676706698e-11,-0.2004604155437554,60.041456121486426
16.05,98.34,1.09,2.18,2.21575447879651e-05,4.79066774107601e-10,0.2128898141611916,61.80096830467481,2.18387978882546e-05,2.6765763602578e-09,-0.1615256887052434,61.67242614799774
41.68,76.05,0.57,1.39,1.44608042061605e-05,7.18964543466502e-11,0.2237604831661319,60.450750030497005,1.63748114874331e-05,9.968020971290049e-11,-0.2094698879691658,59.821467848125685
16.21,61.42,1.4,1.31,1.36133884087378e-05,2.6312595973187e-10,0.2153847034699275,60.78210322066644,1.33894680660824e-05,1.9298367538351102e-09,-0.1572812222511001,60.10315970344304
20.91,84.55,1.43,1.28,1.70057831324898e-05,2.3611431627209e-10,0.2186390244368062,61.560586447554094,1.90177193776796e-05,1.8481974074194202e-09,-0.1574990901464372,60.11233853635933
44.08,82.62,1.33,2.1,1.13339405804097e-05,8.621365767085559e-11,0.2244539263248539,62.20137927213726,1.85489770060198e-05,5.59901174101246e-10,-0.1655921466038728,60.076059335863896
39.82,35.61,0.92,2.9,5.71987846309978e-06,4.37252915639789e-11,0.2212585878498757,62.36777657008591,7.78419849775589e-06,1.66207187913304e-10,-0.1779680906213108,61.10572145835541
14.31,25.34,0.53,2.82,6.21987207218109e-06,1.43209222884212e-10,0.2115079628655482,62.08815479968086,5.43133847855886e-06,3.25574673516357e-10,-0.1859233068738432,62.76100135332271
40.05,68.79,0.69,2.77,1.14831847072487e-05,8.146778083391239e-11,0.2209194697893206,62.241726411882,1.46973204700272e-05,2.06790389746309e-10,-0.1899864502447622,59.20590028438816
39.55,52.28,1.29,2.48,7.71655520136087e-06,6.47694659310179e-11,0.2228207965864508,62.55771264731612,1.16328074853672e-05,4.1324084461998403e-10,-0.1645847514581472,60.56023360980745
15.12,73.59,1.48,2.59,1.56039231730546e-05,5.54265487655524e-10,0.208931459758695,64.94901919103508,1.63819126678539e-05,7.66071111592119e-09,-0.1305437880877804,63.40198109658565
41.74,90.07,0.75,2.59,1.44917707197603e-05,9.774989744837069e-11,0.222510180990685,61.90339539961796,1.98597412369421e-05,2.53991200685208e-10,-0.1904005917698513,59.36033477795713
42.41,11.48,1.46,2.57,1.63450080921418e-06,1.2751153180919198e-11,0.2237787810499816,62.38186937821505,2.29711327943337e-06,1.04931979146461e-10,-0.1592055870459597,60.69775035672858
20.66,45.77,1.27,2.37,9.19532491317908e-06,1.51294035916327e-10,0.2156445525445041,60.84218851245178,1.02815506234949e-05,1.22189999886871e-09,-0.1543942481310111,60.42624385832222
7.6,86.55,0.36,1.96,2.5427713028718e-05,1.2910822815629601e-09,0.205583389491784,64.0864337210957,1.92657771357358e-05,1.49561038651721e-09,-0.1973050886591113,61.14629863409657
27.13,99.66,1.06,1.26,1.92583603942299e-05,1.68593123781633e-10,0.2228697535253871,62.08054878996527,2.18864129909172e-05,5.78624136059843e-10,-0.1828648826334243,60.46206116073896
43.68,42.08,1.07,1.38,6.61176458751499e-06,3.99844293993385e-11,0.2247191607030056,61.16365885821256,9.30088996836979e-06,1.34437339579179e-10,-0.1853522834949122,59.11486286968512
16.99,69.93,1.2,2.45,1.44909671668213e-05,3.18335824699618e-10,0.2142619810151393,61.86389423778611,1.4628668849812e-05,2.5261352482379802e-09,-0.1540992738262218,61.998740959221145
7.38,31.61,0.58,2.28,9.00388355215341e-06,7.49788770782619e-10,0.1988471441042637,64.72611291194946,6.96042491879475e-06,1.39780214884608e-09,-0.1767848332524747,63.21812906902402
26.56,96.59,0.5,2.58,2.06081334167659e-05,1.84289727452986e-10,0.2189922071527268,62.06763320060131,2.12682840365501e-05,3.21581850947371e-10,-0.198237079498132,61.39445846113288
27.03,77.04,0.51,1.35,1.75836423798508e-05,1.19361484536095e-10,0.2220994121439782,61.048640838225424,1.73395548284423e-05,1.53215418284823e-10,-0.2103514933267705,59.98217832135944
9.69,37.23,0.27,1.32,1.10582931203426e-05,2.0816047112662003e-10,0.2168552313840159,61.64690188813877,8.36075210166413e-06,1.94611429878406e-10,-0.2164060813206506,61.3587922282238
31.0,94.85,0.43,2.41,1.96345886147763e-05,1.41617302177723e-10,0.2202795387313927,61.97151510598173,2.11002738996443e-05,2.13216462882416e-10,-0.2052525182398333,59.09045512727987
26.39,71.17,0.79,1.2,1.52182699868457e-05,1.16796403378618e-10,0.2228421827885652,61.47380450430526,1.5850770422371e-05,2.38718301752873e-10,-0.1973615989536518,61.29521556031334
22.91,85.5,0.82,2.93,1.72611240136184e-05,2.31545934225202e-10,0.2166877581420334,61.28568616955148,1.87449618949328e-05,7.84173355300932e-10,-0.1776139748498987,61.05006690917709
40.7,84.23,0.45,2.22,1.60559615381505e-05,8.98565513458492e-11,0.2209933527580029,61.35908455077504,1.86125351421692e-05,1.29983207357424e-10,-0.2066636302804413,58.87976673178583
36.45,33.6,1.32,1.94,5.22383564528214e-06,4.3238322075550494e-11,0.2239456138662559,62.356373532020754,7.25876451911149e-06,2.78614972583962e-10,-0.1659694124846292,60.316595996248445
19.79,34.23,0.34,2.24,8.56385262191652e-06,9.197704953463989e-11,0.2165693006638665,61.583808877532746,7.592648926404e-06,1.17830510190612e-10,-0.206954757880337,58.97098978112941
19.26,45.98,0.66,2.21,1.05847647922859e-05,1.3709725844335002e-10,0.2168965657400831,61.47141533694944,1.01757059616434e-05,3.23670490721745e-10,-0.1898404673661986,59.35192324189469
39.24,20.12,1.24,1.55,3.19701379463761e-06,2.2646312754678598e-11,0.2241146970223429,61.76395757568247,4.31102080636748e-06,1.1269812232373e-10,-0.1739340914826507,59.66176242118903
8.45,95.71,0.87,1.59,2.65462294052837e-05,1.4395271563124601e-09,0.2041059042482739,63.467086104519495,2.1478913723284e-05,3.857553356644851e-09,-0.1725524643334874,62.69086793164658
7.17,73.47,1.18,1.63,1.99096514279057e-05,2.73961981169213e-09,0.1931278722385672,66.32538585932637,1.66271823236804e-05,1.13769544184281e-08,-0.1455355072982651,64.75419315394713
19.34,92.45,1.24,2.83,1.83331340673429e-05,3.82060353398701e-10,0.2137342211387332,62.15007744877567,1.9846942952396e-05,3.4106624816840303e-09,-0.1482566729540044,62.95307761387066
17.1,82.02,0.69,2.36,1.91205709238584e-05,3.01835440557902e-10,0.2159696847870459,61.178840496072375,1.81806070328398e-05,8.33472591024521e-10,-0.1842351147058792,61.8824321978546
39.71,92.08,0.48,1.98,1.79312806754563e-05,9.78320384243978e-11,0.2217217265634777,61.09799488743423,2.0617083458546e-05,1.40535292165508e-10,-0.2073092215235557,59.08525933464343
23.43,35.41,0.81,2.01,7.48076967942148e-06,7.72023974486676e-11,0.2195938115791277,62.09635736181396,7.73282994464008e-06,1.92835034464972e-10,-0.190117212498263,59.194152463048376
14.54,58.22,0.26,2.0,1.59094786908704e-05,2.2315249100518e-10,0.2159097394089799,61.44210302247359,1.26645933922133e-05,2.4048388490246e-10,-0.2116834869376544,60.46071111539697
28.48,71.33,1.5,2.29,1.17792824105623e-05,1.42579928407324e-10,0.220329302551752,61.88508575370584,1.52350064923054e-05,1.4115208689588501e-09,-0.1512207626524948,60.041558034000325
23.46,87.37,0.87,2.54,1.77192068216067e-05,2.14519455099559e-10,0.21794738211422,61.579957820780905,1.98457968513989e-05,7.08713860412064e-10,-0.179379758754398,61.58241070658642
25.99,47.61,0.77,1.2,1.02813797917425e-05,7.888758214533659e-11,0.2228668466695883,61.41070056357234,1.07778671594827e-05,1.49691763221763e-10,-0.1995685555362466,60.584215422649535
36.37,75.51,0.29,2.44,1.55642130153827e-05,9.07180711945309e-11,0.2206104038874178,61.395443974495606,1.64788284390305e-05,1.02214943010754e-10,-0.2122188753448046,60.743104414154566
17.94,82.73,0.8,2.8,1.8516187889443e-05,3.28733153946548e-10,0.2143883377097204,60.85030580008649,1.86445314118672e-05,1.33023069783001e-09,-0.1724911056048106,60.8332963753883
44.83,27.17,1.44,2.08,3.64846409847574e-06,2.7887877246910898e-11,0.2244033568128075,62.2018602903848,5.50762192490462e-06,2.04324941012472e-10,-0.1623826927973415,61.21313366304063
32.85,10.88,0.8,2.07,2.07630532548864e-06,1.4809000117706098e-11,0.2218678338630679,61.73796390845158,2.21322323424902e-06,3.28380542060106e-11,-0.1949474080205845,60.885835752709255
43.91,41.56,0.46,1.37,8.09817147458144e-06,3.66463799905852e-11,0.2234294135079006,60.21557361360785,9.18887643108781e-06,4.0872092128511e-11,-0.2148356889359435,60.8294884733836
34.86,94.59,1.49,2.38,1.4204389690231e-05,1.43949367425305e-10,0.2218432596205052,62.19726328388021,2.12092446425576e-05,1.4804405900357802e-09,-0.1518908475950213,59.712733786899534
32.03,95.95,1.39,1.74,1.56272975672661e-05,1.47131690212938e-10,0.2232810287956125,62.677317711425125,2.13935491248104e-05,1.1099532508816201e-09,-0.161180977941064,61.40621213124715
41.86,68.45,1.43,2.02,9.34502454554918e-06,7.57526537398672e-11,0.2247013502297303,62.304453602149785,1.51630317479783e-05,5.658702786919921e-10,-0.1617346270816808,61.44644969867221
26.29,80.16,1.24,2.26,1.44424809898812e-05,1.68155984933945e-10,0.22043879981278,62.01901935154211,1.80390088854013e-05,1.02742897791039e-09,-0.1640689154790295,61.45276882555454
41.01,12.0,1.02,2.76,1.91742219934679e-06,1.3781037699832298e-11,0.2215815382688154,62.21577527615871,2.44708471625991e-06,6.20030860851738e-11,-0.1748018480905383,59.98394132930402
33.2,61.64,0.53,1.33,1.30941140003846e-05,7.540085394394119e-11,0.222692230145061,60.7394059091978,1.35122772830662e-05,9.46121643270532e-11,-0.2113125576235179,60.3624799591167
22.61,64.09,1.38,1.51,1.23820701749258e-05,1.5609757060855901e-10,0.2205137361073257,62.04458956047543,1.42335320825103e-05,9.49310135553583e-10,-0.1647950717209521,61.448661287151495
33.44,24.59,1.02,2.35,4.21038986054893e-06,3.57224805805809e-11,0.221599587951447,62.46654317997132,5.01386531977785e-06,1.4377280986642002e-10,-0.1776753062556989,61.029717001247846
9.27,70.6,0.87,2.03,1.897142340779e-05,1.17140225520993e-09,0.2000855619321329,63.3806128400536,1.59638079689867e-05,3.4404809541179e-09,-0.1646256665749234,62.34070897299949
27.54,28.98,1.02,2.33,5.26567573018494e-06,5.4679124074675394e-11,0.2203865691613226,62.158788214357386,5.95078658550182e-06,2.25476909377704e-10,-0.1756517819600349,60.249473936155454
41.3,82.5,1.17,2.04,1.23648047885524e-05,9.103580061611869e-11,0.2239750742602285,62.065742295526,1.77517662750409e-05,4.61806700698084e-10,-0.172837478446652,59.31505018826627
32.93,70.24,0.35,1.43,1.59151221058414e-05,8.52611061040139e-11,0.222062551303715,60.50369984886744,1.57338664418287e-05,7.93614660653369e-11,-0.2195903267229933,59.411276855478505
33.54,18.54,1.49,2.74,2.89820049590916e-06,2.97262982200451e-11,0.2213185052758117,62.15266285534285,3.91477813198574e-06,3.07339072151361e-10,-0.1516775441654489,59.978620707074455
27.15,97.91,1.09,2.49,1.78602958167647e-05,1.98069482758898e-10,0.219946913054353,61.9610909296217,2.20413366104003e-05,9.95315495578457e-10,-0.1699328918986089,59.5675358927606
19.93,58.98,0.73,1.98,1.35806205259801e-05,1.61159688712233e-10,0.217790434556613,61.66109098817383,1.32628084236543e-05,4.21088089743937e-10,-0.1882850575315369,59.78111570793588
38.32,87.77,0.21,2.64,1.82179612565709e-05,1.01723016269987e-10,0.2197864752247426,61.51573534346344,1.96699411522274e-05,1.05028575039224e-10,-0.2137710649311433,61.29175563952309
7.91,45.69,1.02,2.89,1.18901127074504e-05,2.56313411273839e-09,0.1840930810505249,68.78272110436926,1.00751176971663e-05,1.23337397414044e-08,-0.1298450894607477,68.72234884423557
43.84,10.27,1.15,2.35,1.57704738639223e-06,1.0418810407451898e-11,0.2235388059588468,61.79141771497293,2.04728307791759e-06,4.6796259351546495e-11,-0.1761810329554754,60.474441686882045
19.5,23.34,1.29,2.68,4.7277271249714e-06,8.887598692085519e-11,0.2146000519807056,61.36731917495988,4.89343121193829e-06,6.88442562034398e-10,-0.1541219173126857,61.00987205515497
42.95,78.83,1.35,1.37,1.13757021085111e-05,7.937603570265459e-11,0.2252160130704287,61.668972072400535,1.75185113554805e-05,4.47065032809352e-10,-0.1718250359659198,58.975906360125
31.15,81.46,0.56,2.61,1.60623588638943e-05,1.26706349242911e-10,0.2201987451104327,62.32835266862888,1.8215750542398e-05,2.5442617563906903e-10,-0.1958366385675538,61.27626451671543
19.18,38.69,0.22,2.53,9.64492859733198e-06,1.12300452239682e-10,0.2156100741604614,61.38528653092636,8.39568765396196e-06,1.29452130322023e-10,-0.2087183890129016,59.53226979116409
36.85,10.78,1.03,2.09,1.85177255091269e-06,1.3039988387180698e-11,0.2230826100407234,61.79063503144143,2.12218714326079e-06,4.714538866301209e-11,-0.1820086060948831,60.687397314495975
40.01,34.11,0.63,2.96,5.89054776118821e-06,4.0547516735986896e-11,0.2205022755253614,62.24069217386383,7.29022688890163e-06,9.51142420982116e-11,-0.1916131378029781,59.7643190085156
35.38,59.92,0.42,1.32,1.29969511259033e-05,6.8125272887547e-11,0.2218721787695064,60.56472265236883,1.32773459320085e-05,6.99555160118239e-11,-0.2162612102659799,60.43387873745038
28.32,48.63,1.2,2.13,8.68789534029262e-06,9.02416393840798e-11,0.2207429713820325,62.14661611302591,1.07479845377532e-05,4.98130947093934e-10,-0.1677855075907494,59.96746591716377
15.18,18.38,0.26,2.59,4.88646003702678e-06,7.65549122159171e-11,0.2137470940789832,60.88319741663993,3.99677733432254e-06,9.0105960139021e-11,-0.2075311428206031,60.2925847796275
35.18,33.32,1.31,2.23,5.27846118406666e-06,4.755573061206619e-11,0.2218804605056017,62.35223356652193,6.98131901827968e-06,2.97919078273278e-10,-0.1651753098504477,60.73140165093661
26.13,50.63,1.06,2.65,9.49253035582024e-06,1.07618570006745e-10,0.2196154524388229,61.90942805521932,1.13088250971933e-05,4.90600712873358e-10,-0.1725296716330507,59.3037915736452
18.37,20.54,0.74,2.61,4.65077521670591e-06,7.133103230498359e-11,0.215685433585562,61.14141139067443,4.35597823293679e-06,2.11813216673805e-10,-0.181577623480917,62.40495932489779
24.09,19.01,1.07,2.65,3.71910513753267e-06,4.61124407534119e-11,0.2179404313422189,61.54582162411784,4.0742686146755e-06,1.91643572506939e-10,-0.1738296706108418,59.73265959353506
36.53,36.78,1.43,1.43,5.70063799090287e-06,4.5674803116553396e-11,0.2246214594109149,62.1040971844105,7.85238155544657e-06,3.19941220332669e-10,-0.1643596375203737,60.7426129617059
13.61,93.34,0.78,2.7,2.25578968968846e-05,6.394379340768101e-10,0.2103507144903236,63.46664911655323,2.03306709707626e-05,2.6512895737441203e-09,-0.1677316572696184,63.67690193514852
44.31,36.26,0.31,1.52,7.44684461996741e-06,3.15771155366952e-11,0.2226306603426509,60.11272409594341,7.85153354767246e-06,2.7773460880656697e-11,-0.2218607091193236,58.42330302427311
26.92,79.53,1.34,2.75,1.35074280537391e-05,1.78294290439592e-10,0.2193186805185198,61.65846120169341,1.68721227122441e-05,1.5006952458876502e-09,-0.154685261298734,59.2649769839431
9.07,86.76,0.39,1.64,2.51510841311734e-05,7.88907015183614e-10,0.2092744897730517,61.96789240579034,1.92411567129141e-05,8.35413624064064e-10,-0.2047789147624506,61.76739454835535
29.2,43.87,1.45,1.64,7.43940538897679e-06,7.729138746073529e-11,0.2218682793941743,62.33019295044155,9.39991731929257e-06,5.68350737116731e-10,-0.1603153117610412,60.97960817910401
22.96,29.55,0.95,2.4,5.81259822037646e-06,7.255959077114149e-11,0.2185440337802549,61.732442634275394,6.26302741004617e-06,2.6088585069508e-10,-0.1778921983371984,61.0409429368793
13.64,65.36,1.01,2.03,1.55574244522084e-05,3.7766366031581403e-10,0.2132731555779046,61.98896236469084,1.45431219917559e-05,1.8718156190973e-09,-0.1661948618787532,63.320897905111806
15.08,21.17,0.92,1.77,5.12507498058835e-06,8.976582449542239e-11,0.2156328616463697,61.066020332391446,4.5322619120645e-06,2.9922879865727203e-10,-0.1796560055029604,61.59323024142605
36.32,93.92,1.3,1.61,1.47467482795114e-05,1.17927418589649e-10,0.2243438373438192,62.12260021857736,2.07931906706349e-05,7.08489829375845e-10,-0.1689135333295483,59.30746800681023
34.71,43.83,0.71,2.11,8.04743764459067e-06,5.73400426165822e-11,0.2213897506826824,61.852469264816925,8.95440007255925e-06,1.25796909013138e-10,-0.1945339956316905,60.69341015669745
24.93,43.58,0.76,2.46,8.93094631121634e-06,9.568298456270139e-11,0.2179775706595053,61.65858325335691,9.52007681305123e-06,2.49772214617807e-10,-0.1870016943083927,59.6691350712783
34.28,70.52,0.73,1.22,1.3934612628418e-05,8.53889513409387e-11,0.2230839093473569,61.01938906764673,1.59116293556802e-05,1.48125450196047e-10,-0.2025536215881743,59.25455006760513
37.68,66.31,1.18,1.45,1.08014524233009e-05,7.70818922462347e-11,0.2243722216877859,61.70978200351256,1.47420758036809e-05,3.34490550201339e-10,-0.1772070469564323,60.75499095908618
12.32,86.85,0.9,2.17,2.17140750240276e-05,6.93797241853914e-10,0.2087173460339916,63.7565480924753,1.94462231172722e-05,2.77599038932239e-09,-0.1649618771143812,62.54700654607076
21.7,93.37,0.54,2.95,1.99948827907463e-05,2.6144328004975803e-10,0.2162044552654734,61.29908176072542,2.10738618427422e-05,5.29429700301723e-10,-0.1919632641634734,59.97334497008637
21.29,37.69,0.82,2.2,8.16127931130001e-06,9.58874583391101e-11,0.2189494268984787,61.89535529260242,7.76809468503094e-06,2.5796896613020203e-10,-0.1876513695538151,59.99625665697149
16.44,82.41,0.86,2.68,1.8824925954799e-05,4.15573601762211e-10,0.211328067545474,62.29384728291439,1.86247589816937e-05,1.69966263215582e-09,-0.16892131971598,62.35805031230801
24.62,51.92,0.38,1.71,1.24443596804702e-05,9.42813130041148e-11,0.2198380644833891,61.60060988417934,1.1423551145333e-05,9.8934233072266e-11,-0.2140418785197006,61.22050870036978
30.94,68.94,1.17,1.74,1.2025331437107e-05,1.0536168702134e-10,0.2231112341411968,62.379559904056,1.52682642588546e-05,5.24919653013772e-10,-0.1735317202760595,59.61649146749016
12.88,95.51,0.72,2.46,2.42334670915714e-05,7.32040065114002e-10,0.2079876407423001,63.69360962584213,2.11758158948915e-05,2.4019882562739703e-09,-0.170517206013498,61.88267867530465
27.6,68.65,1.07,2.0,1.26213154887392e-05,1.26171365458586e-10,0.2211499473950483,62.309906135766326,1.44720744102016e-05,5.293914575991821e-10,-0.1756492116781836,60.23202456214877
37.2,65.17,0.65,1.53,1.23316314598986e-05,7.190332795887001e-11,0.2234105674668653,60.90931775521671,1.3972264920232e-05,1.22631867348175e-10,-0.2032597760515039,58.93867623958504
38.53,17.87,1.12,1.31,2.89699594771079e-06,1.9638810621918497e-11,0.2242921468450187,61.33829940493391,3.79983492719593e-06,7.280620637106419e-11,-0.1820123203101464,60.334078990737474
24.22,71.65,0.45,1.94,1.64661655446214e-05,1.39105194137415e-10,0.2193275214898178,62.07678577053094,1.5551526613474e-05,1.79503543375715e-10,-0.2084728555628386,59.41567485295861
35.75,62.25,1.46,2.58,9.08748003368316e-06,9.014653201755701e-11,0.2229561913713322,62.474570219001,1.36072800484711e-05,9.12678326222528e-10,-0.1531683704262154,59.292393524487686
14.66,31.44,1.36,2.13,6.70883488653323e-06,1.94036643475459e-10,0.2118000616324565,63.32647175866027,6.07532595030581e-06,1.9031099016569e-09,-0.1455659350713941,62.28220296406208
9.54,73.45,0.54,2.83,1.95903455626199e-05,1.2120975441049801e-09,0.2007368865674569,63.834724081028085,1.62363422501261e-05,2.9469072320324803e-09,-0.1710631327872947,63.9786241611229
23.6,22.36,1.15,2.49,4.40780037625485e-06,5.57585289895242e-11,0.2182253446597914,61.57570551988843,4.76480328952244e-06,2.7358598342836003e-10,-0.1696913874084776,60.189954724899394
23.24,26.97,0.76,1.45,6.03940642838197e-06,5.3655589876044096e-11,0.2210512324491694,62.03023863070498,5.84404239757084e-06,1.07134341566565e-10,-0.1970309794904187,61.402340241576496
11.79,36.56,0.62,1.98,9.71100337331207e-06,2.41240180324178e-10,0.2114362151676788,61.61787040010602,8.10729595025513e-06,5.67592684870993e-10,-0.1843287745213967,62.37888183559166
28.02,53.09,1.29,2.77,9.07176860009909e-06,1.10810763448984e-10,0.219459116004095,61.71992144982536,1.17363850794644e-05,7.90571903396376e-10,-0.1586855133327195,60.589543288312
30.55,28.64,0.79,2.66,5.39217424411439e-06,4.6298504216538094e-11,0.2206888649750748,62.33870698736287,5.94893527544061e-06,1.44331970268786e-10,-0.1847700202080272,60.44059804496985
44.66,44.15,1.35,1.86,6.10483238716924e-06,4.4425850091026597e-11,0.2246423720181663,61.991312154245165,8.89654179132571e-06,2.785555342536e-10,-0.1673621438076504,59.47555216079368
43.33,17.48,0.21,2.79,3.50909256121581e-06,1.71673638516627e-11,0.2206278018928106,61.10943562528792,3.64957318119494e-06,1.66068891989442e-11,-0.2166494489899123,60.43519544600022
41.59,92.11,1.21,2.95,1.29536214282738e-05,1.09866118738375e-10,0.2230460636306915,62.5739164700646,2.03456199175761e-05,7.05559917175049e-10,-0.1641947794409802,60.76865456982007
15.0,61.5,0.67,1.91,1.53894832528082e-05,2.55219626278944e-10,0.2154249972965665,61.09746299577937,1.38266242448299e-05,5.919298395494311e-10,-0.1901656288477888,60.28368069398797
35.58,91.52,0.54,2.32,1.75093615438663e-05,1.15234684000825e-10,0.22125352448573,61.70701613967135,2.03993149384349e-05,2.04388444631727e-10,-0.2002905700274274,60.3498830856524
17.4,25.65,0.6,1.54,6.4357481424666e-06,7.287028520328039e-11,0.2194023142132914,62.19656410699108,5.33964856605905e-06,1.2407296366378e-10,-0.2009949996750551,61.05384196042268
34.18,34.96,0.71,1.43,6.9131129813597e-06,4.3122106110659695e-11,0.2226552782431491,61.1629728576079,7.59174285881825e-06,7.738072901321749e-11,-0.2012792865225639,59.79780075593072
13.01,48.9,0.6,2.42,1.25032233512918e-05,3.09928934799738e-10,0.2107762322950215,62.20269001571166,1.08701456241685e-05,3.3277430985317404e-09,-0.1450023531776718,61.52587820045778
32.35,83.36,1.27,2.52,1.32034891381871e-05,1.35381489032547e-10,0.2214434158912086,62.248400852580126,1.85729160967436e-05,9.92503088335773e-10,-0.160506137495064,61.23898665280468
11.46,54.7,1.5,2.37,1.2819579711318e-05,8.72488619392188e-10,0.200515555128798,65.43392952217651,1.23782613888629e-05,1.10416572628065e-08,-0.1223113998599104,65.52335813608005
15.16,89.0,0.47,1.35,2.37766362192025e-05,2.92005388005171e-10,0.2183735035776252,61.9898786317806,2.01417428017189e-05,3.6024517905408103e-10,-0.2099901037117353,59.77865850219949
17.47,91.63,0.26,2.38,2.37897017706139e-05,2.94229909346196e-10,0.215998188289807,61.46440131206488,2.06833824299448e-05,3.61607683744098e-10,-0.207716780330557,59.27582493015508
41.35,85.24,0.95,2.62,1.3198143322443e-05,9.629551287536289e-11,0.2227226928179395,62.21991056825837,1.84152591138033e-05,3.61578969440162e-10,-0.1793789607654928,61.39148965898758
12.06,90.32,0.77,1.51,2.35910079138645e-05,5.31349758587375e-10,0.2131079962350295,60.64029171467328,1.95240590985224e-05,1.4031772320649701e-09,-0.1826309499021876,62.14053442367669
20.54,10.57,0.51,1.4,2.64896284744549e-06,2.3339974040001797e-11,0.2195932401407504,61.73830678259959,2.16798909934964e-06,3.17993512002492e-11,-0.2082274518295462,59.192323183143934
11.01,57.46,0.62,1.69,1.56151017445718e-05,3.77571402412776e-10,0.2129183353381003,60.878508366453865,1.27778643656909e-05,7.58354144111407e-10,-0.1903919397971069,60.31213748164703
25.22,95.22,1.49,1.81,1.70444257719243e-05,2.19351320313619e-10,0.2194242685185593,61.66452927109357,2.03642823738154e-05,1.76456352954302e-09,-0.1563054827561298,59.68218276335687
30.49,81.28,0.93,2.07,1.48324002773024e-05,1.26538755394438e-10,0.2220864195054729,62.34287462409216,1.75518822192118e-05,3.9225703766334603e-10,-0.1851155716276063,59.838937346460575
31.3,23.85,0.24,2.61,5.30473745613105e-06,3.4484243900706694e-11,0.2196593501041616,61.70353772278872,5.13649663358679e-06,3.80191112375323e-11,-0.2128894967525183,61.069846348251495
36.94,12.23,0.37,1.93,2.57277357228809e-06,1.34915137836236e-11,0.2218804513605992,60.71419389841581,2.47203894354286e-06,1.46071678647744e-11,-0.2145892554470408,61.04891789788219
13.43,96.1,0.67,1.58,2.49254434009204e-05,4.189129065199e-10,0.2167790046006691,61.40154686455457,2.12498808661832e-05,9.49348198533856e-10,-0.1926376490160865,60.06980169564032
12.8,22.04,0.56,1.68,5.85404386592266e-06,1.0925062927723401e-10,0.2138244595783722,60.666144648653486,4.69915072127022e-06,2.0208433893610101e-10,-0.1937960620466161,60.04668594430041
43.46,56.99,0.23,2.09,1.17090855211749e-05,5.3112548308343e-11,0.2214897645552072,60.608827521840354,1.25874048354702e-05,4.72002463890087e-11,-0.2201820923215514,59.02884460863485
12.66,13.43,0.32,2.21,3.60645391354118e-06,7.30883992877547e-11,0.2118911595188536,60.299492987756416,2.7397840517508e-06,9.69880130145204e-11,-0.2010969242781198,61.96633956803098
7.55,67.74,0.56,2.07,1.9524626789826e-05,1.3348959823786601e-09,0.2012307475890559,63.19275395766416,1.53132936482754e-05,2.41592719043603e-09,-0.1803788636546423,61.52116991554543
25.49,15.72,0.3,1.74,3.85486269312099e-06,2.6207833667443298e-11,0.2205245934176948,61.0910798228589,3.3121090461001e-06,2.3177813287518897e-11,-0.2199514156628814,59.56280026686067
10.7,42.14,1.27,2.93,9.80914733798425e-06,8.91625619117028e-10,0.1972841348799414,66.91458349365173,9.09506793466501e-06,9.367696550447261e-09,-0.1232504787049327,66.95342666177562
16.54,51.55,0.55,1.8,1.316704903967e-05,1.7645761407539003e-10,0.21591201297721,61.25149905392743,1.15082642222247e-05,2.80850416951666e-10,-0.1998532976302359,61.72680406701503
20.32,74.73,1.11,2.76,1.52134249040244e-05,2.6808738083740603e-10,0.2143415012747562,61.07704644237224,1.65363625392106e-05,1.8144883827850202e-09,-0.1571869109498609,60.29010663375136
35.61,39.13,0.49,2.09,7.81691173153553e-06,4.7387329382100393e-11,0.2215420021900593,61.32290064532736,8.66643873749092e-06,6.8816649990174e-11,-0.2070154839824332,58.99950160276127
15.33,26.15,0.45,1.52,6.99812861908036e-06,8.701783690302129e-11,0.2177857750895729,61.85407377495952,5.78193346576531e-06,1.0797402518629001e-10,-0.2093830981610134,59.61327496444027
29.82,74.58,1.5,1.8,1.22329714161437e-05,1.33148607997396e-10,0.221427831667643,62.1485624852054,1.65290825400122e-05,1.16678036453587e-09,-0.1555943280373014,59.44263790480652
38.8,43.72,0.99,1.42,7.29585080673517e-06,4.7831587879564296e-11,0.2240643251836734,61.33943862881782,9.47400381682169e-06,1.48505409889779e-10,-0.1872410414199223,58.50489090815769
27.58,24.9,0.45,1.47,5.68031228296434e-06,3.7727679187185195e-11,0.2217641590916766,61.00080252616232,5.3174462106219e-06,4.4244778123812497e-11,-0.2125027169991092,60.678454059135554
21.54,65.59,1.13,2.55,1.26716475257294e-05,1.91096204506988e-10,0.217738204944566,61.40455346566674,1.43390804121906e-05,1.0265067461378402e-09,-0.1658603248185244,61.72747399000189
8.31,31.54,0.63,2.27,8.74498711432574e-06,6.12684159733994e-10,0.1994953149735564,63.94252472130316,7.02173552494421e-06,1.2114283925891401e-09,-0.1752834287405264,62.60048097089828
29.47,53.7,0.66,2.29,1.07149908959881e-05,8.91389363557786e-11,0.2197569353089764,62.18642757625341,1.1797770427287e-05,1.89998248012744e-10,-0.1934894454823696,60.3252757797496
22.12,10.25,0.21,2.68,2.56359438620818e-06,2.3061609000011798e-11,0.2176370251688323,62.032545198899584,2.09108123283204e-06,2.0887077658961697e-11,-0.2166990580969818,61.43518910692113
24.17,64.85,1.1,2.02,1.24630803777627e-05,1.47376947211375e-10,0.2193724316906701,61.84302388645388,1.38155499453093e-05,6.24033667852707e-10,-0.1743190211340515,59.81112425099797
11.04,96.49,0.32,2.6,2.62719964395357e-05,8.65881477020439e-10,0.2077195966555412,63.7392039421872,2.13563941033376e-05,1.3018319818952401e-09,-0.1914672904157819,60.957900940244805
15.66,57.35,0.42,1.41,1.54537020424768e-05,1.8141039711852003e-10,0.2180596306734563,61.93178279614912,1.29499121922381e-05,2.07613448923527e-10,-0.2115354198803056,60.26742449925317
43.53,65.63,0.27,2.32,1.29765746120083e-05,6.291001732068139e-11,0.2211852128972683,60.92986280014293,1.44332071578037e-05,6.3796403189999e-11,-0.2156919201974873,60.67640615604002
33.26,67.02,1.49,1.48,1.06226875179428e-05,9.70031291436628e-11,0.2238310175668619,62.587888248731126,1.47270106028664e-05,7.66424396834403e-10,-0.1603262092309338,61.1003204117083
13.97,66.19,0.77,2.61,1.59700791810253e-05,4.10410125994778e-10,0.2112980378709031,62.82098229391611,1.48426793989908e-05,1.55169558278888e-09,-0.1717843819182898,62.36869524352591
33.51,23.76,1.16,2.58,3.94268699745455e-06,3.5985047164420397e-11,0.2212969895120205,62.30896599843834,5.0894667550471e-06,1.97194350265177e-10,-0.1695016915671288,59.646495071194536
22.56,49.34,1.47,1.95,9.23483536302946e-06,1.3264030630796302e-10,0.218964176580554,61.617275258391366,1.11435105574055e-05,1.0664723540555e-09,-0.1560303902062739,59.65904104978704
19.66,24.46,0.97,1.3,5.48905146097997e-06,6.36034960764556e-11,0.2196203218851087,62.086363255503706,5.22316979869444e-06,2.03181716869457e-10,-0.1834465636907587,60.985208828534816
13.72,71.44,0.26,1.66,1.99610054196179e-05,2.66776692809077e-10,0.2174999130107809,61.86995247997504,1.61722329376854e-05,2.35794392059123e-10,-0.2185590013784435,61.60376290338421
27.43,41.03,0.97,2.75,7.634386803977e-06,8.237434624536269e-11,0.2193077481966608,61.88055456687114,8.64706390602099e-06,3.48870896643538e-10,-0.1741266325288956,59.80618449504509
32.64,82.1,0.84,3.0,1.43994933396619e-05,1.3206994726086e-10,0.2198797941941727,62.04964744941365,1.78425946710568e-05,4.917517345322e-10,-0.178052852753414,61.24125212371268
40.64,29.66,0.52,1.68,5.78626878931201e-06,3.00468937277386e-11,0.2221477298008756,60.85402882510706,6.24083992943053e-06,4.2561827417242297e-11,-0.2079935582628323,59.28177392821978
38.44,52.35,0.97,2.1,8.30856738971946e-06,6.173402513602439e-11,0.2231403507410422,61.95221713623192,1.08639929407859e-05,2.07944862661795e-10,-0.1829720485989791,60.10273697388539
41.92,13.01,1.06,2.81,1.98639516787083e-06,1.4353909370636299e-11,0.2227770025132499,62.133920183136766,2.63481348657918e-06,6.66337998748276e-11,-0.1747334359528225,60.01085744535733
7.48,96.75,0.61,1.66,2.80178590637979e-05,1.5476354787186302e-09,0.205423076320598,63.870571566336174,2.17495511179788e-05,2.5429432002671e-09,-0.1875814700116126,63.401426792583216
33.16,76.12,0.8,2.56,1.36442139060605e-05,1.1262398729368001e-10,0.2208355523659271,62.33669926680681,1.69329959792537e-05,3.4087456320527703e-10,-0.1851532524864199,60.00812231978762
11.29,50.69,0.21,1.84,1.47011681986709e-05,2.7664132675312e-10,0.2139620457656919,60.91024222853218,1.13602705559812e-05,2.7086104773254e-10,-0.2114810972338328,60.03734244200432
29.42,73.9,0.53,1.56,1.60060484739476e-05,1.08406813916461e-10,0.2212570170521132,61.32070545349329,1.62394140145935e-05,1.55509044851945e-10,-0.2072333285335958,58.98451851181458
43.37,17.74,1.01,2.48,2.74103627885251e-06,1.8343917368910398e-11,0.223337389065718,61.85826194356336,3.77749745272358e-06,6.7104014930629e-11,-0.1810875742959232,60.80191866362444
36.67,42.3,0.98,1.95,7.16572503117513e-06,5.1704312085301095e-11,0.2233684735735233,61.86519697407622,9.21277811334564e-06,1.7449776784641e-10,-0.1833542567571128,60.01175505452465
23.36,41.79,1.05,2.44,8.06064486592754e-06,1.04482254154842e-10,0.2182653785107694,61.588621888981535,8.73280026845698e-06,4.57030108592739e-10,-0.1728902285737793,59.383519597129165
12.52,88.25,1.41,1.35,2.10865247403248e-05,6.957605114765301e-10,0.2096078720436661,63.87069270611117,1.995382892886e-05,5.7707113074559e-09,-0.1457674082289861,62.05613995134176
17.12,33.83,0.81,1.9,7.86160173140748e-06,1.11496547425517e-10,0.2179821400582908,61.67036982518638,7.28162913050186e-06,3.27134391968521e-10,-0.1850113459701784,61.36964516373882
22.33,88.32,1.1,2.12,1.75933620168158e-05,2.27034335472846e-10,0.2189703059479706,61.74210083074341,1.96350009863905e-05,1.01487001641575e-09,-0.1726784135129274,59.31619546429664
28.56,63.7,1.17,2.47,1.13067731251194e-05,1.22087073652133e-10,0.2200263544105866,61.93968795163997,1.37855700667243e-05,6.928915410674971e-10,-0.1660939848564602,60.68842278449992
14.19,65.06,1.22,2.26,1.46814157034348e-05,4.26266356780539e-10,0.2112920301610801,63.5413909637321,1.41875698328709e-05,3.5061280273311202e-09,-0.1495008886897177,63.738547480780994
37.31,99.11,1.11,2.8,1.52876385364711e-05,1.33853171282358e-10,0.2220336337220712,62.42027502218161,2.18285179095888e-05,7.69821634043311e-10,-0.1676327928337558,59.99600132835016
44.01,57.88,0.35,1.82,1.14803816178714e-05,5.2588620233424095e-11,0.2223111840547204,60.52024209452282,1.27406669484125e-05,5.3745937132311496e-11,-0.2163759026476813,60.32442901894775
30.83,69.42,0.39,1.91,1.52334212363814e-05,9.654211186732059e-11,0.2212758601921995,61.24024303733146,1.54232799556659e-05,1.12935705053171e-10,-0.2122452428581404,60.77750498964879
26.26,90.59,0.5,1.49,2.07990839801697e-05,1.47311010777303e-10,0.2217883662939044,61.23934808537135,1.9983702773911e-05,1.8921791755288202e-10,-0.2100487570817482,59.87794231468882
21.82,89.93,0.62,2.08,2.02076465460247e-05,2.07920236330805e-10,0.2193568572576416,62.12229077516129,1.99188058745967e-05,3.9161803880785003e-10,-0.1972111426515361,61.55580222912967
35.66,54.02,1.45,1.21,8.49841880648582e-06,6.830155414818419e-11,0.2246990777262018,62.04919728880737,1.19604485515262e-05,4.25828532779291e-10,-0.1677750391709728,59.49125013609605
12.51,56.66,0.39,1.58,1.58159898473934e-05,2.69198731263112e-10,0.2144785706564489,60.91712728153197,1.25781467543509e-05,3.56070213454439e-10,-0.2044263212311687,60.534641848449866
23.89,92.42,1.39,2.99,1.64397492782054e-05,2.76209825976325e-10,0.2162054833170169,61.02155034502072,2.05229467274251e-05,2.59755603390386e-09,-0.1477386177192667,62.00807826452296
40.6,25.41,1.05,1.56,4.1304758885234e-06,2.6976337758658097e-11,0.223677279433876,61.4661031358726,5.30954927847288e-06,9.483011117471479e-11,-0.1829916727350234,59.98351683416222
21.71,78.15,0.33,2.72,1.80719421826185e-05,1.98810952712657e-10,0.2167802242790156,61.59320768965536,1.66420184302754e-05,2.54320007726038e-10,-0.2065768966324643,59.42244366495616
10.41,24.27,0.43,1.7,6.87242062693736e-06,1.5476070853731002e-10,0.2139451096748663,60.79509006375303,5.06782014055098e-06,2.12868870186613e-10,-0.2023379378953293,62.01025507056014
10.92,67.85,0.46,1.26,1.91095590309761e-05,3.5247669613372803e-10,0.2162867835690244,61.38620231680667,1.50536595800122e-05,4.71008380338886e-10,-0.206484088300306,60.25029736310592
14.95,59.96,0.79,2.04,1.45612108595591e-05,2.70064254417064e-10,0.2146746638464344,60.82789556596786,1.35756112609045e-05,8.2141289855567e-10,-0.1809506560709333,62.14162639189262
11.85,21.78,0.7,2.75,5.60334030450014e-06,2.03759332506533e-10,0.2069774347056227,64.63377621031314,4.72126393527969e-06,6.41483479440256e-10,-0.1703175441970381,62.81911809685852
33.09,95.4,0.68,1.23,1.93317020050624e-05,1.18486250771562e-10,0.2232224588400044,60.91841048375343,2.11597065612254e-05,1.91559539017243e-10,-0.2053498879356071,58.579360405891
20.16,78.88,0.46,1.38,1.97384409358596e-05,1.79529720006081e-10,0.2195325396087058,61.85188442393682,1.76413864655236e-05,2.33025617738127e-10,-0.2090163778791046,59.46440795314159
27.07,61.35,1.07,2.49,1.12343203061858e-05,1.23188984015338e-10,0.2200715314549324,62.00517351422639,1.360433340441e-05,5.83227752746591e-10,-0.1719798528412537,59.096696566827305
43.72,72.59,0.81,2.48,1.14691316668531e-05,7.44712428884155e-11,0.2228937702497605,61.82577209400536,1.60727343817241e-05,2.1128967085337e-10,-0.1886361899245086,58.82634750307056
35.39,86.59,1.39,2.28,1.30739528390917e-05,1.25888116574042e-10,0.2219376206267969,62.27658928508856,1.92616736656777e-05,1.0422054568831101e-09,-0.1576960367414301,60.26487755059162
11.6,50.29,1.41,1.86,1.19561104061981e-05,5.6811978684204e-10,0.205958781638475,63.866732410274906,1.12327833149656e-05,5.015132648153771e-09,-0.1390057398808625,62.4785522543682
17.82,62.84,1.14,2.66,1.31822002843675e-05,2.6937485578424e-10,0.2142123511397075,61.71181417583267,1.39676732488351e-05,1.9645240655185702e-09,-0.1557382422553538,61.08935346282937
30.05,95.26,0.24,2.66,2.1185702425684e-05,1.56117593178367e-10,0.2175432917848772,61.81933864544829,2.1545864089191e-05,1.77370459346258e-10,-0.2096610291786303,59.85861424657671
31.09,32.32,1.44,2.64,5.14597436502899e-06,5.70156683264394e-11,0.2214081748761622,62.15837123171396,6.83666687668351e-06,5.41812734750107e-10,-0.154095283255724,59.34898241308659
23.77,53.82,0.68,2.09,1.18138153093686e-05,1.15086971413588e-10,0.2191392263579153,62.04462948673965,1.20695303331144e-05,2.30935138111635e-10,-0.1949406695489911,60.78740076982529
27.31,20.71,1.33,1.92,3.71702295442438e-06,3.9388714670824e-11,0.2213595306646046,62.294829399703374,4.40708652623012e-06,2.3093049002289701e-10,-0.1665475514348919,60.47205159415783
11.21,90.77,0.49,2.68,2.40778352935894e-05,9.00254581908836e-10,0.2066616055290285,64.55692191903128,2.04347436058762e-05,2.0237149002198e-09,-0.1782021157023659,61.14447496754824
27.84,11.82,0.7,2.33,2.4324810458719e-06,2.02607783646322e-11,0.2202902309817857,62.27988165322478,2.30027627196939e-06,4.3415322636443896e-11,-0.1943160377867486,60.54503586061156
36.27,42.46,0.76,1.77,7.77824295215897e-06,4.985890285735209e-11,0.2232776426768336,61.31343724653775,9.21339247981307e-06,1.1100259569072201e-10,-0.1951471680803918,60.86907423202112
37.51,61.79,1.14,1.28,1.03125665866558e-05,7.069020114305769e-11,0.2244900582216898,61.507831029560826,1.36600212213582e-05,2.71011239864237e-10,-0.180764551973382,60.78420877679305
31.61,56.42,0.84,2.95,1.01480882994756e-05,9.27482285746108e-11,0.219955287362778,62.10456027272805,1.25624188959693e-05,3.35086065382966e-10,-0.179164582669677,61.62090166881384
26.67,21.51,1.37,2.9,3.75925259130214e-06,4.861126626684489e-11,0.2190899673757483,61.66024787562378,4.32916528080774e-06,3.80996025109253e-10,-0.1563600856729918,59.830854635806496
12.96,15.48,1.06,1.99,3.84342250145052e-06,1.06434148773595e-10,0.2099412071766784,62.91778945651394,3.04798141547954e-06,2.35950481210636e-09,-0.1249249458342848,63.92990767220613
18.49,41.29,0.62,1.53,1.00346113814567e-05,1.10487039606261e-10,0.2193425238824931,62.1706295042664,8.91739507645049e-06,1.95154888200383e-10,-0.1995340931158679,61.35356038357523
28.97,80.62,0.41,2.39,1.74663916535849e-05,1.32665949725776e-10,0.21915112740757,62.19233518642292,1.79414506504475e-05,1.9119615293232201e-10,-0.2050322968278787,58.8711757818214
13.4,19.18,1.22,2.44,4.48260151956352e-06,1.37537638157949e-10,0.2108291688774793,63.82677499277076,4.15636085021887e-06,1.07803208840595e-09,-0.1511556470032915,64.08023976116982
42.87,58.86,1.14,1.57,9.01319419076626e-06,5.862311026098949e-11,0.2247440000534413,61.47576833938774,1.27978968533924e-05,2.308011690773e-10,-0.1802256199750047,60.98412128960076
10.65,80.92,1.5,1.83,1.92266017536713e-05,1.26230231999905e-09,0.2024607295544079,64.71369903049415,1.76073636151227e-05,1.39724485728308e-08,-0.1280685914663331,64.58598470796127
14.84,24.79,0.33,1.67,6.73059474917517e-06,8.51362569249852e-11,0.2175411515287215,61.85848866394997,5.24701701217817e-06,8.66076252607254e-11,-0.2144582139677433,61.23423725100223
13.35,93.84,0.95,2.92,2.18815578652407e-05,7.86713441434613e-10,0.2083682639991097,64.86655472668932,2.04911419363985e-05,5.05605537160171e-09,-0.1531014205305531,63.956984286607735
16.67,38.51,1.46,2.21,8.21212741559055e-06,2.0274993404575001e-10,0.2118137330715571,62.943931542933,8.42317691532768e-06,2.1296027672429904e-09,-0.1427683930257635,61.47264086151263
37.47,22.85,0.6,1.39,4.54549539857626e-06,2.4403509598512798e-11,0.223404888978655,60.616638205471865,4.83808287579856e-06,3.64815643610798e-11,-0.2075606408259771,59.1234968224564
17.86,98.22,0.82,2.08,2.24855561253264e-05,3.30812810917902e-10,0.2170134077704382,61.400963633318206,2.22332221711325e-05,1.0644439129729801e-09,-0.1805501930089355,61.974368271323605
39.58,28.73,1.25,1.25,4.52391225087023e-06,3.13061477371258e-11,0.2243984031687078,61.54391359960513,5.99642745790528e-06,1.47124293544235e-10,-0.1756090237945336,60.196958339314016
44.64,38.0,0.85,1.55,6.31005327324989e-06,3.50095123842217e-11,0.2240956513386458,60.98751158160376,8.01279764729144e-06,8.27163914542522e-11,-0.1942111089566372,60.58610695351246
34.13,35.55,1.19,2.26,5.853306215037e-06,5.1669615520392796e-11,0.221897976463458,62.42137512277517,7.78147562030935e-06,2.8631116595745e-10,-0.1695540188207893,59.46679011293792
29.5,11.54,0.69,2.1,2.34561875343127e-06,1.8043375714174002e-11,0.2204448319534262,61.95470045715353,2.33898322041445e-06,3.6852617125480196e-11,-0.1958863645438961,61.06473068542856
17.98,12.27,0.73,2.02,2.83372303888782e-06,3.6984747763483096e-11,0.2180983649989975,61.82173521837897,2.50620471984017e-06,8.755683904176679e-11,-0.1913357031884326,59.56610637946608
18.88,68.74,0.97,2.74,1.47544484635106e-05,2.61265111283637e-10,0.2145892248723343,60.94542207608205,1.54601271220905e-05,1.39982644401136e-09,-0.1638548076492239,62.601333953297605
29.34,48.97,0.69,2.41,9.80620350939412e-06,8.270583056238339e-11,0.2194873635571632,62.11833861604675,1.07682382925281e-05,1.90247616621644e-10,-0.1916506351286077,59.72465990998319
16.39,43.41,0.3,2.54,1.12368242532385e-05,1.73711683019284e-10,0.2128433106089974,60.54623381725781,9.70662255908176e-06,2.23631375873623e-10,-0.2031820935284459,61.36353492129437
32.77,28.2,0.84,1.67,5.37519288577617e-06,3.76734862740394e-11,0.2226995060397828,61.57564465564994,5.81051926657204e-06,9.78375664255668e-11,-0.1917759589484139,59.792589255212384
35.48,75.42,1.34,1.5,1.19600129322589e-05,9.977694332312369e-11,0.2233260314428608,62.30151469123862,1.67509271297785e-05,5.982811801818501e-10,-0.1681934610901404,59.61441042540662
12.62,84.87,0.31,2.64,2.24268567390125e-05,6.15247834070212e-10,0.2079841966987085,62.95547816331855,1.89768379162368e-05,9.63274404778267e-10,-0.1910105514209845,60.33706699509804
23.56,85.78,1.26,1.3,1.69399886779197e-05,1.8630848232566301e-10,0.2211765996632795,62.29891230401273,1.8611760064994e-05,8.77314671509317e-10,-0.1734065430855809,59.43374326723587
37.06,92.33,1.28,2.22,1.39375173998263e-05,1.20739554689289e-10,0.2233624810607621,62.61817501571296,1.99628084089301e-05,8.27779922852713e-10,-0.1635307784441635,61.2253696250643
9.03,77.8,0.92,1.61,2.12231990100611e-05,1.08328812667414e-09,0.2040150115960133,63.42476432794548,1.76488184869459e-05,3.1873135499143104e-09,-0.1697429918275623,63.20503791264285
29.98,70.97,0.68,1.21,1.49957189413004e-05,1.00548227448247e-10,0.2221044592794235,61.20716015593203,1.56210846310671e-05,1.74721972066476e-10,-0.2020208592097899,59.54118100906796
38.73,15.5,1.15,1.81,2.51336065392785e-06,1.78257300843283e-11,0.2236312117603374,61.81612094428146,3.13846645023863e-06,7.18291644384712e-11,-0.1786695902923317,61.24510694501769
44.74,11.16,0.77,2.57,1.82993679498297e-06,1.0886516127631399e-11,0.2224674037050806,61.51507692533315,2.15558162506412e-06,2.8380120311989597e-11,-0.1910391961624986,59.558254046848575
33.04,65.86,1.23,2.69,1.05968769256803e-05,1.05885085563505e-10,0.2211640146132475,62.16283185278749,1.45871578134838e-05,7.27193702807899e-10,-0.1617787912705995,61.6980387716302
44.03,33.23,1.24,1.51,4.88552180374922e-06,3.23273537833111e-11,0.2248499223210111,61.520644706082514,6.91731944120451e-06,1.53421223968293e-10,-0.1755822825609655,60.2320312898538
43.41,35.19,0.89,1.4,5.80238129232052e-06,3.2992431557233795e-11,0.2244294542138315,60.906377694060055,7.57537387436964e-06,8.040210340070249e-11,-0.1937734598506643,60.45149024726636
20.62,30.9,0.34,1.3,7.99659327579929e-06,6.577964270322489e-11,0.2195975307972196,61.3894723800992,6.89541692240495e-06,6.733206625200779e-11,-0.2154496114882129,61.29669690691383
40.77,57.57,0.9,2.6,9.17972928547941e-06,6.689832918227139e-11,0.221753374355825,62.27870643676501,1.27288694706607e-05,2.31979493980964e-10,-0.180929528600583,60.79768860969269
43.16,61.27,1.16,2.97,8.60899513091409e-06,6.94752329245466e-11,0.2230132740028675,62.60321808778353,1.33831979666012e-05,4.00401121878312e-10,-0.1676713436572961,59.5681663135265
36.08,10.09,0.4,1.37,2.22465398259055e-06,1.0798437293485098e-11,0.2228987185891168,60.14187365162224,2.0467743041533e-06,1.07451003164659e-11,-0.2183303096055054,59.72112311476418
33.02,51.97,1.13,1.65,9.01640656278103e-06,7.2447259517856e-11,0.2232232827116306,62.11930228317694,1.15274884319181e-05,3.0221458447415e-10,-0.1779104550369554,61.08760710542815
21.66,79.07,0.94,2.81,1.55410386503165e-05,2.31616706020805e-10,0.2169341376408257,61.28517947085629,1.6868053194141e-05,9.441148758959171e-10,-0.1732741061518627,59.61140589553599
19.91,74.07,1.23,2.84,1.47856356316714e-05,2.9115774853026e-10,0.2138043334107124,61.89543430570932,1.6231870448706e-05,2.5430598413920104e-09,-0.1490975507863532,62.5661905277744
15.97,16.21,0.94,2.14,3.83656754830539e-06,6.960546341816719e-11,0.2141349803001285,60.68836522115548,3.42619848713601e-06,2.39150394574854e-10,-0.1771659615331825,60.87522618901706
42.44,62.52,1.16,2.34,9.00112072288999e-06,6.79519650781691e-11,0.2239763126069521,62.18561898933693,1.35196088318192e-05,3.3738992403709005e-10,-0.1731973662752181,59.45857904757879
40.44,73.35,1.27,1.81,1.10454881906083e-05,8.348686348700139e-11,0.2238447408972805,62.144554077299325,1.62237732051339e-05,4.75177501477732e-10,-0.1695828277293626,58.67418925712956
40.44,39.22,0.83,2.21,6.62099333316183e-06,4.3599682666964e-11,0.2222977872905101,61.80529037222797,8.5293958210166e-06,1.23408622671127e-10,-0.1884768907417673,58.75525447714977
14.58,29.11,0.73,2.1,7.24323069044628e-06,1.32218770619542e-10,0.2147841936804432,60.908783161926856,6.22499699649637e-06,3.66642864082788e-10,-0.1843858763667454,62.484980823337686
28.53,22.55,1.48,1.83,3.84428252579011e-06,4.14233175265026e-11,0.2215619442923268,62.26955652081564,4.72271811961107e-06,3.18830186369311e-10,-0.1590194414165031,60.56796069217136
19.13,31.32,1.26,1.25,6.67013684402546e-06,9.15530406217798e-11,0.2192289674348146,61.84065145100429,6.60213252027756e-06,4.8495630946812e-10,-0.1696628845517615,60.526209743115
41.26,80.26,0.66,2.22,1.39371525550885e-05,8.513482183475669e-11,0.2222821905001039,61.53338349234247,1.74151359412373e-05,1.8258605026423002e-10,-0.1951493175430684,60.90490049572417
38.18,62.02,0.58,2.62,1.12383977583783e-05,7.45759596546226e-11,0.2212324175378952,61.95073707343436,1.34708898443189e-05,1.49222020338631e-10,-0.1960172174023712,61.24677424001411
24.96,40.45,1.1,1.4,8.08459089882152e-06,7.96509306601261e-11,0.2208901613212821,62.31232817629378,8.92430578876566e-06,2.85496948789519e-10,-0.1803107923188779,61.51661672165078
11.77,25.73,0.29,1.92,7.27744184495739e-06,1.4140000510446401e-10,0.2132083817383701,60.67554727600004,5.56568424658074e-06,1.5773498666997e-10,-0.2076387374348961,59.80990918821537
27.35,47.29,0.86,2.71,9.024537863417e-06,9.319997829106919e-11,0.2193828496898288,61.94145481376802,1.0534517638029e-05,3.25985038672301e-10,-0.1788718920242653,61.41875444889009
35.08,19.99,1.41,1.43,3.27866517449693e-06,2.6504490229129097e-11,0.2233977173006384,62.22467219167599,4.29116007325844e-06,1.68476465659522e-10,-0.1668114552816595,60.11895775614179
12.44,74.69,0.25,2.54,2.03698987353816e-05,4.9704530524859e-10,0.20920694070359,62.03760567367633,1.64864631812921e-05,7.04419464417546e-10,-0.195618976924417,60.843528529184525
37.23,87.56,0.28,2.43,1.81493513041089e-05,1.02175227192105e-10,0.2205933600730654,61.33439262116511,1.94287805306417e-05,1.1388036823469001e-10,-0.2125108674754453,60.84662032580712
12.05,83.35,0.6,1.29,2.27793548590203e-05,4.15189997871114e-10,0.2152326175613372,61.03468157268952,1.89699714883145e-05,7.41429270210255e-10,-0.1960106026325323,60.68824312943769
19.86,17.26,0.61,1.22,4.25964035121922e-06,3.97943849013394e-11,0.2201629507594696,61.87727528804105,3.71178477484455e-06,6.21470312378173e-11,-0.2047068181714849,59.363501362126286
10.21,69.14,1.36,2.89,1.63439509374296e-05,1.84467410289517e-09,0.1946035179862293,67.16292893317025,1.50551434168638e-05,2.3307887829721e-08,-0.1142882894531129,69.18081782149044
15.58,67.15,1.12,1.23,1.587792242961e-05,2.65033524355777e-10,0.2167806472777829,61.25468257389176,1.50047833387338e-05,1.1118132314493702e-09,-0.1742255413346221,59.77513721386527
24.2,40.08,0.28,2.35,9.57907206007893e-06,8.137070006919449e-11,0.2177901046835265,61.942907009362656,8.86508719202956e-06,8.552575483919959e-11,-0.2123136705318134,60.72271497161547
36.6,39.35,0.89,1.77,6.95013468568417e-06,4.6623460795334595e-11,0.2234668193618105,61.527294329511705,8.50465996240383e-06,1.29601652700739e-10,-0.1899320899254066,59.133637262946095
18.7,21.92,1.16,2.96,4.53343701953975e-06,9.102810767657529e-11,0.2139148331200111,61.8608880666284,4.65325377048645e-06,6.457843211974441e-10,-0.1557886110129942,60.93357941278676
27.89,81.54,0.86,2.02,1.5979524893816e-05,1.42966684423839e-10,0.2208627599186427,62.37055505760729,1.82679226286846e-05,4.15302399847154e-10,-0.1861890295298193,59.481970403724524
22.04,46.62,1.1,2.51,9.14980718837101e-06,1.28520787863322e-10,0.218066524968039,61.517266000501806,1.01991302154824e-05,6.49950306381067e-10,-0.168281276282596,60.86639829850556
44.22,55.37,0.94,1.72,8.81459369476409e-06,5.293131870025579e-11,0.2241797180017168,61.30057588385228,1.20795460410362e-05,1.50897517501029e-10,-0.1897144449466505,59.0872181306515
21.04,63.26,1.33,1.46,1.27513025062619e-05,1.67860150699028e-10,0.2198739217733371,61.90487028091417,1.41808771620083e-05,9.53592321977697e-10,-0.1667632375902183,61.02121921560087
32.76,24.54,0.89,1.33,4.70044954849522e-06,3.1807815564932295e-11,0.2234452267851747,61.30061998707692,5.04486862181834e-06,7.823824494121749e-11,-0.1934085646062803,60.30336833511929
9.91,39.51,1.37,1.28,9.91356161024348e-06,4.64177974483459e-10,0.2081532293951378,64.67413158090633,8.2632469932533e-06,3.3081403620105502e-09,-0.1486403507963068,62.81066145679369
44.27,38.15,1.27,1.22,5.70517810644265e-06,3.62199129548547e-11,0.2250742842200087,61.34114884558004,8.23546875227804e-06,1.6360017387033002e-10,-0.1770063721741213,60.71092640168487
9.44,83.74,1.1,1.9,2.14263819795788e-05,1.34675443413129e-09,0.2022018585596112,63.57783774136769,1.81455560745532e-05,6.2886555628829e-09,-0.1541460057907134,63.60983751790733
30.87,48.25,1.38,2.8,7.5587933272579e-06,8.747404513642819e-11,0.2210666603158182,62.05864243861259,1.00016142546103e-05,8.33549466669106e-10,-0.1536292511141923,59.63903925454616
16.29,30.97,0.41,1.78,8.15391077664998e-06,1.00915212879802e-10,0.2166014661335327,61.51912840611001,6.80591885319618e-06,1.2264674229052801e-10,-0.2086977146261087,59.42245974527569
25.8,98.5,0.89,1.79,1.99360464557932e-05,1.82917642518131e-10,0.2214865927196106,62.396429061783,2.18762194162977e-05,5.313536621902311e-10,-0.1871830360698938,59.28753563012072
33.13,73.8,1.25,1.27,1.26365068674351e-05,1.00703470352578e-10,0.2240193618955947,62.0000381863436,1.61122144586022e-05,4.91195987105581e-10,-0.1746273353492967,59.9416238262929
25.44,79.89,1.35,2.23,1.43329525636239e-05,1.81160184646109e-10,0.2196689436780508,61.774102222792656,1.79996657328347e-05,1.3213678798785e-09,-0.1587303950422525,60.55103444114232
11.44,75.11,0.76,1.56,2.00315731896696e-05,4.84697815673162e-10,0.2127678221760852,61.12837302085915,1.67535559776124e-05,1.2410069061121e-09,-0.1828378294586497,62.25020997259678
23.79,21.9,1.05,2.87,4.2780431033218e-06,5.6677733128676e-11,0.2171980392327488,61.34519199732839,4.7127856842652e-06,2.54686786246869e-10,-0.1712893814027974,59.82505051353407
11.6,52.39,0.93,1.52,1.34841728516486e-05,3.53937498181651e-10,0.2122606418958447,61.79936358381121,1.18220587603932e-05,1.22029815328197e-09,-0.1743256081700807,60.02941770395853
42.14,71.53,1.37,1.65,1.00642844283558e-05,7.56106699549394e-11,0.2250388089074097,61.95535638647619,1.57312783809494e-05,4.63090484640853e-10,-0.1684221632754734,59.14580604978074
9.57,34.1,1.03,2.67,8.7836939678812e-06,6.91458663714638e-10,0.1987034452151644,65.78269401644339,7.62618791782993e-06,3.99014551440241e-09,-0.1434103150399085,64.42317954356031
38.94,12.14,1.24,1.81,1.93868384369803e-06,1.3946850880498e-11,0.2237364113457055,61.86841812220567,2.4435829893759e-06,6.43854671766979e-11,-0.1753108146923376,60.11814847226012
7.83,29.49,0.48,1.2,8.75881219168458e-06,2.74762794160827e-10,0.2122076906507505,60.87797122061176,6.60043044794657e-06,3.12520416205243e-10,-0.2072291732555118,61.40938721843784
16.64,94.35,0.29,1.7,2.55725122709123e-05,2.89155037243622e-10,0.216706784717082,61.57184588360845,2.12244819688112e-05,2.69022131542109e-10,-0.2155153158544363,61.58485883456774
21.36,62.0,1.33,1.78,1.22270987222695e-05,1.67200745572654e-10,0.2197213779346915,61.840150500109424,1.36744007062097e-05,1.0027411208454801e-09,-0.1645350593963867,61.803487244266734
18.62,38.86,1.48,2.99,7.58835116808176e-06,1.90929399047523e-10,0.2124979198075111,63.48434456797139,8.66569748091496e-06,2.8073959779377e-09,-0.1330457477685258,62.15914805707245
34.05,77.91,0.24,2.27,1.71172813419072e-05,1.00092044868788e-10,0.2197703205601615,61.35989949060272,1.70830136325076e-05,1.0058571747644801e-10,-0.215442300486964,61.07686976561763
35.17,78.97,0.5,1.27,1.68025202580541e-05,9.08309408687894e-11,0.2222189089518121,60.65722925601565,1.73837532464939e-05,1.06006824099375e-10,-0.21289338525588,60.890857746211765
42.67,62.54,1.37,2.95,8.36383171473432e-06,7.353596558968889e-11,0.223504399581679,62.59733994649713,1.36525966576196e-05,6.08219542483582e-10,-0.1576256509014785,60.175154221295536
11.18,92.0,0.66,1.29,2.51667253849637e-05,5.251620724892301e-10,0.2148666871088315,60.91540678564501,2.09001568848366e-05,1.00454481080071e-09,-0.1935288965872458,59.91202141671447
9.78,73.41,0.24,2.51,2.07621815580573e-05,7.27989545373951e-10,0.2082329471232689,63.57055319407797,1.66278453771188e-05,9.61575048154273e-10,-0.1960698200830406,61.01503829871183
40.71,48.49,1.05,2.29,7.5495146069902e-06,5.5655738753079195e-11,0.2224922759326129,62.19774550583536,1.071986686724e-05,2.42630051462238e-10,-0.1755334926800651,60.23466519060011
32.42,78.56,0.92,2.05,1.38992373238506e-05,1.13599804115594e-10,0.2221925886919304,62.22868238484071,1.67999002651796e-05,3.79357373795139e-10,-0.1835276719803111,60.50087573240846
12.87,71.66,0.9,2.33,1.744600847184e-05,5.73612264224212e-10,0.2079369665936596,64.06421562270947,1.59838092821007e-05,2.48658477262465e-09,-0.1615837491786668,61.50564996455097
11.65,27.2,0.74,1.25,7.30586549387872e-06,1.47066538023707e-10,0.2150346701386445,60.9540419202358,5.7917823273454e-06,3.2912528737119503e-10,-0.1902191212089045,59.80709203261964
17.67,48.76,0.64,1.5,1.20675146673603e-05,1.37133449327087e-10,0.2195139145650321,62.18611503493165,1.07528577089065e-05,2.43906076122859e-10,-0.1994147474203699,61.46526092322356
7.29,31.79,0.87,2.63,8.69599741303183e-06,1.53266692208481e-09,0.1886397860434988,67.4421613956041,7.08569632473665e-06,5.129748891911631e-09,-0.1458798368969815,66.2032983975287
38.68,39.56,0.73,1.5,7.18641135711955e-06,4.22432155630703e-11,0.2234169389971812,60.98479347922649,8.12445312563366e-06,8.4427638135205e-11,-0.1983201489083066,60.605072266743946
38.53,83.62,1.01,1.87,1.31043686998462e-05,9.7176683517655e-11,0.2234782496755272,61.8558390366718,1.8587888652221e-05,3.46081203692366e-10,-0.1816807910828192,60.507466487801125
17.75,92.72,0.33,2.71,2.29348168421232e-05,3.22254209496292e-10,0.2149262731642356,61.104524234696896,2.0471465692288e-05,4.91035255114681e-10,-0.1995301926604896,62.186346792429525
17.75,95.91,0.73,2.68,2.17639042525881e-05,3.6828661784334003e-10,0.2148716268159137,60.87801595495908,2.18013349092984e-05,1.2342219997846e-09,-0.1773715149308995,61.088467665297976
13.63,59.82,1.12,2.92,1.36529136773111e-05,5.12415395293658e-10,0.2082201444434373,64.85265196011265,1.32166383855114e-05,4.248500519091721e-09,-0.1443855185586218,62.215353216236274
37.93,95.99,1.31,2.92,1.37380159206852e-05,1.3270961423456702e-10,0.2221764926355243,62.3136495223121,2.05156514764313e-05,1.0596891276682202e-09,-0.157642664398526,60.18015014866922
37.93,79.21,0.96,1.65,1.35481797074005e-05,9.04563761975029e-11,0.2237939776254633,61.53641649534441,1.76694974164822e-05,2.8380588253194203e-10,-0.1864238622524147,58.85745950907857
9.74,94.97,0.33,2.28,2.68157029155806e-05,8.86251256713635e-10,0.2092390791435542,63.04354960499411,2.15829209563529e-05,1.2962921949499901e-09,-0.1947160714275584,60.51681011874904
22.99,55.34,1.41,1.43,1.05820503209587e-05,1.31307925237542e-10,0.2207042003056155,62.08492752675715,1.23852740284808e-05,8.073119659864201e-10,-0.1645765682837405,61.42665174704432
19.87,37.43,1.46,1.38,7.53913721156719e-06,1.14463966887663e-10,0.2182228426001781,61.47470422980114,8.18624033964716e-06,9.186806177870531e-10,-0.1565389880100368,59.83482824071875
16.3,81.67,0.45,2.03,2.09980042431902e-05,2.9397814271909e-10,0.2150453479012542,61.074580765450925,1.83786509340938e-05,4.3987543034723103e-10,-0.2012009169471742,61.58563839388304
30.29,69.12,0.73,1.43,1.41661420611037e-05,9.8257840047316e-11,0.2224883482819249,61.38105329307223,1.53099532410888e-05,2.28244189278203e-10,-0.1939732742466222,60.402507581293925
34.42,63.99,0.96,1.99,1.11004308315558e-05,8.680256459574179e-11,0.222114531919484,62.17503939495485,1.3578931219427e-05,2.96276384868085e-10,-0.1826142691089312,60.623193715960646
34.91,70.72,1.3,1.8,1.12340275410541e-05,9.74307376394949e-11,0.2228943874377848,62.50207465536803,1.47775512285172e-05,5.86628283446958e-10,-0.1676408299717912,59.949687620363925
38.34,63.16,0.46,2.35,1.21430345379093e-05,7.25946854560338e-11,0.2211868059859991,61.53200777344306,1.40545123624437e-05,1.0837453629190301e-10,-0.2055005663971044,58.654763149754736
21.6,98.18,0.38,1.7,2.4257813497324e-05,2.05021974915985e-10,0.2201767253039287,61.70902898586581,2.092714482127e-05,2.20909717076015e-10,-0.2138972069925945,61.1999796995397
15.97,60.78,1.29,2.22,1.32189047575099e-05,3.28697335524158e-10,0.2119232841741969,62.807503367585255,1.34117475759036e-05,2.69614364931194e-09,-0.1501338850444955,63.14553202645713
15.97,91.48,0.78,1.53,2.23822427429697e-05,3.27013652553203e-10,0.2168481429927089,61.39622717167799,1.97722253167473e-05,7.827325127999341e-10,-0.1903481027668789,59.49166598441143
21.83,91.55,1.29,2.25,1.71113594156215e-05,2.6068034041549e-10,0.2183551536351417,61.486135709553,2.00105768525593e-05,1.7152525031906402e-09,-0.1604302740070522,61.12510132639046
39.19,21.03,0.89,2.87,3.49180595236888e-06,2.5739894878791497e-11,0.2213782134853422,62.378749709904135,4.5306166831829e-06,8.926183128754569e-11,-0.1808899774243425,60.946863957205096
11.38,43.07,1.46,2.64,1.00439713070345e-05,7.763023000803e-10,0.1987712573215976,66.28093076858327,9.29052632194906e-06,1.04023687058233e-08,-0.1189669903150704,66.68614238951365
17.99,78.93,0.27,1.73,2.10336871876509e-05,2.07492728910277e-10,0.2187803464232969,62.09569109200561,1.76247258645502e-05,1.99840826368017e-10,-0.2160362720715627,61.47673573098389
8.4,33.85,0.45,2.99,9.41559389241473e-06,9.273973347307681e-10,0.1933247467483207,66.43638170324431,7.50856751191436e-06,1.66190836107906e-09,-0.1716640174836006,64.86638341196841
35.39,78.2,0.83,1.62,1.43278728787913e-05,9.670562885996659e-11,0.2223808951122309,61.53963592030659,1.69794023189855e-05,2.26188498877787e-10,-0.1934067610098877,60.28261672744468
28.2,55.71,0.43,2.52,1.18979176774726e-05,9.6901165043065e-11,0.2189672816550221,62.12388236264552,1.21416357326637e-05,1.45388137862548e-10,-0.2030600438949051,59.62635456668907
29.26,25.63,1.49,2.35,4.2849862437578e-06,4.90233138680313e-11,0.2202548256707035,61.90277690054166,5.49210258654449e-06,4.45180300114193e-10,-0.1542119955652919,59.02577785644753
44.66,15.07,0.8,1.81,2.46879550933233e-06,1.3924205822461298e-11,0.2235857001873076,60.9820877381885,2.93221551932517e-06,3.1484950668416696e-11,-0.1953608334183397,60.96905185488377
44.66,24.24,1.03,2.32,3.61184029614572e-06,2.4297923003137e-11,0.2235109226993279,61.84984434714336,5.03004599982945e-06,9.29974864544502e-11,-0.179757161084408,61.1670843023043
24.25,76.75,0.8,1.33,1.65427580512812e-05,1.46329405969756e-10,0.2211310584066622,62.03230197868841,1.65591133797263e-05,2.98963682716802e-10,-0.1962176466517044,61.12393608714885
8.33,99.06,1.07,1.58,2.68970115371935e-05,1.97346514775734e-09,0.1999212987478577,64.28454870541275,2.24833976838175e-05,7.369012558122081e-09,-0.1578427227459752,62.78195184772811
41.08,73.1,0.3,2.95,1.39742316766335e-05,8.33414215142545e-11,0.2190845983077875,62.00718717720796,1.6207780660775e-05,1.0938547379276001e-10,-0.2072038703029374,59.09158206917186
18.56,82.29,0.81,2.44,1.83547170745356e-05,2.8703577005468403e-10,0.2157551721075949,61.07987142536143,1.8371649358748e-05,1.00406510340045e-09,-0.1768139316943509,60.81158179330031
37.3,58.28,0.89,2.86,9.63882710718855e-06,7.649394067944269e-11,0.221528873171276,62.44222486445628,1.30667905826728e-05,2.91724170224371e-10,-0.1784490198244794,61.35907182599414
33.78,10.11,1.21,1.48,1.79505703765767e-06,1.3327315058943798e-11,0.223182152071971,61.78788390471873,2.02895724822138e-06,5.40219815325656e-11,-0.1793220626996079,61.514571038944425
32.46,73.76,0.2,2.7,1.55619273970067e-05,1.05993405238673e-10,0.2189160400841417,61.9605852258194,1.63320496614674e-05,1.0705562785665001e-10,-0.2139845836920563,61.426431759336346
36.85,48.02,0.56,2.12,9.22968290371e-06,5.6178682303625e-11,0.2219316911734649,61.350877561563614,1.08236181707653e-05,9.31174972311261e-11,-0.2028377602720745,59.1987772455215
37.42,74.21,0.93,2.11,1.24675467766582e-05,9.007530421564929e-11,0.2230254327156188,61.9709300080785,1.6398029857326e-05,2.98349870661103e-10,-0.1834801344904026,59.9606317946966
19.78,78.45,0.82,1.85,1.76945868083118e-05,2.18038130177839e-10,0.2179710820626833,61.66468638501821,1.71799977681121e-05,6.5012220397208e-10,-0.1840147804553262,61.13180590033458
21.75,39.21,1.45,1.98,7.29436723401346e-06,1.09530837715473e-10,0.2191004781889579,61.64993257267269,7.88573985589785e-06,8.55242094627621e-10,-0.1570208913116942,59.95254626009071
29.65,70.23,1.26,2.79,1.16772142643655e-05,1.3764267290884e-10,0.2191883492636568,61.64378149553233,1.53852038813473e-05,1.0092354320011402e-09,-0.1579128360427099,60.30594975069467
31.59,89.62,1.14,2.31,1.50644466391766e-05,1.43132514409661e-10,0.221886375821667,62.41644747288586,1.94323321867109e-05,7.98478350684478e-10,-0.1692827188093973,59.77574114122288
7.15,69.64,0.62,1.77,2.0153808518936e-05,1.2894890048165e-09,0.2038465645459542,63.37338946734694,1.55672219175466e-05,2.3441521872873204e-09,-0.1831092890081529,62.267176572717474
20.14,57.63,0.38,2.17,1.43226349046411e-05,1.51928448078013e-10,0.2166569890266509,61.57748155725768,1.26728756032312e-05,2.12873850000596e-10,-0.2043854339988344,59.90537039625499
36.08,60.91,0.87,2.97,1.02250773187176e-05,8.402522431361819e-11,0.2212010430086661,62.357187910698606,1.3647475668026e-05,3.2237814137397803e-10,-0.1780856051474912,61.25454825368157
11.52,15.88,0.84,1.92,4.14597846384179e-06,1.14224181827349e-10,0.211105205448911,62.32724659906062,3.39864046442714e-06,3.76187613000845e-10,-0.1745474375266318,60.241489628941714
40.82,15.43,1.28,1.49,2.44211876796168e-06,1.6607500507024097e-11,0.2240300589745367,61.695783853735335,3.20197583128005e-06,8.191019333197929e-11,-0.1741472633451375,59.71457045515218
16.2,34.98,0.35,2.47,8.9433725624392e-06,1.37506673036661e-10,0.2135877645774224,60.73813118300382,7.73372619311386e-06,1.91985221785109e-10,-0.2017685269966829,61.79895448502008
11.8,54.54,1.08,1.59,1.36824652339004e-05,4.07479246805611e-10,0.210798882367378,62.93384340756446,1.23117183790321e-05,1.94299136912978e-09,-0.1630995415930691,61.81175304769626
44.45,69.99,0.97,1.82,1.07275088269434e-05,6.746430435494609e-11,0.2241529000371996,61.44166117918682,1.46995773341883e-05,2.13791163624063e-10,-0.1863809467636127,58.833418869779706
38.77,50.25,0.56,2.61,9.00287324231381e-06,5.919096772273019e-11,0.2211096864895563,61.88954568197111,1.09670145634028e-05,1.08618088528713e-10,-0.1982652108692648,60.79273975569216
38.77,62.8,0.25,1.73,1.37017780318329e-05,6.46515975110185e-11,0.2216453568617023,60.45194956207578,1.37884076780522e-05,5.74936440839862e-11,-0.2204517531075402,58.85795921220971
31.16,54.18,0.49,2.88,1.07599804116464e-05,8.617686784154529e-11,0.219519567201674,62.18413726872176,1.20913831811256e-05,1.5980263887723002e-10,-0.197400329416407,61.75062010456495
39.71,14.58,0.3,1.58,3.19754947320211e-06,1.4419360487438e-11,0.2217647184790836,60.2709078106566,3.08655312492187e-06,1.3243943588144598e-11,-0.2199185153165735,59.03261507420754
43.59,93.93,1.27,2.0,1.3221752062114e-05,9.77166600360841e-11,0.2244769634483283,62.06800826780187,2.00457561612617e-05,5.55352684913707e-10,-0.170217755452878,58.64913019910863
35.74,45.1,0.62,2.19,8.48283171715107e-06,5.527723656391349e-11,0.2221812620214677,61.53719669524943,9.96490880196054e-06,1.09325776111948e-10,-0.197859917017003,61.13776708735699
27.97,42.48,0.33,2.73,9.33825652037275e-06,7.59695936573004e-11,0.2182336637775353,61.98271377196652,9.30108844290821e-06,9.8670232531399e-11,-0.2069625823365217,58.99408701984344
19.61,11.53,0.62,1.78,2.7963744799954e-06,2.9264667512361594e-11,0.2186219026626273,62.04971833238056,2.267831876654e-06,5.28677870029079e-11,-0.1987340343566825,61.59277564864014
14.96,64.79,0.21,1.93,1.78918648966715e-05,2.3303936765012e-10,0.2160956912831762,61.52443196127904,1.43334446987289e-05,2.17822244275612e-10,-0.2154561978060747,61.67284224781847
41.61,39.31,1.42,2.76,5.3637308204748e-06,4.6678793055166796e-11,0.2237522691772181,62.68751930408625,8.51371737987225e-06,4.01055753282905e-10,-0.1571466359972101,59.99558182223874
23.72,80.37,1.1,2.76,1.54323817848137e-05,2.1381331669167701e-10,0.2171752569251109,61.268078555114,1.81281714046293e-05,1.121920875629e-09,-0.165640562667321,61.492515838159456
17.02,32.61,1.32,1.58,6.97492502758538e-06,1.21690121008048e-10,0.2175967022368548,61.36082435047173,7.20604342508854e-06,8.772139648529721e-10,-0.1592673290605419,60.81448069373123
37.71,39.39,0.24,2.08,8.33901451863372e-06,4.3158130226076593e-11,0.2211040058288889,60.81451444590572,8.03783510581783e-06,4.10252995003555e-11,-0.2178002390545751,59.95815755889655
22.75,13.62,0.9,2.06,2.93969238753903e-06,3.0846330896563595e-11,0.2195578413244882,62.116545430090085,2.72405856101431e-06,9.381665462448949e-11,-0.1845350727958125,60.58649144572448
14.42,51.0,1.49,2.31,1.11149430826449e-05,3.69888398065845e-10,0.210052459204544,64.48298951762423,1.14565798337987e-05,4.6150444055343904e-09,-0.136625235264926,63.07400118855544
43.69,97.89,1.05,1.41,1.53012311010498e-05,9.338351908605019e-11,0.2246979402950825,61.20661335352312,2.16077274901003e-05,3.10040232931121e-10,-0.1856039591138448,59.02306480452153
41.03,73.84,1.24,2.28,1.08185475000757e-05,8.65162622764429e-11,0.2228555243182233,62.48850183095071,1.64703274596381e-05,5.22295126741967e-10,-0.1664997903961264,59.79597203173101
11.87,57.04,0.39,2.18,1.57072254281054e-05,3.68667024488052e-10,0.2109587990055772,61.37823890919787,1.2954866348376e-05,5.83842409954772e-10,-0.1945259095554404,60.43835990595078
24.83,46.88,0.27,2.58,1.10456665034068e-05,9.63868660569764e-11,0.2169774622808012,61.69773873417932,1.04579910054804e-05,1.0640334487437001e-10,-0.2103254299812702,60.09899470483576
20.59,40.54,1.31,2.83,7.92422841559832e-06,1.52040229434433e-10,0.2139877583002553,61.73836093768875,8.74823440846635e-06,1.39578360919831e-09,-0.1475620788792943,62.72075885773265
22.79,84.11,0.42,2.31,1.95986769945687e-05,1.87124164162054e-10,0.2182792534519657,61.97064799430696,1.86740913068383e-05,2.55793624250363e-10,-0.2063204430850107,59.09888549216509
31.78,20.71,0.64,2.93,3.98613187335929e-06,3.2154375628527197e-11,0.2200260374338018,62.27055796920288,4.44130188181521e-06,7.32462968917458e-11,-0.1923971671260321,60.07641910570938
18.34,72.49,1.38,1.31,1.53025950058882e-05,2.39345547599105e-10,0.2185169903385184,61.57607493490816,1.63730771670241e-05,1.73477931304177e-09,-0.1594720224290015,60.83385400491988
7.0,61.06,1.2,1.38,1.67226242126643e-05,2.0171968680457804e-09,0.1955376946827821,66.65775708793564,1.34039246619159e-05,8.39954560578338e-09,-0.1495628456052485,62.95157712851887
14.77,14.84,1.42,2.48,3.2187636606046e-06,9.711150627599789e-11,0.2108385827623228,63.870680951074064,2.80304276838338e-06,8.84594350341319e-10,-0.1459285758155381,62.45951498476775
33.62,39.62,0.51,1.43,8.43677361814128e-06,4.8273329014702296e-11,0.2223536160047131,60.81586386206867,8.74133247132214e-06,5.880733084799449e-11,-0.2117313361149669,60.51395758020308
27.76,97.2,0.88,1.94,1.90492398405222e-05,1.69571601999157e-10,0.2211490221129755,62.43698743051128,2.18651344660867e-05,5.06594412100211e-10,-0.1855968163154989,59.66759397980458
25.84,11.32,1.46,1.67,2.1089016871416e-06,2.23320282251304e-11,0.2217209416800605,62.43659475390406,2.24210334777923e-06,1.53439359683394e-10,-0.1629455853482076,61.72434647030197
44.04,81.98,1.41,2.6,1.08349671303483e-05,9.059840941527219e-11,0.2240229989270936,62.68637450621438,1.80501781853256e-05,7.56361243779379e-10,-0.1579152196829785,60.25533124014195
10.26,53.59,1.1,2.38,1.34274421242233e-05,8.03915201638717e-10,0.2029819913138166,63.91833542391318,1.20641806958034e-05,4.95765626239334e-09,-0.1458535460675078,62.36625964929821
27.11,76.13,0.42,2.67,1.62665059589551e-05,1.42175556321144e-10,0.2186034925270701,62.01734124018032,1.67577156330087e-05,2.1561629046434202e-10,-0.2020904680553189,60.08712643900768
41.68,56.58,0.39,2.69,1.04928301663594e-05,5.99030148800668e-11,0.2211712291182803,61.5366042582353,1.222460575746e-05,8.054503261556479e-11,-0.2080777737540821,59.42712886441151
17.32,13.99,0.32,2.18,3.53539189969816e-06,4.1408311842173297e-11,0.2176079922856885,61.91174161148036,2.77025005985892e-06,4.9881614304178494e-11,-0.2100054446579872,59.85374544374891
39.81,69.73,1.07,1.34,1.15354699357008e-05,7.490119346224819e-11,0.2241597836979332,61.42596941205733,1.53860798209011e-05,2.66025284338944e-10,-0.1827930400209136,59.996662610688205
14.53,76.36,1.43,2.81,1.63756811540489e-05,6.631370693636401e-10,0.2076958251682823,64.45731027368602,1.70228072143901e-05,9.067145792448881e-09,-0.1287462876338501,64.05812251028529
10.93,30.14,1.25,2.8,7.11645169132339e-06,5.28071117610213e-10,0.1996850449599505,65.82687618291719,6.34199825721355e-06,5.0734551499045e-09,-0.1291932886775281,65.39833057515932
34.07,49.72,0.94,1.4,9.1721469021717e-06,6.348597302497289e-11,0.2231911639775318,61.539511447954695,1.09934131167835e-05,1.7140492650397e-10,-0.1907235905768387,59.42628646037644
28.57,48.97,0.37,1.81,1.12419670669998e-05,7.4109990615415e-11,0.2206599716905135,61.297831615244185,1.08869867010218e-05,8.355765082031409e-11,-0.2125630073777757,60.744731141366415
40.05,28.46,1.03,2.49,4.37762092721135e-06,3.3532993868001396e-11,0.2222327955601293,62.27821740878621,5.7554586860496e-06,1.43326529052356e-10,-0.1759984871644494,60.37406240056998
7.08,43.81,0.36,1.64,1.31050564933431e-05,5.754020304840271e-10,0.2090158558008056,63.23528789143518,9.67340540211531e-06,5.65682580555371e-10,-0.2071572002272411,62.49455353756274
40.39,15.79,0.85,1.35,2.83119045112354e-06,1.6060698274277697e-11,0.2235434844093994,60.93125239643006,3.29937124173775e-06,3.7389197671492595e-11,-0.1945441093817278,60.6550995107379
16.74,17.91,1.17,1.45,4.17209093705357e-06,6.59748278679054e-11,0.2162037231229786,61.1153087736159,3.86502670754692e-06,2.78849828905273e-10,-0.1738416688693057,59.6717334045086
38.06,82.41,0.42,2.96,1.53981149921813e-05,1.02724966959826e-10,0.2199047847127375,62.18715215958781,1.83779543828732e-05,1.6496382986944802e-10,-0.2011961004636031,59.91172299566266
42.39,87.99,1.31,2.8,1.19800009326058e-05,1.0227277245858601e-10,0.223561578319653,62.66110210561886,1.94032493162168e-05,7.55556448811994e-10,-0.1606202742026496,61.18743957091685
19.94,22.67,0.27,2.07,5.84287038498504e-06,5.65608579476862e-11,0.2173119949556906,61.84568777243653,4.82612295853718e-06,6.117756344055019e-11,-0.2117464913168108,60.40003509176783
20.9,82.12,0.72,2.33,1.82833015799281e-05,2.33245289743576e-10,0.2161227725849467,61.196740968063935,1.8317961030386e-05,6.37246895552456e-10,-0.1840815802969564,61.02398877601094
19.05,21.14,0.76,2.31,4.78943840686135e-06,6.52253409997908e-11,0.2168581661014887,61.43068461500327,4.45358456563843e-06,1.79088841136951e-10,-0.1852091487192742,61.09434513381299
7.35,10.95,0.45,2.71,3.11015678238315e-06,2.70058617502272e-10,0.1981863303441213,65.06737096053125,2.22759552568289e-06,3.85032814737458e-10,-0.1838831104091348,62.80078223123473
40.29,82.77,0.22,2.24,1.74163595742078e-05,8.67391784567359e-11,0.2202782629892251,61.00448186204957,1.85761965136386e-05,8.400259210683449e-11,-0.2164296579265584,60.34078690176725
40.29,69.83,1.28,2.51,1.01027732753161e-05,8.5169783367051e-11,0.2225379657367668,62.492367362249446,1.55825770056783e-05,5.81914276054777e-10,-0.1625677848783144,61.19590738762038
28.22,90.96,0.82,1.76,1.8184526066e-05,1.50511570961092e-10,0.2213576395505548,62.14138049451426,2.04537370156462e-05,3.8703894754017803e-10,-0.1904635839322349,59.28948790559944
27.87,61.83,0.74,1.66,1.28564213258913e-05,1.00780928131978e-10,0.2215447272116958,61.88188979061393,1.34460936980961e-05,2.13827648356314e-10,-0.1952894512698695,60.85463687363896
41.96,72.34,0.26,2.19,1.45192746975612e-05,7.070344213672239e-11,0.2214908310236251,60.75039531491146,1.57629341530103e-05,6.857779189265039e-11,-0.2174562204462585,60.08972480862068
24.77,31.16,1.19,1.82,5.87338863311539e-06,6.739175543852269e-11,0.2198701637252089,61.95104440609484,6.71087580877092e-06,3.11724825170649e-10,-0.1727534007173982,59.274003667322994
40.91,42.86,0.58,3.0,7.42853095727318e-06,4.9980307639047896e-11,0.220160483475188,62.24679560951839,9.2659576581446e-06,1.0863998225895e-10,-0.1931202209649838,60.2653184706228
19.18,97.59,1.08,1.36,2.14220483881277e-05,2.77393914992712e-10,0.2191417815456026,61.87263258522363,2.14929404473163e-05,1.14255932769157e-09,-0.1758824116289769,60.29725597380087
34.46,96.67,1.18,2.54,1.55257985173974e-05,1.44725675607395e-10,0.2212645505184745,62.21189849050149,2.15278148074604e-05,8.38060499234286e-10,-0.1669059956690294,60.30645482497918
19.73,80.53,1.32,1.42,1.67194699169905e-05,2.4059298480147004e-10,0.2184825569620036,61.57740860026609,1.76450565150281e-05,1.6106962701284702e-09,-0.1614879923136623,61.457709591811046
37.28,14.1,0.95,1.82,2.50103807585024e-06,1.63505113522733e-11,0.2233852404601813,61.49049120664234,2.96049281023e-06,5.39540868861425e-11,-0.185017622555514,59.39261621729784
11.57,26.76,0.54,2.37,7.1165749641574e-06,2.0829036541883001e-10,0.209398122846235,63.01260101767342,5.72590964444149e-06,4.3867860077572703e-10,-0.184369063680236,62.783244282864
42.81,46.76,1.17,2.39,6.71432815130142e-06,5.0379073206774195e-11,0.2239491467915093,62.18311193950438,9.69078407762095e-06,2.62795768276314e-10,-0.1722424392154112,59.12805609505237
40.06,31.01,0.48,2.6,5.733126258178e-06,3.50620358417724e-11,0.2206209350693952,61.77519081158936,6.64604493742297e-06,5.5672602661207194e-11,-0.2025818348502042,59.26926742770153
10.15,51.16,1.24,1.51,1.29994242390378e-05,5.60242624605354e-10,0.2084908194301972,64.8091777543881,1.15234375705099e-05,3.26023816401838e-09,-0.1548972750388184,62.65538225519293
9.71,24.53,1.41,1.86,6.10104461176407e-06,4.10827337185376e-10,0.202793197493698,64.54579610854384,5.28119329329753e-06,3.76177343821293e-09,-0.1351646976378312,64.30284281735801
29.05,61.59,1.35,2.34,1.04520629275124e-05,1.17581894831246e-10,0.2203101081726848,61.92390095215476,1.36885392746446e-05,8.83974080053149e-10,-0.1583650023596248,60.40807262725368
30.11,57.42,0.78,1.68,1.1545933504188e-05,8.65527495342778e-11,0.2213114966754452,61.8468870315006,1.2805956543531e-05,2.01730423961291e-10,-0.1928685108868421,60.0598514863888
37.11,38.4,0.27,2.22,8.19945721929567e-06,4.35879135186403e-11,0.2209481589435768,61.02134190337532,8.53273214617628e-06,4.44607682288521e-11,-0.2153714604769836,60.82125675993496
20.03,76.94,0.91,2.88,1.63032172173876e-05,2.73972289560697e-10,0.2140368298553452,60.77538868017643,1.73785309876455e-05,1.3452098974759702e-09,-0.1658842560431719,62.29572002949613
13.14,93.83,0.98,1.59,2.30566143089938e-05,5.02263881083957e-10,0.2145324320094682,60.69924577732219,2.03966556964326e-05,2.36935351630724e-09,-0.1708701772063456,62.22854713759332
38.39,56.39,1.09,2.81,8.49320817293661e-06,7.31046128634682e-11,0.2219910442793156,62.43445899464029,1.15423643922561e-05,3.65400734458835e-10,-0.1717514706262655,59.01137530721832
8.71,27.02,0.87,1.34,7.44942592506554e-06,3.21467697973319e-10,0.2074323893898965,64.07112533545012,5.60521091192989e-06,7.48553535408679e-10,-0.1793297247924962,60.96762861493056
36.82,56.8,0.56,2.33,1.06623807547821e-05,6.84358961266559e-11,0.2217545996673534,61.63936250304565,1.26781273754037e-05,1.19763871164617e-10,-0.2004889807110111,60.06767702028079
10.18,22.79,0.76,2.16,6.06968162612512e-06,2.2747854450412001e-10,0.2087896174215583,64.09710409757531,4.87758346369657e-06,6.503646909722361e-10,-0.1749742645164658,61.283284753493824
37.02,46.0,1.42,2.33,6.7772935689536e-06,6.16172009085591e-11,0.2233958220538031,62.65466576143624,1.01750718042634e-05,5.44693616137215e-10,-0.1569027568705109,59.98512010489614
17.92,69.19,1.19,1.92,1.4852240691846e-05,2.51398860855449e-10,0.2168890668938148,61.20058032607105,1.46379334894157e-05,1.52523201217589e-09,-0.1627133557942916,61.95025580930051
22.69,79.19,1.35,2.67,1.46877692356453e-05,2.3583831283767303e-10,0.2171140884125999,61.142544686267925,1.75517572719663e-05,1.90539549256983e-09,-0.1541663900377995,60.15112815097937
10.09,86.38,0.56,2.17,2.35125189943777e-05,8.07311721008079e-10,0.2093536386006358,63.44487218991751,1.95509030415937e-05,1.7991890564201102e-09,-0.1828504364822733,62.43498996516713
21.3,94.43,1.32,1.61,1.87220863474105e-05,2.49131492676305e-10,0.2200696381615563,61.940701789748005,2.10896066577447e-05,1.4662584576721901e-09,-0.1655748699705326,61.404149449497226
28.36,41.05,1.23,2.9,7.07229978009114e-06,8.51699155535313e-11,0.2190503738179886,61.65121529075424,8.89869246441253e-06,5.9698765852119e-10,-0.1589665636441955,60.68236323953628
20.19,61.56,1.43,1.25,1.26364271199348e-05,1.7937145236048902e-10,0.2186608037214404,61.59104067436704,1.38066048389087e-05,1.3648284656227601e-09,-0.1582758588591653,60.39764657005339
23.45,42.17,1.05,1.6,8.7052629928699e-06,9.0877680212399e-11,0.2205996119199262,62.25591988925903,9.36455914555367e-06,3.1668235751117903e-10,-0.1808383942377615,61.57235005565678
9.84,10.24,0.96,1.29,2.77040134855115e-06,7.87231882896011e-11,0.2131985240153948,61.49261609564852,2.06896965211239e-06,2.29490048587176e-10,-0.1803725742424258,61.26131285369105
10.36,62.1,0.27,2.69,1.72980817483103e-05,6.32481408331225e-10,0.207048909089012,64.21709336132818,1.38698731659302e-05,9.10353103548641e-10,-0.191869619086543,61.30154932223317
19.21,29.39,0.82,2.11,6.61933262521179e-06,8.885032743174139e-11,0.2171890342064847,61.48462137189978,6.1482903682894e-06,2.7660452096120903e-10,-0.1817797267634973,62.01981838305221
31.26,84.28,1.31,2.61,1.3556475120803e-05,1.45700951452144e-10,0.221369747727823,62.17752414346402,1.82965485055704e-05,1.19089700885604e-09,-0.157465259001091,60.184575321377935
15.51,65.15,1.49,1.95,1.39151158095992e-05,3.74010792440627e-10,0.2121634553065156,63.16692498797734,1.44596959781368e-05,4.33333242583323e-09,-0.1405568552899018,61.90818573577389
14.99,63.75,1.11,1.57,1.49804874135184e-05,2.86980418603493e-10,0.2154820174776085,60.91783201537236,1.43006227923933e-05,1.4086360331140801e-09,-0.1690994446570441,61.96610388473251
33.46,97.75,0.45,1.78,2.06222025985307e-05,1.23854152798594e-10,0.2215038905237983,61.14154740849252,2.14744743233497e-05,1.56966184106898e-10,-0.2104031085829586,60.13079546920219
20.06,98.91,0.45,1.54,2.48707559850569e-05,2.32985286015409e-10,0.2190211180472094,62.10994247417985,2.19119602932687e-05,3.02835362742114e-10,-0.2084166307169782,59.28432961937016
12.77,89.7,0.57,1.73,2.36541719289956e-05,4.74826800214301e-10,0.2129070750458366,60.40693818037082,1.9220837225646e-05,9.138034835786951e-10,-0.1916312239428433,59.41813631045174
27.08,54.31,0.52,1.8,1.20499992100229e-05,8.94245355414612e-11,0.221035739705354,61.65104969294072,1.19010708858566e-05,1.3037022669834002e-10,-0.2065906243064999,58.79842703515101
28.07,75.67,0.88,2.2,1.45021331778083e-05,1.35685127784809e-10,0.2204745263023944,62.23466471647024,1.64752549729002e-05,4.30675200732599e-10,-0.1827829075903799,60.65816468994412
38.89,32.28,1.07,1.23,5.47247254084226e-06,3.4998315890995e-11,0.2243110525354982,61.29523698135528,6.61708112851881e-06,1.2335687357061002e-10,-0.1835361557287285,59.788559249017
23.31,28.08,1.3,1.74,5.30791010953815e-06,6.58073516387123e-11,0.2201006732719724,61.996861611104265,5.89155980874912e-06,3.6003227431054403e-10,-0.168011587198334,60.40100331991162
16.85,30.71,0.78,1.51,7.37980451515402e-06,9.737328741066909e-11,0.2182709771484981,61.77110972292601,5.83314976382551e-06,2.35321498883432e-10,-0.1913404531459445,59.435747666798186
41.41,52.21,0.67,2.15,9.15984503248118e-06,5.4190750787955193e-11,0.222782387599824,61.37277273380607,1.16253940258749e-05,1.05734016264059e-10,-0.1981871436719474,60.78351109594662
36.58,43.85,1.0,2.82,7.13275952842119e-06,5.91749382665342e-11,0.2217840738423418,62.46154085410643,9.69840576836476e-06,2.78629158639633e-10,-0.1735547042362526,59.68921091141309
35.06,84.84,1.23,2.82,1.32440899126165e-05,1.29968275127704e-10,0.2207109129848788,62.00985470492966,1.8720990940098e-05,9.31058288668887e-10,-0.160238930827248,61.1775796467252
28.43,50.73,0.43,1.37,1.17177579795874e-05,7.381203318958519e-11,0.2217180405543558,60.8831584957988,1.13888016898437e-05,8.384317797666949e-11,-0.2133724835192734,60.98503916254728
17.43,41.4,0.25,1.74,1.11320944929518e-05,1.12019372171827e-10,0.2188743895152952,62.06893177422122,9.09322971441801e-06,1.04481886652475e-10,-0.2171762707936888,61.19215261510096
22.6,54.65,1.39,2.21,1.03298682675237e-05,1.49133290156514e-10,0.2186434544309643,61.53483809292761,1.22050714135615e-05,1.09999005301242e-09,-0.1577269491659831,60.23727672404482
17.83,50.04,0.37,1.44,1.32029814812138e-05,1.2765435393938e-10,0.2199610674762239,61.78532164015474,1.12249218879842e-05,1.3880893151537001e-10,-0.2138542265809155,61.000873250988114
34.66,10.43,1.46,2.89,1.6714879323916e-06,1.58729536259413e-11,0.2208509007411103,62.12616375771651,2.0166548932961e-06,1.23909451461026e-10,-0.158933893157652,60.70071310066732
27.49,59.26,1.0,1.63,1.15552606344883e-05,1.02002984466427e-10,0.2219838283933638,62.31098899232576,1.31451558401009e-05,3.41024700883478e-10,-0.1829211914882461,60.53329611363702
36.49,51.6,1.47,1.87,7.70629874335131e-06,6.76080289621105e-11,0.2241949827904917,62.558953009987015,1.13955913029827e-05,5.38239322991591e-10,-0.1600057716073719,61.02472399060041
34.73,85.17,1.25,2.28,1.35554555447834e-05,1.24056024538497e-10,0.2218072930970839,62.32583107559312,1.90638950043088e-05,7.97655982785696e-10,-0.1644378092511779,61.09557184699883
11.54,35.74,1.26,1.85,8.74461677447181e-06,3.6083319781733803e-10,0.207412612547647,64.49971135324867,7.43923046455173e-06,2.4036151708049102e-09,-0.1489683391805381,63.119458846583306
12.06,43.03,0.37,2.16,1.18025115441518e-05,2.67622731021878e-10,0.211164578264642,61.12187723061015,9.6104449500156e-06,4.0360482016915006e-10,-0.1960338148823312,60.889342771513824
39.65,30.32,0.65,2.14,5.48080083541743e-06,3.32742432786802e-11,0.2220694689805945,61.4563915396844,6.57757282203392e-06,6.62158455172709e-11,-0.1972639133102179,61.0704816468404
20.86,66.41,0.61,1.86,1.56165916952576e-05,1.64710293891416e-10,0.2178407899589156,61.735361886008505,1.48343643401437e-05,3.25977681929018e-10,-0.1950428347882142,60.73424741944366
22.4,82.89,1.1,2.95,1.587788554028e-05,2.4916986124897203e-10,0.2165053535662779,61.088170779097176,1.79298456009143e-05,1.4004823542931e-09,-0.1627881363078904,62.07543303419784
19.81,46.27,0.79,1.65,1.06525000241324e-05,1.22500693001219e-10,0.2185891583385026,61.87217348859989,1.02258796672757e-05,3.14264564452621e-10,-0.1894001641785736,59.10376715523939
35.29,51.82,1.34,2.81,7.78539700447018e-06,7.92837314685519e-11,0.2209402466235745,62.018562924840566,1.13220906926473e-05,6.30834834005884e-10,-0.1576980511851839,60.30348721233132
38.18,37.93,1.0,2.22,6.21190350036611e-06,4.5823235824357694e-11,0.2228611690274134,62.10970550034711,8.23909618579435e-06,1.73735659041098e-10,-0.1793627492159293,61.3569013815691
41.28,86.29,1.17,2.65,1.26376744757224e-05,1.01083983900035e-10,0.2228956325808,62.55504314853946,1.8690576486008e-05,6.00735138345357e-10,-0.166940728395308,59.71660123461028
27.9,57.72,1.27,2.53,1.00199642330009e-05,1.16636966920702e-10,0.2198007890779239,61.8617196983771,1.27420347752606e-05,7.84608625366855e-10,-0.1608957626822218,61.293877064571646
34.26,34.63,0.95,2.26,6.03067391859286e-06,4.8342023550833596e-11,0.2215932407128718,62.36892484500349,7.52390927065395e-06,1.77354790121889e-10,-0.1800712291078896,61.4949054567257
7.57,15.32,0.86,2.69,3.9471599525374e-06,5.56698022803127e-10,0.1926418225715092,66.54043844641214,3.04512025729357e-06,1.81203985518072e-09,-0.1538192770753666,64.70351830749378
38.44,21.24,1.34,1.68,3.1916947026659e-06,2.5077664379886397e-11,0.2241476473820067,62.04767174636988,4.18304549221302e-06,1.38873710312557e-10,-0.1712202822424926,58.81103361680684
7.21,63.25,1.13,2.88,1.66244831592019e-05,5.81616393719879e-09,0.1773569452365306,70.28129522989046,1.38100532393318e-05,3.32173182356714e-08,-0.116574045002034,72.44883204998597
23.65,21.27,1.02,1.36,4.47878828069004e-06,4.3129691303220095e-11,0.2212270560399363,62.3942758936785,4.47836866332655e-06,1.26637684198654e-10,-0.1871250486048561,59.4260813259398
24.07,87.66,0.82,1.23,1.88670568496068e-05,1.66399608086952e-10,0.2214762581833851,61.9386803055724,1.8728854833232e-05,3.4639099114016e-10,-0.1960729850729158,61.052470210365165
37.76,67.75,1.5,1.74,9.80366201274167e-06,8.51929573384109e-11,0.2243527202698913,62.50625571728168,1.43102046087485e-05,7.01270604087123e-10,-0.1589319395606157,60.54062728941108
44.35,41.93,1.44,1.64,5.78727371477246e-06,4.21422460629714e-11,0.2249840805606053,61.94889426431599,8.90954196447933e-06,2.87396823648516e-10,-0.1650337083293693,60.23718112566048
44.09,96.95,1.21,2.88,1.31516691481982e-05,1.07515819038545e-10,0.2231913192473424,62.615308008067416,2.06080245831418e-05,6.8326706361825e-10,-0.1647377114261529,60.51257521985668
32.89,57.56,0.68,2.67,1.06165231979326e-05,8.59909806699633e-11,0.220335960554802,62.28751213088572,1.27729678204662e-05,2.11044236892696e-10,-0.1908123802684088,59.56757581000306
21.01,36.27,0.94,2.91,7.57771879918601e-06,1.14239289080235e-10,0.215794071723367,61.02630432937675,8.08646531513977e-06,4.76487506933552e-10,-0.1721341914112097,59.99452114939145
33.39,39.83,0.45,1.62,8.54736887634024e-06,4.9476745452866595e-11,0.2218985543991504,60.92488176282057,8.6650779340072e-06,5.7766684501425e-11,-0.2125824938190414,60.83239728812567
28.78,99.32,1.34,1.52,1.73213343402664e-05,1.7259958273377701e-10,0.2221896235594931,62.4606218944188,2.19513948812003e-05,1.0549909415739702e-09,-0.1659713675607062,60.4300448054082
41.37,23.86,0.81,2.05,4.07851882385388e-06,2.4773936728567396e-11,0.2232242706352552,61.40273592317552,5.01669866127467e-06,6.145789499205769e-11,-0.1924368315420781,60.00430122942725
44.58,62.23,1.27,1.97,8.75588299872225e-06,6.294424462270009e-11,0.22447081678481,62.00591022695736,1.36373412939202e-05,3.46837392672467e-10,-0.1713419783623581,58.86353633517426
38.08,21.77,0.49,2.5,4.17075435290146e-06,2.5239329065790597e-11,0.2212783703825979,61.55628747536984,4.61296425685049e-06,3.9649882245222594e-11,-0.2038552901775856,58.87787080075181
9.67,27.75,1.5,2.58,6.59729160807439e-06,7.73052799973197e-10,0.1950880790085105,67.36144835982762,5.63371280056535e-06,1.07143019183672e-08,-0.1126232860659983,69.89415268677755
10.55,64.96,1.27,2.52,1.57316376480887e-05,1.14922984576469e-09,0.2000855060137819,65.62656230260625,1.42036178344825e-05,1.07731516233123e-08,-0.1307814819602598,65.28339766735303
20.72,74.15,0.86,1.75,1.65883378737866e-05,1.93592444190991e-10,0.2180798239223339,61.664238350816426,1.67966287098939e-05,6.00683416452234e-10,-0.1826870767314352,61.25530069108564
25.75,60.37,1.29,2.9,1.06050530859255e-05,1.44893896925754e-10,0.2188402045479487,61.55854460081564,1.34916468116172e-05,1.1379439781024e-09,-0.1559463615522086,59.72707007454672
27.31,36.0,0.65,2.88,7.13921719831608e-06,7.070333786673479e-11,0.2185659034938387,61.86819511705835,7.8693614073057e-06,1.71793082396234e-10,-0.1895123281166684,59.08895330976119
37.88,72.76,0.75,1.51,1.3359767562501e-05,7.981542779169209e-11,0.2235802891310696,61.06362519474054,1.5758374893859e-05,1.62028789322527e-10,-0.1978400238991109,60.81230320769996
15.67,19.47,1.29,2.64,4.32981343010916e-06,1.15083101426186e-10,0.2109065148565238,63.42859777412087,4.20247029506328e-06,9.13659750504559e-10,-0.1498229587550504,63.588229571606895
41.81,21.58,1.08,2.0,3.34488401320993e-06,2.2626770876319397e-11,0.2241253286535947,61.69082583694391,4.49154293457447e-06,8.606915831337739e-11,-0.1806130023143915,60.93720333402264
14.58,97.49,0.4,1.95,2.59261409802868e-05,3.9040254142011103e-10,0.215612495051252,61.27760450615848,2.16981114037093e-05,5.34745281631918e-10,-0.205073432499608,60.85973183401894
24.9,20.51,0.34,2.72,4.71829153398337e-06,4.31877736657266e-11,0.2168908473380715,61.63310475450445,4.32490763650342e-06,5.2667108583891e-11,-0.2077971000609903,59.27709059479448
44.08,25.0,0.89,1.21,4.23260314763197e-06,2.2688636380256297e-11,0.2245163815567187,60.71772581223839,5.33850056108531e-06,5.25062538672111e-11,-0.195306862329699,60.96142271666927
31.7,75.48,1.19,1.73,1.29341229854789e-05,1.12703253862466e-10,0.2231523646394472,62.392184471862095,1.63740820814459e-05,5.67533832563644e-10,-0.1733225022690244,59.55048001689341
26.55,58.48,0.54,2.39,1.25111117497197e-05,1.08178295395036e-10,0.2196691927631664,62.237770008423,1.28995642071509e-05,1.91766215177364e-10,-0.1984702559517878,61.2414932121744
21.26,50.22,1.11,1.67,1.05065972348439e-05,1.24981130177007e-10,0.2203695509092736,62.124402660859616,1.126713233603e-05,4.77746873476994e-10,-0.1779923654155561,61.00742933792954
26.57,88.35,1.37,1.89,1.56515542502088e-05,1.78037813605519e-10,0.2214054175032865,62.21881468657052,1.96271475226087e-05,1.25278599390665e-09,-0.1609041285817363,61.23828082548728
29.13,59.01,1.01,2.52,1.07327154504235e-05,1.08233006506082e-10,0.2197386388882684,61.9430879154091,1.31657884813206e-05,4.62088540328667e-10,-0.1741093201559334,59.78354741104458
33.67,90.79,1.11,1.89,1.54281409755102e-05,1.27793201373628e-10,0.2225850051380697,62.35343659360972,2.00267872864748e-05,5.65691096140713e-10,-0.1757592468060733,60.363601785798565
8.14,68.78,1.01,2.86,1.79082174006059e-05,3.4665481255619303e-09,0.185257066174863,68.33676604713442,1.49770068852542e-05,1.68824887504362e-08,-0.1316462296642701,68.48507656033553
15.28,72.64,0.84,2.56,1.69778644371728e-05,3.8589078543281003e-10,0.2120090682304059,62.16276454438336,1.6302936629026e-05,1.5305938637695502e-09,-0.1711586724288253,62.01714736069751
20.08,16.82,0.41,1.25,4.37618869611039e-06,3.66920570760456e-11,0.220033334434833,61.40429371416501,3.6146561271784e-06,4.09380136549236e-11,-0.2134700556529772,60.859128880254815
14.68,55.62,0.24,2.62,1.48433430155884e-05,2.55591362980517e-10,0.2129135142131379,60.64017550535661,1.22303522610997e-05,3.22656939813001e-10,-0.2045834614003112,61.60395609556145
7.39,78.36,0.99,2.05,2.13707471448398e-05,2.7943222665129e-09,0.1930187158017572,66.45386923436344,1.74903277370442e-05,9.42746478578005e-09,-0.1516175627477864,63.96202007234354
36.29,47.18,0.51,2.36,9.07522153276958e-06,5.7633649214085495e-11,0.2215414508918748,61.61601511213018,1.04496711482842e-05,9.31494987180105e-11,-0.2029588205375086,59.24470495924218
30.23,38.25,1.3,1.49,6.75400354064226e-06,6.164313602872579e-11,0.2220234587436344,62.46782669324711,8.45855341031712e-06,4.6867778427293e-10,-0.1608463034371125,61.20197956624937
20.33,89.81,0.83,2.74,1.93332508087576e-05,2.96678192837893e-10,0.2147538949828167,60.79429917272972,2.02746425157239e-05,1.19293147402224e-09,-0.1727096305842793,59.857279659697255
23.87,44.46,0.48,1.79,1.04502090145878e-05,8.635974677478429e-11,0.2196657692038638,61.964722452717695,9.77432538674842e-06,1.1184745845280901e-10,-0.2086274721094933,59.45045746217967
24.94,54.97,1.06,2.79,1.05647882354478e-05,1.3507825388233002e-10,0.2171636241864628,61.27619812885735,1.23946869894095e-05,6.31888725717502e-10,-0.1695843979588426,60.103756533021645
43.48,41.98,1.06,2.36,6.22215750969106e-06,4.3839969338741294e-11,0.2236743294383116,62.00857316753124,8.95203659601815e-06,1.83828584754067e-10,-0.1771998881544645,60.80961716290968
26.75,61.47,0.73,2.11,1.2181568088476e-05,1.11199163624573e-10,0.2207168837833936,62.40229575592,1.36459695729354e-05,2.60084082862053e-10,-0.1920350892758403,59.83012206706613
13.82,23.0,0.99,2.53,5.34592011974646e-06,1.4682646444047e-10,0.2115040907990258,63.04700777186959,4.88023324506915e-06,7.94199261985663e-10,-0.1618316249926138,61.86918307689382
39.39,11.2,0.85,1.41,2.00641582591653e-06,1.1668700441756001e-11,0.2235470110057948,60.92255240942669,2.17351968138638e-06,3.08220133033816e-11,-0.1918336022214666,59.71954765956469
18.49,54.78,1.38,2.06,1.1165225336023e-05,2.09265149132575e-10,0.2160108398486824,60.91632948729161,1.23183597444503e-05,1.88517505379095e-09,-0.1512299611096476,61.948389183672994
22.03,38.91,0.42,2.55,9.0229013213152e-06,9.305813985752839e-11,0.2178729502276217,61.84303759642621,8.55869072714932e-06,1.34979183221317e-10,-0.203655916194069,60.17210181070405
34.94,12.01,0.38,2.73,2.48790926817632e-06,1.5735409225230797e-11,0.2195298647659244,61.81477385649247,2.39130235235273e-06,2.0284293337394797e-11,-0.2087140121041372,59.62033423002463
28.33,35.9,1.48,1.51,6.23791563429059e-06,6.4812728422671e-11,0.2220698729865462,62.40756311908971,7.57808742549962e-06,4.73089573963947e-10,-0.1607868298958544,61.1381173514017
23.88,55.83,1.31,2.5,1.03899906729553e-05,1.45711648086647e-10,0.2178043015047386,61.36332521469394,1.25343597373267e-05,1.00253753552911e-09,-0.1588692897505718,60.65575122428131
33.16,45.53,0.94,1.22,8.47543155628609e-06,5.85568155334743e-11,0.2237393080551468,61.37030450086399,9.80150781577874e-06,1.54911398147844e-10,-0.1916455701587386,59.720753270502925
40.58,68.05,1.14,2.17,1.0349848728143e-05,7.859647717129669e-11,0.2229740180415288,62.25840010260816,1.4999610731613e-05,3.8480843249973803e-10,-0.1730070993771499,59.37990902170512
32.86,93.69,1.44,2.13,1.45731935291422e-05,1.46735812244665e-10,0.2225579845156104,62.43322473568655,2.10374682486919e-05,1.3337695819292e-09,-0.1559437004619333,59.65958541431412
12.89,67.24,1.25,2.74,1.5582243106825e-05,7.88884150816782e-10,0.2025217223542239,63.53266358805323,1.47782538697574e-05,7.380360373336971e-09,-0.1338266502375836,63.108540959543696
37.21,62.15,0.74,2.51,1.08720053453339e-05,7.73679202925399e-11,0.2218952772863376,62.08625658499492,1.3727270537416e-05,2.0810164854252101e-10,-0.1896230096081399,59.14250177645364
29.84,94.14,0.24,1.71,2.25498685094361e-05,1.33752639719647e-10,0.2200153033438979,61.03672012967149,2.12734673353184e-05,1.1992816187931e-10,-0.218958329654752,59.64212446265444
36.74,84.54,0.36,1.57,1.81512815307028e-05,9.1569560435612e-11,0.2224613765643992,60.47449932209653,1.87485969923657e-05,9.32167575275352e-11,-0.2167518413168899,60.245893396160085
43.39,40.94,0.95,1.57,6.5775681226288e-06,3.9254026260743496e-11,0.224411290005815,61.154891781389,8.71194910308918e-06,1.1179605455304301e-10,-0.1900571779926108,59.19701893695896
39.29,55.97,0.8,1.62,1.00042200330431e-05,6.035435543547929e-11,0.2232370736219703,61.25406842150273,1.23107181602416e-05,1.37789957495479e-10,-0.1943678782873216,60.619938327560185
29.79,60.74,0.48,1.81,1.31578980321938e-05,9.05631682907102e-11,0.2204209329725386,61.56837047868441,1.31668206551681e-05,1.26168436375733e-10,-0.2073335992795894,59.02686178097144
43.85,29.67,0.86,1.45,4.99215994372921e-06,2.7501898112195498e-11,0.2243022200760121,60.8759111623107,6.33237775976637e-06,6.550688413376229e-11,-0.1943069035190853,60.63297959536204
39.79,22.59,0.26,1.33,5.11755548961184e-06,2.172608734101e-11,0.2220408094025599,59.96821438038568,4.74428825192659e-06,1.80221486582383e-11,-0.2240349664958545,58.76881700579219
7.73,55.13,1.05,1.34,1.52155393856069e-05,1.07436008498371e-09,0.2020075469867584,63.45417248559328,1.22680444862019e-05,3.4653989814364505e-09,-0.1640458949664408,61.852727991399945
26.01,78.11,0.8,2.84,1.53478580569239e-05,1.6675521692291002e-10,0.2187586387012963,61.80339673671356,1.75421899331198e-05,5.44953369088674e-10,-0.1802708458308645,61.89349366934474
20.28,12.67,0.44,2.11,3.09318969854077e-06,3.1925862871746495e-11,0.217350171039609,61.78388046179035,2.53072846567361e-06,4.6020673164242495e-11,-0.2046969531870818,59.78475259881267
42.85,82.58,0.84,2.3,1.31762231281515e-05,8.536537218248929e-11,0.2232768845932174,61.72897360581452,1.77464846167565e-05,2.40987721154798e-10,-0.1891379400790421,58.92271531976464
32.47,64.55,0.21,2.86,1.35915437535357e-05,9.41980813448e-11,0.2187682420278323,62.103569245293045,1.36232023695285e-05,1.04439192901074e-10,-0.2116483348090435,60.684495886462535
22.44,87.68,0.78,1.92,1.90912498449407e-05,1.97261569131869e-10,0.2199178890599593,62.1844371408883,1.97232821157032e-05,4.75671367424876e-10,-0.1912002821619202,59.54929186053457
15.32,82.69,1.27,1.58,1.86336456793666e-05,3.9355118140008403e-10,0.2146260142864342,61.17229387987337,1.87014559821298e-05,2.5384646252300304e-09,-0.1596373732597335,60.945705149838126
37.63,64.16,0.99,1.99,1.06039212432575e-05,7.703650508261839e-11,0.2233340686127201,61.93842508837154,1.41234195740134e-05,2.70557726534508e-10,-0.1819263869692401,60.47685489069173
42.79,26.3,0.88,2.71,4.12262605617589e-06,2.8070436653219098e-11,0.2226978418347908,61.99867115312588,5.46819412170309e-06,9.229598674793909e-11,-0.1836779641842607,59.95959229750088
41.2,99.89,0.82,2.12,1.66323076708736e-05,1.08897232558628e-10,0.2222190297957922,61.79004018957188,2.18971273321266e-05,3.00914058790842e-10,-0.1891325563300602,58.8871665902538
10.64,40.64,0.77,1.84,1.05982553226811e-05,3.28015953315397e-10,0.2109884291310529,62.69709689181999,8.87088045052228e-06,9.57661080877149e-10,-0.177380155035754,60.59689318704468
37.51,59.43,0.61,1.22,1.17836946072398e-05,6.28428012433444e-11,0.2237322739097213,60.535136293277226,1.32871103984698e-05,9.27072851443835e-11,-0.2079693630435748,59.2605625846085
42.88,39.07,0.81,2.11,6.37783786912682e-06,3.92611926185849e-11,0.2234649391180179,61.45126967225523,7.97515054204352e-06,9.93124721560667e-11,-0.1919318699373754,59.83905107531356
42.54,64.66,0.84,2.63,1.00958225713538e-05,6.9436686906845e-11,0.2227783193407894,62.00457407874918,1.41611098892651e-05,2.11750327975803e-10,-0.1858458696478124,59.16331128346512
24.72,88.14,0.42,2.9,1.93464301901826e-05,2.01276670287087e-10,0.2162172876801539,61.36046555929184,1.98115509597373e-05,3.15112491133121e-10,-0.1989120832456574,61.46147008771536
31.04,68.23,0.68,1.5,1.3909310466527e-05,9.299219526555739e-11,0.2229243439246123,61.216853530891335,1.51717261462736e-05,1.72739852321585e-10,-0.201024386430981,60.27097174879145
13.39,81.14,1.12,2.34,1.86619761610361e-05,5.82621981039246e-10,0.2107213255679447,63.80352541357368,1.78619711156201e-05,4.29842585143276e-09,-0.1525054336048625,63.59932936766504
38.15,92.95,0.76,2.01,1.64865312089827e-05,1.07052678625531e-10,0.2226947095411146,61.60701282351971,1.99639265675282e-05,2.56292461941302e-10,-0.1927243396675159,60.07222267092235
42.37,83.73,1.07,1.71,1.29299687931867e-05,8.49976027511062e-11,0.2244946626293092,61.528694364585526,1.86782761998708e-05,3.118348825359e-10,-0.1819155533593574,60.39641154450222
25.35,98.43,0.77,1.72,2.09711669170132e-05,1.87984650022232e-10,0.2198812632651476,62.19499636457219,2.22745000360445e-05,4.08921137825236e-10,-0.1936154139291103,60.31191931745472
15.48,47.15,0.92,2.48,1.09183585277828e-05,2.44270615695267e-10,0.212317773239273,62.0536238527983,1.04665286181989e-05,1.0617803681349201e-09,-0.1684888079374019,62.60201100254073
27.34,18.14,0.38,1.36,4.35051689481333e-06,2.6906953330179597e-11,0.2218976029580061,60.66478005087556,3.90235477586534e-06,2.7191943763608198e-11,-0.2170929943371254,60.40191870070591
33.73,88.09,0.77,1.42,1.69758886187725e-05,1.10929354746269e-10,0.2229764350357686,61.266471026487984,1.96193512173483e-05,2.2270969478242002e-10,-0.1979039453677219,60.94010723766745
15.15,49.87,1.2,2.77,1.10222703531536e-05,3.36941653475426e-10,0.2097135270081586,64.23777143034697,1.11126081090232e-05,2.8262924480330904e-09,-0.1459752160861374,62.68957906869552
33.88,22.1,1.15,2.4,3.68381176561793e-06,3.2307455201789496e-11,0.2216554226686869,62.41044174602893,4.71022978874988e-06,1.59113467061611e-10,-0.1727901513769216,59.40027691814067
15.34,65.47,1.22,2.19,1.4531105053975e-05,3.62203768261196e-10,0.2122883177734167,62.68196973742228,1.47484899011719e-05,2.6942758482593203e-09,-0.1539594394812787,62.329938284268174
8.92,74.37,1.14,2.36,1.89660485873188e-05,2.33418620748913e-09,0.1915209125473175,65.88057871030797,1.64772663629995e-05,1.21885373172341e-08,-0.1375707229155664,65.3745187059775
33.02,51.55,0.95,1.89,9.24082048599916e-06,7.18973489266907e-11,0.22247216951623,62.07182703402765,1.1516230917792e-05,2.30257729147393e-10,-0.1850921022930957,59.8934393265392
43.42,86.5,0.63,2.8,1.41961712785613e-05,9.07405643366506e-11,0.2218303793601881,61.90964792092045,1.92397605440035e-05,1.97952452156801e-10,-0.1940535420195209,60.606714673138136
29.89,23.39,0.72,1.79,4.80868377030619e-06,3.5498511420716196e-11,0.2209646818346343,61.82083658851782,4.93477406603655e-06,7.505369485481859e-11,-0.1952755022563345,60.84763366723895
20.54,77.03,0.94,1.53,1.71003282471294e-05,1.98537945343811e-10,0.2187698338720453,61.82488631989033,1.74345641056621e-05,6.65519930321834e-10,-0.1810729076034987,61.70966765143426
13.43,46.14,1.08,2.23,1.05171224325723e-05,3.02547643057996e-10,0.2119226298943997,63.07003319457946,9.40420898364199e-06,1.9694608445063104e-09,-0.1574816889908454,61.92952092406061
24.87,34.79,0.29,2.91,7.9597558469226e-06,7.609205959271819e-11,0.2162160665352286,61.44266385193482,7.21291866561274e-06,9.488343627820069e-11,-0.2068727413583024,59.00030017657676
22.85,58.86,0.49,2.89,1.29472621914321e-05,1.49041425597511e-10,0.2165698530012714,61.437428724353,1.30102176787113e-05,2.63900871753973e-10,-0.1956901592123224,61.18457789070908
26.22,49.52,0.68,1.96,1.05433854379864e-05,8.83641956939382e-11,0.2209854432153723,62.13226683799938,1.10413088807274e-05,1.76390810352548e-10,-0.196494170521346,61.28466437900197
25.9,40.51,0.93,1.37,8.37464332035947e-06,7.09158755738833e-11,0.222525060497321,61.931665939958606,8.88591889866364e-06,1.94245799912828e-10,-0.1899027475936845,59.07112216116628
37.39,85.13,0.94,1.57,1.48716274244133e-05,9.762722505249429e-11,0.2238847986179067,61.43608918131215,1.91192070857789e-05,2.8639046632389004e-10,-0.1889971383724025,58.83263573412127
18.96,23.05,0.55,2.66,5.39958988667573e-06,7.4425018905901e-11,0.2155454197844122,61.1961641758611,4.94178538129102e-06,1.6090498126147301e-10,-0.1908001530699863,59.53659612273571
10.42,66.92,0.59,1.93,1.83372106808695e-05,5.31284367276867e-10,0.2111470648651911,62.28815645582231,1.48823683063019e-05,1.13264118253643e-09,-0.1868357137007184,62.23853145942257
12.55,13.45,0.87,1.46,3.44851716398423e-06,7.27466739742736e-11,0.2135903949372597,60.56438713812742,2.67045392918176e-06,2.1419902772364002e-10,-0.1806572459149313,61.43366155409626
23.28,31.7,0.69,1.49,7.13940760484401e-06,6.225613683081269e-11,0.2210499956984738,61.915685215224805,6.95757361602785e-06,1.0912144014157301e-10,-0.2008415503329925,60.46549746672794
7.46,79.78,0.31,2.94,2.28275407757152e-05,2.7692904581038804e-09,0.191574782116539,66.25858762265871,1.77644342555435e-05,3.91351673768676e-09,-0.1755664489873249,64.49123032464965
15.64,16.25,1.19,2.03,3.73511743457303e-06,7.773182011340109e-11,0.2135248743881333,61.36715476108064,3.44709740478436e-06,3.98938344169925e-10,-0.1645851332401926,62.59353815866649
20.81,65.32,0.51,1.9,1.58050795489223e-05,1.61067887374466e-10,0.2175849876179958,61.71936271430785,1.46315350421944e-05,2.64748288028757e-10,-0.1999217158073403,61.0089913766566
9.05,79.39,1.26,2.97,1.98373969572961e-05,4.2821404208456e-09,0.1818855421814476,69.02612077497575,1.77116365868418e-05,3.30738940978965e-08,-0.1132752894989464,70.48210872772081
14.74,65.56,0.67,2.42,1.5874649235714e-05,3.31781357306455e-10,0.2129391856993505,61.27207419674427,1.43621563828281e-05,8.75959909028546e-10,-0.1827048350135259,62.84289412741034
24.31,49.21,0.64,1.35,1.11494321423427e-05,9.044517472278e-11,0.2210567538669971,61.680745891470046,1.0826054959134e-05,1.34907111903334e-10,-0.2061279702577924,58.6697423245139
30.58,12.35,1.29,2.33,2.15542927261997e-06,2.0174160492766697e-11,0.2218248973072931,62.4832563564794,2.46157154154044e-06,1.26269003132919e-10,-0.1665404319575136,60.86028466134948
25.94,55.45,1.34,2.63,9.77714237720952e-06,1.2677270399882e-10,0.2195878551626117,61.74649634958307,1.22672531554758e-05,9.74797580369321e-10,-0.1570497321314864,60.03894151014323
25.6,28.65,0.35,2.59,6.46975166333328e-06,5.518142540361919e-11,0.2187554574938832,62.13507437768986,6.27759976858565e-06,7.0549363269091e-11,-0.2078121641760483,59.26746788686496
33.53,19.81,0.75,2.13,3.78927363555983e-06,2.6806090102869196e-11,0.2216053420021214,61.86446861079548,4.19314465680444e-06,6.309101495693519e-11,-0.1931547875365296,60.29008067916879
15.57,45.91,0.6,2.58,1.12770264465473e-05,2.14555333750553e-10,0.2126946779542217,60.9134408772692,1.01859297645472e-05,5.35850844374966e-10,-0.184482943341545,62.43680399891399
10.7,86.72,1.22,2.66,2.07359850746351e-05,1.56178682882587e-09,0.199560351933067,65.84365427099281,1.90085503310873e-05,1.38958177023252e-08,-0.1312462342414011,65.19843156769775
31.56,78.84,0.28,1.96,1.78217378829613e-05,1.05403042717874e-10,0.2209966371905703,61.04454424228917,1.7390025600249e-05,1.04966142205104e-10,-0.2168880689606429,60.68705969384221
25.97,38.14,0.91,2.25,7.35963480839608e-06,7.4951842362742e-11,0.2205328655844988,62.23664331029477,7.87241948396145e-06,2.49680414667015e-10,-0.1816090046930386,61.27381572710259
35.89,28.72,1.43,2.37,4.25116918182458e-06,3.9762622618278296e-11,0.2229771462977106,62.60408558665272,5.88764290711394e-06,3.48654786835958e-10,-0.1572666701434308,60.09487428041893
9.99,17.43,1.04,1.67,4.59043359211941e-06,1.65992089793401e-10,0.2101782842810903,63.64506218665074,3.76893548383841e-06,6.4672903522914e-10,-0.1687670424719631,63.10526878028262
31.97,38.78,0.31,1.97,8.7041259016848e-06,5.1526624267894796e-11,0.2209627441530821,61.11967358036151,8.48430450400281e-06,5.3219230535397795e-11,-0.2156753478992855,61.07477721844859
17.4,37.32,0.9,2.03,8.5070518105347e-06,1.29433428425385e-10,0.2172008752201254,61.42450310697075,8.13452845875835e-06,4.59461265256782e-10,-0.1781893459988265,61.16658061898504
21.99,19.18,0.54,1.46,4.61979230064713e-06,3.8530627150440096e-11,0.2211745394477275,61.56797797559088,4.07426735971268e-06,4.9306360978982e-11,-0.2101948040656402,59.93459523468042
23.55,41.74,1.31,2.98,7.56303188865165e-06,1.21708478060427e-10,0.2165743077051479,61.01628982017083,9.11731663725177e-06,9.67652834823684e-10,-0.1541374730467886,60.16441977693618
43.24,21.47,0.99,2.87,3.26722979330673e-06,2.3188012164844797e-11,0.2226596404411076,62.21297500186414,4.6169839281128e-06,9.1049019034824e-11,-0.1782779469100946,61.23118873773538
39.9,97.21,0.71,1.76,1.75257566477446e-05,1.03501110381501e-10,0.2226970840551097,61.24206605149264,2.14290095615824e-05,2.12214410126871e-10,-0.1969523989808051,61.10470187084788
11.77,12.85,0.7,1.83,3.33524021894628e-06,7.85939873258469e-11,0.2127670988966907,60.80585043557552,2.58589709350795e-06,1.88555489669491e-10,-0.1860170459792377,61.87978907675422
16.69,95.23,1.32,2.89,1.99695136306249e-05,6.03336188724364e-10,0.2090829317506807,64.38320266043529,2.13541932814579e-05,6.17041404921871e-09,-0.1395652192072947,62.19507129161178
37.54,73.01,1.3,1.31,1.1549339428162e-05,8.57003628599527e-11,0.2246518876165481,61.80619333259087,1.59126410674638e-05,4.4875565938666203e-10,-0.1730041103391088,59.34417905340312
11.3,65.95,1.03,2.54,1.61947886914263e-05,8.1284092736278e-10,0.2043067013326205,63.55792994249089,1.46262878423894e-05,4.926029377904471e-09,-0.1481123315144908,63.19640240453701
31.13,17.3,1.26,2.41,2.97822665166728e-06,2.7925457113254098e-11,0.2218376810014502,62.45329030348668,3.72746296531243e-06,1.84751983292301e-10,-0.1646478070969738,61.40895530333783
10.83,23.69,0.76,1.3,6.20910999115376e-06,1.4644794467111e-10,0.2145547281224177,60.8091587116444,5.06847157443013e-06,3.34692429632776e-10,-0.1890883844460821,60.71066973724555
28.11,71.23,1.04,2.98,1.2578222514732e-05,1.47581422785466e-10,0.2186909732718059,61.63754004487195,1.50972254018661e-05,7.70688266096557e-10,-0.1671579121235828,60.585190022488746
24.65,60.6,0.35,1.62,1.48003409245569e-05,1.0869205789307001e-10,0.2198399347069346,61.48378191739816,1.37299209890917e-05,1.0603768793982901e-10,-0.2161705062169179,60.91322708889896
22.57,58.63,0.68,1.64,1.32594793713123e-05,1.22680253874157e-10,0.2206019904258409,62.20500005452653,1.29549059521319e-05,2.22181524190996e-10,-0.1993147405158069,61.09339348998477
32.61,22.3,0.52,1.23,4.73376956030585e-06,2.7241599779714598e-11,0.22293223914971,60.53022022198151,4.71677644850219e-06,3.27328229840444e-11,-0.2128576267154535,60.87637849346864
28.75,99.97,0.6,1.53,2.15638572457676e-05,1.51849218053342e-10,0.2214952342241734,61.467182292024525,2.22983915378122e-05,2.44198893411515e-10,-0.2037357524108591,59.029265764648
12.72,76.25,0.98,1.46,1.88992364735505e-05,4.5161559626665403e-10,0.212474706036702,61.31250184247707,1.72480627152219e-05,1.7336201401587e-09,-0.172076682414449,60.50819002307804
27.83,93.06,0.4,1.56,2.16317786851756e-05,1.41462542236487e-10,0.2212704559657602,61.10451477836531,2.07157201448193e-05,1.58592295013939e-10,-0.2132545810976811,60.95518981242586
40.42,36.62,0.87,1.28,6.39883351899577e-06,3.74655178839008e-11,0.2237930641913461,61.02318653652412,7.8571021042502e-06,9.074300379776939e-11,-0.1934517260434981,60.28445111654909
33.79,47.83,0.23,1.23,1.15428706701747e-05,5.4390081682126195e-11,0.2218295179293495,60.00308575968384,1.06048828771611e-05,3.85634729427637e-11,-0.2273206660212536,59.8566992223404
17.62,42.23,0.75,1.94,9.87927770731718e-06,1.34696665096689e-10,0.217839925456751,61.67700555164876,9.2358501596015e-06,3.61494826232103e-10,-0.1876644504835281,60.5026450094248
18.17,28.94,0.98,1.27,6.6591557668963e-06,8.202057470672629e-11,0.2199166950691283,62.146236729628654,6.22982858218694e-06,2.72699838743823e-10,-0.1826248649165735,61.44465701956184
18.17,33.28,0.72,1.84,7.84747743821715e-06,9.854200221717601e-11,0.2182471686578786,61.83027776240055,7.19399558784074e-06,2.37067214160516e-10,-0.1909196650637232,59.43814699359004
28.27,71.46,0.88,2.14,1.37040514811425e-05,1.25977241270921e-10,0.2205985691453388,62.27278643463718,1.56301174271254e-05,3.9351857545458803e-10,-0.1834330059040314,60.40185958538005
18.23,33.19,0.49,1.95,8.22700333842412e-06,9.503570902284959e-11,0.2178751623681034,61.86830147296636,7.21414723899218e-06,1.5036691512911002e-10,-0.201792278149905,60.93949347189352
17.28,92.44,0.67,2.45,2.14945454351303e-05,3.39338780862827e-10,0.2157944691601094,61.13776658918712,2.06165638303873e-05,9.31036963295196e-10,-0.1842327351219917,61.90858728882435
40.25,41.44,1.04,2.85,6.27470919943257e-06,5.085356216421109e-11,0.2215715219487374,62.36098144111732,8.73548063698115e-06,2.42038452933317e-10,-0.172768541939026,59.328409502180726
37.69,34.2,0.76,2.51,5.95132092742279e-06,4.1850306569246593e-11,0.2219061653612217,62.044773127835214,7.40828454838855e-06,1.1066120056066901e-10,-0.1897732706177196,59.13663308645925
26.53,27.12,1.3,1.94,4.9339217375761e-06,5.34533771249618e-11,0.2212867962705994,62.27984397280221,5.84685926813962e-06,3.1471146995782e-10,-0.1663476907459262,60.59274329508085
19.11,31.28,1.29,2.96,6.2021613383317e-06,1.33635517243107e-10,0.2134785266186999,62.37891234966775,6.37431060651114e-06,1.3320471816770202e-09,-0.1450440649660855,62.283479461369005
19.89,37.79,1.11,2.08,7.90121418398049e-06,1.18484822648244e-10,0.2168153457348606,61.22466478758873,8.27377090873144e-06,6.37219064044401e-10,-0.1660927472569249,61.72150561977506
31.83,52.42,0.2,2.66,1.16222180802976e-05,7.53904869073e-11,0.2193107431730878,61.794479701648,1.16637218508625e-05,7.655020381418309e-11,-0.2146883707175177,61.620862128371726
44.01,32.85,0.55,2.84,5.59186150718643e-06,3.35658460639076e-11,0.2214992245409763,61.7574518194921,7.07512024456752e-06,6.26419992850889e-11,-0.1982435514474272,60.80817622045989
30.38,58.92,0.51,2.26,1.2315228021219e-05,8.93684810589167e-11,0.2205427053834458,61.94560457474632,1.31878465835875e-05,1.55931506701258e-10,-0.2002424238117437,60.49891572661896
27.0,15.69,1.4,1.48,2.87646026622647e-06,2.87100310109262e-11,0.2221790919665002,62.57075013736746,3.33125701699667e-06,1.72336837963758e-10,-0.1672172738620616,60.17824665824882
31.35,50.64,1.15,2.84,8.49398261166849e-06,8.70284799953844e-11,0.2206304815897476,62.09776723624273,1.12027410836242e-05,5.32428377095261e-10,-0.1647845399891686,61.322437076449525
15.8,12.94,0.57,2.83,3.06159464633003e-06,5.87658134851765e-11,0.2127238617086597,60.73247902951493,2.58355799616888e-06,1.21092071243945e-10,-0.1903494932393938,60.70076006197879
30.08,49.61,1.33,2.55,8.34571718755828e-06,9.27298223777049e-11,0.2197201648341382,61.777435646334254,1.10576123574557e-05,7.28815943204455e-10,-0.1569189146572303,59.93111703191899
23.52,94.31,0.35,2.26,2.24244188584007e-05,1.98201047729828e-10,0.2181670046191882,61.99659564232611,2.09318409264228e-05,2.34692920509384e-10,-0.2096447243748971,59.83671755462724
25.87,87.42,1.06,2.29,1.64169231361657e-05,1.8097174240387702e-10,0.2203282708225815,62.07679629694392,1.95820881624863e-05,8.08300434330719e-10,-0.173458912865718,59.56563994043488
18.54,55.48,1.11,1.55,1.22378044372383e-05,1.71403551760292e-10,0.2185580239065581,61.69615912063016,1.23814103750468e-05,7.84138011013637e-10,-0.1730271241066964,59.4295092279098
31.88,21.43,1.28,1.26,3.79807710617785e-06,3.02381328614138e-11,0.2239288299749617,61.952373201588514,4.49690593459573e-06,1.44884460457014e-10,-0.1751945463334273,60.09321389399031
36.38,28.15,0.71,1.35,5.39544393746717e-06,3.13834006691807e-11,0.2238143487713252,60.80371897717253,5.99863770518926e-06,5.6586142629593296e-11,-0.2018827085334303,59.4063669532382
12.46,38.33,1.45,1.91,8.96346304472532e-06,3.86465788108435e-10,0.2063998500661955,63.98776703290063,8.50052045457e-06,3.97260755374316e-09,-0.1359345204570188,62.43559073126158
7.7,49.03,0.5,2.49,1.38454225760033e-05,1.1311530206435901e-09,0.1981043022112314,64.78253634800654,1.09238175512663e-05,1.80055567931171e-09,-0.1797729984811713,62.05238351531146
14.21,24.77,0.97,1.26,6.10512503927748e-06,1.02250426337721e-10,0.2174720856661728,61.512143542350906,5.32258722524236e-06,3.46323285347549e-10,-0.1813902167749821,62.12770476098607
9.16,10.55,1.41,1.61,2.7551371026952e-06,2.03455690920056e-10,0.1986939416304588,64.76568211371514,2.07651780095632e-06,9.6508245686921e-10,-0.1499674273069109,63.246566329711015
23.26,49.39,0.34,2.24,1.18897556455894e-05,1.03593131893807e-10,0.218386617235552,62.08156786366207,1.10783087386994e-05,1.16392998541612e-10,-0.2110738879236452,60.30511298564556
29.85,15.16,0.23,2.76,3.44455276110371e-06,2.42672746444324e-11,0.2179007452630434,62.004533832485,3.04518395631222e-06,2.6281645212595798e-11,-0.2115108019857648,60.44461032087609
27.25,51.48,1.48,2.54,8.66254275135681e-06,1.11480099682578e-10,0.2199697247478762,61.78879034041979,1.12819254891076e-05,1.0222853063039302e-09,-0.1528889182261857,59.7336718685851
18.41,75.7,0.66,1.21,1.86134309953255e-05,1.93970612024161e-10,0.2203705531875061,62.18633063196128,1.7121561292084e-05,3.37208976319601e-10,-0.2009793581094947,60.75216550135416
44.52,25.7,0.56,1.88,4.69092723524087e-06,2.3608198743938697e-11,0.2228060356567766,60.82265620317713,5.52042878124451e-06,3.5221171041430097e-11,-0.2071869130498673,59.06980423119068
12.6,24.74,1.44,2.27,5.64423903234131e-06,2.66023426882153e-10,0.2049188670622631,63.618839120756085,5.09843575835889e-06,2.88427236677799e-09,-0.1328094869537285,63.122289104531646
35.6,81.77,0.72,2.41,1.45712943148045e-05,1.06402638577623e-10,0.2216011947483456,62.06979667787099,1.81924727079568e-05,2.70079342890542e-10,-0.1908800466124913,59.55233478717997
44.86,22.39,0.58,2.68,3.81280903957967e-06,2.1972115309138497e-11,0.2218351942262567,61.55861505259813,4.75054340860729e-06,4.0910246304171e-11,-0.1987651875008303,60.57950597616126
27.81,88.72,0.92,1.75,1.72259212699972e-05,1.51149412959081e-10,0.221647128457396,62.30032902229193,1.9171700125462e-05,4.62096585647662e-10,-0.1855660168399819,59.66826176073671
31.29,26.38,0.56,2.1,5.46238930259527e-06,3.75450939614766e-11,0.2213628617975548,61.65791609116541,5.55008193593391e-06,6.2503927218532e-11,-0.2030578315159192,59.71085937604232
34.3,35.15,0.53,2.3,6.89909825021161e-06,4.64533497598835e-11,0.2206806427139089,61.7905652741624,7.41139847405403e-06,7.7224198695158e-11,-0.2021858092743252,59.84939384472235
38.97,72.84,0.65,2.81,1.24780842717884e-05,8.875493333850079e-11,0.2208620044136678,62.2531037196522,1.63117263841434e-05,2.09400575368851e-10,-0.1914899153384404,59.72800974701514
38.6,18.87,0.31,2.88,3.62875758884854e-06,2.2060046238296598e-11,0.2200024310257748,61.69677021908424,3.96849228492015e-06,2.6948541348024296e-11,-0.2095932216226342,59.88795480867447
39.74,42.51,0.27,2.67,8.49915710763822e-06,4.793227502157019e-11,0.2197875093532343,61.61191989690569,9.31174803553314e-06,5.480633996314809e-11,-0.2110082408507241,60.35107941514673
20.37,26.02,1.21,2.06,5.39269777620374e-06,8.019096980232579e-11,0.2167275501937471,61.17915085591229,5.59869156335549e-06,4.844888879885301e-10,-0.1625508301792277,61.90238383047082
38.57,84.25,0.47,2.45,1.52892250716487e-05,9.763480125376219e-11,0.2210396590623827,61.66963352232472,1.83703000882815e-05,1.51548560537787e-10,-0.2037531923556498,58.882436492229424
15.59,70.16,0.73,2.34,1.69275183798108e-05,3.19857600312988e-10,0.2135049242907691,60.69473699924105,1.55547772037994e-05,9.26247160413568e-10,-0.1806607205966876,62.09434957977401
29.46,33.85,1.15,1.69,6.08203784067989e-06,5.59320754190456e-11,0.2216895736751555,62.44919196342413,7.34499003156279e-06,2.53940961901421e-10,-0.1744028723839558,59.79462978360504
39.33,56.19,0.7,2.01,1.01077513472596e-05,6.18467475591727e-11,0.2225070180779806,61.42952218187101,1.24722145349819e-05,1.3131854778925501e-10,-0.1957302579445512,61.10085712281561
14.83,74.78,0.47,2.98,1.84943651481679e-05,4.2458765072228005e-10,0.2105998557628724,62.43059674506269,1.68743663306803e-05,9.52081340146108e-10,-0.1849599602748066,62.960242712472606
13.96,97.45,1.12,1.75,2.28770478564928e-05,5.28919189532698e-10,0.2140033368896027,61.60655624574999,2.21687693918426e-05,2.9623913440234804e-09,-0.1633941685651882,62.27972160295068
37.81,11.14,1.15,2.52,1.84180578602754e-06,1.3807827169279198e-11,0.2225047428596997,62.245107462389456,2.2346626347587e-06,6.7542716102234e-11,-0.1734256742906971,59.527855552416426
19.7,74.46,1.25,2.37,1.51301453339166e-05,2.6564915510831e-10,0.2154860369540059,60.80692649879628,1.68003747317682e-05,2.12049066794986e-09,-0.1544837040809316,60.75933707768455
41.12,19.69,0.99,2.29,3.18129154085627e-06,2.19559598582542e-11,0.2223331554210504,62.00485328778499,4.18050515555872e-06,8.13090839695405e-11,-0.1799180923223697,61.07697292582855
21.51,62.85,0.78,2.39,1.35409596771482e-05,1.64884586485118e-10,0.2182240599497088,61.70923098260968,1.38739038693872e-05,4.41705419308595e-10,-0.1863872461269111,60.37355292418106
32.24,13.89,0.3,2.55,3.02213658132188e-06,1.91993924202386e-11,0.2199991623395389,61.57191290014746,2.68613961577836e-06,2.14485063528251e-11,-0.2128930563071907,61.04502460737292
41.01,46.33,0.6,2.24,8.28043994152621e-06,4.988325778309229e-11,0.221463185544134,61.56860934259133,1.00124272094828e-05,9.359840684313179e-11,-0.1983215565153739,60.66133461672551
9.53,86.56,1.22,2.3,2.16996323961326e-05,1.87815623049737e-09,0.1978491478924793,66.18013984126556,1.96210974763999e-05,1.4205349853474e-08,-0.1347355669541556,65.12503238888745
24.67,50.88,0.26,2.38,1.22233798366174e-05,1.0191778277531001e-10,0.2175143058639562,61.87655681255842,1.13795113985362e-05,1.02496012763319e-10,-0.2131641712265606,61.01134668697418
41.47,87.78,0.57,1.45,1.6750693652837e-05,8.414828802751069e-11,0.2235450081521229,60.54173721568098,1.95826095764003e-05,1.174135685501e-10,-0.2091180311094459,59.71161671054293
9.93,88.65,0.89,2.62,2.25697656403692e-05,1.4513785057523e-09,0.201673598463016,64.37153907212132,1.94919525639914e-05,6.927355736756131e-09,-0.1526029116352375,64.548783022264
14.91,73.49,0.32,1.81,1.98215941932921e-05,2.65238590664089e-10,0.2165672363036295,61.58579801864416,1.6302387549481e-05,2.9363534333997003e-10,-0.2112488559288396,60.2824984201949
11.16,72.69,1.48,1.4,1.73223875745401e-05,8.026459674142641e-10,0.2072851273136782,64.28980564766954,1.61093308657428e-05,7.139415862241661e-09,-0.1402613918004658,62.280514651435
18.03,35.49,1.24,2.32,7.40547130942706e-06,1.39890384618553e-10,0.2156400629899628,60.96314786584647,7.76802220836501e-06,1.06594366959465e-09,-0.155931758587348,60.64923868273617
26.28,56.49,0.58,1.68,1.25270174089136e-05,9.5334277723068e-11,0.2215008643467089,61.6255882323004,1.25136880412285e-05,1.4984549427115001e-10,-0.2044538877652337,58.99109784866637
30.42,91.69,0.5,2.04,1.94924324715169e-05,1.34631765298271e-10,0.2209159647081757,61.65441898685517,2.06218540157995e-05,2.14063323425873e-10,-0.2044199223979852,59.27072887596173
13.86,85.37,0.37,1.22,2.383259103508e-05,2.90566049691399e-10,0.2192646730036276,62.10393773583814,1.94224209411633e-05,3.09039115351018e-10,-0.2154229337479798,61.52850505392407
10.76,67.82,0.28,1.94,1.92010225720378e-05,4.29433512540433e-10,0.2129388615181078,60.59631919694082,1.48652087614481e-05,4.99715808947537e-10,-0.2063156260534793,60.82236844666189
34.16,76.66,0.28,1.77,1.7119398549663e-05,9.295092634964939e-11,0.2209333670948389,60.83794534594153,1.67279079255219e-05,8.298578818671439e-11,-0.2197448901845671,59.34420703750595
8.84,37.14,0.98,2.84,9.75898905069132e-06,1.31273782096077e-09,0.1897821422944461,66.51385537225136,8.07707557885303e-06,5.94390531989726e-09,-0.1391064835438843,65.91026978527023
22.96,72.4,1.2,1.54,1.44201908673177e-05,1.65549615346388e-10,0.2206924424265009,62.18036339436527,1.59268527573516e-05,7.52023045159378e-10,-0.1738025208351221,59.58701305636701
19.55,47.91,0.67,1.68,1.1390741090696e-05,1.24826521030223e-10,0.2187253832485174,61.97681206195577,1.06483222596869e-05,2.48714107482127e-10,-0.1954243608274213,60.8508206885867
39.23,13.33,0.6,1.83,2.56173503889427e-06,1.4064762043639498e-11,0.2223659400040922,60.93307745417875,2.63063612780675e-06,2.3404870580150397e-11,-0.2037991480314174,58.76230311724091
12.0,55.24,0.36,2.19,1.53178521514175e-05,3.5176025695001303e-10,0.210777094313214,61.30754125486822,1.25138700131929e-05,5.22996637984865e-10,-0.1959802412173026,60.886706964057055
39.56,19.95,0.52,2.41,3.76593080948594e-06,2.21798228908154e-11,0.2212269893156789,61.51289129342408,4.21357600936267e-06,3.63945829827079e-11,-0.2024444182050086,59.30031180024017
25.46,80.87,0.86,2.41,1.60427073979214e-05,1.70178107049702e-10,0.2192074665393566,61.89513235706384,1.80599112115384e-05,5.4254392552161e-10,-0.1816039685121246,61.34216980121798
19.02,93.55,0.99,1.2,2.12410242397497e-05,2.53036545168689e-10,0.2199371538453948,62.12572163028417,2.09055802408807e-05,8.39677221203527e-10,-0.1823757479227099,61.39448797209912
29.41,56.65,0.45,2.25,1.20394894874952e-05,8.977105706981929e-11,0.2196054770443185,61.99966342504467,1.25201568793217e-05,1.33745459144883e-10,-0.2044992809043193,58.96297344786823
31.68,45.42,0.87,2.45,8.06576567844225e-06,6.986521542781309e-11,0.221278989819642,62.44292892730304,9.78189004486236e-06,2.41156615709485e-10,-0.1817833753424115,61.19784901805889
23.18,61.25,0.21,1.56,1.58828818227653e-05,1.1180658637678901e-10,0.2202557371918795,61.032648239593954,1.37863958115941e-05,8.409271034759029e-11,-0.2250948130084459,59.06845213640259
18.69,45.28,0.69,2.0,1.06178320270181e-05,1.34334241647008e-10,0.2176633191830985,61.67012674140129,9.9777493594503e-06,3.21747004252767e-10,-0.1903442021829257,59.29782141843078
34.58,43.45,0.63,2.64,8.10772303546356e-06,6.0702629617476e-11,0.2200847477878846,62.25730582585047,9.49891519871804e-06,1.34259146342788e-10,-0.1931564299319957,60.33245386823882
26.83,78.26,0.31,2.87,1.69041331071605e-05,1.49777628855431e-10,0.2179319958641988,61.89568664883356,1.66712971203288e-05,2.01926611574918e-10,-0.2056279295826676,59.03955725710016
13.57,36.18,0.22,2.95,9.67543468157606e-06,2.15828156198459e-10,0.2106501090155942,61.97438247403894,7.85977829404639e-06,2.98156770457235e-10,-0.1987995804301844,62.45791776764481
15.77,75.57,1.14,2.05,1.70928756733775e-05,3.71702564627414e-10,0.2132026884037378,61.7519880675402,1.68717682551075e-05,2.19502525534052e-09,-0.1603815529788375,61.27364046513957
36.56,95.13,1.15,2.17,1.49048910323624e-05,1.23173538398805e-10,0.2232946331978921,62.39532147038776,2.03036300963745e-05,6.45594451543219e-10,-0.1720664572597296,59.13613095702729
13.19,53.8,0.63,2.89,1.33593512439412e-05,3.84946100972728e-10,0.2098525932127207,63.51954618674579,1.20896013555444e-05,1.2335538345409e-09,-0.1745207827046213,62.04234389059416
13.08,77.58,0.36,2.68,2.03956086010973e-05,4.88595769448001e-10,0.2104349197399702,62.128659219189394,1.73577447247972e-05,3.31109591625029e-09,-0.1567531604189502,60.93231241814099
13.08,75.22,0.5,2.09,1.99378183242378e-05,3.93092325314097e-10,0.2134602644123304,60.607148368218525,1.7050337070292e-05,3.1466305118427e-09,-0.156935561429781,60.63417466422981
41.71,52.0,1.08,2.46,7.68558454388257e-06,5.74593462885969e-11,0.2236121040971157,62.15200129478829,1.15083968394568e-05,2.43688945269907e-10,-0.1766741193588338,60.64560722166157
17.49,55.07,0.21,1.92,1.47926090402572e-05,1.5364611091174e-10,0.2181212145670935,62.09599626843671,1.21285124930305e-05,1.44997290650062e-10,-0.216237534445565,61.613320570148375
35.26,81.6,1.04,1.41,1.40822042035385e-05,1.02256284525541e-10,0.2231549164019055,61.693777863844026,1.76536341472928e-05,3.32755077910652e-10,-0.1848971599851518,59.48424792954517
24.17,48.7,0.89,1.87,1.00872785948721e-05,1.02020111321074e-10,0.2198885949323084,62.129403740740095,1.0830119437899e-05,2.71159001834892e-10,-0.1887091419728211,58.96913130212621
8.23,98.03,1.09,2.57,2.56874405493048e-05,4.3281954159298204e-09,0.18760245309935,67.62126400078056,2.19507001722367e-05,2.31855343401581e-08,-0.1313499641262913,67.71034844751672
33.23,36.41,0.36,2.53,7.62662270096605e-06,5.0429593622811895e-11,0.2196885164687972,61.88294252310954,7.93345438304491e-06,6.506152244815029e-11,-0.2086826129595168,59.62606159869187
43.91,11.53,1.37,1.54,1.70994596049392e-06,1.12821507042835e-11,0.2246879709428412,61.54347876092731,2.31584657766222e-06,6.37249880070923e-11,-0.1719224513141528,59.01743038752537
18.64,71.06,0.46,2.78,1.68228338482715e-05,2.4570000600252e-10,0.2145882620796878,60.95423080296857,1.5907410997288e-05,4.86625004014184e-10,-0.1918722377965142,59.94092025663524
17.97,82.22,1.46,1.68,1.68924773055636e-05,3.12736247251275e-10,0.2168542195755165,61.09663857655284,1.80545533027716e-05,3.0634137681853604e-09,-0.1496380811741611,62.29874216531211
23.81,24.05,1.43,1.28,4.67641723429859e-06,5.2894085703439e-11,0.2210221349802476,62.22726797086982,4.95818443610353e-06,3.12902580285799e-10,-0.1668260198212656,60.70111046827477
31.93,65.66,1.22,1.49,1.14043282629362e-05,9.463838111929039e-11,0.2236896641853044,62.156624341477205,1.41582913329187e-05,4.73385231417575e-10,-0.1739535435442627,59.73111254738392
23.1,36.98,0.68,2.8,7.85563734748799e-06,9.326094512149169e-11,0.217071214786469,61.48420294255227,8.01175246592137e-06,2.26171732435005e-10,-0.1884865116787341,59.69369468180999
36.46,46.68,1.12,1.22,7.66451391059938e-06,5.42521005461892e-11,0.2245681730891442,61.37866023549679,9.03970367114256e-06,2.90980050605762e-10,-0.1733995274607154,59.41312489423324
7.99,40.21,1.37,1.71,1.05675433863805e-05,1.4678848082519401e-09,0.1917749998812178,66.0761815892526,8.92148681850054e-06,8.15680268302466e-09,-0.1352656848047006,65.75513061624916
42.64,30.4,0.39,2.35,5.79704368313906e-06,3.01056627258547e-11,0.2217151404135612,61.102003817364206,6.58579335603825e-06,3.72702412130748e-11,-0.2106215826808384,60.25205653483823
38.3,30.5,1.38,2.99,4.36416184326054e-06,4.17006920492182e-11,0.2220820778825667,62.313090089636034,6.37906457087825e-06,3.70853975861809e-10,-0.1553782832617002,59.41365760809783
42.18,79.91,1.36,1.98,1.10854581532585e-05,8.693515802939789e-11,0.2246229330292625,62.20655961064928,1.76815733210486e-05,5.86011027891989e-10,-0.1646796142163364,60.42713434633696
36.37,44.9,0.9,1.63,7.84591121384061e-06,5.27688462385479e-11,0.2238877431715048,61.40100356032739,9.18077328396293e-06,1.45847370318445e-10,-0.1903769341093083,59.25558418606855
18.83,67.05,0.33,1.75,1.73407507713232e-05,1.69742189038904e-10,0.2187469653513918,62.17415329582854,1.47317473783535e-05,1.90585991978334e-10,-0.2119097149346142,60.4179611843267
21.37,45.6,0.86,1.32,1.01301559236717e-05,1.00287298428411e-10,0.2215227921634973,62.21837901583472,1.00019679211902e-05,2.3092463470086301e-10,-0.1937220028845278,60.32681200105284
33.12,13.82,0.81,1.26,2.69498403387763e-06,1.7292295776776697e-11,0.2232930414588695,61.02025174895959,2.7271563729239e-06,3.4964556811879e-11,-0.1984921124181608,60.78196868389276
41.16,71.19,0.72,1.35,1.30495648518652e-05,7.0937403652352e-11,0.2232068228422665,60.88647930499616,1.57517804238146e-05,1.33593162783656e-10,-0.1999501838620121,59.942434259610906
20.52,73.28,0.76,2.58,1.59946979473149e-05,2.28729849181957e-10,0.2151913443546203,60.93742698833408,1.64644960053499e-05,7.30863441949654e-10,-0.1784544289156993,61.340104321442695
19.43,61.93,0.32,1.22,1.65520072761162e-05,1.370107041151e-10,0.2202061157708889,61.21024783981758,1.40832153286546e-05,1.31319947383255e-10,-0.2179179504937991,60.52482764741973
16.61,85.63,1.26,2.46,1.85375497291734e-05,4.57712346810641e-10,0.2112861929308786,63.00298600773395,1.9355516822793e-05,3.79901208014381e-09,-0.1487362874034484,63.421180460766834
22.89,50.1,1.03,1.84,1.02340662005124e-05,1.1538207379128101e-10,0.2199949201312039,62.07019272857684,1.12479405847803e-05,3.91139774075492e-10,-0.1807042554314323,61.73129192264218
27.53,20.12,0.53,2.29,4.33918577843918e-06,3.4318874343230795e-11,0.2201089513528408,62.11072289562232,4.34526358138182e-06,5.5867563954933196e-11,-0.201889452179778,60.00001380273946
41.93,13.57,0.44,1.25,2.75631588690246e-06,1.22831387752227e-11,0.2235014521233868,59.97114739647318,2.75203814379158e-06,1.2674612282860798e-11,-0.2177110394615377,59.91142928502469
18.92,80.03,0.67,2.77,1.80172155193131e-05,2.82191348404793e-10,0.2147601470407773,60.88660256102087,1.76138221350767e-05,8.48666070999877e-10,-0.180100728384106,61.97814419983767
30.82,31.38,0.91,1.38,5.97805644603728e-06,4.39418658986493e-11,0.2234756100669358,61.47872951548385,6.80958659604323e-06,1.17730223146132e-10,-0.1915447946748164,59.73923777981134
28.94,53.48,0.61,1.45,1.15223549682234e-05,7.977880358271569e-11,0.2217314661109403,61.35948593603481,1.18189140900534e-05,1.26933842073723e-10,-0.2043809742025758,58.77498896163411
8.47,98.67,0.67,1.8,2.79777234873752e-05,1.40343478842272e-09,0.2044880452977651,63.65690228422927,2.24796653361157e-05,2.77391751285129e-09,-0.1808325202289178,61.59971793434152
9.45,99.66,1.16,2.35,2.51899985187314e-05,2.25207196246492e-09,0.1967105119868428,66.27829728528702,2.2308899603765e-05,1.48626314816411e-08,-0.1377115334114813,64.85695299530701
36.31,88.48,0.97,2.32,1.46386289004415e-05,1.14268713491352e-10,0.2227113193588748,62.26429550601123,1.96061615071248e-05,4.52158381088482e-10,-0.1784396878388027,61.30518078718614
19.27,90.01,0.29,2.85,2.17355780372004e-05,2.93894785790656e-10,0.2140747738079014,60.90331989007669,1.98489173455035e-05,4.31546008025597e-10,-0.1993991260359606,62.00749030106719
18.74,50.33,1.47,2.75,9.87510690963268e-06,2.30358310820245e-10,0.2133276801710058,62.90957598269212,1.12200328656855e-05,3.09236890641007e-09,-0.1371084431347019,61.6454373950305
44.6,96.86,0.7,1.88,1.65404619031082e-05,9.081515099450889e-11,0.2232612408403904,61.107733171004526,2.16262792268523e-05,1.78910808191805e-10,-0.1984220707168747,60.59390332797647
34.1,98.96,1.37,2.38,1.53352538069584e-05,1.51538622095842e-10,0.2218324435729629,62.26216460069158,2.2009854307772e-05,1.27961095133048e-09,-0.1571448457349769,60.08121401744945
26.93,84.93,0.69,1.53,1.78125476676645e-05,1.39565392436841e-10,0.2219959217837161,61.64051646669909,1.8481034898977e-05,2.60095710549105e-10,-0.1993544728476677,60.67801318815909
17.46,90.54,0.66,2.37,2.12020491934156e-05,3.19761980128405e-10,0.2161818266218583,61.24929204740365,2.01952735727609e-05,8.306853106769281e-10,-0.1864243940258148,61.16502695799796
42.3,41.53,0.59,2.08,7.45777974768831e-06,4.11529646279549e-11,0.2228582966464608,61.102602522300415,9.18678572900597e-06,6.935192865471539e-11,-0.2031060372974469,59.057593908683145
30.37,66.43,1.21,1.85,1.14487190253563e-05,1.07009715993238e-10,0.2224714580675462,62.56483729733978,1.40899393802757e-05,7.78886195326784e-10,-0.1619945766571726,61.60737876403994
32.36,92.62,0.46,1.93,1.93712064082288e-05,1.23180859090646e-10,0.2214456595656189,61.30095622701402,2.04623983845871e-05,1.68923049580984e-10,-0.2086332505770878,59.57923209994763
26.39,34.0,0.4,2.05,7.79922249240724e-06,5.8030792438218695e-11,0.2203306109584419,61.70336991385704,7.44256560776064e-06,7.27629728998676e-11,-0.2097052501826748,59.81630410209568
7.07,98.57,1.1,1.39,2.72728963475949e-05,2.7907467097775903e-09,0.1976040876525434,65.77292821778371,2.21690911753716e-05,1.01171161746056e-08,-0.156253317433785,64.26731260083567
30.77,80.25,1.1,1.79,1.42916347200074e-05,1.22950797493124e-10,0.2228670882884798,62.33454961512289,1.79638249798824e-05,5.47652555656262e-10,-0.1761323915139217,60.50622325536239
14.0,85.77,0.34,2.01,2.32103448128956e-05,3.61361830133714e-10,0.2154232002690895,61.25888459489906,1.9335608214112e-05,4.63768389186399e-10,-0.2070975367667698,60.41989508205868
22.2,77.8,1.44,2.98,1.40237326904867e-05,2.62633748162915e-10,0.2159509905370467,61.64835229813423,1.72226054350598e-05,2.72129374470021e-09,-0.1445100840291206,61.944707584294505
15.37,24.17,1.26,2.49,5.29685582554899e-06,1.42441070834237e-10,0.2113172377550194,63.26104996686573,5.22624000969307e-06,1.16101472277534e-09,-0.1498534168262328,63.61455187873701
32.79,44.96,0.62,1.86,9.04945564099819e-06,5.973298593636449e-11,0.2218785543284916,61.46472167870727,1.00078882969544e-05,1.06852389197626e-10,-0.2010585582821074,60.1700356341735
27.6,21.83,1.39,2.55,3.81461574767564e-06,4.5034316901890495e-11,0.2199179417821603,61.87455528698192,4.66221470183847e-06,3.42404458570574e-10,-0.157856134970351,60.27462745619203
18.3,44.1,1.06,1.63,9.58335489781626e-06,1.37652255924033e-10,0.2185077636605832,61.70510142191463,9.10986144285485e-06,6.0019148754337e-10,-0.1743889693356844,59.82263771897447
29.2,25.81,0.44,2.62,5.49067179657966e-06,4.3633392917499296e-11,0.218632890753908,62.037011706472825,5.40673110964052e-06,6.5490318124337e-11,-0.2027736285925612,59.68747644700853
8.98,17.22,0.25,1.83,5.13508217713572e-06,1.47690523454411e-10,0.2099456807995248,61.24131053368789,3.60990286751865e-06,1.28956557879536e-10,-0.2112495755804036,59.876530450221246
36.94,41.23,0.35,2.02,8.58307139133844e-06,4.64776210764521e-11,0.2216185646161485,60.93965838733827,8.98781679308051e-06,5.17548803286442e-11,-0.2133574078593654,61.09937311511178
36.94,32.37,0.54,1.99,6.25423727437897e-06,3.70932321652253e-11,0.2223129963218813,61.17555913314455,6.79359434217197e-06,5.7788171358496496e-11,-0.2054807765285062,58.61906223073457
31.5,70.83,1.0,1.97,1.25817640977227e-05,1.06110451997474e-10,0.2224803037695642,62.31589793733157,1.54431090390004e-05,4.013810067789e-10,-0.1800615677810335,61.68003386049103
37.14,49.3,0.41,2.93,9.44386361227144e-06,6.226531289769249e-11,0.2198852818671166,62.07849322500626,1.09930841363833e-05,1.00141564313307e-10,-0.2019077126758247,59.85848131434078
16.14,24.45,0.55,1.9,6.21310947471424e-06,8.540656380244329e-11,0.2161097542409984,61.33568807530729,5.18174860228091e-06,1.45977725683863e-10,-0.1986482520128934,61.921571837946
15.91,23.54,0.34,1.52,6.18270248956944e-06,7.258126841438279e-11,0.2178420400851958,61.91903185735108,5.18059730158865e-06,7.152671082915309e-11,-0.2153115009326566,61.47010512527687
19.69,22.04,1.45,1.99,4.40967844888693e-06,7.474559693286479e-11,0.2165879791545368,61.06789204814997,4.75493780953886e-06,6.87375752633636e-10,-0.151548080339981,61.471499039513766
26.13,16.66,0.78,2.81,3.50463813451284e-06,3.32573135793803e-11,0.2191781684154654,62.05056800089145,3.56132338147448e-06,8.56953628426712e-11,-0.1890548647181269,59.0307612935107
28.62,41.78,1.49,1.68,7.11944100191803e-06,7.624162489607219e-11,0.2218256059366017,62.302437129346245,8.97959180700796e-06,6.20991624630688e-10,-0.1577170690112046,60.1308760053863
13.16,32.5,0.46,2.57,8.43274504917432e-06,1.92691327474919e-10,0.2116888370261505,61.65459913474401,6.99081038170919e-06,3.15278085378556e-10,-0.1946245102279605,60.85455807391807
39.46,89.01,1.49,1.74,1.26670415679978e-05,1.06571037421726e-10,0.2242831040948,62.440338032726096,1.90017396400765e-05,8.71352394035467e-10,-0.159050256387574,60.58174140354335
10.97,39.04,1.05,2.85,9.63665578719292e-06,6.06439921245815e-10,0.2010579389379528,64.8477887798484,8.72459136887745e-06,4.1037673353320506e-09,-0.1410808298038662,63.78131931205303
25.23,29.04,0.43,1.24,7.04703002603257e-06,4.85893197119805e-11,0.2208007334191332,61.04392529528803,6.39539610014457e-06,4.9441417341565e-11,-0.2160573010733834,60.85459237030211
24.0,73.61,1.17,1.33,1.48283726989847e-05,1.53458868693924e-10,0.221135539362671,62.33624927983328,1.65122576083959e-05,6.20272904443337e-10,-0.1770844918985485,60.65138466790972
34.79,54.87,0.89,1.26,1.02198475235056e-05,6.733971791434069e-11,0.2232343605632934,61.34035674938687,1.19480402722155e-05,1.5607161506145003e-10,-0.1941027188525799,60.49783955218325
12.22,87.57,1.01,1.55,2.21818509651677e-05,5.80831600412429e-10,0.2116416649443749,62.10230084084728,1.98117967385266e-05,2.5041060758037304e-09,-0.1675056451225831,62.29403978487325
17.68,79.05,0.3,1.96,2.05898334158217e-05,2.2530533252847601e-10,0.2179055758452859,61.966228117810914,1.74948179750013e-05,2.54226360673111e-10,-0.2111243403970191,60.21595500786496
22.87,53.07,1.06,2.62,1.04806996586707e-05,1.40966912044071e-10,0.2177945466768537,61.46059261923912,1.19364592408084e-05,6.37502547791598e-10,-0.1715694960572017,59.75191511945868
13.53,35.42,0.26,2.46,9.54118726078031e-06,1.7518329340174e-10,0.2134094858544994,60.77566153322274,7.74000941336881e-06,2.26129100397873e-10,-0.2051456214779243,61.82010985315637
19.63,46.44,0.36,2.44,1.13953055682471e-05,1.31332594465208e-10,0.2160784081691868,61.42593854366331,1.0425295594597e-05,1.94711393141236e-10,-0.2018700389496918,60.94328306314308
40.64,97.08,0.68,2.97,1.62985682596261e-05,1.1573524045854301e-10,0.2204249104283026,62.25716968706677,2.14357740581604e-05,3.04283860714116e-10,-0.1888490194418821,58.87054845192534
32.28,62.6,1.19,1.49,1.04388878581393e-05,8.88223859367069e-11,0.2236419410861674,62.10529680293023,1.39165783271966e-05,4.12999369492934e-10,-0.1755931897551499,60.29927063540428
9.32,80.45,0.71,1.98,2.22024503737807e-05,1.09328001042321e-09,0.2030052885004114,63.21453303502744,1.81938401106539e-05,2.47681191713545e-09,-0.1758835780292204,61.290234402812864
23.13,38.64,0.66,1.6,8.68782758252577e-06,7.763914943731489e-11,0.2206760793956437,62.05554451526686,8.46251592612656e-06,1.34474592913653e-10,-0.2008701641593642,60.52839523418771
17.11,82.48,1.2,1.27,1.79248478023587e-05,2.7701257780929303e-10,0.2189187793966057,61.74107039880336,1.75858816581764e-05,1.4290195401876e-09,-0.1705833953986487,60.68314669853612
26.11,99.46,1.27,1.56,1.83711437629982e-05,1.91377572488896e-10,0.2221515721663113,62.4859624805085,2.20635246276058e-05,1.02446801724559e-09,-0.1704524171863884,59.19954063929824
7.58,75.04,0.31,1.4,2.27944277374823e-05,7.22125000279218e-10,0.211960440178846,60.83224114351718,1.70170641985878e-05,6.74049811721572e-10,-0.2122068145382773,60.0181321440455
26.18,89.05,0.56,2.66,1.85541479119205e-05,1.76879686731085e-10,0.218883573976355,61.98628154015192,1.96721614601544e-05,3.51429643382904e-10,-0.1944665299562575,60.6990635576922
13.92,68.34,0.75,1.32,1.71091812090158e-05,2.7466515737373903e-10,0.2178004730043284,61.6464914837969,1.44780201052379e-05,6.44859352463848e-10,-0.1923099856260189,59.85781263072071
8.82,56.07,1.26,2.06,1.43374971779643e-05,1.6743470477326702e-09,0.1925953167974951,66.3650179509538,1.23454141100719e-05,9.404748828961822e-09,-0.1368399670827811,65.00445248234007
36.71,99.6,0.49,1.44,2.05481996823916e-05,1.0835165730604601e-10,0.223056843480114,60.56253065265453,2.24252682575847e-05,1.34844034039141e-10,-0.2115485098986507,60.462936193027005
31.36,75.99,1.0,1.93,1.36058974117408e-05,1.13972466791619e-10,0.2225192881869818,62.287456794618336,1.68775556689655e-05,4.31112056471579e-10,-0.1801320149426171,61.65526162281768
35.56,28.56,0.21,2.63,6.0835436687085e-06,3.58243712100977e-11,0.2196078526800997,61.54642839267452,6.2620394519927e-06,3.66942611673767e-11,-0.2144028824653355,61.41484401876329
37.33,54.02,0.55,1.29,1.08992280488543e-05,5.72987445543716e-11,0.2234869588358592,60.494417585882005,1.2061622683198e-05,7.640503580856819e-11,-0.2101388831097432,59.97826821137748
23.64,37.72,1.22,2.7,7.14101497812516e-06,1.0110739531991601e-10,0.2174028298265445,61.29567641284572,8.36976206685796e-06,6.32286923986277e-10,-0.1608859912661653,61.35721426622
22.19,42.35,0.37,1.87,1.03577967238857e-05,8.750421432235969e-11,0.2198660097159745,61.85638200551835,9.28774634554346e-06,9.6058505884077e-11,-0.2129933758692688,60.906986345169074
32.94,25.33,0.61,2.37,4.81507504684422e-06,3.5310668303866094e-11,0.2210099304338345,61.94396235520434,5.41296269498528e-06,6.805382996562659e-11,-0.1975853794242794,61.34283397782027
30.84,91.79,1.38,2.18,1.47998545114311e-05,1.54351087937795e-10,0.2223526198606521,62.4132949034892,1.98698073744794e-05,1.3109478613632601e-09,-0.1574932840862203,60.15044142720556
30.65,15.53,0.62,1.75,3.25762989224343e-06,2.1522072222561898e-11,0.2222494046799569,61.21375874633768,3.10476537705958e-06,4.07974539492392e-11,-0.2006289096999936,60.52506354944514
13.74,59.09,0.49,2.24,1.52536491826249e-05,2.880778842709e-10,0.2141223010487628,60.81357747630967,1.32354305106458e-05,5.62019055778987e-10,-0.1935979187487466,60.491458082187656
21.43,93.74,0.34,1.69,2.35071750001843e-05,1.96379100559137e-10,0.2201176972969581,61.65484474025384,2.07190986383945e-05,1.95759654816421e-10,-0.2160661885707915,61.30139012194301
42.42,83.3,1.11,2.76,1.20185695494892e-05,9.39751478739068e-11,0.2231340115025347,62.47850596560426,1.81312903960842e-05,4.87268426296303e-10,-0.1716935530693652,58.97833729128375
12.34,44.73,1.42,2.14,1.03279787982745e-05,4.91001449416246e-10,0.2051700134277201,63.65394598096288,9.62318774298253e-06,5.38573728386812e-09,-0.1324518554285714,63.13585115831821
10.2,88.24,0.47,1.6,2.49259109776202e-05,5.861605785022401e-10,0.213788288959107,60.697793632824485,1.98383626300642e-05,8.56684359745611e-10,-0.1997719567195758,61.86334631171912
44.91,30.79,1.45,1.95,4.08671782671706e-06,3.1193741844420497e-11,0.2246369543523651,62.11376283596268,6.27945770164282e-06,2.31547026913541e-10,-0.1622619488415779,61.22014627202256
20.66,83.52,0.92,1.96,1.81086659649987e-05,2.3244481375133002e-10,0.217357135015109,61.428838248837145,1.89734735803944e-05,8.49243768780961e-10,-0.1772253362493091,60.80373946573048
8.54,20.9,1.25,2.12,5.42731155230639e-06,6.47399312729753e-10,0.1926533729790743,66.4609044168557,4.42689018915804e-06,3.3473991733747e-09,-0.1392455157279857,65.08155842494789
15.4,90.11,0.47,2.15,2.31542503950243e-05,3.63429919077251e-10,0.2146150947849972,60.971811539029225,2.01092365387111e-05,6.10338512285745e-10,-0.1975254864897196,61.674999339945884
29.29,47.74,1.08,2.57,8.48767675199322e-06,8.831578202712279e-11,0.2196953222226198,61.90367797548391,1.05222658041669e-05,4.44041901182906e-10,-0.1699226068874128,59.35843720128372
40.88,16.06,0.32,2.14,3.36218681808376e-06,1.6323751980674197e-11,0.2208070232993268,60.86127843799502,3.38447783397472e-06,1.7664147516744798e-11,-0.2139098549184099,61.20599651638459
8.2,19.33,1.23,2.48,5.06451634473192e-06,7.88953265493684e-10,0.1895616048326306,67.24872481684186,4.20568626906769e-06,4.395723986954141e-09,-0.1328843591306235,67.63691255758424
30.87,93.16,1.2,1.39,1.63372859739998e-05,1.37729993163146e-10,0.2237745087059649,62.08354550035205,2.0100332568902e-05,6.66390772517365e-10,-0.1749949566568477,60.081656381406205
37.99,98.79,1.37,2.12,1.45401533241521e-05,1.26325239414035e-10,0.2235930977444898,62.651598731409536,2.21581967686775e-05,9.17553234583168e-10,-0.1614005692480913,61.41479806489813
10.87,40.36,0.86,1.39,1.07130090023841e-05,2.74185421682381e-10,0.2132763825613919,61.19422912985474,8.81275821969469e-06,8.08288714315265e-10,-0.1794797053011201,61.114934218023016
16.42,44.77,0.23,2.63,1.17185669315022e-05,1.77375458209484e-10,0.2127174117531268,60.54144443537028,9.63446576182045e-06,2.06114115660223e-10,-0.2066764947388166,60.3548927407973
30.98,28.88,1.21,1.29,5.08710977314315e-06,4.1715839472303096e-11,0.2238931656168634,61.89390150733655,5.98406947469757e-06,1.91435136314152e-10,-0.1766092168117635,60.60874881437869
28.02,80.64,0.54,2.95,1.62866793365353e-05,1.55420741195647e-10,0.2179330615167239,61.74449331192207,1.82358300701898e-05,3.19996735499355e-10,-0.1927029854136415,60.15894470370608
41.89,17.59,0.63,1.39,3.28223803718112e-06,1.6503625078998398e-11,0.223961955510044,60.43717816249489,3.70391551392018e-06,2.4658118496240598e-11,-0.2079669159037558,59.32551171894994
10.28,47.38,0.28,1.47,1.39311755984738e-05,2.59967224533384e-10,0.2160843416281551,61.43874928771253,1.06532564142974e-05,2.59729675681989e-10,-0.2134975329708019,60.52481356871125
13.89,17.0,0.53,2.52,4.38178514370992e-06,8.596453558602219e-11,0.2135467039096962,60.71013866163224,3.59461899242693e-06,1.60311157090602e-10,-0.193877351017701,60.6488532494117
16.08,30.66,1.36,2.55,6.51650682942988e-06,1.80229446476638e-10,0.2107334778154114,63.58804340378842,6.77796085761169e-06,1.8426465542810102e-09,-0.1421140396248943,61.309029136444224
32.72,10.07,0.88,1.91,1.90347400531473e-06,1.3635511333745598e-11,0.2222932454787776,61.67343084245069,2.04969518586241e-06,3.6212230690060096e-11,-0.1911289794128932,59.59461868654828
16.45,15.01,0.2,2.23,4.06293000246744e-06,5.0191309057138395e-11,0.2149805876566318,61.22927647632726,3.07384371660186e-06,4.7312918728311004e-11,-0.214374714681471,61.30403536421544
39.92,99.25,0.43,1.33,2.06037281250243e-05,9.78776890472424e-11,0.2225709386689141,60.35960116417525,2.18491843896542e-05,1.0935598264807601e-10,-0.2143486581019558,61.00237437513223
21.12,25.56,1.21,2.82,4.97149800776145e-06,8.190835411583559e-11,0.2164498786641578,61.08839169718249,5.51595029639655e-06,4.868512069679041e-10,-0.1612651175579915,61.49497456160537
40.01,81.36,0.78,2.72,1.3440451371659e-05,9.7114932743042e-11,0.2211783519238874,62.32242645344198,1.81586707225213e-05,2.85324746623208e-10,-0.1856026930820086,59.24705912150406
35.0,46.96,0.51,2.18,9.41231997690115e-06,6.02406684153828e-11,0.2204781077136446,61.679990510759644,1.03240106665824e-05,9.449002489811889e-11,-0.2039424216806913,59.10864402521053
7.44,63.42,1.18,2.27,1.67819260694146e-05,3.4630674808283305e-09,0.1861318435726608,68.27181741901809,1.39078634445674e-05,1.8094930057634e-08,-0.1299280804387544,68.56064876794322
9.26,64.49,0.55,2.98,1.7437760980148e-05,1.5833357667648902e-09,0.1929717988764697,66.21203239915671,1.44644851322865e-05,3.3638461477260703e-09,-0.1655232265544523,63.01524556995798
17.69,90.3,0.86,1.28,2.12403207999077e-05,2.60449335797846e-10,0.2198675216040963,62.15332789426843,1.93836415160206e-05,6.80394657542849e-10,-0.1899493830497818,59.04105897837045
20.37,89.72,1.05,2.87,1.82978976412339e-05,3.24996385535216e-10,0.2140109601795347,61.193790242598034,2.01979422748968e-05,2.03329878390108e-09,-0.1586480120708541,60.80727184532165
27.17,97.82,0.78,2.55,1.89430946735136e-05,1.89079253826933e-10,0.2195210055698327,62.02155704872947,2.16978509570169e-05,5.47718586115328e-10,-0.1845936352854648,60.25367345871508
43.75,14.83,1.38,2.96,2.03722387467444e-06,1.64509083206483e-11,0.2232389961805731,62.61410332431497,3.08527047805314e-06,1.49220990593749e-10,-0.1563432459283899,59.75130518173581
22.97,40.91,0.57,1.5,9.50552435214177e-06,8.039179687447109e-11,0.2208728295496175,61.77489940021825,8.97248570181136e-06,1.13504534576667e-10,-0.2074633025572619,59.05852402101071
38.58,13.85,1.44,1.33,2.09528500921968e-06,1.5829372164278698e-11,0.2244642497955765,61.79334145324628,2.85784433581576e-06,1.07920461314853e-10,-0.1654540161468773,60.132649233718006
7.24,35.35,0.68,1.9,1.00899033375523e-05,7.528484162791961e-10,0.2012570691714186,63.63296180761238,7.88313596291923e-06,1.5610233762000402e-09,-0.1766065468166712,62.82563539094011
28.48,38.14,1.11,2.09,6.94436079188041e-06,6.84760800886839e-11,0.220905204048866,62.237401409538194,7.84110451423285e-06,3.13716707817066e-10,-0.1735231139206559,59.52548572335982
36.78,32.32,0.65,1.52,6.19877012738778e-06,3.59915748297281e-11,0.2233604745145388,60.88298982949185,6.68150932800149e-06,6.05504431565123e-11,-0.2038320175317357,58.766855609358224
9.18,13.67,1.34,2.73,3.49417330495669e-06,4.84734969437856e-10,0.1896355583869358,66.94065486242295,2.5978844860511e-06,3.3198187030467802e-09,-0.1271366136199135,68.04622352058516
12.1,43.1,0.55,1.36,1.18663984212241e-05,2.11151477914707e-10,0.2152641164582175,61.07072642548513,9.73760788081715e-06,3.53230690593401e-10,-0.1979716435494019,61.31658180093649
12.23,72.13,0.29,2.32,1.98658452475838e-05,4.60542766521718e-10,0.2101593748399229,61.4831553141386,1.59483631031598e-05,6.38237262116548e-10,-0.1973692237100168,61.34157956157886
43.14,47.94,1.15,2.61,6.90535858530313e-06,5.2262147354595004e-11,0.2234998863655387,62.33782664066166,1.05122476647229e-05,2.77588128138512e-10,-0.1715044646087197,58.91142289859523
34.64,53.83,0.34,2.33,1.13446865741445e-05,6.943084308831519e-11,0.2198895335332191,61.59117178183834,1.19963812020022e-05,8.291108237055169e-11,-0.2106861281253696,60.265440458545314
17.91,73.89,1.18,2.47,1.55446306026486e-05,3.04536788117283e-10,0.2149736918757153,61.374942992995365,1.63062119609365e-05,2.28791064329421e-09,-0.1556536249852134,60.962263324665685
34.84,64.72,1.31,1.58,1.05174859702995e-05,8.746893548086829e-11,0.2232599003173782,62.33103494662338,1.43206936209568e-05,4.99489876875084e-10,-0.1698268111569441,59.14986010527427
15.58,55.87,1.1,2.75,1.2573872758183e-05,3.37756765114614e-10,0.2104331590117549,63.53587439180078,1.26452700954152e-05,2.2676188738590104e-09,-0.1543640382059465,62.55177555802834
40.81,67.09,0.94,2.04,1.08676932246115e-05,7.394887868642659e-11,0.2227968998976058,61.84334069245369,1.47508607662185e-05,2.46267013346708e-10,-0.1832910397628385,59.87929283903316
13.82,28.51,0.47,1.57,7.59560731322033e-06,1.10302053903939e-10,0.2175778856138709,61.760871819889246,6.26197603400006e-06,1.46839443512782e-10,-0.2079915482702648,59.70769060041192
32.08,92.54,0.29,2.02,2.07061242126137e-05,1.22872387392518e-10,0.2208078525855384,61.13823451576002,2.04150270132784e-05,1.255763928803e-10,-0.2158784111705615,61.00532144404046
32.08,18.73,0.57,1.21,4.04361962832607e-06,2.3353914305745697e-11,0.2231401429814547,60.59456117264446,4.02501705386309e-06,2.9849349720152e-11,-0.2113774515855767,60.391950067130246
28.8,43.57,0.9,2.95,8.11550658232045e-06,8.46561378880736e-11,0.2185504596233555,61.7032696693589,9.68248249226146e-06,3.2705912120418903e-10,-0.1754950970675731,60.29480574750739
28.62,68.28,0.81,1.62,1.38683684204468e-05,1.0864295633567301e-10,0.2216826330787388,61.91218644998028,1.54341948799785e-05,2.65070152840159e-10,-0.1919416757240778,59.7587773399787
23.61,68.17,1.22,2.3,1.29607456300287e-05,1.72526103681033e-10,0.2184372263865467,61.53930362254753,1.53093286393792e-05,9.91337137119151e-10,-0.1643074854836112,61.71919556674467
19.15,12.29,0.95,1.81,2.7944806452737e-06,3.5008927454947597e-11,0.2183544300265337,61.80122559038688,2.50888110926118e-06,1.09109094021995e-10,-0.1832236567308596,61.45386456603135
29.42,11.11,0.42,1.92,2.47532239139955e-06,1.64759146855582e-11,0.2202176331764592,61.36887815616987,2.1682189572726e-06,1.99078965204625e-11,-0.2108328784089861,60.14916874363793
29.42,49.27,1.16,2.66,8.48113415667865e-06,9.31956525240457e-11,0.2194327155357472,61.79617403539888,1.08343197466357e-05,5.56844607375819e-10,-0.1639840992873223,61.28704663510256
7.51,92.41,0.88,2.76,2.46482592168509e-05,4.79869385630088e-09,0.1863876779078918,68.0447373929236,2.01737600151867e-05,1.85746836208531e-08,-0.13984534052564,67.3891246514006
32.36,17.18,1.2,1.28,3.05702302471712e-06,2.3415252716701398e-11,0.2238312709533787,61.73767660504084,3.64188360420024e-06,9.330839385542129e-11,-0.1801415441042541,61.502948167521886
36.37,17.31,0.97,1.54,3.10159178576381e-06,2.0163604714351398e-11,0.2239746102796394,61.30998641991573,3.70609145372753e-06,5.8697213691627e-11,-0.1894502204867217,58.96586600548466
20.09,34.52,1.43,2.37,6.72009162890444e-06,1.24765651057567e-10,0.2150903164447644,61.12732282298176,7.28497996267976e-06,1.3195284900555801e-09,-0.1455254915983664,62.31691015182468
19.96,95.61,1.15,2.83,1.9193810182452e-05,3.6540117134601103e-10,0.2139387957633748,61.60508885155432,2.06991270789778e-05,2.7684840789115303e-09,-0.1541666462965026,61.15263820165634
18.65,27.52,0.91,2.59,5.97422699744122e-06,9.91803468486883e-11,0.215354379939538,60.96835824451263,5.76407160210209e-06,4.26605745808978e-10,-0.1719643798564773,60.66689573798792
44.73,72.19,0.46,2.73,1.26044603415482e-05,7.204381806234609e-11,0.2211742174292426,61.66054633298593,1.58383214239299e-05,1.12655338735042e-10,-0.2035205581427556,58.93876958310416
28.7,44.97,0.76,1.67,9.19899353213641e-06,7.100610664128729e-11,0.2214928601036026,61.85021828367926,9.88660594073674e-06,1.59571144464206e-10,-0.1938820762294002,60.39392590528168
31.38,42.65,1.44,2.54,6.74405481001003e-06,7.370241668605309e-11,0.2216224118650844,62.20902798825657,8.8658005403314e-06,7.20654225808515e-10,-0.1535870419128317,59.51763696587942
29.84,48.93,1.45,1.65,8.27935123358166e-06,8.40076849030224e-11,0.2216786344066148,62.29295243018393,1.07434931325528e-05,6.12377008864468e-10,-0.1605400638481627,61.08270877862879
38.79,54.74,1.29,2.23,8.09960499728302e-06,6.790245782335009e-11,0.2233018528976351,62.53584097879582,1.20794724937038e-05,4.16645843027782e-10,-0.1662146795772867,60.002036121396536
32.96,16.33,0.59,1.24,3.46763637871724e-06,1.9896533772029298e-11,0.2229993097749105,60.63143434695928,3.50958941013237e-06,2.68645832060183e-11,-0.2099158541379493,59.89774388207303
43.37,53.81,1.32,2.76,7.32144983995233e-06,6.03182364543682e-11,0.2237054738973576,62.65388859404174,1.17467554658205e-05,4.18236140359299e-10,-0.1625200109620155,61.25250220397263
13.84,95.05,0.32,1.74,2.60337369805575e-05,3.68361264772936e-10,0.2169521018322923,61.67629404443885,2.13831791557359e-05,3.84665915944113e-10,-0.2129466852034057,60.79160606225588
11.24,84.73,0.79,2.48,2.1616789825423e-05,8.958883383202601e-10,0.2065064384444766,64.30817238896915,1.89747972888179e-05,3.3300402054542704e-09,-0.163680731795652,62.260002014203685
22.71,63.4,0.72,1.37,1.44127376514077e-05,1.27121622930794e-10,0.2214338287044519,61.901909893649744,1.39781184863618e-05,2.2981908501842601e-10,-0.200183187671246,60.725319017903736
9.36,89.55,0.7,2.25,2.39255294561143e-05,1.44167147996958e-09,0.1999747895395664,63.121187101518125,1.94290041264051e-05,3.3245312173722804e-09,-0.1722567256057212,62.97696444044058
8.07,94.63,1.14,1.75,2.52273691945575e-05,2.59636046476799e-09,0.1954936165657587,66.3557601100656,2.11520442465075e-05,1.06409881464969e-08,-0.1491964601568696,63.04420781023991
42.97,69.13,0.49,2.21,1.26797896763564e-05,6.760926061177089e-11,0.2223449722689728,61.09320235570899,1.53814678836899e-05,9.953856188476338e-11,-0.2070581953984585,59.04898671756306
31.86,44.74,0.27,2.31,9.94342328347985e-06,6.217071378202601e-11,0.2200384781413631,61.5019347508546,9.81795783772064e-06,6.650960485765869e-11,-0.2139795213859229,61.41219877582352
27.45,16.65,0.99,2.18,3.22396326245423e-06,3.0060837288908095e-11,0.2208133518147407,62.354871643414135,3.48111697405113e-06,9.5639499189113e-11,-0.1832783061999756,60.54376624548436
26.19,72.78,0.33,2.2,1.68636122027877e-05,1.28350549134428e-10,0.2196837646816064,61.91157166981723,1.59947736700083e-05,1.48989337286025e-10,-0.2110082312502459,60.26049641307355
17.14,42.17,0.39,1.3,1.11983053165506e-05,1.10137122382039e-10,0.2203511327957609,61.6408156878574,9.53879486668487e-06,1.19052736564877e-10,-0.2145087908589244,61.19489292452224
40.45,17.2,0.24,1.26,3.95506715146817e-06,1.6179181416041e-11,0.2218554736590172,59.88159263287025,3.62748085759309e-06,1.3119029658022099e-11,-0.224504343619762,58.92754959395301
18.19,76.64,1.36,2.93,1.51899647885515e-05,3.77654030144595e-10,0.2126936139691117,63.30736853709457,1.71013485218456e-05,4.436083161246941e-09,-0.1394044917782528,61.76905299527101
37.82,86.02,0.43,2.0,1.73498406352283e-05,9.576540262691e-11,0.221741341569535,61.07723907152943,1.9394516144673e-05,1.24149310674666e-10,-0.2095468227825043,59.82561348596535
10.49,89.58,1.34,1.91,2.17571935328796e-05,1.2843943798565702e-09,0.2038971499851921,63.762451414044286,1.94115799919747e-05,1.14254148171016e-08,-0.137143464746053,63.53694263972484
15.71,28.78,0.92,1.99,6.71977507626193e-06,1.23521528586521e-10,0.2146563848840121,60.7874217213283,6.08425108231607e-06,4.5296458227394803e-10,-0.1758110394663561,60.36446758156482
25.5,90.42,0.86,2.25,1.80393915513915e-05,1.84167408167107e-10,0.2198043246679459,62.0576617831667,1.95014743402151e-05,5.55761833369518e-10,-0.183937665479628,60.542990716116975
21.35,17.1,1.45,2.02,3.36213602931553e-06,4.7418666689840495e-11,0.2191101420658803,61.73104531378967,3.67110514999346e-06,2.92643158271276e-10,-0.1632961841425946,62.078709471996746
7.56,87.14,0.75,1.7,2.48239418213962e-05,1.5783830475981901e-09,0.2032020544580858,63.18189017017244,1.97797728946493e-05,3.6059038971633604e-09,-0.1758455066495035,62.36014440933912
19.12,35.83,1.47,2.82,6.89138964967153e-06,1.5941958738910801e-10,0.2133706095836765,62.81619800185367,7.44162154665215e-06,2.0500980769447603e-09,-0.1381187125990178,61.48645451403407
30.93,27.4,0.36,2.29,5.97730298678243e-06,3.9227284269657396e-11,0.2205659044208131,61.53758838544724,5.91837478556183e-06,4.8575508310104797e-11,-0.210686612531308,60.29807389604637
9.33,82.49,0.86,1.61,2.26816345230352e-05,1.00766047934164e-09,0.2053336404448621,63.838834200997255,1.86702991666701e-05,2.68606475708863e-09,-0.1739150509045468,61.58467240002154
23.08,62.09,0.59,3.0,1.33322668790411e-05,1.6008700543864401e-10,0.2164859891356748,61.35549143808095,1.36800008187225e-05,3.57913156829583e-10,-0.1900734563647941,59.329396373191024
26.07,31.76,0.53,2.94,6.63010561698305e-06,6.464772743808929e-11,0.2183825535283023,61.88074580525449,7.03213326183834e-06,1.29934109023669e-10,-0.1940186035765774,60.602511979954144
22.39,10.84,1.41,2.38,2.14358830767225e-06,2.9004309464910597e-11,0.2183516975175214,61.6191540506368,2.22508494509642e-06,1.69547436937976e-10,-0.1644625957269168,61.96868594628982
31.9,97.01,0.94,2.54,1.70394196495967e-05,1.53002773968029e-10,0.2211285366561616,62.32510821994384,2.1859214020744e-05,6.1519733652427e-10,-0.1771188575444234,60.891325130868005
8.32,35.6,1.12,2.08,9.47012958572027e-06,1.08434926797508e-09,0.1932749683378563,66.7705480874006,7.6203471226651e-06,4.86364185531342e-09,-0.1435448848933636,64.3132459222504
26.96,10.04,1.06,2.2,1.93762801842118e-06,1.8530391339174397e-11,0.2208107982328334,62.36704870680113,1.95661384027621e-06,7.21189901102086e-11,-0.1779566944377827,60.99626154641025
9.04,22.18,0.98,1.54,5.99779599161841e-06,2.96158623365296e-10,0.2049139314678481,63.70621689678335,4.87167984200272e-06,8.912937573979711e-10,-0.1702748550077457,63.05589105955342
42.55,48.5,1.42,2.99,6.38667078707544e-06,5.7646059148357895e-11,0.2235221642304105,62.58131444016117,9.81884003057468e-06,5.38261338299328e-10,-0.1550199569257216,59.27716048720015
17.22,14.37,1.08,2.75,3.05557399224525e-06,6.06141263588388e-11,0.2147276329477528,61.15824549432738,2.93269043145364e-06,3.25525408484762e-10,-0.1644548551790801,62.75775965669758
10.0,23.7,0.88,2.4,6.00612119731281e-06,3.05852998284108e-10,0.2058412296360201,64.03646795722325,5.09997201241264e-06,1.21942618381666e-09,-0.161227413787382,61.3698289728145
23.36,80.45,0.87,1.71,1.71459333032528e-05,1.71572802236758e-10,0.2202434884433339,62.24892035793908,1.80650204046322e-05,4.50647711731171e-10,-0.1894539838693691,58.96361007360146
40.82,23.12,0.43,1.21,4.79279820470209e-06,2.2028403563784698e-11,0.2225411284066122,60.20909255838826,4.97082843407077e-06,2.3811789492121e-11,-0.2154755885061508,60.58121077799468
33.69,90.58,0.3,2.4,1.93408180442487e-05,1.20446063716534e-10,0.2198383884552269,61.61499554924618,2.00026063090062e-05,1.39670096436714e-10,-0.2115090833843008,60.55937765021585
20.91,73.96,0.73,1.89,1.69094500716241e-05,1.89315588017284e-10,0.2177417603437082,61.64092068271509,1.66488403440329e-05,4.78817780395023e-10,-0.1891598300479928,59.15562554159624
14.78,38.78,1.23,1.63,8.87244291797314e-06,1.90872967254543e-10,0.2146794725796559,61.16788653387853,8.30881625170732e-06,1.1169358301391102e-09,-0.1624924745715163,61.84938394309482
14.36,46.24,1.25,1.68,1.06294880700588e-05,2.45537107790526e-10,0.2141547097902707,61.70327393274184,9.55671784610734e-06,1.6684934488381201e-09,-0.1584582177885905,60.51040263952683
25.94,47.38,1.21,2.34,8.58337101750791e-06,1.00244624670578e-10,0.2204244341120283,62.04321899580974,1.05329646579854e-05,6.02322355616305e-10,-0.1647968219117541,61.28627587884638
12.64,75.31,0.97,2.86,1.77947924959521e-05,8.22672523088824e-10,0.2036093725003198,63.38288127210562,1.65898905518361e-05,4.82672256502012e-09,-0.1480534821972954,63.27991746464826
15.07,11.02,0.54,2.19,2.76091671387647e-06,4.38054151911743e-11,0.2154604171136758,61.22971118202611,2.25681901280819e-06,7.51118886831437e-11,-0.1982860289785657,61.883778621522985
22.5,66.72,0.45,2.53,1.52910838645639e-05,1.57283735363751e-10,0.2178118603105715,61.80242758017853,1.47291349148101e-05,2.41370165602777e-10,-0.2015570740858925,60.75267179897503
43.88,56.92,0.71,2.98,9.10362469543363e-06,6.03402909183154e-11,0.2217483431299314,62.108268450622354,1.26282028652425e-05,1.55718752533365e-10,-0.1900517229063232,59.26106441174975
30.63,38.68,0.74,2.15,7.53029193716906e-06,5.83168600893943e-11,0.2216600082817141,62.04555472606765,8.41978440988133e-06,1.38638331093979e-10,-0.1926723518610594,60.11661827914991
21.56,84.44,0.96,1.67,1.80158937687885e-05,1.99771730047246e-10,0.220425748302118,62.22716357671991,1.8201162933025e-05,6.22360138452511e-10,-0.1843206736745556,60.73529197403844
11.8,25.91,0.44,2.96,6.72409066382113e-06,2.42987358300169e-10,0.2064363821896618,64.5551903965833,5.51053298988539e-06,5.10339374333331e-10,-0.180174343701472,61.81191430659139
25.09,22.83,1.23,2.72,4.24824648173391e-06,5.5755640732451004e-11,0.2174908563537768,61.32174240315458,4.89801602342836e-06,3.26709650015612e-10,-0.1629976115421304,62.059091704311214
29.91,31.07,0.68,1.64,6.38866572926832e-06,4.62351750091678e-11,0.2212068759508914,61.64277929692325,6.45360080712844e-06,8.812386373673229e-11,-0.1982905384205776,60.915124717692585
9.5,16.67,1.01,2.13,4.3999128823727e-06,2.30435154684255e-10,0.2048279582402428,63.714914813096016,3.51279174753392e-06,8.834332891457521e-10,-0.162082627644556,61.55401744184834
22.75,75.43,0.96,2.81,1.50911410712683e-05,2.07300972233307e-10,0.2170402661705871,61.31193703697954,1.69743681722705e-05,8.74880951491637e-10,-0.1725066765573754,59.37545754273119
31.23,34.7,0.65,2.34,6.79195839052969e-06,5.1594767184327e-11,0.2212245888903832,62.07116737004617,7.18232635888848e-06,1.09634730020339e-10,-0.1954392555232361,61.08130064706237
16.01,81.03,0.22,2.3,2.14559681147959e-05,3.02708825890084e-10,0.2140674964533415,60.93433123762945,1.77963767152971e-05,3.21631399992462e-10,-0.2100197462645746,59.95146538279282
39.3,39.0,0.52,1.69,7.65080667814742e-06,4.0827039518152094e-11,0.2224181575526084,60.86694833319704,8.52680191849597e-06,5.757524091259249e-11,-0.2081181971200218,59.33020805280071
24.28,86.16,0.58,2.59,1.84319365883298e-05,1.9531182100933e-10,0.2173771380166202,61.59553393924097,1.91529903115346e-05,3.81380148765422e-10,-0.1939212467491745,60.53051909710548
14.67,74.34,0.66,1.62,1.90465934989901e-05,2.92412667703683e-10,0.2167229472776512,61.4349899620122,1.65835638609667e-05,5.94814039101453e-10,-0.194379915425848,60.5720095659627
20.59,18.68,0.56,2.27,4.41233696571486e-06,4.9020520905909097e-11,0.2169898759047129,61.55414120811978,4.06214007799382e-06,9.24558865179641e-11,-0.1955846190851832,60.97146375279139
31.67,18.16,0.3,2.94,3.88852371765787e-06,2.71643777575031e-11,0.2191887688357285,62.130506022773325,3.85896444580506e-06,3.3410376927767696e-11,-0.2094892458414267,59.95653583649893
8.15,90.07,0.95,2.37,2.40676355224049e-05,3.0014864449001203e-09,0.1920935949045478,66.22689784722961,2.03330484351115e-05,1.11164840882692e-08,-0.1471748342225608,64.29101106134756
44.51,13.11,0.68,2.44,2.2161273176359e-06,1.26493766412025e-11,0.2224764209475845,61.343285912738594,2.5989032700125e-06,2.5974030873247598e-11,-0.1968848968125128,61.23635756508314
13.51,54.64,0.33,1.85,1.4934296396608e-05,2.23437443597693e-10,0.2165989640302201,61.55711983073525,1.20012670731284e-05,2.6835802330549703e-10,-0.2100904109388417,59.98297653426785
23.38,50.8,1.06,2.27,1.00487584034375e-05,1.23241510261799e-10,0.21881723570628,61.722717990135386,1.12893567844323e-05,4.94980115753353e-10,-0.174993843456174,60.07492050311532
18.54,27.07,0.28,1.55,7.14855463393181e-06,6.58593672301123e-11,0.2195402889145533,61.67359985061116,5.93248076615931e-06,6.296454865112549e-11,-0.2172850665323319,60.98897316492294
27.3,64.06,0.84,2.26,1.23682058462633e-05,1.1820283649546001e-10,0.2204514967969544,62.24762380896024,1.36089564851133e-05,3.47478860788587e-10,-0.1852370010442767,59.95087223256533
28.17,81.96,1.33,1.65,1.43064884182846e-05,1.47771576667577e-10,0.2219957492114885,62.40709382604857,1.76157682733208e-05,9.01584088514578e-10,-0.1657565837983125,60.58481780774774
9.76,49.93,1.29,2.16,1.2391463547026e-05,8.76228912780299e-10,0.2016782247660265,64.93865473488708,1.12796983677661e-05,6.836969203028911e-09,-0.138170824711343,64.24214067499453
9.23,97.34,1.13,1.83,2.54030137023914e-05,1.93009601176673e-09,0.1976882781120263,64.93158565212056,2.17476874389271e-05,8.09821148940911e-09,-0.1518110800132604,64.04658184070063
36.0,53.01,0.82,2.02,9.38845121565496e-06,6.52390693367357e-11,0.2229568940523104,61.71085622542527,1.1760745052022e-05,1.73863419005447e-10,-0.1906481959815937,59.4394790223548
25.38,69.58,0.89,1.78,1.40701832406052e-05,1.36618847482729e-10,0.2199081681448214,62.11372635188679,1.48074656889302e-05,3.79500119949482e-10,-0.1875580710258215,59.24391159982585
9.57,34.58,0.55,2.18,9.43880752570425e-06,3.5856409328814403e-10,0.2084304057790321,63.80079232055816,7.57082974765101e-06,7.47005732831192e-10,-0.184138553147859,62.79532765304693
41.92,79.69,0.26,1.31,1.73661821707966e-05,7.15361648835681e-11,0.2227765743611235,59.80242508844604,1.72297494625926e-05,5.574915687323979e-11,-0.2256750583534544,59.373319265632816
17.02,62.29,1.19,1.81,1.35324718411137e-05,2.36295125322686e-10,0.2170754893301585,61.24282775550627,1.37158062835139e-05,1.4078173554835902e-09,-0.1636323343996048,62.29469971216958
14.25,54.44,1.41,2.92,1.17617502316347e-05,4.95577595059126e-10,0.2073548236827051,64.34512839331965,1.21035304462692e-05,6.33558678157896e-09,-0.1302732865306709,64.19383319011368
16.64,78.84,1.11,2.43,1.73694841322538e-05,3.91866235516378e-10,0.2119084661957897,62.31730022982696,1.73737996977657e-05,2.38152374135549e-09,-0.1583552611031144,60.69346517954595
13.94,50.05,0.39,2.68,1.29960664225688e-05,2.63179619222818e-10,0.2125489199087639,60.993286395126994,1.10970627610855e-05,4.3986590746299103e-10,-0.1955548646202146,61.27313320673307
27.95,14.75,0.28,1.68,3.59833303290409e-06,2.1910311551661197e-11,0.2207620226036883,60.85578869115896,3.02253852296716e-06,2.00126819721074e-11,-0.2193966383245587,59.6370464352554
32.63,48.38,0.26,2.74,1.03279747098943e-05,6.90584736341811e-11,0.2189035618567872,61.94850360298934,1.05509982429541e-05,8.0989534040065e-11,-0.2106414505765709,60.327341459670265
26.85,80.77,1.02,1.4,1.55060237228415e-05,1.39457140536293e-10,0.2224995224170676,62.15418970480981,1.7230529142293e-05,4.5456032086506e-10,-0.1841433233983772,60.076111997933296
40.1,49.35,1.13,1.39,7.96075319853797e-06,5.312272815200779e-11,0.2242200280069818,61.52786967856408,1.09535018769201e-05,1.99497805742932e-10,-0.1810268811979862,60.63043431663761
34.03,49.81,0.86,1.67,9.2832112249787e-06,6.45656009078517e-11,0.2226768044175287,61.64735197212788,1.11592379864999e-05,1.63777278709465e-10,-0.1918553644518539,59.82246766996124
14.29,26.99,0.51,2.32,6.95210473140167e-06,1.24629423622782e-10,0.2142920860546398,60.87751093021936,5.92528277813841e-06,2.39712647677729e-10,-0.1939689541052554,60.6038618965702
37.69,41.25,0.3,1.48,8.99573101297694e-06,4.2693022203242e-11,0.2224081582325655,60.23006752381388,9.05015252730013e-06,3.8315440366657695e-11,-0.2209651261411916,58.7077386805996
17.32,15.98,1.39,2.16,3.34955350926912e-06,6.54633141584713e-11,0.2158894515315965,60.99134849193932,3.29540510793563e-06,5.900478487451301e-10,-0.1521717109974459,62.15302850892219
17.29,98.67,0.49,2.08,2.46714531704651e-05,3.12439789637308e-10,0.2172779386783756,61.65497760000571,2.23336222209272e-05,5.44645462255418e-10,-0.1984692785033781,61.9634062382076
44.79,57.63,0.46,2.51,1.02060449437479e-05,5.5638172022424594e-11,0.2216903458514074,61.35811234385924,1.2424451560143e-05,8.251762358257339e-11,-0.2062220425628917,58.82119899716096
42.62,44.72,0.3,1.86,9.19151207760684e-06,4.1748255902183003e-11,0.2221149844666728,60.44355353507877,9.52400008160548e-06,3.94309568193309e-11,-0.2189550918833698,59.49500230943687
34.2,51.18,0.5,1.57,1.07089049351201e-05,6.23432186273945e-11,0.2219626066799385,60.97869674619556,1.12749628343154e-05,7.77228220579817e-11,-0.2107781542144788,60.21099653592843
25.99,94.09,0.85,1.66,1.94867455194837e-05,1.68631490766605e-10,0.2217319405241861,62.14331117462925,2.11821477529359e-05,4.41715621480725e-10,-0.1903636388249819,59.2450753057358
33.54,34.81,1.41,3.0,5.32531600103866e-06,5.849984711652629e-11,0.2206485326824757,61.93299889161015,7.32947147102748e-06,5.72570607257956e-10,-0.1520609618138087,59.92441887548195
13.62,52.57,1.14,2.09,1.23195735917659e-05,3.30770669525358e-10,0.212344211312793,62.82827155716886,1.16600594227785e-05,2.1628502798821e-09,-0.1575485051902681,61.66283961848558
25.19,48.14,0.66,1.3,1.09248930460336e-05,8.522237111113179e-11,0.2209356015571043,61.64855489944422,1.08085135418095e-05,1.31076775369148e-10,-0.204978734448113,58.79945242961694
25.45,45.42,0.21,2.35,1.09590311621454e-05,8.438987860134159e-11,0.2182708793845485,62.04859272850016,1.00869959184638e-05,8.030603183741079e-11,-0.2154704269854381,61.32621618934976
38.36,51.44,0.25,2.72,1.0464901518525e-05,5.97441422150711e-11,0.2200322618541548,61.56338039161506,1.13118407279265e-05,6.60516084039096e-11,-0.2120425227951467,60.70363938418988
25.74,85.91,1.48,2.38,1.47268525552099e-05,1.98636002445163e-10,0.2199645556898071,61.784163191119454,1.88770771860368e-05,1.9279728630928803e-09,-0.1511555587384131,60.43359520300052
31.14,76.36,1.11,1.73,1.3503269152678e-05,1.14760561459355e-10,0.2230304585513675,62.27637499471819,1.71842354649899e-05,5.07950385307713e-10,-0.176387666748959,60.58302110211577
11.92,24.36,1.22,2.04,5.87319878977499e-06,2.3286520163611e-10,0.2075193599698056,64.58503171311503,5.2501851225446e-06,1.57332450344467e-09,-0.1487907096072555,63.191070319805576
31.82,25.69,0.68,1.39,5.22711645723807e-06,3.3549899590030596e-11,0.2230601543598303,61.0312253704044,5.37628643158932e-06,5.889283094062649e-11,-0.2030420419067515,59.48592760578892
34.71,38.84,1.16,1.91,6.398210416363e-06,5.3148463395662294e-11,0.2224604840334064,62.360102682701005,8.29632722440684e-06,2.44796364662228e-10,-0.1746189778433984,59.94614347413341
21.42,60.65,0.63,2.37,1.34351502994466e-05,1.52075462323456e-10,0.218476602029134,61.85433773098718,1.31036305840836e-05,3.07034167059075e-10,-0.1943570139748815,60.64983755158113
27.12,49.51,0.77,2.6,9.65523686603771e-06,9.59464799894256e-11,0.2192591514653365,62.007084915696566,1.10113904964264e-05,2.65969300850948e-10,-0.1859526156292624,59.83057128504898
22.92,50.31,0.92,1.7,1.06763984187351e-05,1.0946538608934401e-10,0.2205141539204844,62.28713315158227,1.12683090997745e-05,3.03212280921566e-10,-0.1881210459708578,59.2796964088765
13.09,29.27,0.37,1.4,8.21388233006336e-06,1.13692257491309e-10,0.2177061371246947,61.822992231928886,6.42134271822383e-06,2.96453172343738e-10,-0.191527964640112,59.23044250260995
44.93,47.21,1.07,2.9,6.68806912095752e-06,5.02333601588199e-11,0.2227443264156074,62.43008428605673,9.51066388493592e-06,2.48137905731326e-10,-0.172614624435622,59.27783777805328
43.34,74.03,0.82,1.57,1.25184351305948e-05,7.0125089096666e-11,0.2241749543541531,60.976087319664416,1.63265153216251e-05,1.58019552864109e-10,-0.1954400670716171,61.020838810446165
9.63,92.72,0.5,1.48,2.61177429776724e-05,6.4529147594574e-10,0.2141069576902144,60.72249445466739,2.06640709330014e-05,9.50320708745317e-10,-0.2003327956721367,61.96952598399194
44.28,90.47,1.09,1.88,1.34153339631146e-05,8.949601540541579e-11,0.2243015146656538,61.69392141207248,1.99766226671868e-05,3.54161174152682e-10,-0.1792979442945744,61.24072465839436
28.41,10.8,0.56,2.27,2.3056397181491e-06,1.75059130516245e-11,0.2201958830663076,61.92513621942841,2.10655118003445e-06,2.90585198706531e-11,-0.2018770267628496,59.98817656999486
12.55,75.99,0.22,1.94,2.16604820155683e-05,3.83175667819658e-10,0.2128460686208169,60.55176694766559,1.7003308960178e-05,4.13398708999518e-10,-0.2082303951408824,59.13110997937973
7.04,58.25,0.4,1.49,1.72830448410643e-05,7.30786111910329e-10,0.2098479255256098,62.805037874513694,1.28680162249546e-05,7.952643573532241e-10,-0.206004043009839,62.84032041546005
44.41,75.63,1.22,2.83,1.03603943942341e-05,8.27479072797301e-11,0.2232744499527341,62.6159889664486,1.66308009454065e-05,5.31458336258444e-10,-0.1645282413788937,60.546832086849584
26.74,67.93,0.62,1.76,1.42567189166195e-05,1.14365109783139e-10,0.2213690881293498,61.7746686292958,1.41779365598769e-05,1.99086500766422e-10,-0.2009315496943584,60.2134425941238
42.36,86.34,0.28,1.57,1.83028023239772e-05,7.882395880996779e-11,0.2225496216104106,60.12999821282614,1.93995582963206e-05,6.75499078134243e-11,-0.222793061306291,58.60970286809841
44.39,21.62,1.19,2.52,3.12885477717536e-06,2.24887983880209e-11,0.2235578501711223,62.160555086724415,4.58594811307651e-06,1.12271901741303e-10,-0.1730481599336184,59.42452017265831
44.86,46.9,1.04,2.33,6.79288242279988e-06,4.719976869462379e-11,0.2236167357197099,61.9391777751173,9.83101961940068e-06,1.92129142312075e-10,-0.1779575550308362,61.06784536453146
31.26,89.13,1.06,2.81,1.51247132305188e-05,1.51991588237537e-10,0.2206431958871155,62.12086906183552,1.94995774724104e-05,8.244118450712511e-10,-0.1687255489885891,60.10734728551696
34.92,73.0,0.59,2.62,1.37448136376866e-05,1.00738748751888e-10,0.2199099517619465,62.22523885684371,1.61480657539081e-05,2.0632277412070502e-10,-0.1949004418442302,60.920980039456815
8.39,71.06,0.64,2.31,1.97496333708714e-05,1.46690232633445e-09,0.1981802184274971,64.50641049344758,1.59067940882591e-05,3.0499052943142e-09,-0.1725665055512574,63.464224144141546
23.01,30.29,0.97,2.95,5.84390805729007e-06,8.265202799105579e-11,0.2168583769852646,61.28968834913599,6.46670221966633e-06,3.61984689292249e-10,-0.1717733658311264,59.84123490981134
24.15,10.42,1.44,1.38,2.02397897926163e-06,2.2249688201111697e-11,0.2207365852050023,62.23236587759888,2.11576114982432e-06,1.08435419585911e-10,-0.1725603689421016,59.16824708775371
43.48,55.71,0.48,1.6,1.05977988260145e-05,5.0703944778793796e-11,0.2232549444362483,60.4665105269608,1.20698929239181e-05,6.2248240711932e-11,-0.2120007903102757,60.68778118060764
41.01,14.3,1.38,2.17,2.09426362915061e-06,1.6339572184254598e-11,0.2231255872699032,62.2723136530052,2.83971720394276e-06,1.29089014121186e-10,-0.1600445241866156,60.90290039534481
41.01,66.24,0.84,2.31,1.09361721052676e-05,7.40420401878395e-11,0.2220189607301171,61.98252676926151,1.46201736524713e-05,2.20766576064733e-10,-0.1861234446870383,58.91570868118216
40.3,48.76,0.8,2.77,8.01635182700605e-06,5.7665388790007393e-11,0.2211907139522707,62.3006745699579,1.08521992598433e-05,1.76153636508915e-10,-0.1844538768062462,59.63527438046824
21.52,18.89,0.89,1.49,4.20180306628856e-06,4.19770570519534e-11,0.2210939334903486,62.36015211560858,3.98315614018648e-06,1.00928114662677e-10,-0.1924597836271233,59.9091232038248
35.23,55.23,0.34,1.31,1.25957143951095e-05,6.224906569843719e-11,0.2216709792034702,60.393023420082905,1.19505668299767e-05,5.4923525280373594e-11,-0.2211220639514777,58.7300911823824
7.42,62.34,1.07,2.05,1.66239250252376e-05,2.45398082210535e-09,0.1916176243958688,66.01548025910935,1.35137129144075e-05,9.30520519388247e-09,-0.1458796546464674,64.96336040627732
44.01,25.22,0.48,2.48,4.53457765897269e-06,2.4631268639780898e-11,0.2218261182917454,61.306077733430925,5.32640405501739e-06,3.64509280292283e-11,-0.2065438819781643,58.88809230852274
22.81,37.03,0.6,2.16,8.27657361923403e-06,8.220513154614789e-11,0.2190605693083584,62.08547016707237,7.70348339775258e-06,1.49223234461026e-10,-0.1979594777445389,61.758738857243614
40.74,46.38,0.71,2.19,8.02177713097149e-06,5.0529567858045495e-11,0.2219592259394446,61.65212147438921,1.02533210744894e-05,1.13995904410544e-10,-0.1936403185747411,60.40083655919396
34.8,70.91,0.66,2.12,1.35192503980746e-05,9.264443751720269e-11,0.221140140476628,61.84909237964344,1.58606186951277e-05,1.89588231853263e-10,-0.1961618797092388,61.30470470073396
32.48,55.39,0.37,2.57,1.13940842109014e-05,7.93311454311936e-11,0.2198206446639051,61.99402091455361,1.20854286497062e-05,1.0688373573849601e-10,-0.2076958015423617,59.32241410092992
13.41,99.23,0.82,2.26,2.43014394790756e-05,5.98523237776074e-10,0.2124078006735426,62.18550215121811,2.21745626769907e-05,1.87098734670526e-09,-0.1766410062247804,60.738326807613255
41.33,86.64,1.21,2.41,1.26475142815339e-05,9.9020480626291e-11,0.2236054686493662,62.387372687014334,1.92852415114178e-05,5.6070325731415e-10,-0.1692252316182461,58.95299536721498
36.08,11.68,0.65,2.01,2.26932232743723e-06,1.3697762863226598e-11,0.2224667774478101,61.18592589389416,2.32257193955838e-06,2.4711013857746698e-11,-0.2010836938886384,59.89487270934677
11.53,30.14,1.0,2.92,7.32987671738186e-06,4.11202154184271e-10,0.2019287452676426,64.05896976895079,6.43762601982255e-06,2.4656565416545803e-09,-0.1455844843627491,62.4415816253202
38.08,77.81,0.4,2.42,1.52213531914503e-05,8.980229603653079e-11,0.2209973303710564,61.48880353791122,1.73023485423108e-05,1.22918938798e-10,-0.2076890621438387,59.229469433662125
20.18,65.08,0.61,1.66,1.56507293205338e-05,1.62264642003694e-10,0.2185323673249276,61.944922896891896,1.44655899253784e-05,2.97333190312675e-10,-0.1976006887848873,61.5517611356693
7.7,67.59,1.32,1.58,1.77079239861315e-05,2.4095822522096403e-09,0.192753090842541,66.21091389704421,1.46679011305294e-05,1.22083968876782e-08,-0.1393897228742136,65.23519414753163
36.96,78.18,0.22,2.61,1.63275089130746e-05,9.34280209541755e-11,0.2200877239347629,61.47435326721025,1.75576803049747e-05,9.731574459692859e-11,-0.2138046492528746,61.30385952242914
27.6,40.24,1.13,2.61,7.28724847597561e-06,8.084791794269339e-11,0.2197146239829928,61.90636537473747,8.90831054000545e-06,4.38885731574018e-10,-0.1672341602394061,60.43446262381515
29.56,58.56,0.65,1.34,1.23773179703213e-05,8.511422409226701e-11,0.2218502879426453,61.31479748584447,1.25419351697498e-05,1.42611550181743e-10,-0.2028466184426417,59.286435115337085
13.03,11.36,1.37,1.99,2.70437567780951e-06,8.166797988439679e-11,0.2106390774989232,63.55428631545891,2.29738942959956e-06,1.4275866162901602e-09,-0.1312856102443624,64.35776094432629
42.13,52.44,1.25,2.2,7.48721953223219e-06,5.7127287836731096e-11,0.2242844721626718,62.16744003498098,1.17590146415588e-05,3.0685857498297603e-10,-0.1716940281974984,58.96102388568439
29.8,87.4,1.09,1.25,1.63336800954149e-05,1.34727712749344e-10,0.2224696998037002,62.046686503641205,1.88571014144205e-05,4.91361583026385e-10,-0.1808246047393667,60.99459061998211
39.81,53.12,0.54,2.86,9.47205072486257e-06,6.23025199213837e-11,0.2205488427265362,62.06702088017631,1.16797636593458e-05,1.19587232022536e-10,-0.1965494983344592,61.39480146454872
26.24,66.45,0.79,2.6,1.3128326754624e-05,1.35023379188062e-10,0.2193937334573564,61.984386292245645,1.48147735660254e-05,4.00083770752627e-10,-0.1837182071790623,60.63956359812208
34.96,56.16,1.45,1.79,8.74626234584115e-06,7.91018859627588e-11,0.2229879522124933,62.558800173081934,1.2241832877516e-05,6.07811809872146e-10,-0.1603425772097673,61.12799551133424
24.67,23.79,1.32,1.43,4.52634296616362e-06,4.98527303584383e-11,0.2207474219487036,62.18238625670936,5.09905985357007e-06,2.52590057419756e-10,-0.171616849155875,58.94670128684586
18.33,92.83,1.19,1.41,2.02273922298881e-05,2.91776576793922e-10,0.2187473842438096,61.710319748936605,2.10866913361713e-05,1.5210205485506e-09,-0.1695793945654824,60.74534390811918
11.36,54.52,1.02,1.78,1.38495401345533e-05,4.60868402798841e-10,0.2096597295528522,63.66025616785981,1.22795267709627e-05,2.0178232015337403e-09,-0.1637785934656238,62.06921552471994
33.86,67.47,0.97,1.43,1.22814340172961e-05,8.749180290894149e-11,0.2231921488561236,61.638071566896905,1.49335951369012e-05,2.62938664514191e-10,-0.1881165420703236,58.71010405227437
36.64,91.34,0.62,1.38,1.79616310615966e-05,1.00725764539541e-10,0.2235068248209069,60.73492135906781,2.01447332475392e-05,1.54283536747161e-10,-0.206929981584516,58.92301875224634
17.75,69.72,1.24,1.64,1.4718514988265e-05,2.44369113595557e-10,0.217784993280774,61.413634716065566,1.48656100746993e-05,1.5209221447296e-09,-0.1631113761885574,62.03935568655948
19.53,74.86,0.37,2.94,1.77421158285007e-05,2.46938306973194e-10,0.2140194121714712,60.8451423880402,1.6687232505766e-05,4.33149734400802e-10,-0.194379902858569,60.78156293265201
7.12,13.92,0.55,1.35,4.15401106581772e-06,1.70759154699775e-10,0.2102787517734563,62.76719486713697,2.85115827556331e-06,2.2985906513844002e-10,-0.2000741176198415,61.601576347563466
26.28,77.37,1.21,1.84,1.43203926040864e-05,1.51444198394561e-10,0.2215372129181492,62.33995593544452,1.68065333847739e-05,7.72861686330449e-10,-0.1713760585757541,58.957552638954745
41.15,22.64,1.34,1.59,3.44327321541125e-06,2.4735472494708797e-11,0.2240165122868606,61.92725443360703,4.77224979020768e-06,1.39433607455815e-10,-0.1705988278112181,58.68771306505593
11.42,33.96,0.24,2.42,9.54463262291764e-06,2.42283781066658e-10,0.2098921111558067,61.97121374611042,7.4512321021024e-06,3.15208769579996e-10,-0.1986958095544279,61.76606929765638
44.62,57.29,0.45,2.13,1.06306971192239e-05,5.3486801718702695e-11,0.2220451093830993,60.977273785544185,1.26055664874794e-05,7.08074172813723e-11,-0.2092601910072695,59.77171385646243
44.62,24.21,0.51,1.2,4.73139540201481e-06,2.0763156373797898e-11,0.2236694220721431,60.09084651608575,5.18131059449303e-06,2.41127199369273e-11,-0.2140322384290047,61.08505527714822
12.4,75.21,1.14,1.79,1.8361984081325e-05,5.94089391297546e-10,0.2092056386511526,63.759995875575655,1.68517817120948e-05,3.3178101301841102e-09,-0.1566675197911069,60.79641626974412
28.57,25.53,0.62,2.44,5.19225801069634e-06,4.3951991839117e-11,0.2195752720438886,62.19297053383731,5.37119448490453e-06,8.988414083255049e-11,-0.194554207370058,60.67533953624102
11.5,91.43,1.26,1.94,2.19935834866816e-05,9.9875073899058e-10,0.206544227613871,64.08332967128511,1.97768241376134e-05,7.60628951772814e-09,-0.1435778561570107,61.44741094114973
33.96,81.31,1.12,1.47,1.4094785825176e-05,1.07893093236857e-10,0.223366813024348,61.915074457041214,1.81848062566445e-05,4.28324299027861e-10,-0.1792578250489344,61.48517791895488
10.29,59.54,1.22,1.51,1.49809447357923e-05,6.30739539427562e-10,0.2087261314562991,64.68204285900322,1.31018988961018e-05,3.727777506424611e-09,-0.1549739154228704,62.6096836381863
31.56,18.58,0.41,1.89,4.07334150748963e-06,2.4880396190090097e-11,0.2214907206627275,61.10192480661694,3.93424240264478e-06,2.8550124981587398e-11,-0.2130117228160951,61.01618416044884
33.2,25.15,0.58,1.97,5.07484017683858e-06,3.3070738579846295e-11,0.2214853277461266,61.45882979260872,5.24342183699221e-06,5.6107561232723797e-11,-0.2027197699096829,59.66931504384715
24.36,23.31,1.04,2.81,4.58068988821063e-06,5.7742226162536096e-11,0.2172927943589777,61.37571783021959,5.13210251960463e-06,2.53246014717604e-10,-0.1720438322163825,59.30292271705739
36.69,67.78,0.77,1.85,1.22889719940463e-05,7.96077348976286e-11,0.2231109731592494,61.42952877345812,1.43497330527748e-05,1.84035283004092e-10,-0.1940448396408393,60.49720289710845
31.36,73.33,0.78,2.12,1.38254016655918e-05,1.08639836657342e-10,0.2218105935917744,62.11629409066025,1.62325564055029e-05,2.8588691615434703e-10,-0.1906033558964931,59.46810450374068
12.88,26.71,0.88,1.72,6.80232853071789e-06,1.5638730115075002e-10,0.2120051331196973,61.26789178657585,5.66025102549213e-06,5.39915132723153e-10,-0.1745666775088185,59.677830090282654
34.11,97.08,0.83,2.47,1.71409882267613e-05,1.38613214828563e-10,0.2209420204093755,62.34379163449445,2.1368606780901e-05,4.31235035577027e-10,-0.1843285710412435,60.17864541572132
30.09,18.44,1.18,1.54,3.41095259076493e-06,2.8960410437604297e-11,0.2219371321510965,62.28569015695776,3.9742346432125e-06,1.1847950823467002e-10,-0.1773224802859399,60.740351667979226
36.28,26.47,0.98,1.49,4.62184151570042e-06,3.09856226858241e-11,0.2240441817332713,61.345378054474125,5.50497990800816e-06,9.333383963100769e-11,-0.1885784194928506,58.73626158925131
30.25,90.24,0.78,2.24,1.73185296750816e-05,1.47890286437991e-10,0.2198848639260571,62.1252117478025,1.94072972934725e-05,5.32022219849474e-10,-0.1796975656305294,61.624037577785856
32.83,29.67,0.74,1.36,5.92866717076009e-06,3.7802396800677295e-11,0.2230879378570547,61.10743860699386,6.14701856406907e-06,7.31479763874887e-11,-0.199781214839989,60.50394727498737
31.5,72.92,0.36,2.16,1.59202616967172e-05,1.0188754461131301e-10,0.22070620068858,61.484132565870624,1.63525465581498e-05,1.24876615827439e-10,-0.2108344967539956,60.34403216849764
39.69,63.94,0.66,2.33,1.12998483285036e-05,7.20816145477166e-11,0.2218125585207818,61.72582450827374,1.39431917561864e-05,1.54635167687291e-10,-0.1947090468893483,60.768417738965326
11.39,24.52,1.18,2.71,5.84079288698101e-06,3.39973975403582e-10,0.2023915791901052,64.16274230352342,5.15039385740338e-06,2.5984578970186602e-09,-0.1396985771399528,63.60913440680888
21.09,45.96,0.54,1.98,1.08103320521909e-05,1.08353957154917e-10,0.219074622646882,62.093291172914206,9.97949505409145e-06,1.6995289522915402e-10,-0.2027741467378707,60.32129381783201
22.01,94.36,0.93,1.83,1.99016391157014e-05,2.23301902767389e-10,0.2200200503037397,62.12066270433706,2.12945485344875e-05,6.856556731464801e-10,-0.1839997029856934,60.79351885265145
26.9,55.52,0.4,2.56,1.19175424922235e-05,1.01722330517675e-10,0.2189647166473561,62.14103074421416,1.17958430325168e-05,1.44803152312508e-10,-0.2048403498311732,59.142763430037256
40.75,71.22,0.99,2.82,1.09099930130577e-05,8.56371328347994e-11,0.2213559473692765,62.33743825554026,1.50863827542801e-05,3.79614421980562e-10,-0.1743636772709427,59.8565986539379
36.67,19.4,0.51,2.05,3.88696499397844e-06,2.22878102411611e-11,0.2220618599630027,61.10524365148838,4.11552185957267e-06,3.21960797772132e-11,-0.2074811064356465,59.131424600578185
17.03,34.9,0.86,1.5,8.03136749032386e-06,1.08405496630018e-10,0.2192055808829248,61.97127049826285,7.50292420529639e-06,3.02895288918262e-10,-0.187867549307709,60.21241987707037
31.97,32.06,1.1,2.91,5.40225554527932e-06,5.3491093749975896e-11,0.2206224840609386,62.120299684727016,6.74521494316095e-06,3.06740273504848e-10,-0.1670455853226673,60.66991570654646
20.73,75.06,0.89,2.18,1.62823792748325e-05,2.1652826368274502e-10,0.2166317351528737,61.24002163380101,1.6766221429315e-05,7.94831817499316e-10,-0.1763428508312031,60.53591186549089
23.9,17.81,1.4,1.53,3.45793956695213e-06,3.9702938579030796e-11,0.2204785323682682,62.0993494711155,3.77920403527797e-06,2.1099399885185001e-10,-0.1693955446173447,59.81835177910651
19.8,21.29,0.41,1.28,5.39926931515905e-06,4.748884618931459e-11,0.2200555211971092,61.49443071650525,4.53381908317245e-06,5.40847605340787e-11,-0.2129214766551999,60.675962290200445
42.86,71.82,1.11,1.86,1.0812656062355e-05,7.349308381147509e-11,0.2244052355604449,61.72421435955,1.57892897454041e-05,3.0188420953131004e-10,-0.1784104194235041,61.217094534118445
37.91,42.04,0.86,2.57,6.939212165897e-06,5.21612697558302e-11,0.2220233804049269,62.24151337387139,8.99517294500075e-06,1.68874553958166e-10,-0.1833310637209642,60.108059189656544
40.61,82.26,1.33,1.52,1.22367625835318e-05,9.141804619428e-11,0.2242522197151984,61.988453328862086,1.84217084355524e-05,5.31686641626505e-10,-0.169455170201927,58.67905663324614
21.6,49.97,0.45,2.03,1.19565076678368e-05,1.11853116611072e-10,0.219240827306808,62.235311383825625,1.07948055545805e-05,1.47016473682695e-10,-0.2081398184151456,59.35042910951917
14.6,30.56,0.48,2.7,7.69690505713918e-06,1.55252143174739e-10,0.2124753909960803,61.14704476903292,6.68184069826869e-06,3.22456046380584e-10,-0.1901149690504804,61.23120777485523
21.96,31.58,0.42,1.47,7.67412822505177e-06,6.2461440134465e-11,0.2210536777188515,61.37489994838512,7.00556839561581e-06,6.68611183082623e-11,-0.2148117708749326,61.46342044186498
35.85,37.5,0.98,1.23,6.74763505537131e-06,4.3645606210122296e-11,0.2242782928876469,61.175491969768295,8.13375841788246e-06,1.29618000123895e-10,-0.189330679392728,58.93185869322813
13.74,65.43,0.27,2.25,1.77624990086913e-05,2.96756587259076e-10,0.2144524050878787,61.03047729137019,1.46919274229576e-05,3.70234138347121e-10,-0.2071651730705253,60.78815304447759
32.56,67.98,0.71,2.69,1.21590157415593e-05,1.02771644015815e-10,0.2205115132295512,62.30293487966157,1.42316563628425e-05,2.78133932167378e-10,-0.1889128733882229,58.94680384205593
25.41,99.44,0.35,1.64,2.3975771353212e-05,1.73567117516438e-10,0.2195882815690945,61.49464562714326,2.23415516927362e-05,1.68957968393382e-10,-0.2159681324394511,60.90812399396489
7.46,91.75,1.29,2.13,2.41232019053732e-05,5.50078879312289e-09,0.1843061749606958,68.69510196718737,2.08650969278206e-05,3.28586043003948e-08,-0.1235012049411313,69.27880009135123
7.93,31.47,0.22,2.07,9.23676112731088e-06,3.98714507712227e-10,0.2070163231303176,63.74752805935827,6.92235458123223e-06,3.63620810685298e-10,-0.2065494774054769,62.47943616017994
42.2,79.02,0.23,2.69,1.53975504479533e-05,8.15072735216972e-11,0.2205230880108625,61.34541909760716,1.71237379745515e-05,8.489491505413649e-11,-0.2141286456882857,61.3134902340209
7.16,23.49,0.49,2.58,6.50913837431563e-06,6.66501099553505e-10,0.1965582453963273,65.84579127447901,4.98269314961409e-06,1.05616467642727e-09,-0.1784865367454914,63.49409909865359
32.15,84.59,1.3,1.92,1.38365809892209e-05,1.29753416067628e-10,0.2228478119009128,62.60279262786034,1.81772045689402e-05,8.57468863865193e-10,-0.164703882858314,61.14528007616091
41.56,69.48,0.54,1.92,1.30171247810382e-05,6.87532020851505e-11,0.2228643666523006,60.88471171595685,1.55353548499323e-05,1.03152648482133e-10,-0.2070750346798739,59.04554160109333
35.63,30.36,0.35,1.53,6.67322405513695e-06,3.39030951681632e-11,0.2222465501890024,60.45541519864148,6.60984482086253e-06,3.2732737245097696e-11,-0.2183488428790667,59.7209794416956
37.31,73.69,0.8,2.95,1.23448885378412e-05,9.703364311209779e-11,0.221108444640876,62.37995474892459,1.62202249436807e-05,3.32078807279211e-10,-0.1812281812072819,61.14801036964101
20.71,54.91,0.75,1.3,1.28190565435961e-05,1.28192852224326e-10,0.2196722828591385,62.15894522637805,1.20696470885624e-05,2.73583926207969e-10,-0.1944942193511028,60.475031717509935
23.23,12.81,0.56,2.46,2.89849454906013e-06,2.8259711022079098e-11,0.2184129772922435,61.99028056116955,2.55099142466041e-06,4.775061458389679e-11,-0.1996580893243904,61.27575727000266
18.73,47.16,0.87,2.35,1.0176152024665e-05,1.59658184231663e-10,0.2162436733642197,61.18373068056511,9.58795509972562e-06,6.11657411241603e-10,-0.1752541910906893,60.20934687029406
11.63,74.39,0.96,2.98,1.81087829091143e-05,1.05380223168737e-09,0.2010085744010021,64.43820960725589,1.6826462215554e-05,6.292377414835131e-09,-0.1443230645859813,62.08847951206345
16.54,17.0,0.43,2.28,4.40350622928131e-06,6.00526903725658e-11,0.2149462734248035,61.08111864674375,3.65510671806818e-06,8.494046102093729e-11,-0.2032154382432272,61.09040971791263
39.96,94.8,1.07,1.96,1.49728032402179e-05,1.07994937877072e-10,0.2232718183745127,61.998481047395856,2.08822936618573e-05,4.4440720635522503e-10,-0.1774563787953398,60.86877990761006
15.49,30.24,0.23,1.98,8.317837526904e-06,1.0563812661306101e-10,0.2158412646081485,61.44718351795179,6.60305568454116e-06,1.02993633781969e-10,-0.2139036382761624,61.13086948535177
22.43,20.08,0.91,2.13,4.22822522648632e-06,4.74578938887294e-11,0.2194382901847724,62.01560112784816,4.23299179555346e-06,1.36786368621509e-10,-0.1855670570350328,60.39633810920315
43.59,95.93,1.15,2.4,1.36867137672877e-05,1.01892717941885e-10,0.2238635062517234,62.20974694333525,2.14668418474216e-05,5.184007553453701e-10,-0.1725564074566468,59.24803816264364
28.6,21.85,1.2,2.23,3.90237984929649e-06,3.9951838873743394e-11,0.2206297701187003,62.146911732609055,4.69753769984667e-06,2.06522508603443e-10,-0.1701330890556456,59.24471649815183
15.96,46.75,0.8,1.45,1.15087315176639e-05,1.63753920644362e-10,0.2171111289270245,61.48620298609613,1.04370882430563e-05,3.8705302918703e-10,-0.1908694603922311,59.39648015941315
25.65,10.54,1.29,2.82,1.96555517159177e-06,2.3345845648946498e-11,0.2193639917257568,61.86784705907945,2.11005335672892e-06,1.26652368212262e-10,-0.1673048108884336,60.77120455973689
27.85,57.74,1.42,2.35,9.8724846245176e-06,1.17623411148889e-10,0.2203373419342908,61.9140442981516,1.29358369373926e-05,9.83657647774949e-10,-0.1557730579087817,59.56769347884028
13.88,61.63,0.51,2.83,1.54115551301379e-05,3.8009146303292303e-10,0.2107536268509983,62.6279996283844,1.37319533270315e-05,8.85691285368569e-10,-0.183936819757645,63.39139692857271
13.07,93.29,1.27,2.78,2.10941028291094e-05,9.72429918492368e-10,0.2060615373089535,63.90909462264255,2.0868479058245e-05,5.97329905981525e-08,-0.0880719514436233,72.52445321469497
27.87,20.86,0.44,2.7,4.51676408934459e-06,3.70931692141837e-11,0.2188042614198867,62.102369067435504,4.40226479243535e-06,5.64200050344749e-11,-0.2025138513328781,59.890960916297935
12.08,91.15,1.49,2.99,2.04719497591588e-05,1.817650077873e-09,0.1958700689025886,67.10278201175993,2.07492210847147e-05,2.78946224220903e-08,-0.1099518530995277,68.14019835705348
37.66,80.29,1.05,1.46,1.36158748858073e-05,9.181382504220629e-11,0.2241783264140769,61.51117706967102,1.79473419763764e-05,3.17247182575129e-10,-0.1836169694571785,59.81756681087473
40.54,86.13,1.3,1.9,1.27289482861751e-05,9.898994401801419e-11,0.2237617327522229,62.25581020050161,1.90288598624884e-05,6.03173650978458e-10,-0.1670783130686963,59.55196052722576
17.59,26.17,1.46,2.68,5.3489519781289e-06,1.26259477067098e-10,0.2135753072570038,62.860077196825415,5.34155232013405e-06,1.51068823539118e-09,-0.140447071058523,61.72176699528755
39.03,12.73,1.21,2.68,1.96103241126316e-06,1.57065213780799e-11,0.2221829991005125,62.47240263754393,2.4740153546076e-06,9.435589331287349e-11,-0.167057746165126,59.82511357430075
39.03,78.71,1.5,1.65,1.12366201504427e-05,9.466710951986049e-11,0.2244204069782177,62.39770229299019,1.71177779147059e-05,7.68617127162048e-10,-0.1593544536990571,60.69261078477446
32.45,27.75,1.35,1.83,4.50693385411644e-06,4.1376551799393195e-11,0.2230524631826308,62.58819988989568,5.87491153064552e-06,2.76896292128467e-10,-0.1647175780483607,61.059196131516096
14.02,86.72,0.76,1.95,2.16030288925076e-05,4.1101538283662e-10,0.215010653385046,60.91353678026358,1.89215657189287e-05,1.11622926011673e-09,-0.184418186263421,62.265941765388106
9.94,81.37,1.42,2.55,1.94725393610918e-05,2.0857312031017e-09,0.1956448189572145,67.51029408993396,1.7847126075564e-05,2.54085963471937e-08,-0.1171638668679345,68.6448076088323
33.42,19.58,1.29,1.56,3.34502219987561e-06,2.7103248503421297e-11,0.2233425773024491,62.17884429586709,4.21468946533159e-06,1.46739865990029e-10,-0.172055602361491,59.11575550987229
8.73,49.07,0.33,2.34,1.42353370297723e-05,6.8660187969243e-10,0.2028547187487749,63.35240584335125,1.07651161128218e-05,8.18645049436159e-10,-0.1940815756663564,61.10006681374172
36.05,19.84,0.87,1.87,3.59251741952368e-06,2.38797424869455e-11,0.2232550476844471,61.51646112563122,4.26974597983545e-06,6.12245023237633e-11,-0.191629303199112,59.70753641433646
44.75,61.09,0.59,2.68,1.02330924925559e-05,6.09980106275913e-11,0.2218204551591069,61.71133949686218,1.346624644052e-05,1.20157907808505e-10,-0.1968557869194156,61.21958053936899
21.2,29.51,1.1,1.42,6.20332269816451e-06,6.993461908805549e-11,0.221089715066366,62.36179291082894,6.10214093753678e-06,2.59221757098631e-10,-0.1800471931563728,61.60751269728087
34.68,38.49,1.23,2.14,6.16968520640073e-06,5.4648671447613294e-11,0.222094467755316,62.44998678271544,7.90916669228434e-06,3.18321277524127e-10,-0.1681289445994671,59.881154203804456
32.77,76.98,0.2,1.29,1.88430911784928e-05,9.033110936663119e-11,0.2218024511881743,60.00974698898859,1.70064270748687e-05,6.21291345311646e-11,-0.228110765972064,60.1284054872135
30.35,95.53,0.75,1.23,1.9562322485631e-05,1.32515751848082e-10,0.2230665422520607,61.17573814049601,2.11507053804814e-05,3.62691996856155e-10,-0.19108786771103,59.461391617348006
34.51,26.53,0.31,1.22,6.19063478853515e-06,2.9948002624569695e-11,0.2218833579752786,60.181453892451565,5.72381004355967e-06,2.42628850383362e-11,-0.2243288536800198,58.85757303592959
9.68,47.62,1.05,2.39,1.19944705450791e-05,7.975232215489241e-10,0.2022335679661136,64.40640826788905,1.04255948142751e-05,4.6091431220101e-09,-0.1471591052029935,62.75028114661848
18.32,58.1,0.33,1.54,1.52730511731931e-05,1.45585872391242e-10,0.2195231918811702,61.85240442352144,1.3139796153749e-05,1.49732209769115e-10,-0.2148798915980807,61.34602719293819
26.63,15.75,0.26,2.05,3.8287448136792e-06,2.5693689947990597e-11,0.2199203595981182,61.296385038260944,3.31205411838181e-06,2.4129466076145598e-11,-0.2176458143574205,60.397058463902894
13.31,14.64,0.76,1.22,3.78244722358171e-06,5.92043084478891e-11,0.2183562326654686,61.82269872052289,2.97075723531813e-06,1.34263118086561e-10,-0.1943977842692597,60.50740128257058
9.82,75.52,1.37,2.5,1.8268618757363e-05,1.8310559763018702e-09,0.1965540985511692,67.16151980270224,1.68525971716166e-05,2.03016709250347e-08,-0.1213354223714809,67.83757490616487
11.33,62.82,1.19,2.04,1.53883311769691e-05,6.96424360292728e-10,0.2064636762332473,64.08587112091533,1.39878343477686e-05,4.70775003924727e-09,-0.1467276804702903,62.54655267684039
21.16,68.09,0.38,2.46,1.62150121777895e-05,1.70274534360616e-10,0.2176125015469532,61.78761084822573,1.53215689488542e-05,2.2568728073726e-10,-0.2065943135872577,59.30865419866901
35.67,35.09,0.21,2.49,7.52796089561593e-06,4.2660786346516795e-11,0.2202183148579298,61.28470881245668,7.62915386143465e-06,4.1339158525030594e-11,-0.2162867711842491,60.64259590190984
11.72,74.11,0.41,2.76,1.97003704659017e-05,6.76577606694226e-10,0.2066971691413645,64.30603843669307,1.67048809931422e-05,1.3221820272927301e-09,-0.1822649922017827,62.47676537957157
19.38,29.88,0.57,1.72,7.11798125745062e-06,7.698598939452369e-11,0.218721822149608,62.04106833021636,6.4477559068984e-06,1.31654398423995e-10,-0.1999073786972075,61.13991767598462
8.06,36.76,0.92,1.99,9.75788818175112e-06,8.72600813520919e-10,0.1975953045314237,65.41650470398488,7.65436782445174e-06,2.6727640213839703e-09,-0.1603820707280721,62.64873230196502
35.7,87.47,0.78,1.83,1.59998953451644e-05,1.06292793815222e-10,0.2229371543902577,61.48978061715668,1.8921200143598e-05,2.49218020172227e-10,-0.1936311866838275,60.36597592207231
17.17,20.07,0.65,1.25,5.05180676319282e-06,5.5213868932779297e-11,0.220375761189948,62.19081494819162,4.38693577637521e-06,9.2754211632227e-11,-0.2025218439238513,60.49439102631965
19.63,93.96,0.71,1.5,2.22017816965631e-05,2.40356136704485e-10,0.2191457025289305,62.057827096878654,2.09905070996891e-05,5.05727580928355e-10,-0.194336491867433,60.470531701577634
21.01,92.26,0.39,2.56,2.18023881569066e-05,2.4526435624722003e-10,0.2164241843144994,61.44299962895176,2.06222084979458e-05,3.35259103723634e-10,-0.2040588204133489,60.20105911933258
35.17,57.17,1.44,1.46,9.04549440668695e-06,7.72502119947605e-11,0.2235128943123597,62.43335459194933,1.27761070315343e-05,5.30539743805943e-10,-0.163965793669122,61.05456533734871
33.14,40.09,1.43,2.99,6.09251838120108e-06,6.870420298911819e-11,0.2206869829885991,61.92784509548911,8.23360993251381e-06,6.950543967437181e-10,-0.1509437556221214,60.35277489746344
10.53,78.07,1.49,2.24,1.86472948982006e-05,1.5059671623329201e-09,0.19919502552203,66.2606345104326,1.76441994608729e-05,1.94521472981095e-08,-0.1203765599281963,66.80552131777954
14.22,31.63,1.28,2.97,6.86956212341159e-06,2.66329321896071e-10,0.2081515312019402,64.7874526579294,6.84496936643441e-06,2.8685413867524404e-09,-0.1373837684589186,63.434815638447176
30.84,35.95,0.49,1.25,7.94367324301267e-06,4.6591740565181694e-11,0.2229500334182298,60.56441325888509,7.82670130801362e-06,5.675981689057759e-11,-0.212953842354582,60.97309099804247
17.66,73.5,1.0,1.8,1.65096284727165e-05,2.47613060790384e-10,0.2177413242859508,61.50753950522665,1.61809778344089e-05,1.0345542391755402e-09,-0.1746607445553366,59.984925297136094
22.67,58.71,0.44,1.68,1.41201557761349e-05,1.16656309804107e-10,0.2204182969126013,61.7172743636501,1.29358010337191e-05,1.38219263559564e-10,-0.2113992203235795,60.35368830141928
19.28,62.72,0.51,1.26,1.57170066784946e-05,1.4780578700066002e-10,0.220185565354667,61.7975875470243,1.40544969034854e-05,2.0056585019657002e-10,-0.2084010937001561,59.25808376915983
36.79,98.92,0.87,1.2,1.80164158898363e-05,1.10449132851807e-10,0.2242746913092998,61.00021579500967,2.19027812744629e-05,2.57564192069524e-10,-0.1946736658517483,60.69248441143844
13.17,56.45,0.87,2.32,1.37588945758138e-05,3.7277983020484006e-10,0.211289946368824,62.85460215568041,1.25866140552913e-05,1.5918746051301901e-09,-0.1685205097070928,63.35560731046501
8.5,31.85,0.37,2.12,9.27674715657273e-06,4.0825727880761e-10,0.2054841958901943,64.08777754986282,6.80353358935219e-06,5.127596527747201e-10,-0.195585918913408,60.603905763029374
24.52,78.32,1.13,1.42,1.5693530191132e-05,1.60359358939312e-10,0.2208126304101469,62.26224640184382,1.76274758102543e-05,6.11154175200663e-10,-0.1783373818034981,61.07726133317566
30.82,35.4,1.36,2.7,5.66128556236454e-06,6.283979518003129e-11,0.2212175986235815,62.13883963631096,7.4388828380771e-06,5.31467032835277e-10,-0.1565930620510121,59.89340981419545
24.04,15.19,1.05,1.46,3.12986650456827e-06,3.06907847226375e-11,0.2209329566951152,62.40813137717653,3.06457832186737e-06,9.430941880336379e-11,-0.1854333266740319,60.03402474980647
43.07,90.71,1.49,2.72,1.17696875803405e-05,1.05090670634699e-10,0.224033574742237,62.68186845495259,2.00083682767361e-05,1.0688683543423801e-09,-0.1530445700400226,58.7675005469344
8.84,61.15,0.66,2.46,1.65453359278528e-05,1.2125261359347701e-09,0.1977671362587126,64.56329308041262,1.28555442694678e-05,2.68334923469293e-09,-0.1708544555210677,63.97887048394416
18.46,80.57,0.76,2.03,1.8371736501583e-05,2.49518706334529e-10,0.2175268796473145,61.57131047734796,1.76894039297404e-05,7.09176179439463e-10,-0.1851111922596565,61.16294628882552
27.99,85.75,0.61,1.43,1.8634536761507e-05,1.3221864562564002e-10,0.2218954305156479,61.37006903573193,1.89681113195881e-05,2.06417119510086e-10,-0.205121246435108,58.56311478354073
17.48,62.19,1.0,2.55,1.34929391413126e-05,2.53735183165425e-10,0.2150606398662623,60.93795274233669,1.38050162958025e-05,1.3847509808632302e-09,-0.1641600034378723,62.67437775592656
31.51,96.19,1.45,2.73,1.48655677510268e-05,1.72048166727876e-10,0.2212237342774765,62.04655433582148,2.1377510274169e-05,1.7296569216705402e-09,-0.1508922639347145,60.10553715675147
33.94,78.25,0.5,2.98,1.49110590306289e-05,1.15964497353313e-10,0.2189550253429351,62.01886668033202,1.76047263844192e-05,2.23288268889579e-10,-0.1957613792206813,61.27225337901975
7.61,65.57,1.47,1.92,1.7050964726163e-05,4.0736093666029e-09,0.1834783841127746,68.95910096281638,1.4692385163199e-05,2.98371505640529e-08,-0.1165003092770351,70.35979841982245
31.4,32.6,0.94,1.71,6.16107047075867e-06,4.6639852175047094e-11,0.2227972423184077,61.85405584065745,7.16261937037836e-06,1.4923486539380101e-10,-0.1861718281113141,59.65787134591013
42.44,31.37,1.31,2.53,4.40402366957278e-06,3.4948950509661196e-11,0.2238355964821472,62.41468997973916,6.45428779955327e-06,2.38018785594405e-10,-0.1638142528502405,60.83916408360504
25.27,32.21,0.73,1.27,7.04618276073447e-06,5.71636134617834e-11,0.2210688735118725,61.716308203175096,6.70818878988808e-06,9.91965762115548e-11,-0.2012448781778858,60.13581219346092
9.1,43.39,1.14,2.46,1.10897446570387e-05,1.2902737428544802e-09,0.1919749428590876,66.2081406433491,9.57311969964512e-06,7.134769725127211e-09,-0.1370968817726338,65.51687127494007
18.24,18.32,1.45,1.58,3.84907108642809e-06,6.34655817353672e-11,0.2177135973860068,61.39061683337596,3.89131428658912e-06,4.659019679369661e-10,-0.1584764781590163,60.515490102685504
20.82,84.92,1.44,1.81,1.66521913942826e-05,2.66440537223841e-10,0.2168409192732997,61.06339347321839,1.89628390491893e-05,2.50741001875306e-09,-0.1504972798192434,61.26639319273036
14.74,30.87,0.52,2.3,7.68938557587842e-06,1.36604296961392e-10,0.2143944558150788,60.89651288208229,6.51479547927061e-06,2.6356155737183703e-10,-0.1939379184359726,60.53944764555924
42.6,24.91,1.46,2.74,3.34279275299706e-06,2.8646329444800797e-11,0.2238240670978504,62.727578080850265,5.22441721435628e-06,2.46925401453325e-10,-0.1572475259837879,60.025723079498505
29.5,88.76,1.11,1.63,1.61548342378525e-05,1.44989241243375e-10,0.2217983422732646,62.45765871775538,1.91457710762807e-05,6.06400488844608e-10,-0.1764822315381812,60.47567399717083
14.18,16.91,0.64,1.76,4.40546859050458e-06,6.86755106611654e-11,0.2166741445237644,61.46710345407247,3.57873641883154e-06,1.31253606665852e-10,-0.1965033665261659,61.2793741820577
33.04,62.56,1.31,2.6,9.91575811198145e-06,1.00671949166639e-10,0.2214351548907968,62.19518816016586,1.34906080430599e-05,7.76875638729038e-10,-0.1589516382913414,60.708410347254976
8.23,31.96,1.07,2.37,8.41017768592527e-06,1.11174103201754e-09,0.1915143492441807,65.92899270414362,6.84361349763002e-06,5.10238939657082e-09,-0.1411683061650901,65.56637477706404
19.42,68.99,0.71,2.16,1.56939730559582e-05,2.0487801182197e-10,0.2169715646249413,61.45528931011118,1.54822009878669e-05,5.35741062684415e-10,-0.1867883140540319,60.414864371989935
8.98,21.45,1.23,1.6,5.68221267331203e-06,4.01504062579766e-10,0.1994757509992693,64.33996489296835,4.63747215682236e-06,1.7284647136877502e-09,-0.1539704011754814,63.76464709933424
42.74,53.35,1.09,1.63,8.24601890583053e-06,5.32814740169584e-11,0.2246069367119675,61.457374166699246,1.17285745264368e-05,1.91961723667916e-10,-0.1826408251580179,60.147369905183645
41.39,56.26,0.25,2.34,1.1584969042468e-05,5.7034507626592196e-11,0.2209742468311197,60.97667574356309,1.24401843076183e-05,5.6048013139531494e-11,-0.2165159766473646,60.44349681303804
42.66,10.63,0.79,2.17,1.83022184688802e-06,1.0536308085289399e-11,0.2232005734340567,61.23076036898426,2.1252432082837e-06,2.6726646693535e-11,-0.1922823318743302,59.9723049456667
9.54,41.92,1.21,2.23,1.04737466651175e-05,8.17040492519691e-10,0.1997166771502809,65.48906132663296,9.20348183800144e-06,5.8250761626939306e-09,-0.1387115638255847,64.39508520543204
37.43,73.24,1.26,2.93,1.07879754872285e-05,1.02039727331574e-10,0.2220957856575017,62.3287582601624,1.59581078422561e-05,7.43876293732419e-10,-0.1598803306931876,60.95233185983928
23.92,45.17,0.57,1.29,1.05735483198621e-05,8.25752336667054e-11,0.2212161894827863,61.46684241111169,1.00209178203351e-05,1.09062728105619e-10,-0.2092816569522883,59.61811556697234
43.6,91.06,0.8,1.34,1.55395038379471e-05,8.4042976059517e-11,0.224343250149469,60.76569242745958,2.0132134804661e-05,1.74189254997302e-10,-0.1979645990422742,60.69415787863421
37.98,48.52,0.2,2.46,1.04040803915153e-05,5.4950217718103495e-11,0.2202007196835065,61.200521508486986,1.07620692584322e-05,5.15604427566343e-11,-0.2171097214250539,60.23756202357815
24.57,63.9,0.21,1.26,1.68812323778655e-05,1.05674009460038e-10,0.2204841874535255,60.58315630533005,1.42540209298435e-05,7.333537622723649e-11,-0.2271663683659979,59.71400640576809
33.9,11.25,1.35,1.31,1.9347897274515e-06,1.49081150837189e-11,0.2235095383028515,61.90211292304336,2.24298201815437e-06,7.5065289889708e-11,-0.1739868731258086,59.68402964147391
12.51,33.05,0.68,1.49,8.63830138148629e-06,1.72569507089011e-10,0.2138926024000104,60.65433617906894,6.90795110039883e-06,3.76560522585799e-10,-0.189865993739125,59.91920305011493
26.31,69.84,1.46,1.31,1.25969182545957e-05,1.3409802127695601e-10,0.2227064439481033,62.56380865212394,1.48103283603353e-05,9.38893950935913e-10,-0.1625006290479238,61.68094637054919
20.42,76.33,0.41,2.99,1.77535422598925e-05,2.42383279952781e-10,0.2137910782421484,60.74047407182774,1.72024880631286e-05,4.63961732656353e-10,-0.1920038088408784,59.99881921594573
21.4,97.27,0.31,1.95,2.43629940552967e-05,2.12569064599204e-10,0.2192659120214938,62.00905703637704,2.1750817658433e-05,2.1432992066954202e-10,-0.2149184183267007,61.57142952021474
20.95,12.08,0.6,2.22,2.74065759198562e-06,3.05516353638268e-11,0.217356752940415,61.66835984876336,2.3136317448997e-06,6.100884729990169e-11,-0.1947829932877871,60.59906784566623
19.86,92.92,0.23,1.22,2.54983645125763e-05,1.97110092058987e-10,0.2199528667813299,60.96316087036912,2.0999324674631e-05,1.6238565145e-10,-0.2229091094191675,58.734808316989714
17.1,87.92,0.64,2.87,2.02069267898252e-05,3.71398293479124e-10,0.2137691987498204,60.943743412486455,1.96356710561598e-05,1.1334158847768302e-09,-0.1789700533858797,61.67750131253789
44.25,59.92,1.01,2.63,8.87833853140224e-06,6.2803742726153e-11,0.2231162927519711,62.170610124008746,1.32126712407909e-05,2.55482014611709e-10,-0.1774388023964814,60.91573890007537
39.08,78.59,0.48,1.69,1.55699103633845e-05,8.255312320149739e-11,0.2223079266097522,60.83294672298573,1.74370260154185e-05,1.08605503082315e-10,-0.2096028465715323,59.8263872595657
12.92,82.41,0.65,1.25,2.22019024571009e-05,3.80462571474486e-10,0.2150031474125727,60.932962033714105,1.86220822506859e-05,7.54964175231859e-10,-0.1931234501154387,59.81302909285117
25.92,13.19,0.29,1.55,3.21143716439415e-06,2.0812493361682298e-11,0.2214319681847548,60.72370750847224,2.78009943610275e-06,1.8347674529557298e-11,-0.221165694216614,59.11626699192116
14.88,60.34,1.37,2.36,1.31690628241483e-05,4.00763597522065e-10,0.2106249952725109,64.0251150932015,1.33211667504359e-05,4.2988711014274106e-09,-0.1408075720677221,62.43623913995464
20.52,10.48,1.47,1.95,2.15383674983102e-06,3.2102938336488395e-11,0.2168248773679959,61.204763810974114,2.09352940399659e-06,2.21306277576759e-10,-0.1594640956995866,60.813800254535536
28.73,34.2,1.14,2.67,6.0654868177606e-06,6.607440158314249e-11,0.2193256197688064,61.825192133419065,7.27452449390712e-06,3.71143494044231e-10,-0.1660730606508844,60.744009231026
25.28,61.52,0.53,1.76,1.4108774858097e-05,1.13423524099819e-10,0.2195537852497881,61.99981249131942,1.36440109541712e-05,1.58742895975411e-10,-0.2067286803877362,58.83944794224944
16.88,51.55,1.16,1.64,1.14010520930488e-05,1.92062053398306e-10,0.2169255520943784,61.22940150398183,1.15028832476357e-05,9.71632946594363e-10,-0.168988833488308,61.45051278742681
19.27,87.24,0.96,1.94,1.89799241143748e-05,2.68145294449261e-10,0.2174020356429139,61.43853350057686,1.95928438461938e-05,1.051612805124e-09,-0.1754732406588368,60.25997287337027
13.98,83.3,0.83,2.69,1.96293407666338e-05,5.52730541569146e-10,0.2104950054537064,63.4340517946652,1.836435743669e-05,2.4426893797373703e-09,-0.1659069773542542,63.36496405881068
24.45,61.78,0.27,1.37,1.55813908912925e-05,1.0545618696577501e-10,0.2204413710324641,60.89256074365504,1.36295649075684e-05,8.45531845306435e-11,-0.2237641318497643,58.65695666466279
25.01,93.57,1.24,2.42,1.71834253280432e-05,2.25321472620441e-10,0.2180924255559024,61.41974367832665,2.02442362244415e-05,1.3910978565214601e-09,-0.1619916108234771,61.65145536019785
25.01,55.93,0.5,2.64,1.22765295141274e-05,1.21213562268762e-10,0.2171136705769884,61.56304592646495,1.22940070256326e-05,2.03162525586681e-10,-0.1979229220288737,61.66269901449962
39.12,23.89,0.67,2.4,4.18268959979242e-06,2.7269191550934698e-11,0.2218214268781547,61.708668694422265,4.99841091972794e-06,5.86967518143544e-11,-0.1947678659684136,60.78933114921461
20.29,46.13,0.97,2.88,9.72554467017287e-06,1.62659941334976e-10,0.2141373114149313,60.81700789329439,1.02904056013804e-05,8.710790072152571e-10,-0.1631934059724073,62.33774209203086
23.95,50.42,0.73,2.82,1.05220797293223e-05,1.21513986559362e-10,0.2172524922038527,61.48731138339994,1.12631098198716e-05,3.14130781561257e-10,-0.1864239703439891,60.21787074700954
7.37,67.28,0.64,1.36,1.94049945222958e-05,9.215607001617801e-10,0.2082123554373931,63.92172045287949,1.4820597851636e-05,1.3668337502593e-09,-0.1935619395520667,61.18313045230544
20.3,37.58,0.87,2.24,8.24370533759625e-06,1.11618309358752e-10,0.2163795913684213,61.21536708848664,8.10161350178932e-06,3.84675925616525e-10,-0.1778662111378332,61.03680774033904
44.98,52.73,1.37,1.22,7.56622950452213e-06,5.0027587800725694e-11,0.2252448014761427,61.5197734963435,1.1615669200245e-05,2.63733143257221e-10,-0.1732867578127623,59.4563329666296
30.26,64.31,1.42,2.86,1.02361406842948e-05,1.2467345756209e-10,0.2200234625261885,61.7613075750003,1.38228949110824e-05,1.4595113521913802e-09,-0.1455542404851083,61.8879126838721
8.11,58.92,0.28,2.24,1.72902409720746e-05,8.78322894898628e-10,0.2035788988302989,63.57372009196728,1.33015032869922e-05,9.63330995969877e-10,-0.1969540007097045,61.13692580150981
26.09,32.96,1.26,2.79,5.86644576158383e-06,7.487749379032059e-11,0.2192347683566132,61.71503127515976,7.02261022370531e-06,5.30287962422857e-10,-0.1590184317736262,60.710122334047625
20.68,77.59,1.26,1.38,1.60370370925249e-05,2.12102156567609e-10,0.2187153953455356,61.65141994290849,1.71091954628156e-05,1.22986769522205e-09,-0.1658547973627697,61.34101270177313
11.2,72.03,0.7,2.54,1.85290915628274e-05,7.43577803740654e-10,0.2066973191550933,64.44316141230104,1.58123570889793e-05,2.3497522265606503e-09,-0.1691734497168295,63.15139452273133
22.17,36.33,0.89,2.31,7.59222108630857e-06,9.09282038374019e-11,0.2187761258694767,61.81635514284218,7.67576381893721e-06,2.914790505339e-10,-0.1814608257629737,61.77882988958532
41.74,43.52,1.17,1.43,6.53409414649175e-06,4.40973151436605e-11,0.2248584398124613,61.38907755624994,9.00225550833944e-06,1.79399748017947e-10,-0.1796818369154851,61.1913197874043
33.48,30.72,1.15,1.82,5.20675832229043e-06,4.29756105633189e-11,0.2227296092079873,62.25365106581605,6.39337626391542e-06,1.9977541616302802e-10,-0.1749190770905334,60.0546356093365
24.51,66.79,1.32,1.36,1.27789100744543e-05,1.41884142054021e-10,0.2208802885009746,62.1774371393302,1.4261456899265e-05,7.48125953505447e-10,-0.170181770951687,59.45151028120498
21.27,86.93,1.48,1.26,1.7025305244094e-05,2.2692776651251902e-10,0.2207669786858004,62.07881289487408,1.95450171358586e-05,1.6025643001833301e-09,-0.1609648849937432,61.19053134767053
8.55,50.56,0.4,1.56,1.4976663689958e-05,4.77904403588817e-10,0.2099796176175612,61.85115621130689,1.13969571124435e-05,5.15516444661589e-10,-0.2054377661807089,61.79822012459092
16.71,42.41,0.25,2.63,1.06907434617674e-05,1.66941895625154e-10,0.2125238822373687,60.45775769192627,8.76083460013332e-06,2.02121332361327e-10,-0.2051444318674076,60.84636873029266
10.89,51.59,0.29,1.61,1.49171750432914e-05,2.80129260356449e-10,0.2150987588183604,61.16994320788255,1.17428694287606e-05,3.00359206797548e-10,-0.2104376180991249,59.67037634127957
9.61,68.65,1.01,1.53,1.77457174631035e-05,7.135044297941531e-10,0.2094727606100968,63.99212089298168,1.47298254493332e-05,2.90806572781447e-09,-0.1664739393286016,62.71702513745775
28.82,56.67,0.35,1.74,1.3118624788266e-05,8.42820331533712e-11,0.2206604024602809,61.204908724744335,1.25327931428384e-05,9.067237968519529e-11,-0.2138687619617546,61.17238941834365
30.04,99.66,0.72,1.96,1.99861071571937e-05,1.56284943572818e-10,0.2204639436421811,62.15829734990176,2.20776993842127e-05,3.53344351657156e-10,-0.1928698022361531,60.0771733987783
39.65,33.68,0.69,1.45,6.28085535378194e-06,3.4798395644189e-11,0.2231453704266115,60.87137221569871,6.9326959451702e-06,6.32658656380128e-11,-0.2012319356202914,59.591572872188245
23.81,21.43,0.47,2.27,4.98118162225091e-06,4.4683219821860495e-11,0.2185082750866859,62.04106147673477,4.61608863252745e-06,6.2845115494275e-11,-0.2057564237671145,59.15032972829261
23.3,26.21,1.42,2.03,4.93948300652409e-06,6.60765369376248e-11,0.2191869639745611,61.707026753870046,5.53722821202448e-06,4.79045133804825e-10,-0.1589596541431179,60.58580625596922
18.58,88.53,1.17,2.74,1.82657439133122e-05,3.71038424211947e-10,0.2140440548215073,61.90592785325494,1.98732327431209e-05,2.8828843753023804e-09,-0.1535234736765446,61.72828667948749
7.76,59.84,0.24,1.53,1.80945052539392e-05,5.63456639217233e-10,0.2116611437304417,60.81602534751289,1.35409613150294e-05,4.5863763781604e-10,-0.2153625687639495,60.98665617667949
26.71,17.89,0.72,1.46,3.75505912171397e-06,2.9123238324806594e-11,0.2222792953773588,61.47553619019261,3.75895307101522e-06,5.301021553725579e-11,-0.2004873511521273,60.28504956378435
27.67,10.28,0.31,2.84,2.31956252734317e-06,1.78966771080098e-11,0.2185906783246891,62.18670902200986,2.07026092045534e-06,1.9607564355799e-11,-0.2114912060773316,60.47636240799592
32.67,43.7,1.46,1.65,6.98856421948264e-06,6.505677361135789e-11,0.2235030148162105,62.66387173633413,8.78148142037194e-06,5.33251514184175e-10,-0.1594461187483235,60.78297872438592
39.54,43.19,0.83,1.69,7.57085654569927e-06,4.657018604371039e-11,0.2232696307817475,61.32245574329453,9.51968128083369e-06,1.17704022598759e-10,-0.1919819105035935,59.81839116421742
40.2,75.35,1.2,1.32,1.1882821182612e-05,8.1474192349928e-11,0.2243557271725417,61.61675377799908,1.68265732003572e-05,3.66163474518212e-10,-0.1763593025986388,60.46971749597878
11.09,98.32,0.75,2.89,2.50094264495069e-05,1.2907910856431501e-09,0.2028157506625166,63.2682394788477,2.20030740816049e-05,5.20710862360418e-09,-0.1581819215599749,62.53637574686334
18.88,61.47,0.25,2.41,1.57385739529678e-05,1.7940898395093e-10,0.2159553546902575,61.46473760271223,1.36836169402699e-05,2.1445000415349802e-10,-0.2081738824485802,59.35758590328588
20.62,34.3,1.08,1.77,7.32082484671915e-06,9.5267560424785e-11,0.2178425111422813,61.510490512109705,7.53982878691018e-06,4.3060532092959903e-10,-0.1726225646814258,59.27286265918962
27.02,48.0,0.85,2.71,9.16013200411038e-06,9.573428380572139e-11,0.2193860111126377,61.94947490733861,1.06107971606267e-05,3.22899299919799e-10,-0.1798845029510577,61.77172818663024
11.77,58.16,1.43,1.21,1.39740274423614e-05,4.95051462746134e-10,0.2097495921217731,64.05661470115743,1.28280696560402e-05,3.96231183507838e-09,-0.1470391751493696,62.41667382739151
22.28,88.2,0.41,2.9,1.98436355620523e-05,2.28057545166163e-10,0.2164220074950259,61.43832871064156,1.94755155489879e-05,3.56462804667701e-10,-0.1992571319721352,61.6967065321
42.26,40.51,1.04,2.58,6.11324173829982e-06,4.4414338058648496e-11,0.2233094656255248,62.184989619295386,8.91429523244343e-06,1.87774894167776e-10,-0.1766383727247296,60.63071758423058
12.0,70.66,0.22,2.95,1.91886136846265e-05,6.34277980635433e-10,0.2054935686369798,64.24911936277523,1.56909330699189e-05,9.31989108730741e-10,-0.1900240494822877,61.50631929018289
28.51,60.8,0.3,2.97,1.32198916575607e-05,1.11098586478775e-10,0.2173420197704933,61.741693265649154,1.35253924562832e-05,1.48266322483564e-10,-0.2051534795275732,59.0596227807276
15.31,59.05,1.43,2.61,1.25925729673601e-05,4.17730655047483e-10,0.2094127973029676,64.66470378638775,1.30746020466384e-05,5.16870506819997e-09,-0.1351779573191621,62.912110529685485
38.22,73.8,0.82,2.97,1.21692283900707e-05,9.50211668822485e-11,0.2209081609355554,62.340080104865606,1.61872298412727e-05,3.2160661339001004e-10,-0.1809801655202852,60.98026948928068
11.9,22.44,1.3,1.53,5.51951147425469e-06,1.8348788569602e-10,0.2097328673453908,63.78746732193704,4.88672009642406e-06,1.1789467652773701e-09,-0.1542168600471972,62.030335155879285
15.27,32.26,0.39,2.8,8.18002985965867e-06,1.58392999840892e-10,0.21177018922164,61.19930683774902,7.05472438539802e-06,2.63231358185134e-10,-0.1942377256941614,60.777619052079245
22.21,79.09,0.88,2.69,1.61958958905426e-05,2.14800461451132e-10,0.2174765058481672,61.45501814683725,1.78334757786291e-05,7.60730747940086e-10,-0.177138477081606,60.86804280558984
37.34,11.26,0.84,2.78,1.97096026710366e-06,1.3988604604478198e-11,0.2216480598843791,62.08743204161259,2.33346507048077e-06,4.28464948811171e-11,-0.1859669815425063,59.48777526384654
42.9,13.02,0.31,1.71,2.71839980226617e-06,1.18054506316837e-11,0.2224612663870662,60.1985892320793,2.62712155660597e-06,1.06953575122371e-11,-0.2208811581766555,58.791524282093
25.08,66.99,1.03,1.4,1.37377646377557e-05,1.30061906821283e-10,0.2208542943687861,62.322908480536285,1.50860714722901e-05,4.14954739139234e-10,-0.1836681972078127,60.37432117378725
33.4,82.61,0.94,2.67,1.42317785546761e-05,1.25414828986721e-10,0.2208053528594376,62.23758186439987,1.84890115604257e-05,5.11149916802772e-10,-0.1764768911970614,60.67800828174488
7.03,85.21,0.63,1.38,2.47056870832409e-05,1.30854524261046e-09,0.2074369087491237,64.39617904669942,1.90433591562944e-05,2.0603278665739803e-09,-0.1914001902491816,62.37877700737682
16.52,34.1,1.24,2.15,7.51901965693118e-06,1.6290059865780501e-10,0.2128751890087749,61.89540377820765,7.51607493252722e-06,1.0975837913661301e-09,-0.1567947358728883,60.59315980170752
27.52,79.98,0.77,2.51,1.56649476457472e-05,1.50857026042162e-10,0.2196134247183841,62.05853212115947,1.77281226927479e-05,4.21797061245444e-10,-0.1858942786333327,59.75977964127324
27.68,88.59,1.47,1.66,1.51322906724339e-05,1.68922576032844e-10,0.2218684699306215,62.3002678055284,1.90966263768822e-05,1.34902541179222e-09,-0.1580652845334424,60.24295972801833
21.89,32.9,0.58,1.96,7.66219798506742e-06,7.342421247260209e-11,0.2195284179603899,62.25588566372157,7.25864170154567e-06,1.21584723042898e-10,-0.2013689229830494,60.64189575327547
12.14,66.63,0.44,2.64,1.76836122060431e-05,5.432698497369751e-10,0.2075782535599157,63.70673910422972,1.48971633670124e-05,1.01496849004158e-09,-0.1848649052787863,62.60872552594108
19.2,92.11,0.89,2.27,2.00198692536542e-05,3.00157632754768e-10,0.2163654862360611,61.19357986928905,2.04569408074545e-05,1.16186463663159e-09,-0.1748449502258758,60.11819507375135
16.2,80.2,1.17,2.67,1.76007364929035e-05,4.61462635469156e-10,0.2105385682274282,63.42283323119816,1.8231513987513e-05,3.4797488786968804e-09,-0.1506151433487646,63.20955426289731
31.75,82.18,0.79,1.7,1.60055444869655e-05,1.1394873995703001e-10,0.2226145598822984,61.62871818430135,1.84535964258946e-05,2.75948849478532e-10,-0.1932346529111908,60.31092957388056
17.77,27.23,0.32,2.96,6.6474422987955e-06,9.94693215576454e-11,0.2141531480463317,60.92590048362151,5.74710038720762e-06,1.56094260130994e-10,-0.1979205506069159,61.94842595609633
30.57,44.21,1.39,2.82,7.08767363225289e-06,8.129633325012179e-11,0.2209377247497514,62.03346537080852,9.6520709965528e-06,7.8277562538852e-10,-0.1530397338844103,59.78415735167041
31.03,55.31,0.96,1.45,1.04381589265799e-05,7.855756809650409e-11,0.2233804023341209,61.6952741793112,1.22319405958784e-05,2.40368402133741e-10,-0.1880756259831499,58.94873930375861
27.93,57.02,0.99,2.79,1.04926596090705e-05,1.13703195193375e-10,0.2191544283869947,61.81348199847783,1.27471157466167e-05,4.964737779368201e-10,-0.1731076693256896,59.494763682383976
30.02,60.49,1.06,2.01,1.09000335038612e-05,1.01286326726804e-10,0.2208089300627665,62.21192207033377,1.30125320849368e-05,4.16845710848982e-10,-0.1759036408906114,60.31807601227624
16.18,35.74,0.8,2.12,8.44733709689918e-06,1.48097028998874e-10,0.21430079614957,60.72811299511663,7.45060333067307e-06,4.3282322720019006e-10,-0.1814401767867715,62.22153121448287
24.91,84.38,0.68,1.72,1.86127398470223e-05,1.62063024954499e-10,0.2198118866525027,62.24296530359756,1.88747832862706e-05,2.97767444591065e-10,-0.198036025672347,61.288085306472034
30.54,15.23,1.24,2.17,2.65210340184403e-06,2.44708588450166e-11,0.2221647307279764,62.56995841431745,3.00044847603579e-06,1.41353717077676e-10,-0.1694047901244108,59.88142366257703
27.22,24.71,0.2,1.69,5.96631433042554e-06,3.75348359841322e-11,0.2207568242920576,60.80312283371593,5.29892984389549e-06,2.9901220954463095e-11,-0.2239361310418702,58.70280675516799
34.49,64.56,0.87,2.2,1.13313536515825e-05,8.82708785643257e-11,0.2215978149348851,62.233933079360845,1.37529348800222e-05,2.7088613487613103e-10,-0.1855658410078945,59.69148970079021
11.66,14.17,1.27,2.51,3.28029514079132e-06,1.6555466489344002e-10,0.2050070209382123,63.78871137647471,2.92520201946183e-06,1.30536394738381e-09,-0.1417252355483818,62.8864157952877
18.7,59.45,0.63,1.68,1.42834366403367e-05,1.61231440092917e-10,0.2189306276430658,62.04072929827618,1.28567618093246e-05,3.08623187880728e-10,-0.1968926268037423,61.29961957775995
7.66,29.44,1.14,1.41,7.9242182195755e-06,6.67451909128195e-10,0.1998952093885431,64.79283482907003,6.14982975353796e-06,2.5664776460560604e-09,-0.1574743211360498,63.52828394245612
39.21,48.86,0.89,1.45,8.54111244560298e-06,5.2410120503626694e-11,0.2238016645149619,61.2145526571035,1.07256419417734e-05,1.3106434869874801e-10,-0.1924558285302913,59.96466842883069
19.82,96.8,0.37,2.55,2.33536476576779e-05,2.8700513825126004e-10,0.215220844735329,61.163660852068816,2.17205537392821e-05,4.3894692386944203e-10,-0.1993835348766137,61.70387626706994
44.13,38.92,1.42,2.71,5.16920007362552e-06,4.30694192030854e-11,0.2238343293574458,62.70368296148335,8.32027875194628e-06,3.64926493103156e-10,-0.1575547962003746,60.12895259598243
35.33,56.29,0.58,2.79,1.0369769405831e-05,7.813493706087789e-11,0.2195162537889659,62.11256284597094,1.22767095843522e-05,1.60654471771344e-10,-0.1944442927049443,60.79652945589655
8.81,85.81,0.95,2.58,2.24309210806182e-05,2.6712538733537102e-09,0.1914636154464397,65.9806296288175,1.94112854645481e-05,1.06937494088229e-08,-0.1445300287939036,64.56255995793312
21.67,77.93,0.24,2.17,1.95993253229061e-05,1.72984473722613e-10,0.2184092959257078,62.16227437838227,1.66350641316356e-05,1.64822947901673e-10,-0.2157560066278628,61.5359879968923
41.31,10.24,0.47,1.33,2.09595969044137e-06,9.55221079002248e-12,0.2230808011699111,60.13128591308325,2.074327629958e-06,1.0800971649634198e-11,-0.21481439880843,60.92667046820874
18.79,27.66,0.25,2.7,6.88930858216598e-06,8.58265651238135e-11,0.2151688904500545,61.25357320425872,5.84726486701427e-06,1.1022121472538001e-10,-0.2055480216376375,60.106703304030354
32.16,30.06,0.56,2.1,6.14282973112593e-06,4.1502408858735594e-11,0.2213476928113513,61.62725118037663,6.45164202946604e-06,6.991741056530479e-11,-0.2025387705308993,59.78172050119642
18.48,87.68,0.42,1.61,2.23599118733964e-05,2.26777626265843e-10,0.2191622095327549,62.22946573139115,1.970487862944e-05,2.83519121751128e-10,-0.209392295576476,59.60960205266171
10.23,28.26,1.25,2.62,6.85946921756399e-06,5.289487011912701e-10,0.1998719739082241,65.86472344482655,6.11446029578426e-06,4.6469760847151705e-09,-0.1323700788807219,65.3806195760323
10.12,38.23,1.04,1.8,9.74118337226118e-06,4.14616875168269e-10,0.2082996426111971,64.68570545937588,8.41990253968447e-06,1.8644639523961603e-09,-0.1612016071035968,61.195205905346405
25.54,31.05,1.45,2.64,5.26934606943759e-06,7.42618801399446e-11,0.2190944173269999,61.61126342934159,5.97056396747554e-06,7.116417716829501e-10,-0.15118719318626,60.61736836274499
14.04,57.42,0.7,1.44,1.47867147660102e-05,2.30837725319627e-10,0.2174244084054634,61.58160771923144,1.26997578970264e-05,4.9306171503861e-10,-0.194085676594524,60.47438588287211
36.18,55.04,0.99,1.98,9.27123824628135e-06,6.873505701515639e-11,0.2233951332230116,61.94508963863508,1.20920863964072e-05,2.45811847733898e-10,-0.1819110838664548,60.722894292189615
27.19,52.24,0.85,2.07,1.02670033370295e-05,9.412833781281629e-11,0.2209198227425155,62.38463533685746,1.14804788865961e-05,2.60595112437308e-10,-0.187808624506407,58.995512467512434
15.23,62.5,1.48,2.73,1.31786971307511e-05,4.83619748344192e-10,0.2084534258202812,64.74664427476911,1.39107365667869e-05,6.773880082074211e-09,-0.1292868692174461,63.58640611959603
37.53,33.29,1.41,1.97,4.97388425969922e-06,4.2260003732466e-11,0.2239036998412054,62.49803905390801,7.09092753239501e-06,3.14949212393811e-10,-0.1612738008206898,61.35547445816186
17.95,77.05,1.21,1.21,1.70410622906722e-05,2.41532276955788e-10,0.2192616095569693,61.84701635629464,1.71383734550563e-05,1.2297267867103902e-09,-0.1708989606281302,60.23726666585399
34.62,16.49,0.61,2.29,3.22465626366148e-06,2.13750129539474e-11,0.2209116303293334,61.70363399838408,3.51265098893827e-06,3.7852303059609196e-11,-0.2001273128265603,60.31658456514352
30.94,72.51,0.76,2.8,1.3357356044336e-05,1.18976098432807e-10,0.2203012372631003,62.20637410542272,1.59958334965971e-05,3.72609756504907e-10,-0.1837061871795963,60.73575237794088
15.52,33.82,0.53,2.16,8.44754750489429e-06,1.36724535827707e-10,0.214667430192619,60.972144809206135,7.0970001019022e-06,2.46296363291885e-10,-0.1956426785484296,61.00060389879475
32.95,43.3,1.12,2.42,7.16901440182351e-06,6.6009747676056e-11,0.2216191775508148,62.37616415661887,9.24181036710322e-06,3.47138021381567e-10,-0.1712408975096946,59.08884149558495
37.21,99.81,0.71,2.63,1.72963794376448e-05,1.26109288440691e-10,0.2215100162051393,62.205846050157554,2.22382119317083e-05,3.31022619633276e-10,-0.1898503920813919,59.22395736779981
15.87,41.98,1.18,2.41,9.21389889340591e-06,2.25786507960201e-10,0.211908441099218,62.68820958506767,9.04200953101324e-06,1.6191337643969602e-09,-0.1546469222143494,62.1062821703504
20.21,70.09,0.6,2.85,1.58208447607092e-05,2.26071913867876e-10,0.2144721114195872,60.83267030180132,1.58539265353984e-05,5.98417958786045e-10,-0.1834861123513138,61.75408353423693
21.25,55.6,0.5,2.2,1.30938963681107e-05,1.31593181283895e-10,0.218923571294702,62.070983875482014,1.24767040187545e-05,2.04839250139323e-10,-0.2028602517643844,60.3887981795321
41.11,45.83,0.66,1.82,8.30517964492278e-06,4.7235175027061895e-11,0.2223004876551129,61.18454088418203,9.86257102156786e-06,8.966426077023519e-11,-0.1990095164447569,60.362566661831984
24.75,43.25,1.15,3.0,8.05814604063033e-06,1.14161286884266e-10,0.2165649011337677,61.06945602207643,9.16472918500348e-06,6.70713834313137e-10,-0.1616699860264505,61.64744590565476
21.78,87.97,0.96,2.86,1.72525598884891e-05,2.60264038808823e-10,0.2167427045424789,61.22802623912628,1.86457238933032e-05,1.1253218687093801e-09,-0.1717882325585197,60.03978847995268
44.02,20.35,0.49,2.27,3.74202974783758e-06,1.9385246831576e-11,0.2221581474527779,61.05809244206331,4.35804159860362e-06,2.7723004991873e-11,-0.2076539969485466,59.25111787351496
29.99,42.33,0.73,2.23,8.3163740613613e-06,6.882602989501759e-11,0.2199352102441507,62.18848691497973,9.17204868507767e-06,1.68008229591307e-10,-0.1905827788135482,59.34400143037095
38.91,99.12,1.4,2.89,1.37358321615854e-05,1.34552421389618e-10,0.2223079658835262,62.28681064850779,2.17858465225256e-05,1.2483915381404702e-09,-0.1542686059012536,59.05261545766219
15.4,83.19,1.32,1.86,1.84018021861585e-05,4.35564902036796e-10,0.2132488717430877,62.22273341023503,1.86375370369129e-05,3.4962619429969205e-09,-0.1525651968872567,62.372632509332405
30.38,39.8,1.17,1.51,7.22464531237205e-06,6.0535119431447e-11,0.2231493166120266,62.16174769668495,8.63755730639012e-06,2.83368991930248e-10,-0.175166789359615,60.08228507810293
38.32,19.8,1.41,2.87,2.91183786600892e-06,2.6429418173298496e-11,0.2224079215493951,62.422050308630986,4.19047394014511e-06,2.11810194650387e-10,-0.1580773689780505,60.32835663168586
17.34,66.57,0.9,1.49,1.53687005363669e-05,2.0613817032454e-10,0.2191172511472735,61.92293067801125,1.42510063255804e-05,6.360955196634501e-10,-0.1843412041859714,61.274798711467845
25.72,70.62,0.36,2.4,1.60864735817141e-05,1.32162852801515e-10,0.2191655302121649,62.22500814479777,1.59274250534531e-05,1.70828069178876e-10,-0.2079989020674433,59.31411776868198
26.41,99.96,0.75,1.52,2.12359559449383e-05,1.69876884393753e-10,0.2220166757534923,61.7889614896967,2.23221594574144e-05,3.49510163108852e-10,-0.1964282275300285,61.21917441565654
34.25,91.61,1.31,2.8,1.40483604779493e-05,1.45771486997222e-10,0.2209300722265137,62.02357642137112,1.97981043064093e-05,1.2201202993227901e-09,-0.1565338497072737,59.89653843894312
39.59,17.44,0.67,2.14,3.19122605269722e-06,1.90593866110628e-11,0.2220944652175557,61.39818031014258,3.73139175893298e-06,3.8840679608852697e-11,-0.1968036158893688,61.22717130344738
20.53,47.64,0.33,2.87,1.13553429580665e-05,1.41622735211681e-10,0.2143793454107298,60.93062945513656,1.04169807463869e-05,2.22737187121784e-10,-0.1978042753048447,61.840682816153816
13.66,20.61,0.55,2.21,5.32350570571294e-06,9.984912807642001e-11,0.2144920781117254,60.92063505633591,4.47195132093335e-06,2.0286272312818002e-10,-0.1930362854519316,60.28968398194501
20.45,99.83,1.07,2.53,2.05816694962615e-05,3.3327113016519003e-10,0.2152035088846402,60.79294374062902,2.26523417316373e-05,1.9485266463885103e-09,-0.1617750968506464,61.78340230128952
16.6,56.56,0.65,2.65,1.3513407155245e-05,2.55028967384503e-10,0.2121246614698668,61.18292520675136,1.25003881189356e-05,6.52920689051737e-10,-0.1823532587390156,62.74000371851351
42.77,44.9,1.27,1.62,6.55937129232894e-06,4.5839784283232004e-11,0.2248660579067787,61.73182880907064,9.14700468079793e-06,2.33508814640208e-10,-0.1737349748368601,59.59691520648376
22.32,88.24,0.96,1.24,1.90569022888853e-05,1.8824495593130602e-10,0.2216046069361355,62.35522428549295,1.96475314119005e-05,5.14285028548447e-10,-0.1895297910020881,58.96052896890323
18.15,60.19,0.63,2.66,1.37965856346992e-05,2.14092399774763e-10,0.2153358419511344,61.05252723499284,1.3432280438605e-05,5.73994660675553e-10,-0.184150397958574,61.859847346279686
36.44,41.14,0.54,2.76,7.64517709354283e-06,5.2642980878412296e-11,0.2208795292162692,62.0847420983506,8.92169911739301e-06,1.02039822878304e-10,-0.1968965017981801,61.51942826026621
42.11,22.26,0.94,1.33,3.74531010254828e-06,2.1470712718430498e-11,0.2245395958317211,60.89799866119727,4.68376449449664e-06,5.596595248864909e-11,-0.1924002622464537,59.98176166907637
25.6,28.15,0.46,2.32,6.23119665190337e-06,5.28100908363683e-11,0.2194959929143545,62.26703397865915,6.15656683214792e-06,7.76548274720042e-11,-0.2048029520987698,59.21971046925362
33.36,63.09,0.89,2.5,1.1085894918313e-05,9.30333738410999e-11,0.2211228559142845,62.36040670614042,1.39713822875878e-05,3.26454910812945e-10,-0.1807935709608442,61.394467739317854
29.05,45.57,0.53,2.85,9.24837361796512e-06,8.227610932772349e-11,0.2181408286291465,61.81100154325345,9.94725392231949e-06,1.6017558468773801e-10,-0.1943695063194462,60.6790325265229
20.88,79.15,0.72,2.04,1.79149114119882e-05,2.10706737125461e-10,0.2171303286154387,61.474549242791625,1.74493220011855e-05,5.45711697804448e-10,-0.1875404236588821,59.846269644014974
31.61,32.54,1.33,2.18,5.38163574937717e-06,5.2263199069511e-11,0.222244740700497,62.46040199901456,7.16523367940164e-06,3.67765798508712e-10,-0.1622848762052536,61.79481097115324
34.0,52.3,0.57,2.14,1.0356168331543e-05,6.86026282849937e-11,0.2211915688255352,61.65748726250151,1.16079839547279e-05,1.19324370516053e-10,-0.2011794110646957,60.13044842598006
21.29,30.68,1.41,2.83,5.61436679878895e-06,1.02227724346203e-10,0.2165303071975505,61.03355706625284,6.37375699643534e-06,9.37571905658524e-10,-0.149697669162967,61.92515738896079
16.42,75.12,0.61,2.96,1.78428379883547e-05,3.75698894923083e-10,0.2107696982882484,62.13217245995274,1.66802072270356e-05,1.04862201644737e-09,-0.1786695456113893,61.5925790091855
9.09,13.25,0.45,1.51,3.88176509192711e-06,1.09619722033149e-10,0.2107035689041852,61.056878431870274,2.74068250852894e-06,1.21064009177523e-10,-0.2063243037021372,61.31635806917414
23.11,40.69,0.52,2.78,8.98534188251144e-06,9.94823778268192e-11,0.2169832778831815,61.54095488397031,8.97634237353801e-06,1.77638150799676e-10,-0.1958206330207003,61.185916041294085
38.13,68.38,0.45,2.59,1.29966983648189e-05,8.08322287455915e-11,0.220890870369387,61.743853380836505,1.51152677359539e-05,1.24528115691015e-10,-0.2038253740000027,58.896650814439205
10.77,64.39,1.33,1.55,1.57968038563e-05,7.090040182801881e-10,0.2076663994713927,64.49719209352229,1.40414320581441e-05,4.99532567564151e-09,-0.147300592268413,62.5372336208788
31.12,14.45,1.02,1.62,2.61836346541768e-06,2.06398230834685e-11,0.2230629029444541,61.76547170178567,2.85222820301618e-06,7.421336466211079e-11,-0.1831971683303994,60.706680526089535
27.35,85.32,0.34,2.93,1.84535058104733e-05,1.63684501598686e-10,0.217626475344892,61.79309089949855,1.89830435484956e-05,2.3503280359134e-10,-0.2028806095467126,59.93007208929617
21.64,35.51,0.74,1.58,7.78174167845298e-06,7.781071649315249e-11,0.2208116394248863,62.25635770772442,7.37753929091072e-06,1.54455379149469e-10,-0.19702418889957,61.42514187090963
16.11,38.33,1.07,1.89,8.80732972628459e-06,1.6633769965975002e-10,0.2143991155918782,60.64538548362321,8.31942434664828e-06,7.590795408043e-10,-0.169578810984315,61.56910083061715
23.79,83.46,0.44,2.61,1.88211220954141e-05,1.8952906115117701e-10,0.217195118378309,61.64195691316994,1.85367276953513e-05,2.85904459755519e-10,-0.2012460867174554,60.7405699852456
17.25,99.06,0.38,2.91,2.41208968798697e-05,3.85966142038956e-10,0.2139011413782083,60.79467293937993,2.19268484821867e-05,7.22298319874667e-10,-0.1930393164694355,60.387414185130886
42.71,64.89,1.15,1.7,9.76477627247047e-06,6.58923928564864e-11,0.2246285023524441,61.63026858409165,1.42953218886183e-05,2.75437511959325e-10,-0.1782648970488407,61.1561509674129
24.12,69.56,1.02,2.45,1.3509500310137e-05,1.67336446299622e-10,0.2181845325020251,61.561529798541656,1.55932139484783e-05,6.96793679166906e-10,-0.1737028003825297,59.676443132394965
37.95,63.77,0.89,1.89,1.09353195327976e-05,7.401545635014269e-11,0.2232573919063239,61.67179669495152,1.4085060181949e-05,2.13060768758769e-10,-0.1887938275812386,58.80478671886097
24.09,19.08,1.3,2.08,3.6434554213052e-06,4.4802173264830795e-11,0.2191652207205314,61.762819271717504,4.00868912007602e-06,2.38272395485537e-10,-0.1678526567670773,60.49483812279782
36.51,58.33,1.45,2.6,8.49998442531433e-06,8.23611299904278e-11,0.2229793322368735,62.488145901232045,1.28254888298277e-05,8.04085567345046e-10,-0.1542373089488193,59.12289414160571
10.74,50.19,0.83,1.85,1.31804187342547e-05,4.1392281667486903e-10,0.2106459387897367,62.98050850662845,1.12392842911794e-05,1.3094039789042e-09,-0.174775030189546,60.70848617835462
24.68,50.62,1.19,1.39,1.00428154774535e-05,1.03412239490679e-10,0.2209025573379891,62.26295087995984,1.13370349673272e-05,4.1808820225807103e-10,-0.1768184171458572,60.571882421186935
23.48,88.97,0.82,1.67,1.92914702912919e-05,1.84901202316576e-10,0.2203753094325425,62.31872382254092,2.0018442034781e-05,4.43015266890435e-10,-0.1916689667405396,59.67026305221422
44.21,74.79,0.35,2.83,1.35555848511359e-05,7.513591896672669e-11,0.2207793882308658,61.58005514877847,1.62497193767479e-05,1.00210266985622e-10,-0.2079863123703606,59.38864894203766
42.92,87.06,0.62,2.33,1.49415592879858e-05,8.799556452670669e-11,0.2225532243802663,61.457836292319,1.92549639729099e-05,1.67204196420751e-10,-0.1986104405550891,60.62533478259027
28.35,21.24,0.67,1.98,4.46967864757514e-06,3.4482945282740396e-11,0.2208102210797303,61.96020363954438,4.55129254737625e-06,6.82387427223929e-11,-0.1968475006090022,61.39302709376718
9.91,65.68,1.28,2.48,1.61922871153634e-05,1.3634964614823e-09,0.1987119224423994,66.3097528575833,1.49353722256273e-05,1.29390844150386e-08,-0.1283731410297698,66.08398836712158
26.58,18.54,0.41,2.79,4.10469517807596e-06,3.4598709592195894e-11,0.2188618890114525,62.13295633041888,3.93240934932304e-06,5.015614692306189e-11,-0.204344394389203,59.44137113544301
15.38,59.77,1.28,2.8,1.29454749786903e-05,4.14473819012295e-10,0.2093007926813517,64.52621558009277,1.31032150038155e-05,4.10781480723327e-09,-0.1408331139803768,62.478874350830246
32.52,45.67,1.18,1.32,7.66972046772423e-06,6.271326642116209e-11,0.223898723971231,61.86905273773538,9.39107892320216e-06,2.76457156830139e-10,-0.1772858069469919,60.82892646925124
43.72,96.65,1.32,2.29,1.32761935781765e-05,1.03440614886109e-10,0.2242536335805172,62.34755790593738,2.17177290823268e-05,6.91551436264203e-10,-0.1643886366947439,60.53885493626278
22.09,40.04,1.25,2.65,7.64808119470532e-06,1.17598358298135e-10,0.2174214458148631,61.29620285903929,8.45708962232069e-06,7.84595127945551e-10,-0.1593471273612668,60.823807498485664
38.43,81.54,1.34,1.56,1.18105039019051e-05,9.63921336636159e-11,0.2244257427253852,62.08470392948566,1.8157480156436e-05,5.67625064609334e-10,-0.1690600062289191,58.9272194020696
22.14,41.79,1.23,1.25,8.49342624312184e-06,9.583841862779349e-11,0.2212718694585736,62.36775479858977,8.89454775575764e-06,4.18416886685774e-10,-0.1755327569922685,60.12877588795072
18.86,52.66,1.5,2.43,1.04447884023793e-05,2.19560077362049e-10,0.2146047015587119,62.07876932785378,1.17220393546009e-05,2.6386888726291603e-09,-0.1410058424268096,60.895889677867416
28.28,42.79,0.43,1.51,9.79785803967623e-06,6.375245129065529e-11,0.2214398934680608,61.07266575353248,9.54453424690578e-06,7.38157087004817e-11,-0.2124930353135532,60.69621707329739
15.9,34.43,0.62,1.71,8.58341501428806e-06,1.22563161371623e-10,0.216431223611014,61.38499513085892,7.17833760564747e-06,2.21765694682016e-10,-0.1970230641810475,61.33778709524937
40.22,17.5,0.83,1.4,3.1411353353372e-06,1.78710225768685e-11,0.223602422451773,60.93045889240258,3.69241224948191e-06,4.0621084001003095e-11,-0.1951364087901539,60.85788515462939
