Lch,Wch,Tch,Tox1,Tox2,Ion_N,Ioff_N,Vth_N,SS_N,Ion_P,Ioff_P,Vth_P,SS_P
24.39,53.24,4.58,0.86,2.03,4.98529605565131e-5,6.01374645275609e-11,0.2268112338739922,56.19022509069041,3.21588671735206e-5,3.20139108372015e-11,-0.2465466608746149,68.6008174452894
26.05,15.58,5.55,1.02,2.04,1.51933212421328e-5,1.8044005592244e-11,0.2633430666416059,60.65420555617748,9.20085598275856e-6,9.46078777730318e-12,-0.2726624891815232,70.6366861033258
24.85,30.07,7.6,0.49,1.57,4.36407460819964e-5,5.78211160785635e-11,0.2324067903325313,61.3733217444222,2.78813657881412e-5,3.14134209395631e-11,-0.2374692909610359,65.08594736662249
32.49,38.2,4.98,0.51,2.06,4.17835751898024e-5,2.61240474607541e-11,0.2447510940272062,67.79764364579202,2.53236014352425e-5,1.27641250874924e-11,-0.2562695070045449,66.68861133345602
30.35,25.51,7.8,0.58,1.72,3.22578998990148e-5,3.38380269777042e-11,0.243616893342383,68.5658619026005,2.01248782871358e-5,1.66861445288775e-11,-0.2555027072471707,68.93484159478183
28.14,22.59,6.85,0.71,1.59,2.5673285450438e-5,2.8022209478867e-11,0.245969206717154,68.77698336549379,1.61675769084984e-5,1.45033286477626e-11,-0.2576731192443585,68.87911000122388
21.4,58.39,4.15,0.63,2.0,5.62035252959561e-5,6.5871117673092e-11,0.2198449362236633,53.68145138825961,3.38645810200596e-5,3.4692761137227e-11,-0.2443255304375491,68.3589584550498
32.54,51.21,4.74,0.38,2.14,5.83199170188038e-5,3.23865441832413e-11,0.2422260015683146,67.76126829127737,3.40659794303995e-5,1.59026127013683e-11,-0.2515009590837204,66.76485829014479
22.25,27.95,7.96,0.5,1.99,3.75499896332923e-5,8.98781673651267e-11,0.2172747643092552,61.98412266669828,2.39447571970565e-5,4.73189135110219e-11,-0.2443172383520184,69.497942077299
17.16,41.23,6.99,0.49,1.77,5.85385467866437e-5,2.62266598309735e-10,0.1873587914719848,68.95080134637851,3.82865490245609e-5,1.55379277462645e-10,-0.21232978718058,69.05264988461978
28.9,27.73,7.89,1.12,1.69,2.68967982749299e-5,5.96566310081769e-11,0.2392807004965445,67.95181439708092,-999.0,-999.0,-999.0,-999.0
15.01,37.77,7.18,0.83,1.87,4.55551188835558e-5,1.31330502015997e-9,0.169889330322669,76.97262132070016,3.0106781646563e-5,8.56002077057672e-10,-0.1784643103804998,72.68598397838431
28.71,53.37,5.17,0.53,2.09,5.29587763990875e-5,4.75238192701046e-11,0.2350051547267692,63.28485382332039,3.22513371437495e-5,2.37680935609689e-11,-0.248247994245845,68.0173857612272
20.8,44.68,6.69,0.84,1.68,4.75022753510513e-5,2.00062855329382e-10,0.1926340927288607,68.0705997974372,3.06813292097262e-5,1.07301218153243e-10,-0.2153438774660612,66.6024961544246
26.54,46.01,6.64,1.19,1.67,4.00899894823829e-5,1.0562826371902e-10,0.2091114109713071,63.50622322806967,2.58620246131577e-5,5.82112298322427e-11,-0.241336960836689,67.198521296668
20.54,28.73,7.87,0.62,2.06,3.56657923746368e-5,1.66446501146566e-10,0.2007933011057063,68.8111100999634,2.31058287158905e-5,8.6265878304393e-11,-0.2306728798517199,67.22438850640009
16.04,42.58,5.12,0.56,2.06,4.85522781774332e-5,1.60948174584918e-10,0.1977123569636965,66.53959907009968,3.10324221732264e-5,9.51343413569819e-11,-0.2194311796680183,65.3965820714134
33.25,54.33,7.52,0.45,2.15,6.63699248119736e-5,6.44658360270684e-11,0.2188548452838315,53.276641968594106,4.28530183606987e-5,3.16859844301892e-11,-0.244708143712734,68.2650353195822
27.16,39.51,4.65,1.12,2.17,3.04926919099997e-5,4.17687771632626e-11,0.2390807216849039,68.67803414176421,-999.0,-999.0,-999.0,-999.0
16.29,78.33,4.77,0.85,1.63,8.03645959870331e-5,3.05221006511088e-10,0.1821523302547123,68.13309483147451,5.17076647829267e-5,1.79629177158457e-10,-0.1954877154839021,67.4751100867031
24.99,72.15,7.86,0.66,1.53,8.82183466068807e-5,2.03026394275398e-10,0.1868529435670262,66.0604555289481,5.91253932467909e-5,1.14492941422237e-10,-0.2115154666864904,66.49639604577301
19.27,48.97,5.31,0.51,1.73,5.1472672097633e-5,9.70463746091276e-11,0.2081628541683197,60.60754417303279,-999.0,-999.0,-999.0,-999.0
24.43,79.2,6.47,0.41,2.0,6.52611100750284e-5,1.35687320947019e-10,0.1928319191483347,62.47375038307709,6.40787306233623e-5,7.33150447412314e-11,-0.2150416978269022,57.90493466751639
17.05,27.64,7.6,0.31,2.06,4.41927193981416e-5,1.71815397078965e-10,0.1986437353884826,68.1839915494607,2.87744845952037e-5,1.0095153866013e-10,-0.2215423455752623,67.9493545734815
31.29,69.18,6.41,0.99,1.62,6.26152830750657e-5,8.35194226835512e-11,0.2094272845753103,57.81666816291328,4.02373881289483e-5,4.20476838415523e-11,-0.2438626723134682,68.4265577480361
32.29,47.07,7.56,1.11,2.16,4.07166809791721e-5,8.04984281759287e-11,0.2181525915831178,59.757528308026416,2.6700601733899e-5,4.08638458642051e-11,-0.2457911076154604,69.25622771854643
26.41,70.42,5.36,0.57,2.08,6.80357540110031e-5,7.94728355277576e-11,0.2095213080099159,56.429467291401494,4.23657049813373e-5,4.16860675323487e-11,-0.2434877193301302,68.2405111812425
21.47,19.1,7.08,0.71,2.1,2.44147644494019e-5,5.54041616183991e-11,0.241291618364931,69.1823594366699,1.51703828601706e-5,2.97571554073884e-11,-0.2510313556525127,70.93954895281642
26.26,60.28,4.37,0.67,1.65,5.35484414657073e-5,4.7550280375923e-11,0.2348303343589134,63.117216755823605,3.25515356103562e-5,2.48172754708408e-11,-0.2476921914582902,67.97593080713429
24.6,50.02,4.16,0.3,1.88,6.16440602913151e-5,3.66857706476445e-11,0.241439483762565,67.8885109973777,3.55409108946322e-5,1.89182405843523e-11,-0.2501423623876699,67.25614499062249
24.6,50.88,7.13,0.64,1.66,6.20644130660459e-5,1.11293791718776e-10,0.2025271447299557,62.1142910629193,4.06231954692244e-5,6.11886626916549e-11,-0.2306111872902779,57.62859415865651
26.43,68.03,4.14,1.15,2.06,4.86681405514262e-5,6.46673222520792e-11,0.2223925666896194,54.08670478446911,3.06532938235628e-5,3.44138826289415e-11,-0.2457507436163559,68.57464582355671
20.02,65.88,7.78,0.22,1.65,9.40745310727963e-5,2.37264065337934e-10,0.1837975495560769,66.5114090724339,5.91807826682454e-5,1.28868575994534e-10,-0.1995469747446815,64.60661900835191
30.93,35.46,5.11,0.68,1.75,3.5611622310701e-5,2.6814984302772e-11,0.2448732776516716,68.0090583788043,-999.0,-999.0,-999.0,-999.0
28.99,18.92,4.56,0.84,1.62,1.82132818368744e-5,1.29389391785461e-11,0.2569974745279737,67.53890154818043,1.07829123397253e-5,6.42111094948835e-12,-0.2779783178194468,65.94958223331193
25.25,38.81,7.78,0.84,1.78,4.42848862382592e-5,1.16349623467482e-10,0.2064841183665294,64.58865605050151,3.0075971367171e-5,6.68454125720969e-11,-0.2392356207119739,69.26237344390441
26.13,67.7,4.86,0.96,2.04,5.52590533222224e-5,8.04232304594097e-11,0.2261126020610179,71.6382128599771,3.47555688484031e-5,4.25265425766098e-11,-0.243947720487839,68.48516538933691
19.54,39.95,4.57,0.86,1.85,-999.0,-999.0,-999.0,-999.0,-999.0,-999.0,-999.0,-999.0
17.69,72.5,5.63,0.76,1.61,8.3914228907722e-5,3.05474517838557e-10,0.1820393927463295,68.15559165323918,-999.0,-999.0,-999.0,-999.0
25.83,54.03,6.74,0.78,1.71,5.96039164554377e-5,1.03759191008774e-10,0.2219867604009282,78.83759958628661,3.53283928063115e-5,5.52592357247874e-11,-0.2375002154464687,64.72078878880811
18.92,42.76,4.62,0.43,1.61,4.2938105731873e-5,5.85211556123684e-11,0.2292874342822772,58.426820693159605,-999.0,-999.0,-999.0,-999.0
18.92,32.76,7.4,0.36,1.96,4.26366043958454e-5,1.46910566863298e-10,0.2083544871290094,61.0521782379016,2.67960878961481e-5,8.1640885527162e-11,-0.2257488416980576,64.50910929349548
21.01,76.81,5.75,0.25,1.93,9.45789360433262e-5,1.31392619815229e-10,0.193482782831293,62.0056339640637,-999.0,-999.0,-999.0,-999.0
23.34,16.89,4.47,0.59,1.55,2.02022941318036e-5,1.39196185386819e-11,0.2561195823591478,67.65914750119408,1.18904018059415e-5,7.23237122947469e-12,-0.2743168179486327,66.11828761200991
30.01,59.15,4.19,1.11,1.89,4.45067853865087e-5,4.2302290541677e-11,0.2408393930838107,68.14647276917619,2.8156247438687e-5,2.10001596870804e-11,-0.2503899695919728,68.20705740766988
32.77,70.02,6.68,0.73,2.07,7.00021968627033e-5,7.88223813281959e-11,0.2101621596491604,56.60295073750179,4.48365934173906e-5,3.94916908550671e-11,-0.2429427288005787,68.32917847149281
30.56,18.98,7.46,0.83,1.68,2.23059711032286e-5,2.27343238681962e-11,0.2489851513240404,68.95965814900597,1.40520689490061e-5,1.1335446799378e-11,-0.2646517153226238,69.36016124487281
33.0,45.39,4.26,0.52,2.13,4.71104382644291e-5,2.55853294069306e-11,0.2446143137758161,67.5916473986152,2.78709087204581e-5,1.24201608021146e-11,-0.2564927427326523,66.44804374530702
18.64,63.07,5.85,0.76,1.54,6.39868125336305e-5,2.28208735538219e-10,0.1872192504222733,67.34898654504111,-999.0,-999.0,-999.0,-999.0
22.13,15.82,4.95,0.4,1.87,2.03522687783487e-5,1.53621028832655e-11,0.2535543535978975,67.44237434025072,1.211884896735e-5,7.91714818711784e-12,-0.2763663172360173,60.6110420659505
22.5,41.69,5.02,0.31,1.67,4.98011549187928e-5,4.40928069857393e-11,0.2404250617733989,68.0899052324634,3.10026474007567e-5,2.30585205627665e-11,-0.2488144165199372,67.94729293889509
34.97,25.74,7.64,0.23,2.07,4.33007592821145e-5,2.4312112852284e-11,0.2457124161270841,67.86355940060582,-999.0,-999.0,-999.0,-999.0
22.02,71.03,4.36,0.36,1.92,7.56415521352154e-5,6.89638274341127e-11,0.2138910193845195,53.4014664938319,4.58478673343234e-5,3.56943294517509e-11,-0.2443388566163661,68.06816012005679
17.62,54.27,4.52,1.05,2.13,5.07016204742401e-5,2.02193656364645e-10,0.1928481182448535,68.06145364873821,3.03461572091889e-5,2.73064724076003e-17,-0.1768851489472374,29.914944770451285
34.87,60.59,7.69,1.12,2.13,5.06774320569304e-5,8.67515493075702e-11,0.2114077930382578,59.75484346517359,3.17285439555201e-5,4.44039434116595e-11,-0.2432179886624241,68.85678099428011
29.5,43.11,4.6,0.31,1.8,4.82141108079092e-5,2.85286706502471e-11,0.2432808583524197,67.59847721563789,2.81260300685242e-5,5.90331957142789e-13,-0.2648088287970969,68.30942464010067
29.5,18.23,6.06,0.44,1.53,2.3246079391761e-5,1.58598057069454e-11,0.2522701664403812,67.5006144880749,1.48851813861329e-5,7.72583232358685e-12,-0.2697686476348874,65.76371311055698
31.41,33.3,6.11,0.91,1.67,3.29319959012315e-5,3.33929720329334e-11,0.2435443767586774,68.4928920116448,2.11329373142299e-5,1.67479065902787e-11,-0.2551403982453571,68.83720443880212
32.87,22.43,4.67,0.4,1.92,2.74352123459682e-5,6.67250078440257e-12,0.2638675208387208,68.29239052450828,1.58150891933682e-5,6.25785620521382e-12,-0.2743452139397735,63.46037815759392
24.45,74.46,5.82,0.25,1.97,0.000100829346405334,9.22486448867527e-11,0.2022298197016376,57.87421207768698,6.15281892825294e-5,4.89995701442615e-11,-0.2310650513474401,57.02704417938731
28.55,64.39,6.94,0.32,1.98,7.86395029127759e-5,8.30234647677385e-11,0.2065109597870136,56.7815405629786,-999.0,-999.0,-999.0,-999.0
18.02,55.72,5.43,0.7,2.1,6.20035874230395e-5,2.11007535247061e-10,0.2077996731583397,85.48751969428439,3.5411188820263e-5,1.18329664842775e-10,-0.2086710299694614,66.32011355789871
18.84,52.31,4.45,1.07,2.17,4.22944598833818e-5,1.51267244687858e-10,0.2088043747229623,68.17115303228258,2.67977202245085e-5,8.53388567820683e-11,-0.2238193575191143,64.6739051856629
20.65,64.71,6.44,0.79,2.2,6.4384108220959e-5,3.22975349007397e-10,0.1822486193263937,68.83350571167769,4.18394834131707e-5,1.71767666834861e-10,-0.1981163048507017,68.01251117200161
28.42,55.05,5.9,0.88,2.2,4.84932808337066e-5,7.33874146048083e-11,0.2170306817233888,56.6514922673198,3.11003048861332e-5,3.82279292403027e-11,-0.245094891747349,68.68942654956881
28.42,35.0,6.02,0.8,2.19,3.33367885850033e-5,4.43555670037794e-11,0.2413391790978537,68.5261546668478,2.0971389480527e-5,2.29815831366071e-11,-0.2512811286301761,69.2632505154143
34.4,16.75,5.55,0.5,2.19,2.18632960466847e-5,1.10404130417153e-11,0.2596087516451421,66.66937109913887,1.32504364352377e-5,5.41931964991644e-12,-0.2822367362333398,63.89752490196379
34.4,68.46,4.97,0.83,1.73,6.31920598160673e-5,4.57497180368231e-11,0.2354672677758733,63.63159273306998,4.10937523998601e-5,2.27253082018744e-11,-0.2483061472208777,67.84480536129311
31.47,61.25,4.8,0.31,1.5,7.2871508254813e-5,3.85984471208948e-11,0.2406422129660727,67.81515991994257,4.35105891171559e-5,1.87951818284474e-11,-0.2485229390981316,66.839371212708
27.09,60.67,6.48,1.02,2.1,5.19688564511406e-5,1.27601679780671e-10,0.1998766450851536,63.982990857641084,3.38433632343976e-5,6.69289796190528e-11,-0.2279964123959828,59.999954511854305
15.39,34.53,6.71,0.36,1.87,4.87150440136793e-5,2.31751655542046e-10,0.1908021715133837,68.85054088184239,3.07819264212087e-5,1.39819875288204e-10,-0.2087229151973176,69.22520240327299
34.65,25.57,6.83,0.81,2.12,2.71904675965694e-5,2.4283064896613e-11,0.247312090802162,68.66298505553239,-999.0,-999.0,-999.0,-999.0
15.16,48.17,7.82,0.83,1.89,1.08324157587987e-7,1.46481981532362e-9,0.1676745015814113,78.04866669595081,-999.0,-999.0,-999.0,-999.0
28.85,70.99,5.0,0.75,2.03,6.29241558801056e-5,6.50340835727523e-11,0.2176491235533399,52.99799519979351,3.94945779110855e-5,3.30754347038278e-11,-0.2452003613521752,68.21588412344701
16.86,59.46,6.26,0.26,1.75,-999.0,-999.0,-999.0,-999.0,-999.0,-999.0,-999.0,-999.0
16.86,19.07,4.66,0.45,1.62,2.53811127083194e-5,2.78255096725201e-11,0.2468777205748625,68.83422374348191,-999.0,-999.0,-999.0,-999.0
29.16,41.9,6.25,1.13,2.04,3.5374079799192e-5,6.51919961752766e-11,0.2275590184608319,57.16665232879711,-999.0,-999.0,-999.0,-999.0
19.33,27.76,7.29,1.18,2.19,2.71751219432666e-5,3.57387116960238e-10,0.1896028246215464,73.60023175531501,1.80054377821467e-5,2.11606558008252e-10,-0.2091355253596748,76.84153933952639
25.37,40.59,6.6,0.83,1.55,4.47423973339831e-5,7.64912160930697e-11,0.218921862135291,58.47349483966941,3.05959983724076e-5,4.18875819232005e-11,-0.2451675354203419,69.00001750097678
25.64,60.22,7.42,0.43,1.55,8.69073487859198e-5,1.11311095694062e-10,0.1991286168919852,61.04772013860568,4.58760772743727e-5,5.88949007127859e-11,-0.2264571048588162,55.235047299894816
25.64,76.95,4.06,0.28,1.78,0.000101711124980339,5.13048851770733e-11,0.2262375623395112,55.234674321274404,-999.0,-999.0,-999.0,-999.0
17.99,25.6,6.69,0.95,2.02,2.13010814041266e-7,2.13295193233549e-10,0.2157452456408489,88.4711198516587,1.73455186250715e-5,1.15227692377062e-10,-0.228204324564989,73.07126313372959
15.45,68.42,5.91,0.46,1.73,8.62171365727216e-5,3.66259514139507e-10,0.1794930537380748,68.49192470153912,5.44888289437086e-5,2.18964831486283e-10,-0.1913395975968044,68.37079685807451
20.74,53.44,7.39,0.37,1.77,7.09492336316651e-5,1.84387644630874e-10,0.1899889782690435,65.87868741569211,4.43819881546153e-5,3.77007813350446e-11,-0.2169216449315989,59.155801525773796
22.61,53.65,5.58,0.55,1.64,6.10737818717762e-5,7.96045398256275e-11,0.2119411921146171,56.99217989145639,3.83209382034074e-5,4.18529250575356e-11,-0.2439763494603385,68.41516682096498
27.22,55.36,4.76,0.86,1.97,4.61565358474163e-5,5.33619728211251e-11,0.2314875554447547,60.2869623713406,2.91723653934978e-5,2.76373355255849e-11,-0.2475249379455682,68.4612011467374
34.89,77.49,7.38,0.6,1.74,8.88358396188169e-5,8.24054404735154e-11,0.2062215808406703,56.71704387774079,5.04069167755858e-5,4.13322189558144e-11,-0.2421510215052601,68.16863735515952
26.12,25.9,6.28,0.61,1.75,2.93933367171602e-5,3.28443760316414e-11,0.2469718916938282,71.5893717091646,1.77033263632174e-5,1.72051227247585e-11,-0.2551175834364791,68.99339852493853
34.01,50.53,4.55,0.32,1.64,6.61760927162567e-5,2.75847112036464e-11,0.2433619673777105,67.45555444833018,3.73673198798814e-5,1.34150520269033e-11,-0.2532932073557703,65.81485959740832
30.14,75.8,5.89,1.08,2.14,6.04652140936747e-5,9.78059224562248e-11,0.2048414530424823,60.066071832635906,3.9458344677519e-5,4.93692640966494e-11,-0.2389782037814354,64.4846140257018
26.34,17.14,7.54,0.5,1.54,2.29090393098446e-5,2.37125282921418e-11,0.2481943553310198,68.78167917138109,1.38288685145101e-5,1.21690905537424e-11,-0.26178186931445,68.73909877506942
32.63,43.81,4.29,0.78,1.7,4.11231538925696e-5,2.53559341763991e-11,0.2371451662359533,50.56698670100959,2.51815916545979e-5,1.24293225032775e-11,-0.2566506930924797,66.58059202233058
26.6,23.05,7.43,0.23,2.16,3.13918852113347e-5,3.19637619568208e-11,0.2437925663488762,68.36960278381568,1.85944215499646e-5,1.64820707910432e-11,-0.2548400276448093,68.47118739553338
26.6,71.33,6.05,0.65,2.09,7.00081684115958e-5,1.05613104343639e-10,0.2009309967109584,60.55916988252691,4.33089479395371e-5,5.47231201777887e-11,-0.2301768271310689,56.50722656769372
30.47,56.86,6.49,1.19,2.16,4.49031255416944e-5,8.90548698394421e-11,0.212194892166903,60.2789062104952,2.97450229850985e-5,4.53467241823172e-11,-0.244423714384556,68.89843862374862
34.69,68.3,5.66,0.28,1.71,9.6879548999882e-5,4.73602296773719e-11,0.2298300821489983,58.4265790744577,5.80286126263105e-5,2.34816084304959e-11,-0.2470709349113819,67.46919792883921
18.2,59.74,6.11,0.8,1.9,6.101478308625e-5,3.57554144065119e-10,0.1814597340152153,69.30815398893802,3.83457212118904e-5,2.00176165984995e-10,-0.1958453710204349,69.2684508662001
18.49,51.9,4.37,0.21,2.14,5.12717435078668e-5,6.45099439644248e-11,0.2312936497643016,71.67690309069421,3.14824232685881e-5,3.43083174895998e-11,-0.2451754295515606,68.2225811847336
34.37,60.85,4.13,0.73,1.67,5.91584327010729e-5,3.17262821180856e-11,0.2424209213698543,67.76267065891989,3.62936963979181e-5,1.55196448943044e-11,-0.2525451123217189,66.9430036982826
28.27,40.11,4.06,0.51,1.92,3.6868643934772e-5,2.51493892480506e-11,0.2450895660172815,67.6595293589552,2.2056339496648e-5,1.25532499634574e-11,-0.2551376235481536,65.4529194916707
29.84,16.88,4.82,1.12,2.08,1.49378972386407e-5,1.28957916447578e-11,0.2593685275987659,68.65565918255808,9.41082807362711e-6,6.50448572769714e-12,-0.2821716614769166,68.18191054819629
18.51,69.43,4.95,0.64,1.51,6.78097676363101e-5,1.4166242328383e-10,0.1950379026331146,63.648469066221594,4.28580831938455e-5,7.88523720101634e-11,-0.2162101803369006,59.91227339185778
27.87,62.0,7.0,0.49,1.94,6.9709024721141e-5,9.17146111821355e-11,0.2049421817579288,58.7482563240255,4.36684431073886e-5,4.75302588453542e-11,-0.2371214157050497,62.6635912554408
20.05,33.13,7.53,1.06,2.14,3.3600507100441e-5,3.97394385039102e-10,0.1855490716994322,72.4418180403617,2.21291328426191e-5,2.26587377318793e-10,-0.2023846650475943,74.6750429753382
15.25,38.61,4.07,0.76,2.03,3.8172332081992e-5,1.12652503247171e-10,0.2109663039422161,64.5832832926796,2.33372422692382e-5,6.63320286829051e-11,-0.2398965105843198,66.08525171462429
17.57,49.14,5.82,0.4,1.99,6.88016703977272e-5,1.54677139116004e-10,0.1952607819970972,65.10137157916051,4.34737062659214e-5,8.94787377208392e-11,-0.21605988056526,62.8477077893487
32.7,25.45,4.8,1.07,1.51,2.2727008185153e-5,1.67708598980322e-11,0.2523027187436099,68.16251517849209,1.45366391231904e-5,8.35844648760091e-12,-0.2696635662043685,66.93029495724589
30.05,70.18,5.01,0.95,1.6,5.94024891297884e-5,6.00445440863735e-11,0.2218957133902472,51.55869846035649,-999.0,-999.0,-999.0,-999.0
21.22,79.46,7.29,1.09,1.61,7.66069294214964e-5,7.31117715164823e-10,0.1730866897908546,69.78616552432649,-999.0,-999.0,-999.0,-999.0
16.88,42.42,4.78,1.02,1.72,4.16542932761281e-5,1.78950683001009e-10,0.1976166101427407,68.3172626160149,2.75958501067608e-5,1.05041336263262e-10,-0.2203719629680462,67.5741433355001
21.17,54.84,7.93,0.27,1.82,7.9784847478752e-5,2.00109114258283e-10,0.1877808208786751,66.12090711480118,4.9457279378562e-5,1.05248626301034e-10,-0.2077567530942825,63.179748106700686
31.48,50.44,7.84,0.5,1.84,6.23589165920684e-5,6.8173234343205e-11,0.217378039237765,54.5075155870218,3.92149885116818e-5,3.40766847672967e-11,-0.2424103279056955,68.3537492146526
31.9,43.43,6.91,0.95,2.08,4.00554046814084e-5,5.80080407484355e-11,0.2315310042664818,60.5693624703523,2.60914172257239e-5,2.91869736234493e-11,-0.2483850869852885,69.1487010920057
26.75,67.37,6.16,0.24,2.03,8.01816033550303e-5,7.91264955524697e-11,0.2077352742945455,55.8179906595089,-999.0,-999.0,-999.0,-999.0
17.15,70.28,5.2,1.14,1.8,6.55606922493476e-5,4.94839081574495e-10,0.1777854175070597,69.9281683916667,-999.0,-999.0,-999.0,-999.0
25.27,68.99,5.96,0.93,1.95,6.6471108693202e-5,1.33597010420643e-10,0.1971146570982122,63.1666305272707,-999.0,-999.0,-999.0,-999.0
20.92,32.06,7.47,0.2,1.76,4.75750263257156e-5,8.11710994823266e-11,0.2155158132315576,58.68094917591102,2.92624759748833e-5,4.2868391016002e-11,-0.2435347808909338,68.80365661474899
23.87,44.81,5.95,0.25,2.11,6.06546106479563e-5,6.03310798171417e-11,0.2235063834320963,53.0812379661863,3.72440545596415e-5,1.63330017406489e-11,-0.2481158503584216,68.32818518773678
23.37,36.5,7.94,0.71,1.72,4.47082065972882e-5,1.25940173261708e-10,0.2043651036899952,65.1817971757896,2.91629723856585e-5,7.24718062543182e-11,-0.2320178062731236,63.403715329291785
34.02,20.42,7.77,1.08,2.07,2.07625828513729e-5,2.44288597557048e-11,0.2489697971643908,69.51308553035601,1.38543650617946e-5,1.23636526597275e-11,-0.2642854074616841,70.36969039751432
25.46,29.85,6.01,0.87,1.62,3.3263885402621e-5,4.46425832027391e-11,0.2417195764400622,68.7074938569825,2.21523123997849e-5,2.42670235770065e-11,-0.2513745061554748,69.53003998380942
23.57,27.9,4.73,0.35,1.7,3.5145090231292e-5,2.48912282897598e-11,0.248878352395857,57.7845143360346,-999.0,-999.0,-999.0,-999.0
27.8,20.19,4.74,0.61,1.95,1.97602269732429e-5,1.48821291198242e-11,0.254192422956912,67.63722719842922,-999.0,-999.0,-999.0,-999.0
19.09,58.27,7.63,0.61,2.07,6.75048042209918e-5,5.13987183671639e-10,0.1771207911112502,69.8887792620716,4.31164315608951e-5,2.95140174407855e-10,-0.1887190584330967,70.6021266961906
20.07,50.4,7.75,1.1,1.55,-999.0,-999.0,-999.0,-999.0,-999.0,-999.0,-999.0,-999.0
24.94,31.89,4.89,0.56,1.5,3.95902984653764e-5,2.93561466343314e-11,0.2442480340125008,68.1214043281555,2.38673879569363e-5,1.52267775861712e-11,-0.2550458233570835,67.75519544713418
16.75,66.7,4.6,1.01,1.66,6.35163899269566e-5,2.62264966597833e-10,0.1859162536154301,68.26860219289651,-999.0,-999.0,-999.0,-999.0
25.11,20.74,6.08,1.02,1.54,2.29334172805537e-5,3.1014460274276e-11,0.2503502999690624,64.58115283373189,1.52277493325858e-5,1.68223386420622e-11,-0.2579756935444954,70.34751673446249
18.71,26.66,4.33,0.29,1.6,2.70879184965568e-5,2.75624448104864e-11,0.2456145297370151,68.2394292967996,1.74849598326526e-5,1.48009570962367e-11,-0.2558515766111463,67.61813173077833
33.5,16.68,6.3,0.64,1.92,2.1231468996273e-5,1.31627882185041e-11,0.2566547804658359,67.6786605958336,1.30364935471422e-5,6.48628542709988e-12,-0.2778198510016259,65.54905903768748
19.47,50.59,5.83,0.29,1.64,6.05617236000855e-5,9.43970367643255e-11,0.2063477241563032,59.4250641678683,3.84872489047756e-5,5.08500778291959e-11,-0.2376421708644353,64.58380881074139
28.74,35.41,4.73,0.54,1.88,3.54482450529107e-5,2.64444767932987e-11,0.2342202351731099,62.5158335545008,2.12415019776661e-5,1.31967663431332e-11,-0.2567278510954025,67.26114623493942
20.2,59.23,5.93,0.36,2.03,6.8894982890093e-5,1.30510084782323e-10,0.1967029274389838,62.88508542264209,4.36498141201298e-5,7.13218436099462e-11,-0.2212931335478696,57.729564036938406
33.79,33.36,6.95,0.47,1.88,4.41042080872439e-5,3.18983574541699e-11,0.2431261743637388,68.1169132473557,2.73219324957868e-5,5.79118099608639e-12,-0.2643531944494785,68.54485574815963
18.98,68.91,5.84,0.94,1.8,6.46621158701994e-5,3.55621229899174e-10,0.1783367409511797,64.31269702389501,4.27624392830221e-5,2.05214986508257e-10,-0.1942965916303569,69.15958239121109
18.98,75.07,5.28,0.22,1.77,8.52687265656065e-5,1.20048404822998e-10,0.1960101464780857,61.16090379088202,5.30767240404688e-5,6.48479000028792e-11,-0.2188367221190339,55.39742109819762
23.16,57.85,4.49,0.36,1.95,6.3624393597513e-5,5.42535097880127e-11,0.2267930598851108,55.89779926263871,3.92755155557776e-5,2.80142753886775e-11,-0.2464430989256977,67.96038087896952
22.94,42.92,6.27,0.87,1.91,4.43997469114383e-5,1.10914814119348e-10,0.2073170774029736,63.53104306786908,2.86118533063226e-5,6.04435474921348e-11,-0.2389998359131421,65.0464851818629
27.41,42.84,6.05,0.56,1.77,4.5846204921534e-5,4.91954261688759e-11,0.2359804369245463,64.29345215956758,2.91348339232777e-5,1.31805526669583e-11,-0.2542154961055241,64.38959322844786
17.18,53.3,7.36,0.41,1.57,8.13506004300138e-5,3.29611798204489e-10,0.1816614380367055,68.6589792962509,5.27664569301172e-5,1.94502241737059e-10,-0.2080166357659682,67.27768031292591
16.32,36.41,7.01,0.64,1.51,4.90219233938454e-5,3.25051280966997e-10,0.1856320816339002,70.35884640464579,3.17714209733031e-5,2.0177527012901e-10,-0.200448731327848,71.49649117392079
32.47,54.4,5.25,0.78,1.69,5.24696381827896e-5,4.0963792118734e-11,0.2407699500220742,68.04672560639489,3.32131599922025e-5,2.04201902275964e-11,-0.2491443980376743,67.80236887218189
33.49,59.98,5.24,0.94,1.78,5.25591443836606e-5,4.55882570410891e-11,0.2380834207085925,66.07356907106782,3.39106736757715e-5,2.28013317493582e-11,-0.2481005008615951,68.08484408407212
32.58,56.01,6.19,1.11,1.64,4.77042821177022e-5,6.00846676106274e-11,0.2259149370216637,55.3798993233616,3.15783380009748e-5,3.01223782466045e-11,-0.2461476151736535,68.68505391260318
25.23,79.02,5.24,0.75,1.87,8.09707735648424e-5,1.01028075280496e-10,0.2018081493405707,59.78524179898559,5.34606567664125e-5,2.82873997258528e-11,-0.2196479270596838,60.879026190043014
15.37,41.26,5.56,0.22,1.64,5.7121217150029e-5,1.09495720756722e-10,0.2043086708591791,61.76505068363028,3.51858341106133e-5,6.2676070729025e-11,-0.2309340860010588,57.63367427755969
29.65,54.61,6.4,0.95,1.68,5.05546311154993e-5,7.05229667174727e-11,0.218271131851989,55.66893416809548,3.25294027752476e-5,3.56293041648433e-11,-0.2456277313135787,68.6549495771687
22.38,30.66,7.44,0.98,1.56,3.32013222548114e-5,1.23109041027976e-10,0.2093324596691415,66.5761540765063,2.2154326542025e-5,6.97937879048765e-11,-0.2420582548720951,69.57255756369769
28.38,43.66,6.06,0.55,1.5,4.79399106979452e-5,4.62029335924931e-11,0.2231094321492527,66.10986142176839,3.04949845075924e-5,8.65704507725662e-12,-0.2507338446609237,68.32071880784338
25.57,22.01,4.88,0.3,1.66,3.33270708544995e-5,1.73046059864784e-11,0.2503217567262271,67.1997864178511,1.43562045326339e-5,8.91021973571942e-12,-0.2652233784920801,65.80758142073651
17.54,61.35,6.67,0.71,2.19,7.30709770688102e-5,6.06383170345744e-10,0.175569341507697,70.07588449650562,4.92059507640242e-5,3.74143554584198e-10,-0.1845618903324418,71.09673394457721
17.54,34.46,7.63,1.03,1.84,3.9689686486237e-5,7.39346529381899e-10,0.1770737143520529,72.22312972552751,2.77073067275322e-5,4.78037810320196e-10,-0.2014452982398271,87.96443124931939
23.44,57.1,4.53,0.6,2.08,5.81054384192835e-5,6.04304129094919e-11,0.2236750821468443,53.23800575517843,-999.0,-999.0,-999.0,-999.0
34.81,69.24,6.6,0.45,2.19,8.21201531080497e-5,6.32266188957569e-11,0.2168093114020066,52.07953820139091,4.36590241666376e-5,3.12932013894425e-11,-0.245253953080054,68.07246510867218
33.01,22.27,4.51,0.43,2.12,2.62928196061675e-5,1.24675777451859e-11,0.2558321242301845,66.37263448755436,1.51885762997003e-5,6.124756851401e-12,-0.2757119862623655,63.57221089357229
17.94,49.09,5.61,0.65,1.59,9.97627232114221e-7,1.49763145620352e-10,0.1969832380507886,65.2436059432685,3.30472919046418e-5,8.52757708037953e-11,-0.2191613146858544,62.9583653378322
17.94,23.35,6.9,1.08,2.18,1.28260556739266e-7,2.56190437846865e-10,0.2105379128630626,86.81039724995439,1.55406373367738e-5,1.52377484350067e-10,-0.2195490891616522,76.6852364366513
32.74,19.26,5.59,0.73,1.71,2.15343556539986e-5,1.39225561151197e-11,0.25542156377775,67.72358091089129,-999.0,-999.0,-999.0,-999.0
25.03,79.15,6.97,0.55,1.74,9.87022590824479e-5,1.58243843510686e-10,0.1901048910056078,63.9669121677513,6.44689262217193e-5,8.64961095821483e-11,-0.2102664916806227,60.53258706234899
17.35,75.19,5.35,1.12,2.14,6.96177901440396e-5,6.68504914560226e-10,0.174596199747703,70.09871946056039,4.76810482331132e-5,4.10875366142603e-10,-0.1842760290640204,71.0963508081847
21.96,16.08,4.01,0.98,1.87,1.54726920475652e-5,1.52490041710448e-11,0.2567626491851989,68.89161408423392,9.30488935552593e-6,8.05988485639736e-12,-0.2767312089260032,68.63094762142464
16.23,15.93,7.03,0.58,1.69,2.44548961638797e-5,3.92945819504186e-11,0.2380175865724291,69.54268691817143,1.53072924474946e-5,4.5442150949054e-11,-0.2476734413273369,71.11424322763149
29.06,22.05,5.59,1.06,2.04,2.03157817597181e-5,2.37150533156414e-11,0.2488707770312123,69.23011314178551,1.30522964037343e-5,1.17102282877587e-11,-0.2646661001508765,69.87372417248488
29.06,49.56,5.77,1.07,1.91,4.24517872043399e-5,6.37500980797167e-11,0.2176611234868956,60.90865053381958,2.72579275598804e-5,3.22204486915388e-11,-0.2460666815042525,68.96446218748811
24.36,57.23,5.06,0.53,1.85,6.5320420229887e-5,6.33093502659304e-11,0.2202959658669282,52.71059883167431,4.06137480012973e-5,3.32919841015109e-11,-0.2453490598899784,68.24806489101032
16.95,18.32,7.92,0.68,2.12,2.6969041271844e-5,1.73971484644067e-10,0.2066977671463177,72.10794187888412,1.75858716482279e-5,1.11525390482029e-10,-0.230592459573688,74.7081550100258
24.5,32.39,6.7,0.42,1.99,4.39122428694922e-5,5.33667649400282e-11,0.2354750144269787,64.02939613986221,2.79781989728337e-5,2.89514890400363e-11,-0.2481644543164191,68.89685030467591
29.58,40.71,4.87,0.45,1.54,4.35874890296407e-5,2.87875415144109e-11,0.2434991622254554,67.7378278791986,2.65542190017318e-5,7.19316000221643e-12,-0.269604357785388,68.1417692020643
27.0,16.01,4.57,0.23,2.08,1.71697674146709e-5,1.08354733627958e-11,0.2596567845367065,65.91991287536078,1.00785083364437e-5,5.32001223669146e-12,-0.2811069564537592,62.15621638111302
33.56,23.48,6.49,0.49,2.02,3.10211943941944e-5,2.01495224561706e-11,0.2487365068521913,67.97038388613191,1.88863930654179e-5,9.98723125534644e-12,-0.2635607253290871,66.91504078293408
27.71,52.22,7.45,1.05,1.85,4.7704019429974e-5,1.283386010775e-10,0.2013598068607914,64.66561171375682,3.10383726516761e-5,6.94455230098028e-11,-0.2295871174873568,61.767917169807006
34.55,73.0,6.86,1.09,1.82,6.20762228103761e-5,8.62035489402066e-11,0.2085878362093787,58.5793243754813,4.13710925754256e-5,4.38371032026195e-11,-0.2425625305498325,68.50283645528252
22.55,24.99,4.99,0.89,2.15,2.48049288893515e-5,3.68125562538999e-11,0.2442828289846565,69.1355463109341,1.54956415688499e-5,2.07906272600723e-11,-0.2553024213077147,70.27272985786448
18.23,22.12,4.54,0.36,1.99,2.2699643511701e-5,2.85588773922084e-11,0.2551618550779028,77.71598423236928,1.41670685081189e-5,1.61652463053084e-11,-0.2568862585378107,68.8318356897507
23.26,24.82,6.73,1.01,1.97,2.62370838729007e-5,6.86031762266425e-11,0.2358724649164066,65.10221202621788,-999.0,-999.0,-999.0,-999.0
30.65,43.23,4.12,0.99,2.18,3.44013422202544e-5,2.85920276931814e-11,0.2506132421746401,68.2466469531596,2.12996426043098e-5,1.43247297688778e-11,-0.2564899719306034,67.9527352176853
20.6,43.34,7.41,1.04,1.9,4.37244790373469e-5,4.31271795163566e-10,0.1819726134474167,71.2027685388513,2.86110126183553e-5,2.47251932493134e-10,-0.1963704533877584,72.72972570761321
20.6,19.68,4.39,1.01,1.55,1.80164340222392e-5,2.63340355940065e-11,0.2492369604532457,69.70505496548851,1.12596799313974e-5,1.36337949830681e-11,-0.2627137573896834,70.154286879562
20.73,32.82,7.34,1.2,1.52,3.27289634774168e-5,2.78836798937786e-10,0.1913555714820839,71.79112893882899,-999.0,-999.0,-999.0,-999.0
30.52,45.66,5.58,1.14,1.72,3.80302057148413e-5,4.77159355782168e-11,0.2404917342196094,68.35312296097571,2.46387724038679e-5,2.41682988072415e-11,-0.2501569435504911,68.9810623805975
30.52,73.29,4.67,0.94,1.8,6.02543000476667e-5,5.63060538000114e-11,0.2246770539629653,54.0184550956265,3.86293842584699e-5,2.80862723037299e-11,-0.2466203231889571,68.13683747819171
29.99,71.28,7.21,0.58,1.78,7.87212346498467e-5,9.76750514951489e-11,0.20211343604368,59.21283798499771,4.9623040812408e-5,4.92125636042405e-11,-0.2342607969245246,60.05414147946128
16.16,32.23,5.76,0.6,2.14,3.98089034985221e-5,1.81487706233162e-10,0.1983480433967338,68.79277466655098,2.5278373475974e-5,1.06766476753519e-10,-0.2209555544054691,68.91125637177481
18.59,45.08,5.21,0.37,1.7,-999.0,-999.0,-999.0,-999.0,3.09729196711196e-5,1.15485163594136e-11,-0.2430799940740381,68.5266214997711
19.51,61.8,6.37,1.03,1.6,-999.0,-999.0,-999.0,-999.0,3.85239512792107e-5,2.28228522687727e-10,-0.1935030718366034,70.17401063600471
20.15,69.11,6.14,0.48,1.6,7.94480940191263e-5,1.68504636188896e-10,0.1903526767094938,64.72396266779779,5.13770044729125e-5,9.36936677288368e-11,-0.2126155691468551,59.05557631097649
30.86,60.11,4.55,0.85,1.54,5.31425802389936e-5,4.07619768399211e-11,0.2407154143612705,68.00260483933351,3.33192018869854e-5,2.04067358583159e-11,-0.2498247575846588,67.80023230230539
32.52,21.81,5.67,0.57,1.51,2.73234532580783e-5,1.60481541877256e-11,0.252042534281155,67.53416932552209,1.62213628867604e-5,7.73045889091631e-12,-0.2696468113479971,65.3591155681909
17.28,19.92,6.17,1.08,1.92,2.27078780425865e-5,1.30685752483982e-10,0.2176232348047085,71.31612540485169,1.55113069136363e-5,8.30470011956702e-11,-0.2431339953810008,70.823611788777
16.99,67.16,7.14,1.19,1.91,6.68975534112061e-5,2.5679526976174e-9,0.1354123630836258,73.87064823876432,4.62970979084759e-5,1.64962784856977e-9,-0.1581785988063212,79.13940201455077
33.68,67.78,4.13,0.58,1.57,7.17645928607066e-5,3.50539987927908e-11,0.2414395169881282,67.76994773291662,4.25177347687907e-5,1.71502428217217e-11,-0.2507017251478991,66.92103873365443
33.68,36.53,7.58,0.72,1.97,4.0274051692442e-5,4.42282733826968e-11,0.2410154063483129,68.3910231697997,2.61392229908223e-5,2.20408827272593e-11,-0.251050730510285,68.92320202880178
19.03,29.89,4.15,0.24,1.81,2.98231817317696e-5,2.92457756114608e-11,0.2446402962588055,68.1208123388278,1.87663178874235e-5,1.561582804748e-11,-0.2539749930661873,67.345183353717
27.95,64.17,6.39,0.39,2.16,7.29408648247225e-5,7.9938930403381e-11,0.2086811544417465,56.410225129820105,4.37107191190512e-5,4.0971246259885e-11,-0.243524289917443,68.21822047867617
22.45,72.69,7.3,1.17,2.1,6.03320165531547e-5,2.01620386040443e-10,0.179069410935823,61.53408210745119,4.32890269867626e-5,3.26322105517439e-10,-0.1875450348259413,71.08316787628048
16.18,39.76,5.98,0.5,2.05,4.97856009041467e-5,2.20928113882836e-10,0.1912388466213828,68.5212252798707,3.24679988267644e-5,1.32872265735407e-10,-0.209303687946448,68.6208095016613
24.89,20.51,4.8,0.9,1.66,2.22203720881388e-5,1.95956573312569e-11,0.2512123084180787,68.76135134716657,1.39996446014761e-5,1.06195838203284e-11,-0.2659311577564475,68.7785187771357
25.86,48.85,6.51,0.82,2.07,1.29604323978341e-7,9.63535656379186e-11,0.2246966969764842,76.9913198398105,3.00336360808603e-5,5.18233177913548e-11,-0.2422166642604259,67.6780085416633
24.63,32.03,7.37,0.65,2.11,3.96188358226754e-5,7.83176484271512e-11,0.2214729447973958,59.94486994001319,2.57955901210788e-5,4.33962307484937e-11,-0.2395697131247487,56.71377396857971
20.98,51.11,5.18,0.72,2.11,5.06150041885565e-5,1.07836646801811e-10,0.2054893300020043,62.177642178117914,3.2057677453648e-5,5.74788206047232e-11,-0.2378775334103378,65.14176960399648
16.4,16.27,4.06,0.67,1.76,1.91643512680885e-5,2.36064305589368e-11,0.2508580036155983,69.5850449598523,-999.0,-999.0,-999.0,-999.0
32.44,23.93,6.8,0.9,1.69,2.5276221176074e-5,2.50492417894857e-11,0.2473729629602393,68.84328264732001,1.64105033299874e-5,1.23804231579034e-11,-0.2612051646130368,68.68647436572698
32.44,53.68,4.31,0.66,1.81,5.2014159757112e-5,3.1442930372603e-11,0.2426516458667025,67.8141477574607,3.16129781363521e-5,1.53317815454135e-11,-0.2523869331777726,66.84892771377233
27.62,34.3,5.27,0.48,2.07,3.5501391352548e-5,3.13895457279249e-11,0.2434995200023836,68.14602328070818,2.16867578011095e-5,1.60493517074214e-11,-0.2541861042441157,67.941815657826
33.4,52.68,6.89,1.11,1.72,4.52710577994132e-5,6.47889018615716e-11,0.2237204765585731,55.00556826777292,3.03723789704608e-5,3.3065902226068e-11,-0.2457138614851805,68.91062785952842
16.98,23.53,5.99,1.04,1.57,2.70534542750751e-5,1.60080438665267e-10,0.2078199137047189,71.111459883246,1.80128372721076e-5,9.18544600857494e-11,-0.2359178672284877,71.9102930592683
18.07,78.22,5.39,0.4,1.76,0.000101973115514959,1.78685056652803e-10,0.1895984234198863,49.0746074383113,5.33422278348866e-5,9.88646992246401e-11,-0.2062408622452498,61.83190518937798
23.72,50.81,5.47,1.01,2.06,4.7059161469881e-5,1.00743055432816e-10,0.2088529430800294,61.968324467807314,3.09517455361181e-5,5.54911631402205e-11,-0.2411347344095415,66.81149259663829
28.96,24.07,4.4,0.7,2.18,2.26681923425388e-5,1.6632218052987e-11,0.251951530986264,67.77240952843181,1.36798768134308e-5,8.36134142435715e-12,-0.2692843225049305,65.98167835366561
26.0,48.7,5.04,1.15,2.19,4.05052446919871e-5,7.10738018590141e-11,0.2324411307849391,64.64837462845041,2.50717688440214e-5,3.75993290662669e-11,-0.2462679665876669,69.16216878995391
29.96,34.65,4.93,0.79,1.69,3.29745168019983e-5,2.66902093093048e-11,0.245135344570958,68.08283487654182,-999.0,-999.0,-999.0,-999.0
26.83,25.8,5.54,0.86,1.95,2.41841182195572e-5,2.9502258611461e-11,0.2456761238894506,68.8871303663303,1.57235020640674e-5,1.5358167715342e-11,-0.2580498586929986,69.4421517614688
32.6,73.77,7.3,1.06,2.15,6.21238215260078e-5,1.17270700392771e-10,0.2002620069475496,62.49669492676238,4.0890110053818e-5,5.96866928442684e-11,-0.230488551521858,57.0430703333287
23.83,44.53,4.33,0.82,1.86,4.16082475423037e-5,4.52199955498307e-11,0.2407763934070533,68.29504683985132,2.6787390327752e-5,2.38734785634698e-11,-0.2496590472253866,68.5469515529451
19.22,47.21,5.75,0.8,1.74,4.87741041423532e-5,1.65961688261872e-10,0.1961519633759431,66.6421584284983,3.08347702539368e-5,9.20096837862197e-11,-0.2187229030577945,64.84354230672099
19.22,34.84,5.88,0.89,1.59,3.5319674263594e-5,1.27986451520111e-10,0.2068854998679782,66.32163895871699,-999.0,-999.0,-999.0,-999.0
27.57,19.8,4.35,0.87,1.94,1.73669593369949e-5,1.41600705461285e-11,0.2561800630485824,68.06204215679217,1.06200592580944e-5,7.26560367964366e-12,-0.2752010369975911,66.50166248448258
25.14,25.69,7.91,0.78,2.11,3.15520821899168e-5,7.11726355825247e-11,0.2307510687227052,60.411370040598904,2.12181865707608e-5,3.93526884531895e-11,-0.2478490947626544,70.1363698775427
21.89,79.35,4.91,0.81,1.86,7.41205119239174e-5,1.2983773936051e-10,0.1960930163591753,62.580287253096,4.76344366078974e-5,6.92176401306721e-11,-0.2210781149042855,57.84657712987959
28.48,43.17,6.56,1.06,1.6,3.92507696548191e-5,6.83071260680405e-11,0.2240185315898478,56.79998708958362,-999.0,-999.0,-999.0,-999.0
19.29,51.83,7.32,0.43,1.55,6.57280000220264e-5,2.13671901790825e-10,0.1880477788175055,66.9590375169667,4.19956050141119e-5,1.19098777991204e-10,-0.2057997924992939,65.53336963776279
27.03,70.84,7.05,0.94,1.65,6.60143397589169e-5,1.54598675013932e-10,0.1930724095168222,64.75143361616651,4.26414316862573e-5,8.34734075630172e-11,-0.2155893092942325,61.78188902719492
28.64,27.56,4.53,0.44,1.98,2.82500867602329e-5,1.89282438643338e-11,0.2490542846586524,67.4737168210448,1.66445290467929e-5,9.46869557205896e-12,-0.2636643710657534,66.19257560747491
34.96,32.22,5.09,1.07,1.94,2.7741767088846e-5,2.22805189851524e-11,0.247931033822001,68.37209781959558,-999.0,-999.0,-999.0,-999.0
20.16,34.8,5.58,0.37,1.61,4.10619930432096e-5,5.68489443148068e-11,0.2322392679883191,61.13042670412269,2.58660207492833e-5,3.01335219316698e-11,-0.2463570488233562,68.63253183867502
34.73,70.91,5.28,1.04,1.56,5.96776071865012e-5,5.1813494371396e-11,0.2291862291940305,58.068254863613,-999.0,-999.0,-999.0,-999.0
33.94,77.12,4.78,1.17,1.87,5.87438270457048e-5,5.54293093698481e-11,0.2260568213095109,55.2951857338953,3.81080561653128e-5,2.76681696817029e-11,-0.245949513138105,68.19723586973193
18.87,69.99,6.98,0.57,2.12,7.84667898916516e-5,4.64344765541318e-10,0.1771382781454451,69.22949100038741,4.95882222636154e-5,2.64527229968468e-10,-0.1885971958756764,69.45263586516609
17.92,31.0,5.76,0.77,1.66,3.67048410582768e-5,1.02959127956918e-10,0.2220788168683206,60.3135874467812,2.14122689788612e-5,6.60859938502355e-11,-0.2411014769494793,69.54679294816881
16.02,61.21,6.73,0.44,2.12,7.95047012038442e-5,5.72464900644899e-10,0.1754968281049313,69.66009977917861,5.11874717767888e-5,3.41840929760001e-10,-0.1847839436194459,70.28749080745729
28.22,61.94,4.75,0.24,2.08,6.50774022535656e-5,4.5854869233721e-11,0.2336833047242089,61.9465522106222,3.88236710550125e-5,2.288016118647e-11,-0.2467046074128122,67.39654688927219
17.46,29.62,7.26,0.25,2.01,4.89213193694189e-5,1.33047317300057e-10,0.2033588122666503,65.57335274731722,3.13593970920071e-5,7.76635047034798e-11,-0.2307025973312522,63.29603740003662
33.1,23.31,5.4,0.2,1.98,3.38509938264184e-5,1.5298436453776e-11,0.2524986937986516,66.97499695281819,-999.0,-999.0,-999.0,-999.0
30.72,59.92,4.83,0.41,2.14,6.29477529160084e-5,4.27724468821277e-11,0.2390325820204396,66.77963950662027,2.80315311347338e-5,2.10408956081704e-11,-0.2488923311732072,67.5490864736903
23.48,53.49,6.79,0.97,1.62,5.32209063958348e-5,1.66358708653386e-10,0.1947604484308161,66.2881280293045,3.640619978715e-5,3.49119606514598e-11,-0.2141825530093043,68.78787613586351
23.48,41.58,5.25,1.15,1.53,3.71399682976708e-5,7.35847016439974e-11,0.2239175869685345,58.650221820834595,2.47983686676283e-5,4.03503827381148e-11,-0.2461756788750789,69.33256929801811
17.24,74.81,5.02,0.92,1.89,7.48678830677693e-5,3.38347742327218e-10,0.1814254810470992,68.74647240341561,5.02457422716823e-5,2.02858397678788e-10,-0.1997869491645355,55.886915316991775
17.24,37.94,5.52,1.06,1.52,3.98503990899905e-5,2.17869369465343e-10,0.1944538085869583,69.8539177941708,2.68716587284879e-5,1.31232416969733e-10,-0.2139144777133108,70.5436627839258
16.68,26.77,6.14,0.69,1.64,3.49917551504573e-5,1.27716884436882e-10,0.2093192779204558,67.1226355147191,2.24126866779218e-5,8.0466100747993e-11,-0.2344928181776161,67.19515549911421
31.22,53.02,5.06,0.33,1.58,6.42748678302822e-5,3.63806713853222e-11,0.2411966936234569,67.81194434689789,3.76920798244272e-5,1.77562468190994e-11,-0.2496557727419519,66.8888472809395
31.22,27.28,5.93,0.28,1.85,3.65779395692675e-5,2.18496595726819e-11,0.2466995085792481,67.5394098651764,2.1625377821596e-5,1.06961524576803e-11,-0.2602139908676585,66.3735137042126
18.03,62.79,5.53,0.64,1.89,7.23117249001481e-5,2.14829037788169e-10,0.2062590358836645,85.187952893814,-999.0,-999.0,-999.0,-999.0
23.91,24.79,4.03,0.68,1.51,2.67269558237962e-5,1.84485163536063e-11,0.2504272725814499,67.82050652870933,1.60529007260434e-5,9.64892396038095e-12,-0.2648987988259947,66.81136050473391
32.01,61.28,6.88,0.53,1.68,7.16281957202599e-5,6.53993188539526e-11,0.2165760660877274,52.99403801584809,4.49117017963895e-5,3.29008544551034e-11,-0.2451450410484706,68.18666006067339
25.35,58.98,7.21,0.23,1.53,9.46879105540996e-5,8.98180468955711e-11,0.2039461238000909,57.8568263456149,6.1475953987845e-5,4.81561862699488e-11,-0.2336688345332242,59.4397932996806
19.62,34.17,5.71,0.45,2.08,3.82424762577644e-5,7.73122058379282e-11,0.2211060491811512,58.93153253727951,2.42165932267322e-5,4.2703995370465e-11,-0.2364313153151782,69.15147984695069
19.62,20.26,7.93,0.8,2.16,2.42532615421881e-5,1.32685382524789e-10,0.2139136047549009,70.212508489669,1.57682726626214e-5,7.62696968414863e-11,-0.2437454832795327,70.19645321259411
28.18,73.34,7.03,0.67,1.52,7.75970447914378e-5,1.13233787651376e-10,0.1981279411278034,61.113085720870316,-999.0,-999.0,-999.0,-999.0
28.18,22.91,4.08,0.41,2.08,2.23507556333738e-5,1.37387703991263e-11,0.2542745665041041,66.65438593846163,1.34825140945279e-5,6.85642176850496e-12,-0.2729664479152614,63.21151971698782
16.58,46.45,4.34,1.08,1.99,4.25027865660921e-5,1.8956546828513e-10,0.1962675100671166,68.55144915095829,2.7675272259697e-5,1.12888345188853e-10,-0.2167993989457327,68.4204913687623
25.96,78.12,5.98,0.39,1.55,-999.0,-999.0,-999.0,-999.0,5.62770297208786e-5,1.25943506017986e-11,-0.2290186571094516,67.4615947192742
33.73,76.07,7.01,0.38,1.97,9.70418348019141e-5,7.76146354499675e-11,0.2075584080299235,55.421689149643406,6.02651976546008e-5,3.83541440325368e-11,-0.2424613829773705,68.053643558101
30.5,50.23,6.61,0.71,2.18,5.01548364549787e-5,6.21841403593906e-11,0.2236881193603496,53.351145359152305,3.18273369629873e-5,3.14711848294764e-11,-0.2466454711687394,68.64403005854669
34.31,49.24,6.85,0.9,1.92,4.69694109728894e-5,5.30205796758725e-11,0.2323322970765671,61.09531905037579,3.10713518119775e-5,2.6736109759216e-11,-0.2482857056583508,68.7145885843495
16.91,64.51,6.51,0.48,1.99,8.54557498761849e-5,4.17998345139933e-10,0.1782785955999879,69.0133817690739,-999.0,-999.0,-999.0,-999.0
34.42,24.48,4.97,0.47,1.88,3.09116563297983e-5,1.44316327656297e-11,0.2529408499641915,66.80348065643832,1.85553755069464e-5,7.08677953079576e-12,-0.2704811307081098,64.4727811674289
22.96,74.25,7.91,0.74,1.89,8.34682756457859e-5,3.55608646032267e-10,0.1780055004206763,65.42078677568591,-999.0,-999.0,-999.0,-999.0
22.96,28.4,4.61,0.7,2.05,2.95477933870271e-5,3.20072286930939e-11,0.2445046143918164,68.6087850019262,1.81613635605579e-5,1.69721146797511e-11,-0.2558305213212038,68.94692622536202
21.76,52.36,6.27,0.55,1.83,6.31370715442805e-5,1.19951865210457e-10,0.1996791788623617,62.52531043207391,3.91057532997709e-5,6.49782885940099e-11,-0.2281800528000556,57.202154657135296
21.76,16.46,6.79,0.27,2.18,2.43230221651235e-5,2.78513098620196e-11,0.2462369422180409,68.70954320262909,1.50388421123938e-5,1.46050991894472e-11,-0.2578715834355567,68.6058580799782
22.82,26.28,4.71,0.46,1.66,3.07690933551557e-5,2.5441680275088e-11,0.2460802647746153,68.102831210054,1.84196340373842e-5,1.30488002256712e-11,-0.2571501312690452,66.82225526980449
22.82,20.03,6.92,0.96,1.84,2.29713465508191e-5,5.16769339874722e-11,0.242284038448146,69.452488238363,1.4851134593438e-5,2.78917949481026e-11,-0.2531593120246778,71.16504041150368
21.56,78.45,5.72,0.57,1.59,8.99633521012208e-5,1.50785895626147e-10,0.1909660933381449,63.462543949312305,-999.0,-999.0,-999.0,-999.0
34.16,49.37,6.33,1.18,1.95,4.01782064365109e-5,5.30008508829786e-11,0.2351707097876699,63.75900819213201,2.68178407985374e-5,2.6566674443066e-11,-0.2473483151327295,68.9848763728495
15.21,77.2,6.21,1.04,1.71,7.86171886441089e-5,1.82628913272981e-9,0.1452991732269695,71.84102803965315,5.23395784312747e-5,1.11319841833095e-9,-0.1737243548020198,74.11190918273938
34.24,43.97,5.9,0.79,2.06,4.31696907854667e-5,3.76106454080598e-11,0.2400440383307472,58.81911267874229,2.80443978804901e-5,5.82973716844051e-12,-0.2474067244051017,62.074450884382486
24.02,57.3,7.18,0.6,1.76,7.0195710823883e-5,1.37299915515547e-10,0.1961179435204407,63.749259335836115,4.54499986352964e-5,7.54174993997186e-11,-0.2201108997798644,60.301408322394
24.02,21.92,6.83,1.09,1.88,2.2815303134272e-5,5.71017718094757e-11,0.2415352816606283,69.41070168583829,1.55602836048705e-5,2.99248103669965e-11,-0.2522755568784856,71.16081294500678
25.09,58.88,7.14,0.73,1.59,6.81468074719263e-5,1.33992467297091e-10,0.1968495997875799,63.689409884959495,4.55151434362854e-5,7.42641953032647e-11,-0.2209830268908382,60.29227545289231
16.56,30.94,7.02,0.69,1.84,4.03030192258745e-5,3.17486070355977e-10,0.1878294885313375,71.26172778136049,2.63704551361833e-5,1.8994449538647e-10,-0.2047488346730852,72.84755403283869
20.7,51.42,6.3,0.91,1.92,5.0517992834762e-5,2.37411879369457e-10,0.188762164859562,68.54817527206829,-999.0,-999.0,-999.0,-999.0
20.7,50.13,6.31,0.99,1.55,4.97952287827898e-5,2.17923086877007e-10,0.1904600532081465,68.24486293865709,3.24042445120134e-5,1.19286416212054e-10,-0.2110138532188989,67.1710690343864
17.3,54.23,7.83,0.56,1.64,7.68263599331293e-5,5.96402449049279e-10,0.1756499798027568,70.0180095684669,5.17768995476454e-5,3.64874472043695e-10,-0.1859106765050607,70.98165346042421
27.69,63.31,4.55,1.09,2.09,4.73496274622737e-5,6.14651126412005e-11,0.2244235269270902,54.011898183648185,3.02075383186701e-5,3.20820551933077e-11,-0.2463622223918367,68.5958803670196
32.09,25.12,6.72,0.51,1.58,3.22902747235114e-5,2.33442001956712e-11,0.2467271643146997,68.06357313460532,2.01247748778879e-5,1.16420894309205e-11,-0.2603230664909529,67.61283223286257
30.98,20.93,5.37,1.06,1.61,1.95641253508465e-5,1.68950182219095e-11,0.2530947367464954,68.59387658763951,1.23587358227078e-5,8.44793687460757e-12,-0.2713476064656795,68.26737534259752
23.69,75.17,7.35,0.98,2.02,7.29796662885323e-5,3.5892863748073e-10,0.1804270937741332,68.92642779138671,-999.0,-999.0,-999.0,-999.0
34.67,22.35,5.09,0.78,1.79,2.37345879040108e-5,1.38698516788243e-11,0.2549386685875733,67.4543263814687,1.52485117292547e-5,6.96965502511526e-12,-0.2737243671758269,65.85476613405339
30.79,18.68,6.33,1.02,1.63,1.92524344750006e-5,1.8455594571422e-11,0.2522665045759865,68.98017841209847,1.24555530052179e-5,9.23301287083609e-12,-0.2700375900865439,69.08684189284916
16.11,69.39,7.72,0.49,1.88,9.33522120231186e-5,1.16628047104237e-9,0.1637890529292154,68.46193082116879,6.16451195722317e-5,7.15992952699597e-10,-0.1751856912940608,70.77080508873611
32.84,53.58,6.21,0.81,1.95,5.16532769800036e-5,5.33273612801499e-11,0.2303172105145523,59.20570520662802,3.34929240369143e-5,2.63583246777674e-11,-0.2435819137418109,68.07669424224162
16.81,65.51,5.79,0.41,1.97,8.45039361749022e-5,2.56624264016374e-10,0.1841057978216757,67.33029510871069,5.40189307253697e-5,1.48168795333284e-10,-0.1988456108607737,66.30536939037052
34.61,71.38,4.09,0.69,1.71,2.10092937292854e-5,3.62764824910721e-11,0.2254082838666563,52.7816163872141,4.34919059377475e-5,1.78402689712749e-11,-0.2487389622518321,66.7256509575373
24.35,24.53,4.15,0.75,1.61,2.61835562586012e-5,1.92335429664602e-11,0.2501251588661635,68.0500479503664,1.59244290010632e-5,9.95228243190611e-12,-0.2646445693838532,67.19256681890704
16.59,73.61,5.6,1.0,2.12,7.26063114534438e-5,8.26611724095676e-10,0.1725946120292526,70.0766492369754,4.88940127142391e-5,4.8506234788158e-10,-0.1819843530207197,71.09017387840478
31.15,44.11,4.5,0.4,1.93,4.76711539675387e-5,2.72855166845471e-11,0.2438399236333035,67.6078884560772,2.79344009713946e-5,1.33075379412646e-11,-0.2551744892941706,66.56400159229578
17.7,76.63,5.14,0.96,2.12,7.50111329675595e-5,4.14605844160544e-10,0.1790000246975624,69.2771403873583,4.36982145098244e-5,2.39531925667368e-10,-0.1914533797943472,69.58952660810351
28.04,47.65,5.13,0.96,1.97,-999.0,-999.0,-999.0,-999.0,2.57328977531951e-5,2.60540660568698e-11,-0.2516115808837305,59.09703135358188
31.38,30.32,6.24,1.0,2.17,2.73447145275443e-5,3.42348922746525e-11,0.2440789834141053,68.85038803108901,-999.0,-999.0,-999.0,-999.0
31.38,33.52,7.87,0.28,2.17,4.76160660373633e-5,4.19571255118949e-11,0.2409398598746708,68.17515217897407,-999.0,-999.0,-999.0,-999.0
34.33,69.84,6.01,0.32,1.58,9.87183187725479e-5,5.32194456507741e-11,0.2182872936713258,48.8674709031586,5.82809955089535e-5,2.61127749129465e-11,-0.2441733149327373,67.46026739599631
27.46,27.04,4.66,0.86,2.0,2.35257618829388e-5,2.29984258644928e-11,0.2481833764668325,68.55988455673901,1.47039412853098e-5,1.18617691654841e-11,-0.2618839744685325,68.47798007726081
27.3,68.08,7.94,0.59,1.97,7.59567468216486e-5,1.54353372271646e-10,0.1921135491739125,64.3813305353786,4.81132539015006e-5,8.41874109031678e-11,-0.2137245226795429,61.303896183869
32.28,33.89,4.52,0.88,1.82,3.10237703423455e-5,2.16624284067958e-11,0.2476394832071119,67.9588516886824,1.93168135954754e-5,1.06926559621256e-11,-0.2615167553911849,66.90833464692051
31.79,61.75,5.86,1.08,1.67,5.19102941924541e-5,6.4594501983273e-11,0.2212257385812744,53.9775057920861,3.40832364444362e-5,3.19836362835312e-11,-0.2452925798315342,68.5566879010021
18.69,78.28,4.33,0.35,1.67,7.63776739114322e-5,9.35298855773774e-11,0.2037864585683148,58.424764550201374,4.79840478038869e-5,5.0689065207482e-11,-0.2305194628107581,56.578283164727296
19.19,46.56,5.03,0.29,1.58,5.16278188795485e-5,6.36744860601658e-11,0.2220789226114008,53.1590184765213,-999.0,-999.0,-999.0,-999.0
34.05,44.16,5.12,0.29,1.83,5.9928410179291e-5,2.79011572759632e-11,0.2386910628826407,66.90723754085928,3.42480609995818e-5,1.35419565014614e-11,-0.2543250077180824,66.41451236962523
29.3,52.52,4.81,0.73,1.93,-999.0,-999.0,-999.0,-999.0,2.99579372273457e-5,2.13997633105194e-11,-0.2479917391924341,67.83037273430861
17.21,74.06,7.71,0.63,1.81,9.59489027376872e-5,1.10134380625489e-9,0.1667175959437315,67.98628293257617,-999.0,-999.0,-999.0,-999.0
24.69,20.79,4.18,0.97,2.09,2.00512471296918e-5,1.89811321099809e-11,0.2524109599293634,68.99406178814682,1.25999032647316e-5,1.00034355512151e-11,-0.268472770166612,69.01778483281038
34.98,68.79,4.0,0.22,1.96,9.20880822824358e-5,3.19743561650305e-11,0.2419226671096102,67.55438278090669,3.68200801795999e-5,1.55702385090028e-11,-0.2513019188165064,66.31355577560447
34.71,28.89,6.12,0.89,2.02,2.8445998612944e-5,2.43947151560241e-11,0.2469719734299683,68.5246204516388,1.87333778326216e-5,1.22543441197989e-11,-0.2603198272554574,68.29487273766438
25.75,47.04,6.97,0.25,1.56,7.75445950463522e-5,6.49708478735511e-11,0.2178525680394657,52.99849132700851,-999.0,-999.0,-999.0,-999.0
20.49,56.28,4.5,1.01,1.79,4.74125859598627e-5,1.06842549111967e-10,0.2070029151690881,62.39101359875779,3.04682329951436e-5,5.92695687975719e-11,-0.2372798162109415,64.66100572517769
29.33,25.05,6.53,0.82,1.77,2.6929537960118e-5,2.94667683837804e-11,0.2452083417957167,68.70111902906412,1.71039513829744e-5,1.48627621392938e-11,-0.2560574424844717,55.76221364176692
21.21,69.72,4.58,0.65,1.94,6.7802968334275e-5,1.01885303076797e-10,0.2030123768296581,60.123013708717195,4.17144065087948e-5,5.29736682023925e-11,-0.2328348431431317,58.88255359093878
15.68,31.5,5.47,0.85,1.93,3.45369330642278e-5,2.22167412253011e-10,0.1956811025871779,70.55296447537191,2.23744790509958e-5,1.33174434474762e-10,-0.216395549934289,71.7671874935576
20.94,68.88,4.93,0.98,2.19,5.8642690342385e-5,1.82873675169964e-10,0.1915888834278315,66.3116853553162,3.81488579234738e-5,1.00129846426103e-10,-0.2128556421439992,63.809243951538726
18.63,26.42,4.97,0.77,1.51,2.58703005194806e-5,1.94868445263004e-11,0.2306655647168012,62.3238756086445,1.64788501669909e-5,2.93286222392121e-11,-0.2502720433803663,69.9191048666668
21.82,18.87,5.05,0.59,1.95,2.20624884735527e-5,2.29863718379206e-11,0.2486718797132802,68.67379679753138,1.33474098390507e-5,1.21067946154216e-11,-0.2628020273629265,68.85135082472813
21.82,65.35,7.11,0.91,1.65,6.79492088903527e-5,3.28324491332048e-10,0.1814623818239726,68.71366400577288,4.52155067151434e-5,1.82514545827611e-10,-0.1963317935984766,68.64181139043501
16.77,65.25,4.99,0.37,1.53,8.56830593480201e-5,1.32108461620401e-10,0.1954768478736748,62.613412617078204,5.24808472594242e-5,3.81025938335084e-11,-0.212695032638836,65.29372086853138
21.51,35.14,6.22,0.82,1.63,3.92758279934717e-5,9.57166209162637e-11,0.2129251682224907,62.33599274364468,2.4693886852917e-5,5.24499811957001e-11,-0.2430743662280804,69.26284369574701
30.46,39.05,7.76,0.31,2.13,5.17274678253805e-5,5.18466721834955e-11,0.2322099911485584,60.894741635592084,3.21071695124511e-5,2.59874523699162e-11,-0.2480946739771244,68.40244830298481
24.92,62.13,4.89,0.23,1.62,8.53906821008735e-5,5.28990087906817e-11,0.2318087762143981,64.4581386779807,-999.0,-999.0,-999.0,-999.0
30.15,51.01,7.32,1.12,1.66,4.52857228272287e-5,9.0164057346033e-11,0.2120814270915855,60.562048227037394,-999.0,-999.0,-999.0,-999.0
15.84,55.44,6.09,0.58,1.86,6.80837039922276e-5,3.81720558647955e-10,0.1805654528953379,69.3128111129422,4.39934983398473e-5,2.31970463887479e-10,-0.1929933497862605,69.8003941783386
22.06,51.64,7.18,0.56,1.56,6.38380283215848e-5,1.42016218702389e-10,0.1960516052099384,64.14088513901459,4.07079192695998e-5,7.75561171813876e-11,-0.2217596743480517,60.22073041587209
24.47,26.46,6.48,0.52,2.01,3.54971626664764e-5,4.04593894709887e-11,0.2421986231411649,68.57285298959759,2.20332510803782e-5,2.19416070795166e-11,-0.2520488425109819,69.17417843451032
21.32,19.41,5.72,1.13,1.78,1.94762340657317e-5,4.6984116409908e-11,0.2435591810790135,69.8126089405142,1.25415621660536e-5,2.63275259479781e-11,-0.2541629522720156,71.85971613481698
16.19,31.14,5.34,0.33,2.17,4.07594610637101e-5,9.335820362982e-11,0.2156110260225702,61.961167801814014,2.50962384987636e-5,5.26392125031272e-11,-0.2441758602018475,69.1312248020689
32.66,46.19,4.16,0.24,1.56,5.92130552746802e-5,2.33162516852758e-11,0.242094551215855,66.53219430101647,7.20791170247678e-6,1.12846381177555e-11,-0.2720144868667979,80.2306842959678
32.66,42.29,4.2,1.01,1.83,3.42691258948407e-5,2.52130892757061e-11,0.245630664858857,68.01394104078811,2.19478562047519e-5,1.25314278330401e-11,-0.2578252699985372,67.2459632495603
15.62,55.64,5.16,0.45,1.66,6.76718106099624e-5,1.71457845701723e-10,0.1923164158052891,65.4602608314637,4.23394217398924e-5,9.96065571059993e-11,-0.2114646571661345,63.490083524123804
15.62,46.0,6.67,1.16,1.84,4.68853907729577e-5,1.58810833965054e-9,0.1613724490670886,78.01535145067096,-999.0,-999.0,-999.0,-999.0
16.34,50.36,6.98,0.26,2.13,7.41351968486458e-5,3.36245444980441e-10,0.1817394458820134,68.8234879807738,4.6820439293097e-5,1.95729769191848e-10,-0.1956384794994601,68.88983077355509
20.82,16.5,4.38,0.67,2.17,1.67756362215566e-5,1.85442855147964e-11,0.2534106583107872,69.0820754999498,1.02451314045468e-5,1.00501488097552e-11,-0.2690529461474732,69.20145442991712
32.33,33.96,6.92,0.38,1.79,4.60820670589431e-5,3.33754145299316e-11,0.2425819720605341,68.05949800892851,2.79810081491674e-5,6.10661510635636e-12,-0.2493602110598059,56.25807867889032
20.26,35.24,5.29,0.67,1.63,3.62224077210476e-5,6.54675718129071e-11,0.2290069338125696,58.47125733559439,2.30890465369783e-5,3.60464151791706e-11,-0.2457301179213173,69.16261351977651
31.71,40.19,7.59,0.97,1.68,3.93760047970461e-5,5.99663817788508e-11,0.2306426264169952,59.82539697123071,2.55297621266262e-5,3.06715558908911e-11,-0.2481742632278909,69.28108326773771
28.07,29.09,7.48,0.94,1.55,2.96990214178006e-5,5.0990230365121e-11,0.2408761153378795,68.74443036027381,1.93929346780542e-5,2.77143770167801e-11,-0.2504369455352746,69.94858395268453
31.19,21.49,4.35,0.22,1.58,2.66391502242508e-5,1.15236025994114e-11,0.2562460050364602,65.30391411936662,1.54645036578881e-5,5.58622581494989e-12,-0.277052394572873,60.52801173338232
21.55,21.15,7.71,0.7,1.8,2.80980144931447e-5,7.42290614918968e-11,0.2300922669654353,61.4608670598363,1.75297285444328e-5,4.09780166085648e-11,-0.2462601135177069,70.5844047170614
21.33,16.78,4.03,1.17,1.9,1.48053566244902e-5,2.00564025133095e-11,0.2539701434859536,70.1364105292098,9.15813891971236e-6,1.06726163067614e-11,-0.279889100604751,70.98299326213927
22.11,45.33,6.38,0.43,1.85,5.70847384970733e-5,8.79578182350123e-11,0.2098427907603459,58.8753584989975,-999.0,-999.0,-999.0,-999.0
24.29,40.63,4.25,0.69,1.67,4.25064239286501e-5,3.49434231704248e-11,0.2425887936571519,68.170800803456,2.60014967441862e-5,1.8194458110677e-11,-0.2523664641848403,67.98744255492153
25.4,67.49,5.46,0.76,1.63,7.20416760348605e-5,8.69820455424202e-11,0.2075296129686371,58.13440750132978,4.73765908191537e-5,4.69672061026548e-11,-0.2389277551297941,64.30504815426691
25.9,55.04,5.44,0.69,1.79,5.98228152610641e-5,6.51838711316495e-11,0.2306992931515933,64.2822666092969,3.36169922503464e-5,1.76150229701197e-11,-0.2376772506194154,67.98238368351447
25.9,75.88,5.94,1.17,2.14,6.26991340578641e-5,1.74911290990947e-10,0.20861645766942,82.9085930886401,3.88325132243597e-5,3.56739102993675e-11,-0.2116089677724139,68.1921395452881
22.43,40.31,7.43,0.48,1.53,5.29309664056029e-5,1.02779036257858e-10,0.2066064939728449,61.587237948825894,3.41094348291977e-5,5.53694046970942e-11,-0.2406517318682815,67.63261392128142
27.51,76.2,7.81,0.48,1.52,9.25915863778658e-5,1.36043898293269e-10,0.192783819706875,62.6253791228267,5.80659053553308e-5,7.17360981456103e-11,-0.2157162151420539,57.83797815774641
16.38,30.09,7.22,0.37,2.08,4.51924396215543e-5,2.25320779757482e-10,0.1927753502185408,69.49835020752731,2.8241447014223e-5,1.33326212419771e-10,-0.2123971286554596,70.09052854479309
29.88,57.33,5.71,0.57,2.02,5.93628241757644e-5,5.54289457732329e-11,0.225957803742326,55.18313932751548,3.70201677437205e-5,2.76288788529132e-11,-0.2468923861023231,68.16757867520742
30.31,34.4,7.88,0.44,2.04,4.34382627094207e-5,4.82685356023457e-11,0.2393659697443184,67.4118435807945,2.71054358428096e-5,2.42902150076817e-11,-0.2495887544140747,68.72856252018778
22.71,47.94,7.95,1.09,1.98,4.64397027137749e-5,3.67802311582574e-10,0.1835642467895616,70.6039378157647,-999.0,-999.0,-999.0,-999.0
29.11,57.73,6.73,0.24,1.51,-999.0,-999.0,-999.0,-999.0,4.97405564093385e-5,3.1183399013962e-11,-0.2429929768689552,67.84245910042752
21.25,19.87,6.77,0.42,1.65,2.7837511626868e-5,3.81307401891742e-11,0.2432540058689556,68.79834045161878,1.68755370437486e-5,1.98695294511527e-11,-0.253413887523183,69.3857704504777
25.21,46.12,6.23,0.67,2.01,5.3321622851594e-5,7.82396626807498e-11,0.2155775955626258,57.94059075344829,-999.0,-999.0,-999.0,-999.0
15.87,17.18,5.38,0.62,1.56,2.24786598189904e-5,4.94057558096507e-11,0.2430480654770706,69.58407615158963,1.38923783734505e-5,2.58010378838777e-11,-0.2532530039979323,70.80677334360563
24.13,49.94,4.7,0.2,1.96,6.470364408691e-5,4.33941439073883e-11,0.2392394088883754,66.99869515492338,3.79815679176315e-5,2.19872840033168e-11,-0.248397636727088,67.50840471716052
15.72,73.4,5.68,0.62,1.56,8.59310379979697e-5,3.97192445206406e-10,0.1785618609171752,68.71398110112702,5.54763820813823e-5,2.36736430042731e-10,-0.1899635521492719,68.6828558132571
32.17,23.16,7.67,0.77,2.16,2.64366955948123e-5,2.87611483027067e-11,0.2459354294829485,68.92387056271559,1.67190297191949e-5,1.49298011210754e-11,-0.2590915578654449,69.7316087378263
34.8,35.06,5.01,0.8,1.93,3.39868367014851e-5,2.25321823645587e-11,0.2469445566977407,67.9468500905803,1.86592430485291e-5,1.11967433686619e-11,-0.2602042591210974,67.083939103113
21.26,57.66,5.44,0.59,1.94,6.14984514970279e-5,1.13249994349023e-10,0.2014582851123323,61.85905127363489,3.86288458251292e-5,6.01330376129485e-11,-0.2310273764770673,58.8306337777266
17.8,79.96,5.78,0.88,1.7,8.75554855210273e-5,4.65842011260957e-10,0.1770248744180704,69.17430270008872,5.12553857776953e-5,2.67657749640529e-10,-0.1884272026046625,69.4130820238356
15.33,17.55,4.12,0.32,1.61,2.16322727163067e-5,2.25531781734472e-11,0.2494542973588427,68.56482453749621,1.30677480400048e-5,1.20680433382907e-11,-0.262505060035984,68.0369405830904
23.73,17.64,6.53,0.25,1.9,2.72841431288384e-5,2.20131794312162e-11,0.2480913626043151,68.10388611326832,1.67744664514677e-5,1.14065171533569e-11,-0.261622205128499,67.57163718937798
33.45,52.84,4.83,0.26,1.71,7.06700860599732e-5,3.13839570331901e-11,0.2422139377476989,67.61614327433499,3.98537292172149e-5,1.52419756380414e-11,-0.2520445062811112,66.49264409867048
31.84,41.45,5.59,0.54,1.59,4.71257232355496e-5,3.25169544545992e-11,0.2425907917278071,67.95135876081571,2.8759487278616e-5,1.60260862771157e-11,-0.2524384569960632,67.3285873091946
31.84,22.99,7.99,1.08,1.96,2.32397649115688e-5,3.41264593093707e-11,0.245161458297991,69.38391811081529,1.54196252036569e-5,1.73795749985916e-11,-0.2581569212481072,70.62508373990408
25.05,18.16,6.54,0.31,1.67,3.00682370721161e-5,2.07708678560083e-11,0.2486697579361206,67.99080462492668,1.80619462126503e-5,1.07904940690489e-11,-0.2623910430450503,67.3204192457588
33.03,29.74,6.28,0.63,1.75,3.53940736903154e-5,2.60493722194899e-11,0.2454972103251086,68.1702691378481,2.21373210878064e-5,1.2892884764609e-11,-0.2582216978892868,67.8238538591737
15.77,44.73,5.66,0.6,1.65,5.38476176426287e-5,2.20866096584388e-10,0.1902025105571088,68.0365717322098,3.44114882601459e-5,1.27602702561151e-10,-0.2087243162999981,67.54366738557621
18.28,63.76,4.56,0.86,1.74,5.59526394447694e-5,1.49903102422181e-10,0.1961398498114593,64.92666850748819,3.51061502680479e-5,8.5383790104408e-11,-0.2174630196383069,62.30506383501558
15.12,75.66,6.31,1.03,2.06,7.67508136088864e-5,2.96495940046485e-9,0.1282195709617265,71.85703758634406,5.11687713352926e-5,1.88078905541582e-9,-0.1492024370282199,76.23273639053643
21.92,66.58,5.81,1.18,1.91,5.69528859571191e-5,2.45591057202047e-10,0.1937254444782062,57.9641699123209,3.77493020850862e-5,1.32616180087496e-10,-0.2065698272193983,67.0939287354152
21.92,28.54,5.04,0.55,1.99,3.15796413203197e-5,3.81849283372795e-11,0.2427479737930353,68.5456822722654,-999.0,-999.0,-999.0,-999.0
24.27,27.18,6.45,0.58,1.72,3.51059589481422e-5,4.18718257909068e-11,0.2419449806292644,68.58260591721319,2.24052403869059e-5,2.24658556098571e-11,-0.2516877110228156,69.16854058428271
29.57,56.89,5.96,0.94,1.53,5.24374329636139e-5,6.44504036646714e-11,0.2212082494903433,53.698788825211594,3.36902187754371e-5,3.27868252062803e-11,-0.2460808762938303,68.54024016498661
15.99,45.49,7.45,0.6,2.09,5.89078773470434e-5,8.66703474036187e-10,0.1733795201835218,70.7755456540387,3.86154050279177e-5,5.35992119333496e-10,-0.1829248323674501,72.32200486186481
15.66,66.84,7.24,1.12,1.85,6.9144676584267e-5,3.72823965951263e-9,0.1247379558567155,73.41478668055034,4.68697746976736e-5,2.41568147113511e-9,-0.1427461326279958,78.79691686020487
15.66,69.33,7.67,1.03,1.91,7.42240993919178e-5,4.58104208033404e-9,0.1193380282029167,72.63235852514575,5.05498458524039e-5,3.10175295172194e-9,-0.1337413600115334,77.70399637068734
21.36,77.21,7.62,0.6,2.0,9.01117758411634e-5,4.22431051822896e-10,0.1772728304403948,68.7335655277824,5.83965455215355e-5,2.42409140809451e-10,-0.1885187314997437,68.64274999330901
21.36,40.94,6.58,0.23,2.18,5.49937209717865e-5,8.84258916059192e-11,0.2109826202847272,67.27048629600618,3.31403446107634e-5,4.78894094132002e-11,-0.2423275425986765,68.59860440409429
22.41,36.69,4.48,0.3,1.69,4.26741396675472e-5,3.24883463363663e-11,0.2427289433672492,67.90292429552191,2.58792052906872e-5,1.66574012744584e-11,-0.249109341845046,65.9235230968383
27.56,48.24,5.22,0.42,2.18,4.90422416272214e-5,4.45155532456043e-11,0.2398602870106841,67.6543930784135,3.07162295231849e-5,2.30035165320161e-11,-0.2487359950639817,68.02144396496249
26.53,65.95,7.41,0.4,1.69,8.11599743015177e-5,1.12369391538271e-10,0.197965439611145,60.89624821740608,-999.0,-999.0,-999.0,-999.0
28.67,38.71,5.52,0.24,1.84,4.67826940324728e-5,3.26673312638998e-11,0.2423637625626412,67.84339432222039,2.78158871705736e-5,1.63293813234535e-11,-0.2523321169948944,67.23775103400368
29.55,24.73,7.7,0.84,2.0,2.68661901003435e-5,3.7512783931558e-11,0.2435009160753431,68.9354711091203,1.711720029213e-5,1.92693554052368e-11,-0.2548307811918228,69.9621354778961
33.83,53.13,6.12,0.25,2.14,7.39314012365632e-5,4.30956684089817e-11,0.2378047746512541,65.66123784963271,4.40490743823577e-5,2.10327348778003e-11,-0.2487257707032774,67.52893243200408
19.66,23.66,5.91,0.54,1.61,2.73178786813425e-5,4.80650249490022e-11,0.2418249469854848,68.92419629350799,1.76135292212534e-5,2.68222052661904e-11,-0.2500092652223991,69.73303698294947
29.23,30.75,6.69,1.02,1.67,2.9943569637352e-5,4.47295075477889e-11,0.2416643564399136,68.73557774150571,1.89961014463813e-5,2.26533402348563e-11,-0.2524571853315983,69.80710930610948
18.05,41.99,6.58,0.25,1.91,2.14943014359806e-5,1.35277961700086e-10,0.1985352899906102,64.11084955997171,3.37026446807829e-5,7.39679940165659e-11,-0.2236275407554125,60.77664528994331
28.28,17.53,4.89,0.91,1.98,1.65714990995702e-5,1.42736436104055e-11,0.2567382273393749,68.55351767436372,1.01680258209437e-5,7.19230430910302e-12,-0.2765898882607724,67.6801085056534
22.53,62.58,5.62,0.3,1.6,8.07136039191136e-5,7.9044685304136e-11,0.2084800251532455,55.81288445236402,4.92428413653546e-5,4.16729597408152e-11,-0.2423386684874874,67.17065846486359
15.11,44.21,6.66,0.61,2.18,5.49778478639622e-5,8.07002683603585e-10,0.1738623632012854,70.7226061252844,3.5051724949756e-5,5.0065915338035e-10,-0.1874242126311782,67.949839726386
19.7,18.44,7.3,1.19,1.6,1.97949641156575e-5,1.12284727048442e-10,0.2236872216813197,70.7111762466473,-999.0,-999.0,-999.0,-999.0
30.41,64.6,4.71,0.54,2.04,6.30289590825117e-5,4.62441315043681e-11,0.2342122951018411,62.4693891845845,-999.0,-999.0,-999.0,-999.0
29.61,61.65,7.15,0.92,1.58,5.86472962111785e-5,9.75111634548304e-11,0.2055639965176328,60.23482566542398,3.80977531905528e-5,4.97878745168229e-11,-0.2397616409784132,65.24173809547621
20.46,48.61,6.13,0.63,2.12,5.21106953207153e-5,1.59316125943684e-10,0.1958581109661503,65.95419092396939,3.32073136238509e-5,8.56412190554657e-11,-0.2208359585535476,62.90278811745409
20.46,74.65,6.93,0.48,1.58,9.06452984506247e-5,2.52243226420605e-10,0.1831186659779099,66.876871819848,-999.0,-999.0,-999.0,-999.0
31.65,62.71,6.59,0.89,2.12,5.65484621234227e-5,7.94576176520141e-11,0.2124725000518955,57.46039380148149,-999.0,-999.0,-999.0,-999.0
24.76,15.7,7.56,0.48,2.02,2.50002552558015e-5,2.48521854020623e-11,0.2479508038018627,68.912293058774,1.51356229523745e-5,1.39482462505494e-11,-0.2612342426065518,69.78853414440961
25.39,40.52,5.13,0.65,1.52,4.81293460351388e-5,4.13898573958169e-11,0.2411502250927338,68.1992029129915,-999.0,-999.0,-999.0,-999.0
26.66,75.59,4.05,0.33,1.83,7.00223004801812e-5,4.88832975321398e-11,0.229483109636703,58.16716747993939,4.24456544194156e-5,2.46932886120517e-11,-0.2466950045856548,67.50947745406691
26.44,79.34,6.2,0.62,1.56,8.3326842913418e-5,1.07864916251129e-10,0.1987795465674017,60.27650813021401,-999.0,-999.0,-999.0,-999.0
22.28,45.75,4.65,0.42,1.99,5.06040642530176e-5,4.98070623844543e-11,0.2346692078746984,63.065668644349984,3.05760348207539e-5,1.31902760739701e-11,-0.2536723284915519,63.83091086481183
19.83,43.79,7.2,1.14,1.64,4.24565555656799e-5,4.84952548870085e-10,0.1805937434791353,71.3738777540985,-999.0,-999.0,-999.0,-999.0
28.87,32.51,5.43,0.6,1.8,3.41979252756667e-5,2.91703797026587e-11,0.2442308046136331,68.1588358543361,2.08828743421202e-5,1.47653851801406e-11,-0.2551948308677339,67.81976779439732
24.53,60.99,7.55,0.46,1.67,8.19686728393724e-5,1.3778968230409e-10,0.1945263260830263,63.3058923341292,5.33170587474203e-5,7.54351381178176e-11,-0.2175791808305799,59.52842262745478
28.91,38.34,6.76,0.95,2.15,3.5650960073967e-5,6.38200080011343e-11,0.2289821775271192,58.4459025909419,2.29250085660939e-5,3.30884324846627e-11,-0.2460754519777112,69.53893193398378
26.24,60.32,6.75,0.63,1.87,6.42289139237039e-5,1.06019923580103e-10,0.2020752779724669,61.04020912667602,3.98055033780448e-5,5.62756161671203e-11,-0.231117487892876,57.47450991793482
33.18,49.04,5.77,0.75,1.5,5.21903046293214e-5,3.95246235553007e-11,0.2410657205559573,68.0569347037005,3.22027821188057e-5,1.969587461527e-11,-0.2497647061997526,67.85327480622321
19.38,17.74,7.54,0.65,1.7,2.27069477955994e-5,6.48921754422993e-11,0.240546825815551,69.23758143462672,1.46529110793604e-5,3.59680868749977e-11,-0.2499434281123921,70.84343214745509
32.89,74.7,6.3,0.75,1.64,7.73247996137241e-5,7.28805050145088e-11,0.2117383251028384,54.89810088784791,4.91037121329708e-5,3.63142634716168e-11,-0.2443008723407724,68.1830101390207
18.79,71.49,4.42,1.01,2.12,5.7054875362701e-5,1.95626701650124e-10,0.190971664797104,66.85675774346811,3.66238501746671e-5,1.12830994450095e-10,-0.2089491200160406,65.46195282249009
22.99,53.05,4.43,1.09,2.07,4.4400051879933e-5,7.61947105355772e-11,0.2190295408746142,57.898684890043015,2.84742721667794e-5,4.11258647585231e-11,-0.2452747903907982,68.9295111755096
33.61,46.22,7.91,1.11,2.16,4.01862480427285e-5,7.69363809542348e-11,0.2201424153432487,59.23827898437609,2.68956319708013e-5,3.93227855301185e-11,-0.246157735630572,69.3123594971781
31.11,58.63,6.75,1.05,1.55,5.26378520256985e-5,7.85596676875133e-11,0.223393017340831,68.33479733970852,3.43384576183647e-5,3.98731455670991e-11,-0.2437311698427736,68.69233506753109
15.35,54.19,6.63,0.79,1.79,6.15298885005895e-5,8.95501957810532e-10,0.1726549269199905,70.47584644502989,4.13200908861229e-5,5.617527601678e-10,-0.1815346627107843,71.79892419573461
19.99,42.72,5.34,0.33,1.54,4.94969948564466e-5,6.31509180984771e-11,0.2234916112617788,53.3154950629611,3.12674848128532e-5,3.33797070283482e-11,-0.2446889559991794,68.35763755433888
27.29,62.87,7.12,0.6,1.89,6.7772407375785e-5,1.08933179446309e-10,0.2005885340525831,61.148166520363475,2.01219609993466e-5,5.74421469493777e-11,-0.228951305966745,55.4917456532924
31.27,67.22,6.07,0.28,1.7,8.56762322552939e-5,5.84910486736217e-11,0.2190676968157084,49.85065320500989,5.22576205174041e-5,2.89117295423806e-11,-0.2455249514480755,67.82269917155212
24.96,21.58,6.84,0.44,1.65,3.25359844524977e-5,2.93779497524168e-11,0.2450268978240955,68.50347886835611,2.04190232306344e-5,1.54970486888591e-11,-0.2564615084367242,68.58946392215121
32.91,57.55,6.76,1.06,1.76,5.01930289746297e-5,7.08824125371151e-11,0.2184659603470895,56.190508680338006,3.33987772448e-5,3.51899774818372e-11,-0.2457479232280446,68.70434659070568
26.17,33.67,7.11,0.49,1.79,4.06290438595014e-5,5.4110951032144e-11,0.2340027126120436,62.70015147321242,-999.0,-999.0,-999.0,-999.0
33.63,69.79,5.69,0.81,1.64,6.74866054583834e-5,5.73078814833349e-11,0.22294873435509,52.44912348303779,4.31240961067079e-5,1.46719543873194e-11,-0.2508954885320316,68.1794628831956
27.66,73.98,6.9,0.38,1.67,8.81598810777567e-5,9.92720243127067e-11,0.200172755505259,59.025840528006995,5.43816414397368e-5,5.13816153049018e-11,-0.232935224511323,61.534410032602324
31.51,54.74,5.07,0.82,1.85,4.98228808410595e-5,4.27110402270812e-11,0.2405776454774807,68.08685696176889,3.16367825611567e-5,2.12796890543853e-11,-0.2497871782626854,68.07014105113099
16.93,57.79,4.2,0.7,1.78,6.17253084619846e-5,1.16004552496922e-10,0.2026541975116591,62.51385107076432,3.83771850855384e-5,6.6365030922239e-11,-0.2278615604973261,58.57884347020428
22.75,39.85,7.24,0.89,1.96,4.1982821262772e-5,1.59714788584302e-10,0.1990975846952988,67.30843683722563,2.79494561130667e-5,9.03993592547274e-11,-0.2243737185041434,66.5518536769269
28.33,33.45,4.27,0.68,1.75,3.05703287007881e-5,2.26493618227566e-11,0.246847237584792,67.82012924509348,1.84959542033264e-5,5.81810939881576e-12,-0.2610400404656941,67.56459493332132
29.79,47.37,6.71,0.82,2.14,-999.0,-999.0,-999.0,-999.0,2.9278484174665e-5,3.35761642025043e-11,-0.2465499449354273,68.84803874390822
30.74,53.89,7.9,0.4,2.16,6.75599974775802e-5,7.79221606893038e-11,0.21142455961108,56.53631287683461,4.16866167578553e-5,3.96871573768423e-11,-0.244188431864872,68.3885487426715
20.42,65.04,5.65,0.63,1.97,6.70311047169582e-5,1.67566660327462e-10,0.1919196715315527,65.2102301818915,4.31556338228266e-5,9.22766415443135e-11,-0.2130193173486378,61.930154731128006
18.96,15.33,7.76,0.26,1.69,2.46348599629319e-5,3.64808483079639e-11,0.2441230816359139,68.98835654547511,-999.0,-999.0,-999.0,-999.0
28.46,48.07,7.28,0.59,2.05,5.34587310473726e-5,7.80279744401991e-11,0.2141031899120595,57.541556492587105,3.37707688440392e-5,4.04803803497422e-11,-0.2445148830387356,68.61693352218279
23.42,69.61,7.97,0.71,1.81,7.9986842328863e-5,2.89656847179867e-10,0.1825754445573786,68.00020871061518,-999.0,-999.0,-999.0,-999.0
20.23,20.87,4.07,0.66,2.07,1.97138029904304e-5,2.29911107635532e-11,0.2556433098695821,60.63020442875192,1.20426304925614e-5,1.24153836563703e-11,-0.2627990494036852,68.9146007481985
19.72,35.87,6.74,0.85,1.63,3.83155799372842e-5,1.8121287292257e-10,0.1973855368693581,68.65388184147992,2.48323869445839e-5,1.0322529964078e-10,-0.2198795474455296,68.3530884531236
22.63,32.57,5.21,0.87,2.15,3.20636227005607e-5,5.67787953343348e-11,0.238997351159747,67.47219897044917,-999.0,-999.0,-999.0,-999.0
22.15,51.47,4.2,0.57,2.06,5.11878653312787e-5,5.1700645317347e-11,0.2330178960626235,61.613270826341996,3.06465145245965e-5,2.74861429394151e-11,-0.2465629228888884,68.2225618540285
27.18,33.83,6.5,0.88,2.02,3.29298223813619e-5,5.58428130446708e-11,0.237301043916574,65.88789522575911,-999.0,-999.0,-999.0,-999.0
19.9,51.69,7.23,0.24,1.81,7.02394321957147e-5,1.60364584587231e-10,0.1923489960021243,64.7441802434798,4.37676922398218e-5,8.62385453833426e-11,-0.2137425048279023,61.50482046733219
22.69,61.5,4.31,0.55,2.1,6.14641255599223e-5,6.39781660308573e-11,0.2202769492989862,52.86355498422149,3.75355298612461e-5,3.3285752025425e-11,-0.24545984406103,68.25780415040359
23.11,51.29,5.17,0.46,2.16,5.64380180786607e-5,6.68111122451076e-11,0.219676361562099,54.14590208243359,3.55612904271408e-5,3.50994886080278e-11,-0.2453501643222956,68.4152986705563
31.98,66.28,4.09,0.23,1.8,7.76581959850527e-5,3.46669655851499e-11,0.2413192377976674,67.66849381043039,4.44611380760095e-5,1.67715789345402e-11,-0.2496211718945596,66.3152836702452
17.81,38.03,7.22,0.36,1.83,-999.0,-999.0,-999.0,-999.0,-999.0,-999.0,-999.0,-999.0
24.2,45.57,5.92,1.06,2.06,4.221659719727e-5,1.0749462152089e-10,0.2088299908263331,63.521093406730515,-999.0,-999.0,-999.0,-999.0
17.32,69.52,5.32,0.71,2.05,7.7330562794128e-5,3.00451846893672e-10,0.1821796441994794,68.1470277352377,5.09938184816388e-5,1.77722553953734e-10,-0.1964624722829156,67.99082974236082
33.11,45.72,5.27,0.75,1.65,4.67747192682301e-5,3.33830622239408e-11,0.2424927459313062,68.0277371762294,2.90809480969548e-5,1.6450793012429e-11,-0.25227866332839,67.5280111238673
33.93,21.88,6.14,0.78,1.58,2.56268414724211e-5,1.7192209590234e-11,0.2515749805097783,68.05936744592739,1.58608500046469e-5,8.58591912358798e-12,-0.2685569797745044,66.94889415305458
19.98,36.34,5.61,0.71,1.98,3.71978753994216e-5,9.76120498239208e-11,0.2136307593058488,62.756665466410205,2.40516161944012e-5,5.35545519581109e-11,-0.2429090642882389,69.21871140275601
30.61,63.48,5.73,0.77,1.93,5.98922074329017e-5,6.32390709983093e-11,0.2199895284840912,52.770497452616496,3.84417712249453e-5,3.13062892860609e-11,-0.2459220450352002,68.303513323758
17.63,75.27,6.04,0.52,1.52,0.000102138072023989,2.68681595447111e-10,0.1825881846711478,67.1987319071898,5.49131932597041e-5,1.5368074925221e-10,-0.1970088808079314,65.13438123411372
15.97,61.88,5.05,0.97,2.04,5.95966415556893e-5,4.63260218305712e-10,0.1790304607823198,70.04997702340229,3.90837364304242e-5,2.82548827992289e-10,-0.1907742030460578,70.93556946071911
26.5,31.19,7.16,1.03,1.79,2.99248149719173e-5,7.16105700907049e-11,0.2285873265309127,60.01160263062222,1.94698279416162e-5,3.83390317796362e-11,-0.2425999179155205,66.0422116946817
17.47,32.73,7.7,0.35,1.71,5.36015370883716e-5,1.91028435391888e-10,0.1942897279318823,67.9752679428334,3.50993853239526e-5,1.13910714205859e-10,-0.2142901649891144,67.73746815008123
32.19,66.14,5.36,0.53,1.58,7.31282727958489e-5,4.94809518383791e-11,0.2291709905219087,57.92123383487899,4.49122509336728e-5,2.43244167072743e-11,-0.2472543800103442,67.73428122643779
19.75,75.91,7.31,1.07,1.88,7.22424377783804e-5,1.08416760761773e-9,0.1703588730767019,69.9674803485453,4.79873088987856e-5,6.24159555988124e-10,-0.1788895860987134,71.06839583507599
32.26,21.06,4.62,0.92,1.93,1.97882017239219e-5,1.33403944112318e-11,0.2566253489708073,67.7669739874047,1.2358919878467e-5,6.61865676019204e-12,-0.2775233118174827,65.72395841273368
31.93,63.74,5.36,1.03,1.74,5.36745699043997e-5,5.68437901974211e-11,0.2262973387563078,55.583780586982215,3.46226020907226e-5,2.84342732310666e-11,-0.2470434013083769,68.406286712461
18.73,42.1,6.5,1.05,1.97,4.01583592901066e-5,3.94407239362725e-10,0.1836656844937181,71.2929333783802,2.59867780234148e-5,2.28099120664721e-10,-0.198925825975241,72.84315941551931
30.96,55.94,6.43,1.05,1.85,4.79266285769711e-5,7.2412034377895e-11,0.2181923901716597,56.55735757158251,3.17815637781025e-5,3.61787217332801e-11,-0.2456874510791183,68.75318469783578
33.23,78.39,6.66,0.63,1.73,8.57062202087765e-5,7.96587733418147e-11,0.2075095745592073,56.099683694714685,-999.0,-999.0,-999.0,-999.0
17.38,60.77,5.92,0.76,2.0,6.80964874165619e-5,3.8040788768973e-10,0.1805740105594651,69.3644709192825,4.68258943288491e-5,2.30042895106282e-10,-0.1931122843737615,69.8374729661427
23.3,27.12,4.46,0.38,1.62,3.32037754478058e-5,2.25086788390319e-11,0.2469115982221931,67.6964892009441,1.94370151429378e-5,1.15614625226864e-11,-0.2595214089551046,66.72707942010322
30.89,44.61,7.85,0.7,1.7,4.98857907248643e-5,6.68309769394144e-11,0.2213372182007839,55.06703041164909,3.23342161948391e-5,1.75088951464839e-11,-0.242045776248738,56.93989369450259
25.49,28.21,5.16,0.46,1.93,3.63879778144573e-5,2.73624867574771e-11,0.2451913155719788,68.17526725209989,2.30156950524695e-5,1.4270957754328e-11,-0.2564798366973184,67.77646460416548
20.56,68.12,4.99,0.92,1.69,6.10751252349676e-5,1.52697422924534e-10,0.1948557516745141,64.8365316239342,3.9633247875145e-5,8.40803816694958e-11,-0.2174929388661759,61.093938334569806
30.2,34.91,5.52,0.85,2.09,3.22907705987692e-5,3.37913295951608e-11,0.2434059672604118,68.453391209364,2.0627597507441e-5,1.68139149977113e-11,-0.2550144710731001,68.74217815278722
30.2,24.2,5.42,0.26,1.57,3.11577594724449e-5,1.73162725368878e-11,0.2494425302143173,66.90840349469133,-999.0,-999.0,-999.0,-999.0
30.22,62.76,5.47,0.32,1.6,7.44522848628244e-5,4.93621051476174e-11,0.2282697082387823,57.059890660554586,4.5222908179971e-5,2.42882252985485e-11,-0.2470514540230616,67.60744481307232
30.28,37.03,5.25,0.65,1.91,3.72215049272131e-5,3.02637344148382e-11,0.2436724398789069,68.0765574258049,2.3162874741811e-5,1.50143886754082e-11,-0.2539083685979417,67.368228646737
30.28,33.01,5.48,0.9,1.86,3.09771216835498e-5,3.06388629855396e-11,0.244323645745946,68.43648689509222,1.96671904226804e-5,1.54142408727776e-11,-0.2563932795509078,68.63921257692671
20.78,38.48,7.53,0.63,1.63,4.70997423908338e-5,1.76580805849029e-10,0.1954307578864148,67.4494024392141,3.03849346684841e-5,9.74618772331186e-11,-0.2190973951050897,65.82158630052118
21.72,77.71,4.1,0.41,1.7,8.312411551425e-5,7.00097888767642e-11,0.212214972764021,53.42130883025359,-999.0,-999.0,-999.0,-999.0
24.66,40.92,5.86,0.61,1.97,4.78181315429514e-5,6.12889109573185e-11,0.2272402614358569,56.658707298963414,3.07001729955567e-5,3.23643368103662e-11,-0.2468255451355603,68.78852257422669
24.66,31.82,5.31,0.27,2.02,4.37293205317123e-5,3.23807781576878e-11,0.2430816609488126,68.05892972514579,2.58920054915905e-5,1.6727813135626e-11,-0.2531892942661107,67.67804687308171
23.67,56.46,5.99,0.44,2.11,6.89919462444229e-5,9.00575031803056e-11,0.2069558195287525,58.7050552223205,4.35510080821775e-5,4.85152125138197e-11,-0.2411845646268281,67.7826185139441
32.06,15.04,5.41,1.14,1.95,1.43046826398945e-5,1.15165623544332e-11,0.2623270943881947,68.78308948483388,-999.0,-999.0,-999.0,-999.0
32.06,73.94,5.48,1.1,1.6,6.09607334637293e-5,6.8626762337013e-11,0.2164440785794175,54.45158268159661,-999.0,-999.0,-999.0,-999.0
29.37,64.04,6.55,0.84,1.87,6.14516870221311e-5,9.19447744535881e-11,0.2062305724545994,59.2791591673319,3.91378057102569e-5,4.61500544942302e-11,-0.2415794377632345,66.76517725431752
24.07,74.14,7.35,1.1,1.98,6.85080769016872e-5,3.76635077253397e-10,0.1802504628041052,69.2442789199994,4.62333068483249e-5,2.16802265994431e-10,-0.1938880426865426,69.6747972326398
23.1,34.6,4.79,0.33,2.07,4.12492823457709e-5,3.50415936024056e-11,0.2424681627160486,68.10801066433788,2.47004032478817e-5,1.80907852219308e-11,-0.2516322130145195,67.72136522869037
30.25,74.37,5.5,1.15,2.06,5.75404073479141e-5,8.54795595003029e-11,0.2095494596807001,58.337604447723514,3.78674013323073e-5,4.28786937758872e-11,-0.2428518115464662,68.5204791252621
19.39,65.42,5.35,1.19,1.53,5.52672082964027e-5,2.84661281001093e-10,0.1851138751244492,68.84696209518292,3.67040357683907e-5,1.65941595856995e-10,-0.2000616897408672,68.77276130483939
20.88,43.86,4.96,1.1,1.94,3.74866550519048e-5,1.16711275810094e-10,0.2079575709925902,64.80660935292593,2.44442493345143e-5,6.26564615714908e-11,-0.2319073068983126,69.90849262178581
20.88,26.37,5.1,0.51,2.1,2.89860254842711e-5,3.96977216300073e-11,0.242840736529116,68.73561414792381,1.76723881541505e-5,2.08909024455881e-11,-0.2480615827278767,67.8007804586535
27.94,17.32,4.43,0.37,2.08,-999.0,-999.0,-999.0,-999.0,1.03610294231464e-5,5.49766376430249e-12,-0.2959068207749467,64.33346847527507
15.47,45.21,4.6,1.15,2.17,-999.0,-999.0,-999.0,-999.0,-999.0,-999.0,-999.0,-999.0
30.07,35.52,6.27,1.11,1.83,3.10945101623415e-5,4.55050755890861e-11,0.2414458702609791,68.6461437875385,2.00133161377257e-5,2.29902799081485e-11,-0.2520586359450853,69.59724966408473
16.73,56.03,4.87,1.16,1.89,5.14295581699301e-5,3.71854697684732e-10,0.1827498183479343,70.2020654114002,3.42632859926276e-5,2.21194498169798e-10,-0.1968178635382811,71.09841904531639
21.61,32.3,4.29,0.99,1.99,2.93089744070101e-5,4.64077417795258e-11,0.2416869918449142,68.7791083348491,-999.0,-999.0,-999.0,-999.0
22.64,37.83,5.22,0.78,2.03,3.88573980463253e-5,6.17990169427543e-11,0.230585036945438,59.80861186823899,2.42719462777784e-5,9.7769329781603e-12,-0.2366099101711409,67.23534977736243
28.01,16.61,4.02,1.11,1.95,1.40022492651655e-5,1.09099376793045e-11,0.2629855675416327,67.9732182277263,8.34220642437133e-6,5.79239190978524e-12,-0.2862937767994314,67.4472423759869
20.4,66.33,7.45,0.41,1.97,8.31167493737781e-5,2.9462480307251e-10,0.1818498249473322,67.8331164117239,5.26489322343101e-5,1.60551100456238e-10,-0.1965229011450659,66.5992961241727
33.22,39.34,4.68,0.57,1.78,4.29114296786564e-5,2.38290031504258e-11,0.2455573858572652,67.61672613646569,2.56148282629085e-5,1.17279278434062e-11,-0.258005201457726,66.55541274407939
31.97,79.64,4.68,1.13,1.94,6.03645047174135e-5,6.14421872343982e-11,0.220985307262996,52.154746824552596,3.27307868534069e-5,2.6676759621692e-11,-0.2457167494549588,68.14242573238951
30.1,42.46,4.57,0.27,1.81,4.757294220558e-5,2.6991798723302e-11,0.2438033012412624,67.5102786297585,2.80553483293488e-5,1.30198490249593e-11,-0.2550971540695968,66.24381800876081
29.43,23.72,7.33,0.45,2.0,3.19917624344019e-5,2.91286922722017e-11,0.2446919875794719,68.38479559115768,1.91258910750737e-5,1.47342345600377e-11,-0.2569069757082159,68.5167030625852
24.1,52.63,4.22,0.41,1.81,6.07594267804752e-5,4.15351768778405e-11,0.2406314074533259,68.00016561485108,-999.0,-999.0,-999.0,-999.0
16.01,57.42,7.1,0.28,1.7,8.59150526225401e-5,3.54340249805223e-10,0.1801022699265462,68.5250568866291,5.47914034454151e-5,2.09329049243714e-10,-0.1926452364696529,68.4369092578988
17.1,39.47,4.63,0.73,1.76,4.41744812935516e-5,9.87005915716804e-11,0.2126250440267432,62.43579469585381,2.84651360002995e-5,5.65431751724184e-11,-0.2434459459748672,68.9918064323606
17.1,37.68,6.01,0.78,2.13,-999.0,-999.0,-999.0,-999.0,2.91000556071086e-5,1.64980728130868e-10,-0.2075034825399125,71.2184060717801
22.27,64.29,7.57,0.26,1.54,9.33739798547362e-5,1.47230276930147e-10,0.1915728185776571,63.237258282800305,5.85604315955966e-5,7.88030161579719e-11,-0.2134761420601004,59.10073844030039
31.62,74.99,7.59,0.64,1.57,8.31687235042834e-5,1.01574440742234e-10,0.2006706674785325,59.7038801026282,5.38794654754956e-5,5.10815914012961e-11,-0.2316452464276725,57.7051874150733
22.76,43.56,7.51,0.21,1.68,6.43323387430874e-5,8.95140199544774e-11,0.2076616850215471,58.7298309097862,4.07987772519581e-5,4.73058898914875e-11,-0.2410538985996286,66.29815665636463
18.13,62.28,5.29,0.95,2.19,5.57087145637006e-5,3.20284672304067e-10,0.183456139178494,69.23248262289789,3.63711449561335e-5,1.8586154993777e-10,-0.1981961229494054,69.49827172024179
16.27,76.16,4.03,1.1,1.79,6.68102905688618e-5,2.69686959660382e-10,0.1853119828718051,68.23089741849279,4.30580222607585e-5,1.59286990342372e-10,-0.2002427365018622,67.83417233452141
34.28,41.08,6.2,0.23,2.13,6.04829625670775e-5,3.28192158977924e-11,0.242231363415028,67.8371955158619,3.59189656074665e-5,1.60484014382246e-11,-0.2524173350017516,67.18647603927211
23.13,77.92,7.09,1.03,1.6,7.49258925908325e-5,3.32535551894042e-10,0.1810112936957472,68.5341977456744,5.05850108114874e-5,1.89744988168177e-10,-0.1950251119392168,68.441749478515
22.91,35.61,5.66,0.36,2.01,4.38051048838072e-5,4.84559840454475e-11,0.2393793377353848,67.4109558924204,2.73816613855201e-5,2.56427618919399e-11,-0.2487778101408319,68.52311492114188
27.76,29.31,6.35,0.74,1.69,3.07945779596576e-5,3.68187580001532e-11,0.2429671700594882,68.6148159485937,1.93634586033504e-5,1.90151094332132e-11,-0.2536863485846781,69.14671116369189
21.74,62.22,4.22,1.0,2.11,5.18331974013253e-5,9.43170279180386e-11,0.2083897136514814,60.145377128151104,3.27993294314825e-5,5.04246451034044e-11,-0.2421645916051846,68.6549895773563
28.69,57.92,7.16,1.15,1.51,5.03183754809855e-5,1.18537851424553e-10,0.2020620465318613,63.41497709612709,3.32071743218364e-5,6.26142772974155e-11,-0.2317122057162143,59.20529164405508
16.49,19.54,5.38,0.61,1.91,2.4975938500038e-5,5.9104133240458e-11,0.2413781257240934,69.3379343286106,1.56698346957807e-5,3.17257027460592e-11,-0.2510910056392979,70.60222840725552
17.75,29.38,6.87,0.34,1.81,4.72379545038907e-5,1.09965369117175e-10,0.2091316954314497,63.8303036526012,2.34208812886317e-5,6.12518339948225e-11,-0.2401623626646699,66.17373073544388
20.34,43.51,6.56,0.74,2.0,4.65294075032355e-5,1.94304192947418e-10,0.1934847763980875,67.99909433837531,2.97217116330897e-5,1.06513416515309e-10,-0.2160042177750216,66.6697395677045
18.57,56.65,4.79,0.67,1.87,-999.0,-999.0,-999.0,-999.0,3.35128079733239e-5,6.57793016656476e-11,-0.2275794197141847,58.4825450960271
31.57,17.01,6.53,0.51,1.74,2.37353479323302e-5,1.45472631916137e-11,0.2540501979849539,67.47623935279428,1.41187361330253e-5,7.20205754377104e-12,-0.2730061514927424,65.43305115301229
27.06,27.53,7.44,0.8,1.76,2.96561548781128e-5,5.02173969387053e-11,0.2409567572142335,68.738953463402,1.92116982703157e-5,2.67250555070839e-11,-0.2506925874693316,69.85893610744401
22.04,51.05,4.38,1.1,1.93,4.18090391818272e-5,8.05918370094051e-11,0.2178314588254134,59.001100514457114,2.71704707365684e-5,4.12049261495607e-11,-0.2453886186468551,68.96808417377682
26.71,57.98,5.18,1.04,1.65,4.76212474039338e-5,6.98229355719078e-11,0.2193652332783438,55.76713353667162,3.08117304566125e-5,3.71551658558351e-11,-0.2452562091021781,68.65201306500252
28.73,56.73,6.6,1.09,2.18,4.69965840825858e-5,1.08146132245198e-10,0.2053126536191539,62.674709409897694,3.0955989219779e-5,5.58966592063951e-11,-0.2382048934531972,64.1349884144383
27.43,79.79,7.4,0.64,1.64,8.69513562837768e-5,1.47106152488347e-10,0.1916980789573449,63.49017798876008,-999.0,-999.0,-999.0,-999.0
15.3,46.81,5.31,0.88,2.17,4.74955353263184e-5,4.59143177453814e-10,0.1807857289256075,70.85005485792088,3.10119251523051e-5,2.76810349178612e-10,-0.1939235847366206,72.1945543852381
18.31,71.85,7.58,0.49,1.7,8.92336503334185e-5,5.324619550822e-10,0.1753085135112799,69.20446343960552,5.6002426724623e-5,3.01651128996518e-10,-0.1859037670736575,69.437618239864
32.97,67.57,7.67,0.46,1.61,8.59634106027615e-5,7.94168798213302e-11,0.2079131027786032,56.1501306301371,-999.0,-999.0,-999.0,-999.0
16.54,19.35,7.9,0.32,1.55,3.36948244860483e-5,9.22689723377201e-11,0.2207384937701614,63.75598733726359,2.13919665486027e-5,5.27167541850309e-11,-0.2453657825250876,69.78008719006978
30.6,77.59,6.45,0.28,1.78,9.68792775434669e-5,7.66804334609008e-11,0.2070925555202116,54.803662505209516,6.13863229812317e-5,3.81405591547673e-11,-0.2359325080651295,67.5708729168191
16.25,40.28,6.57,0.28,1.63,6.00780304702104e-5,1.64380105733594e-10,0.1949180580904805,65.87380436439099,3.8741051088607e-5,9.64262305152669e-11,-0.2152522172132088,64.2479056003093
15.1,51.14,7.95,1.07,1.9,5.81491131579426e-5,6.60891304773519e-9,0.1135306711070491,73.02722539815856,3.14807643275463e-5,4.60066603722889e-9,-0.1256590486833118,78.53073629894867
28.09,23.64,7.37,1.19,1.84,2.22578852066995e-5,4.6476384946135e-11,0.2427800633906985,69.43128932250158,1.45656770969921e-5,2.54904467266724e-11,-0.2538675351393195,71.25572337635738
22.16,54.7,6.13,0.53,1.89,6.38551615195552e-5,1.07455104493337e-10,0.2165574190777001,75.10047198374708,4.07332038014368e-5,5.81947180202106e-11,-0.235647788490889,64.36352932329828
24.83,37.6,4.59,0.93,1.95,3.61058327348534e-5,4.1001110289334e-11,0.2420228411950966,68.52854442542738,2.29202930169782e-5,2.20273118650215e-11,-0.2516700184084446,69.01975269879831
29.29,66.99,7.85,1.13,2.09,5.71732340985261e-5,1.8829581715218e-10,0.1910026006698273,66.8326732709247,3.78544795502292e-5,1.01266607647969e-10,-0.2129121465786354,65.36281735585608
15.07,64.84,7.73,1.09,2.07,6.99867875228751e-5,8.95067748004929e-9,0.1074421631102971,71.16357947390667,4.74303452495743e-5,6.36426474436956e-9,-0.1168190683535817,75.82247921436489
25.54,74.29,6.96,0.85,2.19,7.53415368348423e-5,2.05835242439878e-10,0.187743203441421,66.5678882619062,4.46000746393671e-5,1.12268174942034e-10,-0.2067430867389453,64.9609807647737
25.54,30.81,4.14,0.57,1.81,3.60595040906076e-5,2.25733671265736e-11,0.2470278443459722,67.8011902960669,1.67800745610286e-5,1.15325753255841e-11,-0.2748201230572486,65.12296012784863
17.74,52.76,6.08,0.34,2.08,7.63319064254785e-5,1.77753086886103e-10,0.1913728545610993,65.7545113584119,3.98602066855278e-5,9.8679740948688e-11,-0.2115838471385983,63.591933895623285
31.01,59.06,5.8,0.63,1.58,6.24762791080068e-5,5.31627799656512e-11,0.2272635767022022,56.311829618037905,3.91050360129982e-5,2.61850785246679e-11,-0.2471321928398532,68.0493170814557
19.14,76.5,7.42,0.79,1.61,8.32007032059777e-5,7.06415486146434e-10,0.1732100072551836,69.66065412358489,5.43047940092661e-5,4.09732328835834e-10,-0.1825535035857249,70.30535271936098
23.61,25.34,4.79,0.99,1.77,2.42183931951235e-5,3.0581917617864e-11,0.2458757425983669,69.0697274948286,1.56018867317867e-5,1.69915594624857e-11,-0.257644515303196,69.89123330950109
27.53,78.74,4.12,0.86,1.66,6.44021872046146e-5,5.73447024044736e-11,0.2231219878877621,52.59104043368831,-999.0,-999.0,-999.0,-999.0
17.08,66.78,4.23,1.19,1.78,5.82171044886773e-5,2.53638565565711e-10,0.1873721742829081,68.51589690853568,3.91368262460772e-5,1.50179229034586e-10,-0.203224836146199,68.25096116022478
18.12,45.48,7.77,0.21,1.9,6.4052000314935e-5,2.32931613996931e-10,0.1870977698524448,67.5577558364559,-999.0,-999.0,-999.0,-999.0
29.22,79.92,6.78,0.8,1.72,7.90238712283808e-5,1.20677999892759e-10,0.1963454668982824,61.78377139896768,5.03511657793032e-5,6.17764913031885e-11,-0.2233963643741007,55.94841546094631
33.84,69.88,5.11,0.98,1.83,5.90318254607772e-5,5.20884676566038e-11,0.2291482316191799,58.042567545269904,3.82592952683423e-5,2.5997461872663e-11,-0.2464527757278229,68.10407313866071
26.96,72.42,7.53,0.72,1.71,7.54605234093261e-5,1.59771034702275e-10,0.1912982686947239,64.60308638064541,4.82878041746944e-5,8.5518314546423e-11,-0.2128825078110333,61.431877732074206
26.96,52.1,7.98,0.82,1.76,5.39839843057136e-5,1.38949913434219e-10,0.1979751693554768,64.85419757471308,3.50824797952261e-5,7.48125672567751e-11,-0.2239770945141732,61.92785065156228
16.47,59.37,7.99,0.41,2.05,8.29247026310624e-5,9.37639816739627e-10,0.1714376400768927,69.97663741053168,5.50720782362517e-5,5.82943215107846e-10,-0.1796740296253966,71.00010251366722
20.52,58.43,6.61,0.92,2.15,5.64401034796419e-5,3.76885293876017e-10,0.1813416968072482,69.73399714123651,3.69530655258319e-5,2.04253113742311e-10,-0.1962433032300375,69.98691156408371
33.91,15.59,6.31,0.42,1.79,2.30355059757657e-5,1.14210926647188e-11,0.2579140704059614,66.27127294483273,-999.0,-999.0,-999.0,-999.0
19.0,37.26,4.58,0.87,1.68,3.31941057435822e-5,7.27199350446643e-11,0.2264787717726847,58.76094815035918,-999.0,-999.0,-999.0,-999.0
20.96,28.91,6.18,0.52,1.97,3.47883281682367e-5,6.66240487293377e-11,0.229483128431729,58.98268386676178,2.14100478631268e-5,3.52721179088274e-11,-0.2464910346918349,69.45864603474381
22.87,41.77,6.88,0.79,2.02,4.53052776876782e-5,1.31730060652534e-10,0.2025794722638274,65.26487344520349,2.93907163748551e-5,7.28233441667892e-11,-0.2308139711613592,62.957860646324804
25.79,35.18,4.38,0.55,1.99,4.07888035315916e-5,2.82470938924086e-11,0.24451087083141,68.02781001672389,1.96794483103007e-5,1.44910960633194e-11,-0.2557521781044585,67.65335593758601
18.36,19.7,5.61,1.14,1.94,1.89033904949197e-5,8.30469908751208e-11,0.222696492711118,70.7177253767132,1.1809930699595e-5,4.79337144049957e-11,-0.2491472891246238,71.7045834735914
19.71,15.89,4.96,0.89,1.82,1.6792489349524e-5,2.61356547168507e-11,0.2500554575529947,70.08165665425969,-999.0,-999.0,-999.0,-999.0
24.75,72.38,6.81,0.32,2.13,9.79874933904955e-5,1.29104936869715e-10,0.1942444781133266,62.12271552422188,6.2011048831817e-5,6.93160504120866e-11,-0.2176418042886823,57.2122976109459
34.14,69.57,4.44,0.83,2.04,6.10506920482001e-5,4.19917626207855e-11,0.2404116852019549,67.983750508849,3.91956721926033e-5,2.07016163789595e-11,-0.2484287714959372,67.57517463663359
29.81,75.0,7.04,0.34,2.19,-999.0,-999.0,-999.0,-999.0,-999.0,-999.0,-999.0,-999.0
26.29,64.22,7.96,1.06,1.75,5.9686086645336e-5,2.41279217823345e-10,0.1868473819584491,68.0958963719525,3.91054577190179e-5,1.37079384063053e-10,-0.2044227888798508,67.82768281988919
19.46,41.62,5.03,0.78,1.79,3.88208265390168e-5,9.11722743229195e-11,0.2150110798883051,61.37347975808768,2.51465243980497e-5,5.15813972442258e-11,-0.2408104125897187,69.17026593971778
21.44,18.11,6.78,1.18,1.63,1.94641154179292e-5,6.24877597862895e-11,0.241490126929173,69.7114159294158,1.26151136667686e-5,3.52549948848455e-11,-0.25128721240172,72.12158934494958
30.67,40.03,7.4,0.52,2.01,4.71844550056364e-5,5.24204128082934e-11,0.2332030304359224,61.858757955706196,2.94781710910016e-5,2.64182159180445e-11,-0.2484164654157547,68.6472811186192
26.81,43.06,4.02,1.1,1.54,3.28191007719457e-5,3.30976416006716e-11,0.2434091196787952,68.3333568445717,2.03872739457977e-5,1.71548875327946e-11,-0.2539342823658753,68.38531166026488
34.09,41.49,4.04,0.44,1.78,4.80519054723043e-5,2.01887094444375e-11,0.2470197959903025,67.05044362494519,2.74931459934916e-5,9.8112357244459e-12,-0.260287166396982,65.13253266940511
18.1,41.83,6.36,0.69,1.71,-999.0,-999.0,-999.0,-999.0,-999.0,-999.0,-999.0,-999.0
30.11,64.78,5.5,1.01,1.73,5.50191026748909e-5,6.61896609999167e-11,0.2191848455130773,53.9833446036552,3.54120459008917e-5,3.31485458203584e-11,-0.2447803668239645,68.44967838552701
16.46,60.4,6.25,0.66,1.57,7.43855617034215e-5,3.88793441668656e-10,0.17982808999004,69.1558219215451,4.88765715166678e-5,2.42806257132993e-10,-0.1911618331658856,69.56241925454938
28.21,46.51,5.56,0.62,1.55,4.91093672653478e-5,4.51939164250944e-11,0.2394796188575576,67.3448440059084,-999.0,-999.0,-999.0,-999.0
27.68,15.15,6.07,0.51,2.2,1.80077332951087e-5,1.47764145632961e-11,0.2552085033104925,68.11386103332309,1.06148618781819e-5,7.51447017022153e-12,-0.2745921872414581,66.9954500704172
33.19,15.26,7.92,0.53,1.73,2.30695779141966e-5,1.51568102573358e-11,0.2540887913111052,68.01744538207089,1.42923576418677e-5,7.37746856641131e-12,-0.2733470811179982,66.24119942001941
21.38,49.83,6.96,1.05,2.01,4.82730700885718e-5,3.33597487874476e-10,0.1840233101632685,70.0722166842672,1.54007837369251e-5,1.96331672651612e-10,-0.1995955306937063,71.08602504167372
19.49,17.85,7.92,0.85,1.68,2.19328659104521e-5,9.25076480625203e-11,0.2336819502104797,67.7929144415412,1.4411985167785e-5,5.28654553555244e-11,-0.2462871855559298,71.1265750015782
31.69,68.21,6.46,1.18,1.91,5.41632444094366e-5,9.33952230281989e-11,0.2077946251485138,60.08568634592951,3.59493775429013e-5,4.67555111263774e-11,-0.2435539683364736,68.5868808167357
25.44,47.77,4.45,0.84,1.56,4.79394860863365e-5,4.29161589606066e-11,0.2408879143609305,68.19965931993208,-999.0,-999.0,-999.0,-999.0
32.55,51.56,6.08,1.19,1.73,4.2724523048337e-5,5.5690563596606e-11,0.2315749768744337,60.505074139562524,2.8153172377626e-5,2.80770384198158e-11,-0.2408199397677755,61.6836430090974
32.15,60.51,7.61,0.81,2.0,6.01922672835132e-5,9.00176982086065e-11,0.2080883881082624,59.320489646035924,3.90484545486517e-5,4.56133410482019e-11,-0.2424976736172069,68.571487946644
21.95,38.55,6.26,1.13,1.86,3.6056155601628e-5,1.46328104546982e-10,0.2031452883138299,67.35224931149861,2.36444907087891e-5,8.02062450049079e-11,-0.2340040994204076,65.76165885209959
23.22,72.65,5.64,0.37,1.76,8.9567864624938e-5,9.76566107715422e-11,0.2013167417494369,58.82709613659398,5.54379652436027e-5,5.12501454011823e-11,-0.2302668068924527,56.38566231926742
27.32,72.07,4.44,0.93,1.96,5.65635033141465e-5,6.42328558319487e-11,0.2198488539779402,53.1635880453194,3.55455179623384e-5,3.32745512306328e-11,-0.245407762124422,68.312739838934
29.14,24.3,6.19,1.1,1.84,-999.0,-999.0,-999.0,-999.0,1.46156729245088e-5,1.54721512287395e-11,-0.2593031703783402,70.24554768601752
34.19,37.36,5.54,0.76,1.86,2.42517930525556e-5,2.80293273747113e-11,0.2444797647268155,68.11216374020462,-999.0,-999.0,-999.0,-999.0
18.26,49.62,7.09,1.2,1.63,4.81158274519954e-5,8.73047921790437e-10,0.1723595878132194,67.34436669135279,3.13062963254197e-5,5.3284005919615e-10,-0.1837684320008946,72.9407742772663
30.18,35.96,5.99,0.73,2.09,3.62868300455469e-5,3.7705027671062e-11,0.2422531203098715,68.3712889936042,2.24772732520362e-5,1.87265410993297e-11,-0.2530749742683471,68.68426696134789
19.82,32.89,5.23,0.33,1.59,3.7919230778031e-5,4.64087317922418e-11,0.2407604582491243,68.34179893035508,2.36792511355847e-5,2.4609349424434e-11,-0.2482979405995449,68.39893213349352
15.29,33.16,5.96,0.37,1.96,-999.0,-999.0,-999.0,-999.0,-999.0,-999.0,-999.0,-999.0
17.6,64.0,7.0,0.31,2.19,9.33725769812172e-5,3.6470109882616e-10,0.1794790053445696,68.53754505073658,6.18943694545525e-5,2.15587449805958e-10,-0.191266859117966,68.1311945550953
27.61,29.52,6.25,0.95,2.09,2.72533650672585e-5,4.3577928041473e-11,0.2422147001451534,68.8872179490801,1.74952457148578e-5,2.28733535421277e-11,-0.252812491159055,69.98914290551481
29.4,63.66,4.76,0.39,1.6,6.95016151653846e-5,4.50181904290477e-11,0.2338254344628771,62.036299091392685,4.12506962612293e-5,2.20292631501315e-11,-0.2470379623894862,67.32475168295841
29.4,22.81,6.42,0.76,1.74,2.58799618929977e-5,2.46608460296878e-11,0.24698821632235,68.5392818970328,1.60227619978937e-5,1.23512190867103e-11,-0.2604489378218566,68.27537029726719
27.36,58.08,4.28,0.47,1.77,5.43628384141202e-5,3.98343325452588e-11,0.240778351947841,67.93981003245419,-999.0,-999.0,-999.0,-999.0
23.63,21.2,4.09,0.47,1.87,2.44876089865953e-5,1.58083727092287e-11,0.2526668339005074,67.36055243984853,-999.0,-999.0,-999.0,-999.0
20.57,79.04,7.99,0.39,1.81,0.000105500829736028,4.15815032299898e-10,0.1770189692087374,68.46572793199569,6.64977072694583e-5,2.28211160176738e-10,-0.1882729473536502,67.85457950195898
15.89,75.46,4.11,0.36,1.92,8.56656954550724e-5,1.28407075988517e-10,0.1960595846251414,62.19262058670538,5.15045037504183e-5,7.09055339347292e-11,-0.2188384756009842,57.5612466256287
22.66,44.32,4.68,0.83,2.03,-999.0,-999.0,-999.0,-999.0,-999.0,-999.0,-999.0,-999.0
26.3,24.59,4.64,0.66,1.85,2.24337447178425e-5,2.04995770701615e-11,0.249408567947342,68.2719177850323,1.41769284909037e-5,1.0306820010922e-11,-0.2638169196138499,67.51606012158202
26.49,41.03,5.19,0.98,2.11,3.44387227875906e-5,5.22859794211266e-11,0.2388760194158733,67.1692498897718,2.21097251990118e-5,2.74806495735342e-11,-0.249238867355407,69.233465994845
20.01,21.36,6.62,0.48,1.82,2.71000291026729e-5,5.01097864375282e-11,0.2415124511674587,68.9208465737278,1.67567620256904e-5,2.73464682833417e-11,-0.2501777107342895,69.94500952985533
31.32,17.72,4.61,1.04,1.87,1.61371301698892e-5,1.15811783245233e-11,0.2605957139240116,67.8683122351475,1.02793808899927e-5,5.68347367649356e-12,-0.2841956250871305,66.04719469694709
29.1,31.62,6.9,0.72,2.01,3.42025753060803e-5,4.45616920144361e-11,0.2412400880360743,68.51299798197772,2.15016916124065e-5,2.26962014254478e-11,-0.2499823214107734,69.2146644338987
21.8,46.36,5.46,0.42,2.0,5.39301558255013e-5,7.24338335076892e-11,0.2165012304221992,55.723720281269316,3.37137553872566e-5,3.83316269558162e-11,-0.2447900534585917,68.49438900736521
22.2,28.01,6.42,0.23,1.63,3.98215584409937e-5,4.1374583319552e-11,0.241376644709633,68.25844745215659,2.4936915170001e-5,2.12596329951057e-11,-0.2507980609338084,68.3156645421655
33.32,77.82,4.93,0.93,2.17,6.48669452003149e-5,5.82744728022931e-11,0.2225497129599287,52.112569569828906,-999.0,-999.0,-999.0,-999.0
19.58,41.93,6.93,0.58,2.15,4.79065822470935e-5,2.15375803714853e-10,0.1913434478057652,68.44074354610541,3.01844789064309e-5,1.23683004859411e-10,-0.2103598489582341,68.160636262067
18.77,63.23,7.65,0.24,2.0,8.52280582711331e-5,3.1642034560389e-10,0.1918572055295156,79.0554210498086,5.27542329801704e-5,1.75333444332498e-10,-0.1945917976226815,67.2449079823661
30.91,22.53,7.25,0.84,1.98,2.47438609374853e-5,2.75173483723639e-11,0.2465507797771017,68.9600836429245,1.5693298718601e-5,1.39256479882847e-11,-0.2603218961303868,69.60626295908412
15.83,51.39,4.54,1.1,1.92,4.68751680016359e-5,2.9586589119152e-10,0.186915123738681,69.89962194375579,3.06932536761477e-5,1.77076840619582e-10,-0.2029159547011199,70.6396100239248
34.52,24.9,4.28,0.38,1.7,3.28508124301214e-5,1.22003264497535e-11,0.2553897362245514,65.77306906567351,1.84678009980782e-5,5.99739242429431e-12,-0.2744217638150658,62.35746553145008
20.37,59.55,7.66,0.94,2.15,6.0046272177494e-5,7.48157198525403e-10,0.1741169914988865,70.48509038558329,3.96916865975843e-5,4.27328791446388e-10,-0.1846609754687999,71.77697041983718
31.73,52.45,6.22,0.61,1.84,5.73666380760286e-5,5.07453641761858e-11,0.2312090238431082,59.906135290306196,3.60626359710012e-5,2.51843096036739e-11,-0.2478568889469693,68.175909401745
33.27,78.62,5.07,1.08,1.84,6.26523274720342e-5,6.18884285533928e-11,0.2201654941037615,52.270471691230505,4.07338848157235e-5,3.088889092085e-11,-0.2448492926638356,68.22323303681779
32.38,30.15,5.68,0.89,1.52,-999.0,-999.0,-999.0,-999.0,1.91771707970701e-5,1.2450154835661e-11,-0.2597979128106259,68.19738345200763
33.12,35.6,6.32,0.65,1.52,4.15747669695313e-5,3.13189773661709e-11,0.2433566189343555,68.1383974696195,2.60890990107855e-5,1.56333100756918e-11,-0.2538435844503196,67.80431905070944
23.04,70.57,7.04,0.53,1.66,8.7175565400023e-5,1.72016515744082e-10,0.1894452334679134,64.7872685158569,5.55682336514822e-5,9.45306804833067e-11,-0.209920610962046,61.418918520732916
23.93,34.18,5.14,0.29,1.94,4.50012590540213e-5,3.48875585613254e-11,0.2423606848007824,68.060056280631,-999.0,-999.0,-999.0,-999.0
31.68,15.52,5.56,0.53,2.2,1.88786109922208e-5,1.13379665248649e-11,0.259595427847954,67.01859795862546,1.14621012091549e-5,5.71057233366979e-12,-0.2821175072497859,64.99604196439002
27.02,33.59,6.15,0.81,1.79,3.34197036081195e-5,4.68844240682147e-11,0.240975807084888,68.5297780288644,-999.0,-999.0,-999.0,-999.0
25.33,54.54,6.99,0.62,1.96,6.49444993098392e-5,1.12518034412532e-10,0.201631126500551,62.073877343566316,4.38797353515856e-5,6.17934805710626e-11,-0.2291340246115086,57.51544535050232
25.69,56.22,7.03,1.16,2.09,5.04057653398748e-5,1.97589000544792e-10,0.1922016450941476,67.88259649574802,3.14293780665412e-5,1.08167909529221e-10,-0.2141374437041828,67.18935051299601
27.04,70.82,7.32,1.04,2.15,6.17191234036572e-5,2.14093702160692e-10,0.1881229352596458,67.2634516639867,4.02022738668053e-5,1.16641578263096e-10,-0.2204789726714045,69.26230590318951
20.09,68.33,6.88,0.64,1.64,7.70398990619519e-5,3.03310101860126e-10,0.1938740871535846,80.11659366609929,4.92410859510941e-5,1.67983345047536e-10,-0.1961658900972675,67.1429579045503
23.8,21.28,6.29,0.61,1.72,2.76735812959223e-5,3.1040549413678e-11,0.2451919722741736,68.82996896381951,1.73881681863917e-5,1.65935087571429e-11,-0.2569231272227763,69.36829833837002
23.8,61.42,5.16,0.94,1.51,5.89238445941811e-5,8.77029011463788e-11,0.2095286944790765,58.85091405208689,-999.0,-999.0,-999.0,-999.0
16.83,58.87,4.31,0.63,1.74,-999.0,-999.0,-999.0,-999.0,4.04468880777098e-5,6.51327162342887e-11,-0.2273371623777522,57.84678838405369
34.23,30.58,6.52,1.14,1.54,2.80432756513201e-5,3.01785081712603e-11,0.2451004800224093,68.80883818605952,-999.0,-999.0,-999.0,-999.0
18.8,16.41,6.37,0.68,1.73,1.9486977892194e-5,4.25664196584369e-11,0.234210399140095,54.71569574081481,1.21506393108288e-5,2.41074442995716e-11,-0.2551264742914465,71.24718012460072
18.66,67.04,5.34,0.73,2.06,6.42170577702522e-5,2.29939835306966e-10,0.1869233778615896,67.31027787475041,4.10561410366385e-5,1.30477719987273e-10,-0.2035990247938491,66.19964171826379
33.76,25.14,7.79,0.27,1.65,4.01837595186134e-5,2.50092893299492e-11,0.2454261276583427,67.88804633200101,2.52836320128523e-5,1.22547926690255e-11,-0.2576277774894372,66.9034363396766
33.76,35.84,7.64,1.16,1.68,3.2797597037102e-5,4.98687371207683e-11,0.240818444533298,68.6633174845013,2.16310090291538e-5,2.54076467487057e-11,-0.2510379711337492,69.76455752218611
29.78,61.06,4.25,0.88,1.57,5.15799613120123e-5,4.03834831285306e-11,0.2408111251522093,68.00210372781629,3.20537926550198e-5,2.00123413343188e-11,-0.2500704291257562,67.75036549164312
23.54,73.83,6.1,1.11,1.61,6.76014351363294e-5,2.07707684176506e-10,0.188325127626915,66.7923786300097,4.52411808897957e-5,3.70457138190465e-11,-0.2087214670332189,68.61778273323691
26.63,37.16,5.39,0.39,2.09,3.91335667893126e-5,3.65929803533355e-11,0.2420366092210697,68.1441461339142,-999.0,-999.0,-999.0,-999.0
15.56,60.73,5.26,0.35,1.86,7.58420943575227e-5,1.88369424082023e-10,0.1894449195332821,65.70049868050249,4.68020626060244e-5,1.11521398329419e-10,-0.2072039581188359,63.65404559117802
34.91,73.06,7.1,0.39,1.89,9.55499806062978e-5,7.01629253789154e-11,0.2113200333027928,53.74470742546192,4.97420457553086e-5,3.48324574737173e-11,-0.2442477099253487,68.04894391714109
17.65,76.44,5.97,1.17,1.77,7.32906998280676e-5,8.9092128777094e-10,0.1719669152344788,70.0710119190145,4.39099912116384e-5,2.04273413945617e-10,-0.1761551179770047,71.6652521873664
31.75,70.1,7.28,0.23,1.88,9.66571103732768e-5,7.77930939392399e-11,0.2072270201017594,55.300160519658,5.91068133010519e-5,3.84111981728674e-11,-0.2435337293629487,68.0511170344823
33.43,65.17,4.67,0.29,1.58,8.40661143648221e-5,3.75834103967481e-11,0.2407949505667169,67.7800916751507,4.8223867645328e-5,1.82544945311146e-11,-0.2495496966220165,66.86849460803082
32.85,64.87,4.71,0.26,1.72,8.19530914213918e-5,3.87502627550259e-11,0.2405921001928618,67.80927696187972,4.68417856527597e-5,1.88447281392711e-11,-0.2483730161508861,66.79079466227961
33.86,77.06,5.89,1.19,2.15,5.87574954912303e-5,8.00128588160143e-11,0.2115060614602469,57.49450238679829,3.88385814248811e-5,4.02202316793893e-11,-0.2432262648867408,68.5156956719388
29.01,17.39,6.64,0.84,1.73,1.9888961057861e-5,1.96308725836413e-11,0.2512599101698038,69.03276170077632,1.2357840038128e-5,9.99895337412634e-12,-0.2681397848729137,69.51005898627707
20.13,29.77,7.52,0.98,2.01,3.17204803802818e-5,2.61986102746238e-10,0.193042947230444,71.83877136700909,2.07472935031138e-5,1.4316460703132e-10,-0.2157072039027552,73.24343027188199
30.84,54.52,6.59,0.29,1.71,7.08626487281965e-5,5.38136906378695e-11,0.2251209484325013,54.32256067419791,4.41416614381677e-5,2.62975485597049e-11,-0.2466718522874675,67.8628269723384
34.58,46.27,6.66,0.81,1.57,4.74997576450167e-5,4.43504524315247e-11,0.2404913854219931,68.1784960210966,3.151237690733e-5,2.2113945700617e-11,-0.249864434098361,68.41140199626162
29.46,78.66,4.88,0.47,1.86,8.142477514155e-5,6.05565473455701e-11,0.217400062179747,50.51999126790349,4.90329691652665e-5,2.98805451513449e-11,-0.2452838769823647,67.85674692733271
31.34,62.45,4.63,0.7,1.69,5.96093948685956e-5,4.16653794689817e-11,0.2404305237727805,67.96447662671612,3.6454427218168e-5,2.06291173100046e-11,-0.2493359163151531,67.65618676791948
19.05,34.36,6.85,1.02,1.52,3.52547777109115e-5,2.53305168049458e-10,0.1920703170358441,70.8702811402149,2.30521907079079e-5,1.48531319583677e-10,-0.2116020096296797,71.95796391721501
25.85,68.66,4.41,0.71,1.5,7.20721592054323e-5,5.57405739819689e-11,0.2178159868161753,52.32014890230891,3.80607354856083e-5,2.95009766815449e-11,-0.2459587714579056,68.0568713369043
24.78,29.63,6.8,0.73,2.19,3.42944807761079e-5,6.34385202720566e-11,0.2330967562578659,62.28042277571561,2.26510543536508e-5,3.4278772750197e-11,-0.2482049567077052,69.7122780609333
16.65,48.37,7.13,0.26,2.0,7.19712079755595e-5,2.9803809385143e-10,0.199025444895032,84.1698409919912,4.63276777304964e-5,1.78488263004272e-10,-0.1974934380010084,68.4889472591427
28.3,38.74,6.18,0.86,2.08,3.60261608130797e-5,5.32978140462646e-11,0.2369389140070605,65.4161473752724,2.28984437869222e-5,2.7633198502042e-11,-0.2490637726731868,69.225316929209
21.07,18.77,6.34,0.38,1.77,-999.0,-999.0,-999.0,-999.0,1.57937535711612e-5,1.6507699638713e-11,-0.2566799050896282,69.18254588802067
29.85,26.61,7.54,0.29,1.96,3.66248405916434e-5,3.15484589659367e-11,0.2434888896812867,68.1838153421295,2.24359057393964e-5,1.55428123996058e-11,-0.2549463625204974,68.01718117387081
24.15,68.52,5.86,0.43,1.51,8.98576661956411e-5,8.87661054916893e-11,0.2045421870385034,57.6697715720135,5.48535515826784e-5,4.737125971375e-11,-0.2346979946791546,60.355163616073796
24.8,34.72,4.39,0.58,2.11,3.8017542262063e-5,3.06139217190508e-11,0.2439922477514569,68.19292058889239,2.32481461620967e-5,1.6003679972181e-11,-0.2546489452763382,67.95949226282058
31.13,22.62,6.11,0.62,1.59,2.70601184753876e-5,1.96915971872601e-11,0.2493671603230234,68.06765271697118,1.67209464052552e-5,9.69178991817477e-12,-0.2648902300583054,67.29298757854363
33.15,71.72,7.66,0.5,1.96,-999.0,-999.0,-999.0,-999.0,-999.0,-999.0,-999.0,-999.0
15.51,30.26,4.91,1.03,1.82,3.00478874812103e-5,1.87443743363242e-10,0.201331932997491,70.54613059860851,1.95098573707275e-5,1.12425643504465e-10,-0.2248008618395766,71.73829753617709
28.62,44.47,4.53,0.88,2.1,3.70809984774632e-5,3.64772075380822e-11,0.2422830110223524,68.2565355449086,-999.0,-999.0,-999.0,-999.0
27.14,65.2,6.32,0.34,1.89,7.50796056892109e-5,7.85949020849523e-11,0.2085044699001434,55.9067028216908,4.62372540790663e-5,4.04545167538042e-11,-0.243286364624155,68.00663954411151
18.38,35.29,4.9,1.12,2.0,2.9990750625229e-5,1.3810931405614e-10,0.2076172545589355,68.0742286923455,-999.0,-999.0,-999.0,-999.0
18.38,16.13,7.78,0.58,1.93,2.30150661034332e-5,7.6377730538805e-11,0.2234768460737564,52.8496241486428,1.36440750943399e-5,3.91201173565994e-11,-0.2496009952215889,71.0000224128687
22.01,71.63,5.63,0.42,2.04,8.11924766174585e-5,1.19216966905538e-10,0.1970892228199302,61.413447098675384,5.10348543218619e-5,6.3197520564257e-11,-0.2244969952584065,54.8219948851992
18.18,55.18,6.81,0.46,1.83,6.81608446772071e-5,2.65077276346419e-10,0.1997769654248618,83.03003146751452,4.08447955313977e-5,1.45774352629738e-10,-0.2011175259083718,67.12170375459722
15.91,34.09,5.84,0.85,2.05,3.76199188641516e-5,3.22283511018994e-10,0.188008519058311,71.40887460762791,2.48740764254403e-5,1.93799617836314e-10,-0.2048869092402876,73.11296939506532
15.55,36.84,7.06,0.53,1.75,4.94351832881049e-5,3.93642075527541e-10,0.1827323419829855,70.6261246189027,3.19841045036161e-5,2.3918739955274e-10,-0.1966629173843542,71.93062313397081
33.58,37.45,4.91,1.03,1.64,3.27291194470764e-5,2.55931516962309e-11,0.2457891024418851,68.20847863574458,-999.0,-999.0,-999.0,-999.0
15.19,78.53,7.68,0.54,2.07,0.000102593853096767,2.7806222314783e-9,0.1278221850074154,70.36046091502607,6.71106467150575e-5,1.78718485748399e-9,-0.1563225796531234,83.67534286892517
21.19,66.64,6.74,0.76,2.19,6.99482409585029e-5,3.34829687346449e-10,0.1785601882428372,68.047867864878,4.46215614593694e-5,9.57072111938645e-11,-0.1990069829274725,69.37747040665168
31.53,49.86,5.76,0.39,1.67,6.11459943868664e-5,4.05188880968343e-11,0.2406151598539453,67.95135089990458,3.68006375642689e-5,1.97121342623593e-11,-0.2496828909192372,67.51388626398392
22.23,21.65,5.62,0.72,2.09,2.47734751949274e-5,3.47857307037821e-11,0.2447477923144621,69.09688398514608,1.50435810305699e-5,1.86485349659031e-11,-0.2565707419397369,70.04014794651478
34.48,49.65,5.51,0.83,1.6,4.95849091498782e-5,3.66655023828295e-11,0.2416740640571303,68.0543574394237,3.17306075542929e-5,1.81981408718032e-11,-0.250811395217603,67.7442810676788
17.41,72.56,4.05,0.32,2.07,8.9769956313347e-5,9.93117589550991e-11,0.2029256829690483,59.358924636418315,5.36230572777695e-5,5.41329533729321e-11,-0.2288112577739492,57.6680659986234
21.1,47.49,7.35,0.34,1.88,1.44481267722778e-5,1.54987214195405e-10,0.2089567731338905,78.00641313537598,-999.0,-999.0,-999.0,-999.0
21.02,76.6,4.72,0.93,1.64,6.8259304626094e-5,1.41876205064731e-10,0.1950369328016623,63.743709136694385,4.37875614905643e-5,7.66489189512715e-11,-0.2189744757327137,59.06925848300451
33.35,71.16,5.5,0.69,2.14,6.94177364136114e-5,5.78046359936845e-11,0.2222685840139288,51.8267089971591,4.40085583954806e-5,2.86767191872473e-11,-0.2451953350226763,68.0353388690289
28.02,36.11,4.64,0.35,1.75,3.73537401272723e-5,2.53115717119493e-11,0.2449590557931688,67.63621720950158,2.2651140998029e-5,1.27027814224946e-11,-0.2563922653912515,66.62038068424877
18.33,73.71,7.49,0.35,1.75,9.57520134726682e-5,4.1440915738415e-10,0.1772562223306771,68.5281948444875,5.93316852882205e-5,2.33165368225325e-10,-0.1888182107303142,68.23667554400471
32.31,38.95,7.63,0.79,1.54,4.27639158104354e-5,5.07625698538927e-11,0.2371210189377416,65.46087128786421,2.76006868705857e-5,2.55922920560982e-11,-0.2492758473886888,68.9261425933376
21.16,79.84,5.83,0.58,1.57,9.01223841926784e-5,1.71019994319527e-10,0.188992769541331,64.51003170677662,5.67691726191506e-5,9.12452516450897e-11,-0.2091214551896153,60.37498599387819
34.74,24.13,7.97,1.04,1.77,2.45219032214681e-5,2.83108875561317e-11,0.2464289668164997,69.15217389921399,1.52541364266804e-5,1.4453022726251e-11,-0.2590336324744855,69.64540420212522
18.29,47.84,7.74,0.79,1.79,5.5680985518634e-5,6.43020485725617e-10,0.1811530789821967,70.41890936959551,3.49255885292101e-5,3.8796424588311e-10,-0.1869734925770222,72.2368938055559
20.97,26.13,6.18,0.94,1.53,2.80087995956674e-5,7.8211640460193e-11,0.2282419361863284,62.11869552266011,1.81412998796488e-5,4.12055574386065e-11,-0.2466124929503718,70.25216458880959
15.27,71.17,7.5,0.72,1.73,8.66379192604936e-5,2.05616766183908e-9,0.1401491217240888,71.66006013006029,5.73668448934852e-5,1.31832520674889e-9,-0.1648726145391005,75.823541214798
33.3,24.37,6.5,1.1,1.53,2.36399215214388e-5,2.41841930508333e-11,0.2481696039925828,69.03170774999501,1.53022127685862e-5,1.19380269642314e-11,-0.2628992258787185,69.21093724630911
28.82,41.38,5.67,1.09,2.03,3.47469133982711e-5,5.29205224522384e-11,0.2379282391576714,66.32553439137628,2.22480367408048e-5,2.70779700469011e-11,-0.2495251426616317,69.34929883505431
27.59,76.28,7.57,0.97,1.8,6.97874009700617e-5,1.98713003981937e-10,0.1882592798737063,66.40532664183921,4.56006370442908e-5,1.06909832044465e-10,-0.2079299546888971,64.5470211606293
25.29,78.9,4.77,0.56,1.86,8.92790285725176e-5,7.66556710156809e-11,0.209446684718859,55.34874423315608,5.63515524960107e-5,5.27567346689558e-12,-0.2249681017232029,47.716012544967185
26.88,23.1,5.09,0.82,2.06,2.13234149535098e-5,2.29015666965735e-11,0.2488190355163582,68.8382129230176,1.3381317116931e-5,1.18377092124161e-11,-0.2630462752757157,69.01975266867122
26.8,71.98,4.84,0.22,1.59,7.77539397494165e-5,5.51383924475486e-11,0.221929147417316,51.3620105175838,4.7672722085019e-5,2.78211021160308e-11,-0.2455896777099668,67.65887605404802
29.71,67.94,6.04,0.59,1.66,7.22460470291431e-5,6.97047627727521e-11,0.2135995162788163,53.9241940840432,4.52825070556127e-5,3.4776243034688e-11,-0.2435901442559109,68.13154626699222
29.2,18.26,6.41,1.15,1.87,1.76617843626426e-5,2.28239568995944e-11,0.2503315854730655,69.7382368875022,1.1165568771781e-5,1.18647030508545e-11,-0.266817970793049,71.15463110146928
21.43,43.69,4.41,0.72,1.68,4.31502501107601e-5,5.33605648689244e-11,0.2338229928508021,62.4595659228965,2.62378198137307e-5,2.8278008176466e-11,-0.2478875776452381,68.63823747957693
20.21,47.97,6.56,0.66,1.72,5.40118512339264e-5,1.76352988019588e-10,0.1936043902348049,66.63154900536122,3.44097788064642e-5,9.72787843578845e-11,-0.215862708873421,64.38396850382958
22.48,55.6,6.47,0.94,1.81,5.47299727103367e-5,1.81818856377718e-10,0.1927185888216141,66.70321243449861,3.61688173174003e-5,9.79079569652515e-11,-0.2154107198245462,64.91225578417362
33.42,44.98,6.87,0.84,1.62,4.6238546961114e-5,4.83453554116012e-11,0.2377876453968074,65.96018245401292,2.98524632919808e-5,2.41346954324417e-11,-0.2484373517336842,68.5858371446053
28.35,60.45,4.1,0.57,1.73,-999.0,-999.0,-999.0,-999.0,-999.0,-999.0,-999.0,-999.0
27.48,26.94,4.14,0.39,1.72,2.60404265138148e-5,1.64825357084017e-11,0.2509856595632255,67.02491869547639,1.58375352138211e-5,8.28790946006447e-12,-0.2659866812464593,64.58007030961791
26.19,37.05,4.4,0.85,1.55,3.19677940755158e-5,3.05486059824244e-11,0.2323643955621376,64.06781769632708,1.95855785004766e-5,1.59584146053818e-11,-0.2522939210370597,67.19853538489812
23.65,18.52,5.14,0.55,1.88,2.20056288964695e-5,1.90991674234824e-11,0.2510408971415118,68.38681109558478,1.40994891668638e-5,9.84281334028927e-12,-0.2662382401175215,67.7137763146092
30.03,19.47,7.57,0.77,1.76,2.29392837465393e-5,2.47826679685291e-11,0.2479486348048996,69.00959782908788,1.46561932319517e-5,1.22077643571413e-11,-0.2628841529579504,69.37164783884883
20.36,70.58,4.65,0.92,1.74,6.13428228928088e-5,1.38281485157189e-10,0.1969061327112985,63.9098127742449,3.95098912664521e-5,7.60510846471508e-11,-0.2210025560758802,59.4564661702881
26.09,42.64,7.16,0.5,1.88,5.00907632741944e-5,7.49947812952085e-11,0.2163964782868483,57.08676711640831,3.06881003168313e-5,3.98353288809478e-11,-0.2448406823055443,68.70259321074559
33.04,67.87,4.21,0.95,1.59,5.75446718403543e-5,3.95109729075587e-11,0.2408678432125834,67.97089985580979,-999.0,-999.0,-999.0,-999.0
28.5,38.1,5.74,0.99,2.14,3.28680414159767e-5,4.91869246969246e-11,0.2406823949185352,68.53476304061299,2.11927514513447e-5,2.51668371160476e-11,-0.2488925540209372,69.3582639226701
18.85,22.79,6.46,0.44,1.66,2.85781660738445e-5,5.45894043533552e-11,0.2394781519998897,63.044844264535186,1.83484860851609e-5,3.00768865221117e-11,-0.2494663623710339,69.66487768741351
24.33,55.15,4.9,0.87,1.74,5.33991026293206e-5,6.83972620967431e-11,0.2200546998440681,55.144585076933815,3.45412609918943e-5,3.67257504495928e-11,-0.2453159511588086,68.58773821632161
17.51,18.63,7.62,1.18,1.94,2.27816608168583e-5,2.63204376378166e-10,0.1997625091718777,75.32818220537851,1.52797959280524e-5,1.64330674208254e-10,-0.2216692205490706,79.17193905026521
20.86,30.5,7.25,0.86,2.02,3.36881356305833e-5,1.74727213170544e-10,0.2003753776640663,69.46593087663389,2.16897325067868e-5,9.56918176707376e-11,-0.2279184144369714,69.09135441179117
28.77,55.43,7.27,0.34,1.82,7.03128336062798e-5,7.45441303750743e-11,0.2114490603515749,55.39114644176751,4.3348753493492e-5,3.78011363535397e-11,-0.2441138190708251,68.2265580532446
34.07,51.78,5.79,1.02,1.76,4.60475353534035e-5,4.49012047035342e-11,0.2404571180937683,68.1947032800741,3.02159026969743e-5,2.23857187909618e-11,-0.2490159395200338,68.39534570592411
15.82,36.73,7.95,0.22,1.56,6.0197380907911e-5,2.79134469464661e-10,0.1859850461317099,68.90622787230011,3.86682244000513e-5,1.67497730975435e-10,-0.2016273802710915,69.2551023096816
28.95,15.08,5.74,0.92,1.65,1.59003010878279e-5,1.35622812717442e-11,0.2579000134351345,68.65117557691703,-999.0,-999.0,-999.0,-999.0
18.62,62.51,7.79,0.72,2.07,7.03149393239257e-5,8.82843798396678e-10,0.1721740780500785,70.1629247968581,4.50059827617012e-5,5.19316071357252e-10,-0.1813049513547784,71.2834330513945
24.52,23.78,4.85,0.9,2.18,-999.0,-999.0,-999.0,-999.0,1.51659500175886e-5,1.46109652713775e-11,-0.2592908458398985,69.38265181449219
16.61,76.36,5.63,1.17,1.96,7.1308519927495e-5,1.09766685636185e-9,0.1704148243430858,70.0489758066824,4.8679327155301e-5,6.47478589576719e-10,-0.1789146018287977,71.2105215204252
28.47,40.81,7.07,0.87,1.61,4.07314162845943e-5,6.67108311547723e-11,0.2243054243126878,56.120728950884796,2.63226641822776e-5,3.51198112766372e-11,-0.2447191685369381,69.16606967250688
28.65,22.72,6.91,0.28,2.15,3.05636467455883e-5,2.51763492845259e-11,0.2459825901156222,68.13788863897172,1.79260433837166e-5,1.27229807808572e-11,-0.2575599130917046,67.07847716926302
34.93,63.89,4.2,0.3,1.53,8.72923054966726e-5,3.09069193793485e-11,0.242188959820839,67.52031226892619,3.68739187856201e-5,1.49899258886927e-11,-0.2518782386692847,66.25187533462432
30.99,28.35,6.4,0.43,1.52,3.65728089370438e-5,2.59734615258606e-11,0.2451797026492005,67.9668231066676,2.25122685641935e-5,1.2735905197488e-11,-0.2577082633698649,67.3677399488368
23.4,38.32,7.18,0.9,1.82,4.09804631291223e-5,1.30896584559617e-10,0.2042460585275882,65.8761773840942,2.74510740460362e-5,7.21030618930225e-11,-0.2336085311200846,63.81932424201178
31.02,44.43,5.08,0.96,2.03,3.81595917794573e-5,3.81156881603477e-11,0.2419713056506728,68.29363274496659,2.42887514374357e-5,1.9050758909668e-11,-0.2524021328648637,68.50740647710008
29.18,50.91,4.77,0.59,1.89,5.06249814462792e-5,3.93697184121156e-11,0.2228967257060813,61.0777907359534,3.03766012380939e-5,1.93382607170628e-11,-0.250419242117314,67.70513463574818
26.92,56.1,5.73,0.38,1.96,6.06274211507823e-5,5.99021578130732e-11,0.2216274579500658,51.372919475546894,-999.0,-999.0,-999.0,-999.0
21.05,39.4,6.34,0.88,1.78,4.09306993581683e-5,1.4987249644075e-10,0.2007637963665819,66.53485900354531,2.62007602515007e-5,8.03997459964401e-11,-0.2273131907135685,64.9134503291183
18.55,19.6,4.18,0.35,1.92,1.93640903643956e-5,1.98793603072773e-11,0.2475618043885212,62.91954570880062,1.18893957225445e-5,1.0660526528047e-11,-0.2635323937978064,65.57439051726341
28.25,47.38,5.33,1.07,1.5,4.03599154617349e-5,5.12542018329481e-11,0.23625123185088,64.65804830726732,-999.0,-999.0,-999.0,-999.0
29.53,42.34,4.08,0.27,2.03,4.38476469329202e-5,2.4334130918441e-11,0.2447742753525186,67.3034907915519,2.55961917195999e-5,1.18494629167944e-11,-0.2567450684985908,65.85105055644131
18.9,53.84,7.43,0.35,1.8,7.04641911413044e-5,2.48568841233046e-10,0.185304454744242,67.55630622010011,4.36678161792536e-5,1.38716676342501e-10,-0.2015596249501859,66.5396029639154
19.78,46.97,5.93,0.81,1.52,4.9456862033542e-5,1.49958190920805e-10,0.1982703356863945,65.81988002553288,-999.0,-999.0,-999.0,-999.0
19.78,28.63,5.45,0.68,1.7,2.95875967040413e-5,5.91063073205739e-11,0.2389476106002247,67.5274849996643,1.9074117330648e-5,3.32454935167449e-11,-0.2475261570962243,69.6701230916694
29.87,36.94,7.09,0.27,2.1,4.79244192977435e-5,4.29047418524428e-11,0.2406370901508726,68.11290412778578,2.89505149073792e-5,2.13527864436338e-11,-0.2500088495618418,68.14176343955796
22.86,71.92,4.51,1.18,1.78,5.76812792205072e-5,1.13248969207987e-10,0.2024352270048965,62.16106240832539,3.781521417958e-5,6.16777617989791e-11,-0.230580920590557,57.47106573352878
15.4,75.58,5.94,0.47,1.56,9.61905784422231e-5,3.88834606408471e-10,0.1782659448969671,68.4144406820239,6.11674147393123e-5,2.32217662487353e-10,-0.1896318242644416,51.33066891181692
28.93,58.54,7.48,1.16,1.94,5.03226504760707e-5,1.45786064538404e-10,0.1975361302411931,65.5380189406305,3.29701760304633e-5,7.6969847525895e-11,-0.225742551090538,69.52556797429551
27.77,31.73,6.68,0.88,1.97,3.13964962518082e-5,5.01142711203687e-11,0.2408285571039975,68.6637815081321,1.97466266701355e-5,2.65433021394958e-11,-0.2505226169686617,69.73334817138729
24.23,79.69,6.79,1.05,1.76,7.54669955704633e-5,2.66549343891099e-10,0.1838125321009003,67.7673210409498,-999.0,-999.0,-999.0,-999.0
34.6,63.57,7.75,0.31,1.68,9.36930243195708e-5,6.60581281893147e-11,0.2140663709518349,52.71333002639989,-999.0,-999.0,-999.0,-999.0
24.31,39.19,5.85,0.65,1.55,4.64596156714159e-5,5.46454867151107e-11,0.2328762089981444,61.64944665347091,2.95150109273866e-5,2.97846550421784e-11,-0.2475336712752618,68.7540740326133
27.11,61.13,7.69,0.57,1.58,7.05792630487886e-5,1.17924664696647e-10,0.1984024797764471,62.00171514582228,-999.0,-999.0,-999.0,-999.0
19.25,74.77,5.78,1.14,1.92,6.41522649077037e-5,5.14957973975833e-10,0.1823152902340387,72.9216442971026,-999.0,-999.0,-999.0,-999.0
17.37,34.04,5.37,1.17,1.59,3.45760319181484e-5,2.01503211466648e-10,0.1980200046949054,70.40295346131312,-999.0,-999.0,-999.0,-999.0
16.36,54.9,4.32,0.43,1.9,6.41459021522706e-5,1.01514811797784e-10,0.2056263569756918,60.636824489312794,3.86129576126441e-5,5.67226739376736e-11,-0.2335783364273692,59.72535725942188
20.67,25.98,5.39,0.47,1.99,2.96356753316133e-5,4.27637888810403e-11,0.242254802380991,68.7326305194903,1.83964822693389e-5,2.20654232318996e-11,-0.2464131617717679,67.45228324438828
17.85,17.22,4.43,1.2,1.58,1.76530645485674e-5,3.93656478728923e-11,0.2469442643626162,70.70103794649052,9.75493982112307e-6,2.14634501204202e-11,-0.2590820023045654,72.3169553631933
17.83,57.59,5.33,0.66,2.19,6.67004787887254e-5,2.22776090919607e-10,0.1884375419492095,67.5259855619908,3.62582136386957e-5,6.58006516831442e-11,-0.208860960560835,69.23047569833172
23.35,45.85,5.0,0.26,1.98,5.77637975728085e-5,4.75204969073555e-11,0.2355098908746673,63.74084794632001,3.4502902303636e-5,2.41046920808813e-11,-0.2479978938538996,67.85745110124178
29.76,73.17,5.45,0.33,1.75,8.38768910415946e-5,6.0372273024486e-11,0.2174557373866074,50.40582829307469,5.08129080043401e-5,2.96065892156156e-11,-0.2453041350298923,67.82080230512288
22.09,65.11,5.3,0.72,1.98,6.43896323931934e-5,1.17473213865445e-10,0.2000083961493265,62.0451488417342,4.12427274492117e-5,6.27098097994076e-11,-0.2276032500271986,56.99263107375971
22.73,21.01,5.6,0.89,1.6,2.28812094722908e-5,3.22875367102215e-11,0.2457411550703704,69.2570761982814,1.45918822830412e-5,1.77717265971385e-11,-0.2674243147843621,61.36110793015204
32.35,33.64,4.42,0.69,1.86,3.38690622124209e-5,2.01443120498746e-11,0.2480342689594158,67.5795791260757,2.02517883946148e-5,9.88725872241368e-12,-0.2622172036006709,66.01947487782992
26.47,42.21,7.15,0.34,1.59,5.38099787618458e-5,6.13052346943492e-11,0.2251457896860612,55.0181259760312,3.31572093522423e-5,3.22019318393188e-11,-0.2459132271441092,68.41787188788912
29.73,43.28,6.02,0.62,1.62,4.61901592563314e-5,4.3233444001943e-11,0.2406440057320348,68.13871194850438,-999.0,-999.0,-999.0,-999.0
15.92,76.87,5.19,0.32,1.9,-999.0,-999.0,-999.0,-999.0,5.96919678773498e-5,1.25357680465042e-10,-0.2007377303063682,64.18258524463683
26.08,17.88,6.54,0.52,1.59,2.1873329482655e-5,2.09625762033741e-11,0.2495570766805784,68.55106176260989,-999.0,-999.0,-999.0,-999.0
18.44,25.23,6.52,0.81,2.11,2.73480434676241e-5,1.43883820942855e-10,0.2087262511706106,69.4801069378812,-999.0,-999.0,-999.0,-999.0
15.23,33.25,4.29,1.0,1.86,3.16691004462062e-5,1.41907227275168e-10,0.2075336645067191,68.1307423201569,1.97827149833617e-5,8.47486670555338e-11,-0.2362644637769271,67.61412610088291
32.72,44.87,7.49,0.54,2.03,5.3351372171473e-5,5.40650187693343e-11,0.2299743213570197,58.91992116389669,3.41540976953749e-5,2.70055587147081e-11,-0.2477666226120758,68.493385038533
17.02,39.57,5.81,0.48,1.83,5.17284371617637e-5,1.41846908486364e-10,0.2001241358928242,65.48271801858502,3.33720745128756e-5,8.19693805696932e-11,-0.2236005748455202,63.369366648870994
30.63,70.73,6.41,0.54,2.13,7.54052640810329e-5,7.91590952728603e-11,0.2086940704991377,60.92593763084472,4.69278934732898e-5,3.95127963106079e-11,-0.2437911760779264,68.214078872115
30.55,70.47,7.11,1.0,2.15,6.06482167143967e-5,6.34954759436743e-11,0.2150345258324614,63.93839878353222,3.98874890417614e-5,6.17375939684547e-11,-0.2311604137565516,59.04863807942232
32.81,32.15,7.73,0.77,1.69,3.57061579964554e-5,4.05999755740638e-11,0.2419342715799015,68.5291108597518,2.360252424347e-5,2.02579740228042e-11,-0.2525483882524577,69.07099267144717
31.82,37.31,6.65,0.87,2.05,3.63635344422921e-5,4.3790867762754e-11,0.2412879741999785,68.46601833399518,1.99873869622552e-5,2.19354920921874e-11,-0.2515724240388599,69.10925730124107
25.73,31.08,5.49,0.73,1.57,3.60949106926969e-5,3.54181695240202e-11,0.2430994292081197,68.48388213601508,1.94963098678921e-5,1.86348611353953e-11,-0.2535529633996877,68.84958101405289
24.71,30.71,4.94,0.91,1.77,3.08247117125353e-5,3.62734784301016e-11,0.2434708636066653,68.73394708581121,1.99431160749299e-5,1.95954445667697e-11,-0.2539802067477238,69.3197432984757
33.57,67.75,7.46,0.4,1.76,8.91810946133988e-5,7.37088804923266e-11,0.2102075059414322,54.801332266686295,5.56166237764305e-5,3.65157289673878e-11,-0.2429565855321068,68.08801312424991
19.65,50.25,6.97,0.93,2.03,4.98836098908901e-5,4.47303494053889e-10,0.1802721120763561,70.5642389123403,3.27770293999556e-5,2.55508396923296e-10,-0.193905766009304,71.7200643936367
33.97,55.53,7.08,0.85,1.8,5.5449010394173e-5,6.30064392627809e-11,0.2298169617508961,64.3760932560761,3.62373268007442e-5,1.63641559389836e-11,-0.233079761990206,62.099265596374906
21.84,71.6,6.91,0.35,1.93,9.37369889475592e-5,1.85679767370825e-10,0.1871909760248502,65.04377035772539,5.79288788888392e-5,1.00701125986685e-10,-0.2057827833389429,62.275462900761305
16.7,33.77,5.87,0.66,1.77,4.27314675457134e-5,1.62839638371397e-10,0.1998307138583557,67.76453326062531,2.72873254161936e-5,9.50843307697304e-11,-0.2230815723951261,67.1001922847694
33.64,66.54,7.84,1.16,1.97,5.56386171870431e-5,1.14083711667563e-10,0.2025309028152772,62.7963462912435,3.69904359756634e-5,5.76839247702827e-11,-0.2347891392434825,61.00983429336179
20.31,65.72,4.84,0.8,1.94,5.93683165488894e-5,1.33855029350792e-10,0.1980419073348579,63.730791815306716,3.80592789530724e-5,7.4901364741573e-11,-0.2221342844309401,59.4066973469691
21.99,54.11,7.72,0.62,2.18,6.30543973290774e-5,2.45097763529353e-10,0.1867539501698115,67.9751287194499,4.0610014063945e-5,1.43875018160629e-10,-0.2039851830100832,67.5564371507763
26.23,45.9,5.69,0.97,1.7,4.13174367820547e-5,6.6238081800462e-11,0.2325523421115482,63.9688578494888,2.68969619062096e-5,3.53078770052538e-11,-0.2463402804325843,68.967558661119
33.37,63.12,7.61,0.8,2.13,6.19915214959897e-5,8.90520748529478e-11,0.2080223136314084,59.14667998672901,4.07344755488903e-5,4.45661337686496e-11,-0.2436141402312921,68.4947781414263
23.01,56.7,4.17,0.54,1.8,5.90420691973632e-5,5.06253462664779e-11,0.2318668325697655,60.4863856298325,3.55237280691178e-5,2.5800434227849e-11,-0.2455549497028643,67.80247316322738
25.61,48.44,6.0,0.24,1.85,7.4549502677422e-5,5.52016647286325e-11,0.225525388846692,54.761536017749194,3.61295435616296e-5,2.8363788689921e-11,-0.2443724443223162,67.9059998574667
33.54,27.84,5.91,0.89,1.89,2.75916039919695e-5,2.33349408578004e-11,0.247505813164329,68.47833986889731,1.78912394870473e-5,1.15707160794107e-11,-0.2615366004075564,68.13710447811968
20.29,70.23,4.23,0.37,1.72,7.01868232921909e-5,7.2208229229566e-11,0.2207859437502351,60.39717865467561,4.34679333639818e-5,3.83704635729235e-11,-0.2427479185986499,68.08865968553168
29.91,27.37,5.43,1.16,1.99,2.2886460437563e-5,2.73702119192769e-11,0.2467479618294622,69.0038510777377,1.49796640814513e-5,1.38243829587706e-11,-0.2607165062764747,69.64258613728607
22.3,79.28,5.8,1.04,2.05,7.01498489512057e-5,2.52448784557356e-10,0.1849834459727085,67.56992585828878,4.64155590067261e-5,1.35822194265083e-10,-0.2029069402897541,66.1017921277012
31.18,62.1,6.54,1.08,2.01,5.17658092037072e-5,8.65892236940891e-11,0.2239138769894336,72.22446523546871,-999.0,-999.0,-999.0,-999.0
23.76,20.11,7.51,1.13,2.12,2.14309927856775e-5,6.70140189779518e-11,0.2407487907913821,69.47538805559151,1.43987316907e-5,3.89264574941353e-11,-0.249189890155516,71.9046642602319
23.17,22.15,6.61,0.49,1.65,3.06048075861358e-5,3.42681908143855e-11,0.2438593094014396,68.65317352654971,1.90627497069073e-5,1.852178813803e-11,-0.2540179857123007,69.0601943698697
29.27,52.9,4.86,1.17,2.09,4.07514755213806e-5,5.30862701429351e-11,0.2335893945520808,62.2612296959342,2.62039547427333e-5,2.69367701917765e-11,-0.2485476084951541,68.83670323592689
30.77,20.36,4.72,1.17,1.62,1.7305182312573e-5,1.44176594830384e-11,0.2561276466787129,68.4355076160835,1.10330359991729e-5,7.36960417334562e-12,-0.2760977337861417,67.95767957542742
23.97,72.07,7.69,1.14,1.54,6.82702428360101e-5,3.86449151879202e-10,0.1799616777435951,69.31223486682268,4.63691269100474e-5,2.27131990038504e-10,-0.1930503104892909,69.8582370936948
25.48,38.24,6.77,0.83,2.01,4.18300327005705e-5,8.31685877278426e-11,0.2176715883118446,60.46028066806281,2.8335960384207e-5,4.59896062352547e-11,-0.246468280425294,68.08909827177969
28.13,30.47,5.7,1.06,2.14,2.63368155965422e-5,3.92139830187933e-11,0.2431453267488617,68.94891191869418,1.69337561468441e-5,2.0362766254291e-11,-0.2543788181800949,69.98038622597439
16.44,53.79,7.47,0.25,1.84,8.38817874831185e-5,3.80166325327489e-10,0.1795980291361018,68.87957372009488,5.34088948468742e-5,2.2392018231185e-10,-0.1920281951397476,68.99429291255349
17.43,67.59,7.71,0.96,2.11,7.46042645309595e-5,2.13032672491331e-9,0.141500218175393,73.57190548978215,5.13063848541749e-5,1.40591384557257e-9,-0.1654381321917698,78.65799822413128
30.76,36.01,4.23,0.97,2.1,2.95688793547557e-5,2.38978026105353e-11,0.2466709054529237,68.1316251167523,1.85156441560845e-5,1.19522293399488e-11,-0.2601380222470115,67.71348985936478
23.28,60.89,4.34,0.91,1.63,5.513692190183e-5,6.64343523355158e-11,0.2203618893797421,54.197827394092016,3.51197845418459e-5,1.82542863825576e-11,-0.2474366627540828,68.4474464135792
24.25,75.34,7.05,0.44,1.85,9.83462054544951e-5,1.57038967476409e-10,0.1902758828736006,63.87032580796348,6.23769848903716e-5,8.50630919585293e-11,-0.2108505727429843,60.2801730887646
17.88,17.47,4.28,1.12,2.17,1.81363838917972e-5,3.9694452504965e-11,0.2467148749814307,70.60778096857389,-999.0,-999.0,-999.0,-999.0
17.88,45.28,4.69,1.11,1.53,4.45121250381787e-5,1.48079629124646e-10,0.2017863544241161,66.40238607822211,2.5237392812267e-5,8.46780968818981e-11,-0.2259550015655709,65.30441289914563
21.14,74.19,7.24,0.92,1.82,7.48784733905346e-5,5.60945704779999e-10,0.1754734776942986,69.6202552085237,-999.0,-999.0,-999.0,-999.0
17.49,58.2,5.4,1.2,2.16,5.30598254579034e-5,5.70301229048117e-10,0.1775461053798111,70.7720474832857,3.71084979672366e-5,3.44431937996769e-10,-0.1891382899990439,72.1593556462657
23.51,77.63,4.82,0.96,1.8,6.90470765615273e-5,1.12608634920705e-10,0.2004453251623504,61.47317602749128,4.5118260585364e-5,6.08555679712257e-11,-0.2274565179258577,56.1696596075123
25.2,26.04,5.29,0.21,2.13,3.82215399467159e-5,2.42629958607941e-11,0.2459644614994386,67.79804444753721,2.29494091752219e-5,1.25878361418238e-11,-0.2577322240523098,66.95745678011266
29.25,47.15,5.42,0.51,2.16,5.04202722206647e-5,4.36691127231005e-11,0.2403672193566828,68.06893501947359,3.06154540053278e-5,2.18318600047047e-11,-0.2485757798138077,67.9654669097448
31.09,37.99,8.0,0.6,1.79,4.57908363578809e-5,5.49978930222829e-11,0.2320265947082595,60.886676791214704,2.90331839836556e-5,2.77261711433034e-11,-0.2482854443639181,68.83398784359821
22.9,15.41,5.64,0.74,1.87,1.86195335999757e-5,2.03989449407725e-11,0.2517315557710509,69.25774723127898,1.16360629997925e-5,1.12129879977414e-11,-0.2673811640382788,70.01082751336408
30.38,72.93,5.97,0.42,1.54,8.57284000288387e-5,6.62010623018946e-11,0.2137016791627032,52.41517990293568,5.27161708379076e-5,3.29370736311851e-11,-0.2446200564007272,67.9657336132283
30.38,31.67,4.45,0.46,1.81,3.35692331613041e-5,1.96860852484171e-11,0.2479827889423939,67.31405976340449,-999.0,-999.0,-999.0,-999.0
27.2,72.32,6.95,1.14,2.15,5.98552971360804e-5,2.02970571419629e-10,0.1892672188483535,67.08171480473922,3.90191270256155e-5,1.11582506235982e-10,-0.2090334109716657,65.8542416573017
17.12,70.35,7.5,0.74,1.9,8.48189372354641e-5,1.2197736562043e-9,0.1632143360177295,69.92335394208966,5.80864946235724e-5,7.66117488877295e-10,-0.1795000835792825,73.58026798513399
19.15,46.88,7.36,1.05,1.99,4.63884410524695e-5,7.08782764629773e-10,0.1759708533793356,71.28743485599941,3.05782618870277e-5,4.15105883356831e-10,-0.1874010044520043,73.0994097282968
21.5,74.88,6.03,1.04,2.19,6.72950955180907e-5,3.59499555421201e-10,0.180325802646834,68.93231988744311,4.40884762651621e-5,1.95496056688629e-10,-0.1948515700637556,68.87018647247251
25.82,73.66,7.98,0.75,1.76,-999.0,-999.0,-999.0,-999.0,5.03365639703776e-5,1.2643954239603e-10,-0.2025689174215665,65.63197924170608
24.21,63.19,4.61,0.26,1.51,8.27842795516992e-5,5.15099510364067e-11,0.2266597002411692,55.644219975485576,4.90269843389374e-5,2.63287920634491e-11,-0.2462890104543702,67.63801874682513
28.81,37.69,5.1,0.47,1.75,4.06111704283518e-5,3.00795450931061e-11,0.2433410326682086,67.8956129995405,-999.0,-999.0,-999.0,-999.0
32.61,49.44,7.65,0.29,2.11,6.83360442539173e-5,5.76592479069958e-11,0.2233167270192803,52.81014571896528,4.22501898361111e-5,2.86899178885984e-11,-0.2464274851083056,68.1716159915225
31.08,78.11,5.3,0.68,1.72,7.63423528184724e-5,6.42867918958314e-11,0.2161725189514964,52.2240659769245,-999.0,-999.0,-999.0,-999.0
32.12,32.65,7.01,0.52,2.18,3.92685163795107e-5,3.57943345640409e-11,0.2425204907959088,68.3125147511842,1.46061738803067e-7,6.60326598532961e-12,-0.2664453048719148,71.6911301569153
30.85,71.47,4.73,0.38,1.72,7.8942456143553e-5,4.7468193867598e-11,0.230220899741496,58.7921312412176,4.67140827503012e-5,2.31361658855422e-11,-0.247367628602279,67.4714063862189
31.59,78.84,6.5,0.95,1.76,7.14074695575207e-5,9.64599330904565e-11,0.2035270224609767,59.45156050038442,4.60687884381223e-5,2.51647187245115e-11,-0.2226225580339518,65.91810812876042
31.06,27.0,5.83,0.22,1.52,3.76476697095545e-5,2.03878384223186e-11,0.2471171682823902,67.207239343786,2.22925705648481e-5,9.97268040694892e-12,-0.2608653775578397,65.65346141996368
23.99,48.54,4.86,0.55,1.9,5.41984971643785e-5,5.17868344273734e-11,0.232382099784395,61.03634640268571,-999.0,-999.0,-999.0,-999.0
26.76,58.34,6.77,0.91,2.14,5.34314064596807e-5,1.27584599694432e-10,0.1997065575758595,63.9085444484292,3.44408955908733e-5,6.71659122076698e-11,-0.2275569359451721,59.893412947604304
19.41,37.5,6.38,1.13,2.13,3.44567392071366e-5,3.22654523185463e-10,0.1881258246087795,71.70576099843059,2.2619466335263e-5,1.84908427617763e-10,-0.2059562624372014,73.3755803987756
29.68,20.0,7.22,0.21,2.0,2.91429393446036e-5,2.07260386947624e-11,0.2479607479648979,67.72162909308379,1.73700803650638e-5,1.019465581802e-11,-0.2625296916416663,66.72403696116938
29.03,78.04,4.11,0.39,1.81,7.82495412003436e-5,4.75552298060239e-11,0.2298044473169023,58.3991407124799,4.54952947017126e-5,2.33597509639857e-11,-0.237107925102245,64.39179565840378
24.41,32.97,4.04,0.84,2.05,3.18546202625128e-5,2.90142815574298e-11,0.245172146732624,68.4419817814875,1.96312611965795e-5,1.52165041712776e-11,-0.2566995388437467,68.43029145734958
32.95,59.71,5.4,0.54,1.73,6.54246607418599e-5,4.41826927367159e-11,0.2370201269721048,64.99208078165091,-999.0,-999.0,-999.0,-999.0
31.55,49.77,7.19,0.32,1.65,6.7747500473936e-5,5.32854185969192e-11,0.2265009899372864,55.603308908789586,4.17493657717268e-5,2.63479089806886e-11,-0.2469315140267493,67.99325146880119
24.12,56.4,6.23,0.21,1.95,8.05089650524707e-5,7.67548527943222e-11,0.2102892799387546,55.616735842305005,4.9597978343038e-5,4.06180899020443e-11,-0.243603737960173,68.20072887837361
22.8,65.45,5.04,0.75,1.62,6.55586124832519e-5,9.14633678321974e-11,0.2066113155559088,58.8763032459719,4.17276100229922e-5,4.85393514186839e-11,-0.2386700358265833,64.1303794357592
34.45,66.45,7.51,1.13,2.04,5.5305937828409e-5,9.64222207154742e-11,0.2069518717226123,60.73678581446151,3.68804851602569e-5,4.93045245617095e-11,-0.2420087333147319,67.35730030280581
30.44,44.05,5.08,0.59,1.54,-999.0,-999.0,-999.0,-999.0,-999.0,-999.0,-999.0,-999.0
24.73,79.51,5.88,0.66,1.89,8.8223789090571e-5,1.28954229038252e-10,0.1950520498078843,62.35081756369648,5.67966540715346e-5,6.8854383980707e-11,-0.2191113765678039,57.4775421419306
22.59,48.1,7.27,0.56,2.02,5.8420960691147e-5,1.47551522110299e-10,0.1966772023618299,65.03447846859889,3.79239218224773e-5,7.94900806330416e-11,-0.2217392660028531,62.055531346869586
32.03,24.0,5.23,0.68,1.69,2.60554770785385e-5,1.68794677758456e-11,0.2513239802151528,67.69905396924808,1.62761728202617e-5,8.27286422891456e-12,-0.2680318935314667,65.83791452528861
26.01,42.12,6.17,0.77,2.1,4.48801078915186e-5,6.96606134234495e-11,0.222380819811553,56.748754543124086,-999.0,-999.0,-999.0,-999.0
32.21,15.26,4.51,0.51,1.54,1.90388586370863e-5,8.20701846052474e-12,0.266489819284644,64.6881074128694,1.05634255796157e-5,2.04804521664435e-12,-0.288664321950445,69.0623357750166
24.57,76.31,6.7,0.34,1.66,0.00010587013770366,1.21021207786989e-10,0.1948977854771489,61.1990441507429,6.82468090519339e-5,1.88107372499469e-11,-0.2153434860751849,66.00218974477528
27.13,61.59,5.65,0.4,1.94,6.54177443018978e-5,6.40706697783667e-11,0.2176175818283714,52.494174530645616,4.09385342708904e-5,3.33393406277662e-11,-0.2449251787113131,68.12519754941401
16.67,63.36,6.62,0.2,2.1,9.42606953433321e-5,2.92933049369662e-10,0.1817127748584345,67.62847336578182,5.93521017243137e-5,1.68396697584287e-10,-0.1954949263656537,66.85022494878717
30.81,40.0,4.0,0.93,1.73,3.35795129086802e-5,2.36678861850529e-11,0.2462137040109515,67.8558093098606,2.06313207590799e-5,1.16456969003603e-11,-0.2594547975312522,67.10665410338093
21.11,29.16,5.69,0.87,1.5,3.06296031388432e-5,6.55073236232313e-11,0.2331038965381712,62.348382431143015,1.96512613790434e-5,1.85382206750209e-11,-0.2501936756870666,61.49779103655328
15.06,29.24,6.03,1.0,1.91,3.22486800090743e-5,5.25814342046979e-10,0.1817294390762624,72.65154035341772,2.10500144895885e-5,3.21955300403304e-10,-0.1956153979038134,75.26453612852701
25.93,23.42,7.8,0.82,1.62,2.86008302410422e-5,5.04679736667079e-11,0.2428562199303241,64.9701376480836,1.71550678216581e-5,2.61691113069086e-11,-0.2517907170285464,70.26076151025778
18.42,73.49,5.2,0.59,1.96,7.25592259734722e-5,1.93669381054294e-10,0.1886382557414994,65.886852352542,4.54763128948907e-5,1.09682463365737e-10,-0.2059245903591953,63.80292783446612
28.1,40.78,6.28,0.9,1.92,3.81340083341332e-5,5.8697351966657e-11,0.2312226581077283,60.31306203238529,2.40952623936641e-5,3.06176709973582e-11,-0.2479461673437763,69.1768763064405
33.29,72.2,6.82,0.74,2.06,7.15203664027985e-5,8.18478491515103e-11,0.2085969983666363,57.16824662611242,4.63687502077408e-5,4.09496766858446e-11,-0.2426335554955334,68.31824121983749
32.39,49.3,4.32,0.3,2.17,5.59431646542451e-5,2.8103256195046e-11,0.2433769635632849,67.55009382924948,3.21204063301641e-5,1.36103891071618e-11,-0.2535952128009401,66.07438172415992
17.29,56.51,6.89,0.33,1.68,8.53689146942549e-5,2.48843815863504e-10,0.1847760936887058,67.2899162418475,5.58314158393547e-5,1.46270304119569e-10,-0.2107652658229451,67.97668445390012
23.78,66.4,5.96,1.15,1.83,5.81111299895509e-5,1.82976138985475e-10,0.1918755453689835,66.5576224882774,3.91990165101372e-5,1.00059819716478e-10,-0.2133719479452198,64.8180593126595
31.78,39.78,7.89,0.78,1.74,4.32064233570162e-5,5.88229415834426e-11,0.2298973840462614,59.0718236359386,2.77682968250662e-5,2.9486361346868e-11,-0.2398255312253118,68.2588630220828
34.15,31.38,6.83,0.98,2.03,2.98024609765961e-5,3.36207364041303e-11,0.2439690233702331,68.7612912778769,1.96912536979342e-5,1.68863460969182e-11,-0.2554389230590406,69.30222086890628
25.31,67.31,7.61,0.64,1.98,7.99129028606687e-5,1.84213941304214e-10,0.189296335305698,65.77695775627839,5.35922275458705e-5,1.02243505033874e-10,-0.2111372806417195,62.100965376162996
21.7,31.34,4.48,0.45,1.82,3.50814266649102e-5,3.23926381803708e-11,0.2313580984705909,49.8829772067714,2.05706165434136e-5,1.67719956511962e-11,-0.2539563598797592,68.00296656795499
23.41,15.74,4.17,1.16,1.88,1.47858695215856e-5,1.50378485558202e-11,0.2582132979663576,69.54251428214342,9.23140121897636e-6,8.23009925964614e-12,-0.2775206000668349,70.10369041262588
16.31,25.3,7.89,1.01,1.98,3.06800983602323e-5,7.63725576919187e-10,0.1787808802746965,73.51081610537679,2.05963758707212e-5,4.94813094721462e-10,-0.1908217842410933,76.61578498042601
26.57,65.96,5.88,0.74,1.95,6.25218573477989e-5,9.29094807552005e-11,0.2057150661336347,59.255742428134276,4.06514979612434e-5,4.96941922178636e-11,-0.2368490198337124,62.5199284521773
26.84,47.55,6.33,1.09,2.11,4.01137653898897e-5,9.95735106463861e-11,0.2103890243888929,62.61749221557969,2.63394673227921e-5,5.21381882627093e-11,-0.2437811727495247,69.02879994523
34.77,27.29,4.92,0.77,1.75,2.81736265334192e-5,1.65581116594404e-11,0.2514442858629468,67.59626328952872,1.4903490956268e-5,8.23810991363979e-12,-0.2681887345679584,66.43279176544709
32.93,49.5,7.27,0.48,1.61,6.44484654506352e-5,5.2869876218141e-11,0.2281086373894635,57.104600204921695,3.97186238246019e-5,2.62575736543394e-11,-0.2463457154963743,68.0990223558953
26.21,31.52,7.74,0.22,2.01,4.3846676171655e-5,5.18056533440056e-11,0.2347188512387742,63.25341576307189,2.63479253978084e-5,2.69870908055481e-11,-0.2482289347855941,68.6530929415539
29.63,28.69,4.7,1.08,1.73,2.4031947201199e-5,2.26137140506417e-11,0.2481971326889259,68.493466832552,1.52668355722993e-5,1.13035065550636e-11,-0.2630719953952323,68.4332485188556
15.52,20.6,7.84,0.24,1.89,-999.0,-999.0,-999.0,-999.0,-999.0,-999.0,-999.0,-999.0
26.39,36.25,7.39,0.96,2.17,3.5085165645293e-5,9.88099553835212e-11,0.2138738928287608,63.78086008686648,-999.0,-999.0,-999.0,-999.0
23.59,76.9,4.01,0.81,2.07,6.95713533528631e-5,7.53244740915133e-11,0.2128271416954909,55.7130724331594,-999.0,-999.0,-999.0,-999.0
28.79,46.69,6.36,0.35,2.12,5.56483871948511e-5,5.25129541300273e-11,0.2293067328338222,58.203715149559606,3.39473094631305e-5,2.65847451026697e-11,-0.2463615445541871,68.14368341256721
21.6,64.41,5.23,0.91,2.11,5.91431013578558e-5,1.57290200818643e-10,0.1939843059979141,65.14002056646781,3.84040373248359e-5,8.45473720603965e-11,-0.2185005569395009,61.68660688593011
34.36,63.86,5.15,0.27,1.96,8.42364527717677e-5,4.09756265603299e-11,0.2395776901412489,67.18333077793842,5.03289988396418e-5,2.00443697044898e-11,-0.2487298048250143,67.19898956129411
26.38,20.57,7.33,0.74,2.17,2.32175840066574e-5,3.60066534444945e-11,0.2445189521791069,69.27645558976292,1.43602262538348e-5,1.94186625483492e-11,-0.2562163818075389,70.5059651390201
15.49,68.57,6.39,1.0,1.86,7.10974498645671e-5,1.6606775967681e-9,0.1507794715704295,72.59989609369963,4.73176344651106e-5,1.02278462795062e-9,-0.1738132985168046,71.16528432317742
20.62,73.51,7.65,0.52,1.92,8.86221927572613e-5,4.16227391875356e-10,0.1776898365008593,68.77055951374,5.7104218749963e-5,2.29355299660164e-10,-0.1887914757362024,57.85326315302819
30.34,32.48,5.26,1.18,1.52,2.70403047955911e-5,2.9860159176252e-11,0.2451173465057929,68.69249103718431,1.78117680500749e-5,1.49910073959786e-11,-0.2578075306338293,69.08016088779556
28.59,39.25,5.35,0.51,2.01,4.05495759558218e-5,3.54471148807998e-11,0.2422007151646633,68.113818627723,2.49670127428633e-5,1.79452911109811e-11,-0.2522089828825343,67.97330327017501
21.29,44.96,4.39,0.69,1.68,4.41126317146216e-5,5.54771836822848e-11,0.2356405289311362,62.670998463670024,-999.0,-999.0,-999.0,-999.0
15.76,63.54,5.9,0.37,1.63,8.56030658792742e-5,2.47140502053143e-10,0.1844715666611025,67.0175781206905,5.31074275419474e-5,1.44409085467311e-10,-0.1992047966573018,65.94878935553
24.04,62.6,5.13,1.2,1.9,5.17921151792272e-5,1.18494906360261e-10,0.2026364234977137,63.30615113153332,3.4624570156835e-5,6.41837194201205e-11,-0.2313228658399277,59.275404755511296
21.66,21.74,7.05,0.3,2.1,3.30169700185558e-5,4.45800016023119e-11,0.2416051150108111,68.6186396021243,1.91711757419561e-5,2.37418513557565e-11,-0.2507131992273487,69.34170009856489
21.66,66.88,4.19,0.33,1.83,7.410923685819e-5,6.18776959699461e-11,0.2184135783010106,51.240480727504504,4.32346060476416e-5,3.175879709822e-11,-0.2451163121145691,67.95943685083192
25.7,47.28,4.48,1.02,1.56,4.39433313084729e-5,4.57136339453111e-11,0.2406688406115302,68.29485457875501,2.44167516432583e-5,2.41342704659439e-11,-0.2495763094650309,68.66364960238461
34.12,59.52,7.17,0.82,1.88,5.94732427898571e-5,6.8957892651963e-11,0.2172515664240702,55.0306432412746,3.90285382476128e-5,3.46896187721582e-11,-0.2443682473256285,68.49845756963983
24.95,52.12,7.87,0.27,1.85,8.12414213779016e-5,1.06041336950684e-10,0.2011799726075806,60.66494561166991,5.17777710903844e-5,5.73360816525097e-11,-0.2290139175118451,55.5189671118633
21.63,28.14,7.8,1.19,1.74,2.94761570844951e-5,2.12867880645825e-10,0.197520825385835,71.5020174173985,1.95654839170468e-5,4.96440039132736e-11,-0.2162807569830794,73.5458417755188
19.85,58.79,4.49,0.7,1.53,5.47196022710173e-5,8.41148468075678e-11,0.2117110505247602,58.2046048205449,3.45832057350126e-5,4.55229735652698e-11,-0.2423872135142235,68.4596435042392
17.97,47.61,5.54,0.96,1.69,5.04544538479387e-5,2.32393087847125e-10,0.2078466756192047,86.47564558755849,2.99011493912184e-5,1.32526889947297e-10,-0.2090545746918954,68.7516537157254
31.87,74.6,7.82,0.69,1.71,8.05089628739523e-5,1.09863588653144e-10,0.1991676686141198,60.842703710307504,5.1985885807103e-5,1.61391437496479e-11,-0.2192520785313923,65.90861170468901
33.99,62.38,5.7,0.77,2.1,5.86750204707693e-5,5.19397408123024e-11,0.2293722225155743,58.24891598366358,3.85045254157269e-5,2.57053826314718e-11,-0.2466042340601486,68.11094122268082
27.27,53.19,6.56,1.05,1.78,4.6751221986847e-5,1.01269483434907e-10,0.2074349578012332,61.91234480626429,3.04696425856076e-5,5.44114497251269e-11,-0.2394267916470966,65.20756013189191
24.55,20.32,6.24,0.64,1.8,2.62809614993622e-5,2.87489281971832e-11,0.2462972750587161,68.96985267001068,1.66515295178744e-5,1.54500076771571e-11,-0.2585744643264096,69.53910327151982
19.35,56.96,5.57,1.18,1.8,4.87339297601293e-5,3.14455641539159e-10,0.1848086382732452,69.725576254431,3.292599743648e-5,1.81337722582653e-10,-0.200294142372038,70.2161178148378
25.98,48.49,6.19,0.34,1.86,6.7090642702135e-5,6.01315392733597e-11,0.2313787999688527,61.84771772823069,3.64116012234131e-5,3.06911857241405e-11,-0.2392094578048687,52.708262642366414
29.66,67.39,7.06,0.61,1.66,7.36678253204123e-5,8.96798608995536e-11,0.2051467599063098,58.17371616740419,4.64882018902817e-5,4.54641206161375e-11,-0.241867131663993,68.2666485421157
15.44,48.31,5.71,0.98,1.86,5.01524995547491e-5,6.18289387908984e-10,0.177086133991913,70.9772216222504,3.31972147515981e-5,3.76837665924623e-10,-0.1884545815396543,72.54451051398571
34.53,50.66,6.15,0.42,1.95,6.44242341868959e-5,4.11275535430624e-11,0.2405399645396804,67.977768205321,4.05980119696147e-5,2.00466463357198e-11,-0.2496035525704796,67.6356296155366
15.15,26.51,4.46,0.68,2.13,-999.0,-999.0,-999.0,-999.0,-999.0,-999.0,-999.0,-999.0
31.96,19.2,7.06,0.92,1.9,2.10388166284499e-5,2.10348320882984e-11,0.2504129909400082,69.13546318747149,1.34977124385948e-5,1.04852838964548e-11,-0.2668941550717533,69.47793297276219
26.15,64.13,7.84,0.72,1.6,6.98946110628339e-5,1.62411289420508e-10,0.2088196608834224,81.9222324451461,4.45869100991544e-5,8.87958889026293e-11,-0.2133867277519124,62.45313561351409
19.16,57.01,6.23,0.52,2.2,6.26496043913818e-5,2.20096841800748e-10,0.1879267744965538,67.23449544721099,3.8916014779978e-5,1.22033094697777e-10,-0.2059049183353054,65.94667217027528
27.92,63.03,6.62,0.3,2.09,7.51977660572468e-5,7.8043059664386e-11,0.2089389080080025,55.83578495773758,4.60447186396964e-5,4.00946142110001e-11,-0.2424340606446189,68.1621864493884
17.66,55.86,6.2,0.45,1.79,7.82701889078065e-5,2.05245888535097e-10,0.1886624135869958,66.61070693237738,4.21204030738155e-5,1.16587184455931e-10,-0.2064169968479043,65.14935680196149
15.7,62.97,4.62,0.39,2.14,7.16771653750878e-5,1.67509544323887e-10,0.1922599378369192,65.0790223525686,4.40112141388427e-5,9.46185068319034e-11,-0.2121967086943806,62.55108845708829
19.53,24.28,4.47,0.38,1.8,2.49541160761818e-5,2.65436696273781e-11,0.2462700385702644,68.35674237606717,1.57519323789377e-5,1.42658246234907e-11,-0.2573866527561183,62.14860764089528
23.19,58.73,6.84,0.43,1.94,7.49259970077748e-5,1.25686500605509e-10,0.1972262890652754,62.52328559687989,4.7084828919257e-5,6.77478706160371e-11,-0.222638395151138,57.961356737065515
30.69,71.75,4.75,0.21,1.57,8.60121951576817e-5,4.58095340713266e-11,0.2310977741364258,59.5218118455928,5.11898040259428e-5,2.23246055416013e-11,-0.2454405704928784,66.9433655276408
29.97,29.49,4.41,0.97,1.92,2.51044458614592e-5,2.07627965559385e-11,0.2488748204413436,68.1936123840507,1.56065033167796e-5,1.0348872315823e-11,-0.2641389762096161,67.75706404163623
25.77,35.76,4.3,0.71,2.02,3.75978958308076e-5,2.9842602987897e-11,0.2442907470556556,68.21726557374599,1.90889969030369e-5,1.54044994768686e-11,-0.25437355458707,67.76175938669759
32.1,65.82,6.34,1.01,2.05,5.58665358249598e-5,7.8588390480404e-11,0.2128989517560594,57.33251263867381,3.65391899928981e-5,3.92795263206021e-11,-0.2435697382276956,68.5776469869232
16.5,26.06,7.12,0.66,1.91,3.48539068707178e-5,2.34538477487191e-10,0.1950632278152965,71.13119574605481,2.27655570110602e-5,1.44098882112588e-10,-0.2167312130862785,72.740517468837
26.94,66.21,6.72,1.03,1.52,5.96668112032584e-5,1.32672923645139e-10,0.1972627876950283,63.74801017035611,3.86958213628302e-5,7.15107646963743e-11,-0.2226229230014432,60.1023016570883
27.47,61.68,7.81,1.0,1.54,5.816892626764e-5,1.61508221305196e-10,0.1938936471178764,65.7291549364861,3.8321169578187e-5,8.91125281036375e-11,-0.2163831261115905,63.70571655758789
23.05,60.15,5.51,0.91,1.71,5.82548813631033e-5,1.12054059899231e-10,0.2026387544674202,62.08871873748889,3.7817177019031e-5,6.16979944106688e-11,-0.2306271018103244,57.60919979570628
25.51,48.75,5.17,0.77,2.15,4.99904251264787e-5,6.09364608996672e-11,0.2263833779104124,55.83612753508832,-999.0,-999.0,-999.0,-999.0
34.3,55.3,5.55,0.76,1.99,5.40919742666988e-5,4.25997460037209e-11,0.2404978481014163,68.06257264365942,3.48971042036638e-5,2.11232715909141e-11,-0.2496383429032297,68.00631535866661
22.57,53.94,7.77,0.76,1.98,5.93192658568785e-5,2.55753104921965e-10,0.1865526210842646,68.40349464376509,-999.0,-999.0,-999.0,-999.0
27.98,55.76,5.73,0.86,1.7,5.10910858206667e-5,6.63565014204264e-11,0.2200827484647685,54.43191894837848,3.28870099821757e-5,3.42847707766694e-11,-0.2446426028308598,68.54844276603892
19.42,59.8,5.41,0.99,2.04,-999.0,-999.0,-999.0,-999.0,3.49839999448952e-5,1.40502845863194e-10,-0.2047730869671897,68.04651531739572
33.72,66.06,6.65,0.7,2.13,6.73385866423792e-5,6.94723711768862e-11,0.2152381817838254,54.57076319797899,4.31721045101861e-5,3.42747685927733e-11,-0.24402019398668,68.29773227408792
31.25,18.83,7.55,1.13,1.93,1.92366773025596e-5,2.54450812492767e-11,0.2490723060366499,69.77113826850209,1.22738071731837e-5,1.28406862589663e-11,-0.2648624016754434,70.99178592730799
27.25,18.5,4.95,1.14,1.56,1.61122462002187e-5,1.67729301566647e-11,0.2546395171031082,69.19695164755271,1.04079507995415e-5,8.6966658385589e-12,-0.2723727830580555,69.17302580151521
27.81,50.74,4.81,0.3,1.77,5.36657082185702e-5,3.7364003123658e-11,0.2411792231312135,67.87887760001091,3.21145804243861e-5,1.87989225006465e-11,-0.2491460802306115,67.1040685863667
33.07,38.91,7.96,0.96,1.51,3.93792852116786e-5,5.59084593795203e-11,0.2341870612075155,62.9763475073431,2.61171013428396e-5,2.82466776324924e-11,-0.2488935100589524,69.2542115131727
19.57,75.98,5.22,0.4,1.83,8.08778019318938e-5,1.35301676397774e-10,0.1941525606527375,62.635577804266816,-999.0,-999.0,-999.0,-999.0
17.03,38.44,6.13,0.95,1.94,4.28149767253561e-5,3.78069009183312e-10,0.184528734542336,71.3143065125074,2.84699486829395e-5,2.27765344905689e-10,-0.1996239240078304,72.97277079306161
16.09,58.57,6.05,0.41,1.66,7.83139611975784e-5,2.50096747444966e-10,0.1850902278201202,67.39775133872298,4.97135452817836e-5,1.51409784110852e-10,-0.1993230897055304,66.76174725272519
33.89,39.66,6.0,1.17,1.62,3.35192883657455e-5,3.74017839358015e-11,0.2425741930479065,68.53589136438481,2.24276559340023e-5,1.87020966228641e-11,-0.2529318783027824,68.95258457281491
32.79,26.24,5.27,0.54,2.18,2.93990699303057e-5,1.8505908680503e-11,0.2496786693184158,67.71173176044931,1.78920139765439e-5,9.07379081125668e-12,-0.2652457618775584,66.1576715549449
22.47,30.35,7.19,0.79,2.01,3.42824089095604e-5,1.04190088848452e-10,0.2139694190627075,64.5585133912894,2.25375564700332e-5,5.63315746123e-11,-0.243459268653123,69.6709150127956
19.88,18.01,5.49,0.34,1.84,2.14044998171288e-5,2.45651354235148e-11,0.2479771430200527,68.67227669394099,1.30831511285931e-5,1.33024627531462e-11,-0.259794378964055,68.4009126972933
17.77,20.72,4.85,0.33,1.77,3.10219676475212e-5,2.97503075583636e-11,0.2448180491073159,68.6027934797456,1.39613942757431e-5,1.623406970646e-11,-0.2567751544862565,68.8118429513544
22.34,28.28,4.98,0.28,2.04,3.50283927607253e-5,3.08671074244683e-11,0.2438786912720909,68.13651942174897,2.07579702061944e-5,1.57839652411182e-11,-0.2548425337596155,67.81212671343891
22.33,72.83,4.86,1.11,1.93,6.06275336124733e-5,1.46059960595038e-10,0.195836409197916,64.48653341474319,3.93908371035261e-5,7.92295195799426e-11,-0.2201383205156588,61.299244854990995
20.1,30.89,4.21,0.21,1.5,3.27598357517873e-5,2.62213092182194e-11,0.2453754345003242,67.84626933067081,2.18904344527863e-5,1.39959449006246e-11,-0.2546331234861596,66.56113119134216
31.64,21.53,7.2,0.67,1.75,2.6607193628096e-5,2.29959346570164e-11,0.247944465921491,68.5472694399776,1.67140889381003e-5,1.13551527930897e-11,-0.2621088225930333,67.88142547883521
32.76,41.15,5.79,0.97,1.82,3.74873212273933e-5,3.78123317461207e-11,0.2421787160019336,68.38026813428903,2.42342876527279e-5,1.88448919805364e-11,-0.2521436782589403,68.6074912140959
16.64,23.25,6.94,0.31,1.95,3.65778645200264e-5,9.39770659827772e-11,0.2181352713724213,63.205506540988914,2.28541552434139e-5,5.3835373380319e-11,-0.2446967770326948,69.48607643935428
34.63,28.84,7.25,0.9,2.05,2.92228110892204e-5,3.05180332542235e-11,0.2448407853328673,68.7504272893125,1.93476890599472e-5,1.56673551223368e-11,-0.2566752122210016,69.2230478445392
33.81,57.49,5.07,0.45,1.83,6.7502114435065e-5,3.73743361073228e-11,0.241061145211215,67.86497615686748,4.05578517457946e-5,1.82656137689863e-11,-0.2502486105096978,67.24111192735802
26.68,24.66,6.82,0.56,2.16,2.80220568469837e-5,3.60502522286851e-11,0.2459945453288438,71.27834522369258,1.74089486383709e-5,1.87832799282379e-11,-0.2544899300251313,69.40211040452802
24.86,31.3,6.44,0.9,1.75,3.43018471642266e-5,6.0559387848042e-11,0.2348425662063308,63.790138578298794,2.25613879208804e-5,3.35411870028497e-11,-0.2483575211325523,69.70758033264978
28.57,29.22,6.36,0.56,2.01,3.29708378871143e-5,3.36864252868714e-11,0.2433537751415225,68.43254176159012,2.00939895654429e-5,1.74577052123041e-11,-0.2543077614391241,68.7802529669983
25.67,70.68,5.85,0.99,1.71,6.77375223519082e-5,1.23906461719245e-10,0.1984119203838547,62.83091177272929,4.1349188760233e-5,6.67828146755065e-11,-0.224525950626389,58.53779165084119
31.45,52.01,7.32,0.87,1.67,5.14139636998908e-5,7.25472245182138e-11,0.2173533530809336,56.4119305211008,3.39165282080353e-5,3.64921993502792e-11,-0.2444736949056973,68.71108973830358
18.16,21.38,4.69,0.21,1.74,2.32063029012104e-5,2.50374156490284e-11,0.2555899795678784,66.35253170080426,1.45782866484211e-5,1.340481320719e-11,-0.2583557675899301,67.7111965431098
18.16,22.31,4.35,0.75,1.83,2.00814947834822e-5,3.4837105566746e-11,0.2524748630964597,77.89744797897441,1.27203475904835e-5,1.93548413049949e-11,-0.2563072436510502,70.13549641813228
20.25,46.76,7.49,0.92,1.61,4.97846035976638e-5,3.83625429437834e-10,0.1823454890389192,70.3987816494699,3.29864768191902e-5,2.23684601465534e-10,-0.1963497669549415,71.3725142464905
27.39,27.44,6.71,0.5,2.04,3.16973964764893e-5,3.52681497650288e-11,0.2431152678654836,68.51124670034369,1.96453820590857e-5,1.83559884770994e-11,-0.2537966371449759,68.91125790667121
25.01,56.17,5.45,1.0,2.18,5.12837606966925e-5,9.76849683768786e-11,0.2084039783420009,61.202519496684985,3.44132216494885e-5,5.34377192167101e-11,-0.2404032932497425,66.03358686759451
20.79,16.33,7.39,0.22,1.9,2.52405519657791e-5,3.16535369854382e-11,0.2451092552229991,68.8058572765965,-999.0,-999.0,-999.0,-999.0
23.23,37.22,4.18,1.15,1.67,3.16808833031058e-5,4.26750921092506e-11,0.2420887201849907,68.6755885778578,2.02985720157428e-5,2.3062745999482e-11,-0.2519400081190554,69.37619640748072
33.48,28.48,7.59,0.68,2.01,-999.0,-999.0,-999.0,-999.0,2.13854805749541e-5,1.61778987670003e-11,-0.2627812973409229,57.23013295029011
19.93,65.57,4.3,0.61,1.9,5.9842861946733e-5,8.90625689942774e-11,0.2087150420390549,58.69759841062439,3.73609802547252e-5,4.8734163584115e-11,-0.2408237196566166,67.4407421796799
34.49,77.31,6.57,0.93,1.59,7.12922130986299e-5,7.83935833844808e-11,0.20975183771513,56.4295257092447,4.75426347136764e-5,3.92812070777691e-11,-0.2417821437776783,68.28389843164098
16.13,36.6,6.47,0.89,1.84,4.23317520116948e-5,4.84468708411462e-10,0.1813008600034922,71.64356046581969,2.78041741846028e-5,2.98329399551313e-10,-0.1944631449828403,73.69783850215602
26.67,69.04,4.05,0.52,2.08,5.99362764727545e-5,4.88863370556265e-11,0.2317373171570998,60.28389806077211,3.56998355143585e-5,2.49577228811862e-11,-0.2472263101337035,67.78874833039339
27.72,59.6,7.88,0.93,2.2,5.53463250330367e-5,1.68528062811295e-10,0.193759448642705,66.28595463427888,3.63464219280963e-5,9.3209702971407e-11,-0.2161715706914262,64.650057324115
26.36,78.82,7.07,1.07,2.05,6.80005803520724e-5,2.42317301794594e-10,0.2013739048928728,83.4998430026614,4.44476686978069e-5,1.33232353352189e-10,-0.202799674516605,66.6425300877583
25.17,29.0,7.47,1.16,1.68,2.95211640639652e-5,9.03709035437593e-11,0.2216876033009211,64.36528860422871,2.02148563547069e-5,5.26230767549397e-11,-0.2397409192420333,70.9024353218031
34.2,17.98,4.24,0.67,1.51,2.05586320221066e-5,8.81307899208741e-12,0.2649885215166498,65.38283539460151,1.21721227231768e-5,4.28708828954092e-12,-0.2907040436840042,60.632874332384205
16.78,77.78,6.09,0.2,1.85,8.48772621743303e-5,2.45533137180257e-10,0.1827372302390043,66.3781756220956,-999.0,-999.0,-999.0,-999.0
16.07,40.42,6.45,1.15,1.63,4.18060506932069e-5,8.17698673254428e-10,0.1753645051725338,71.714330950936,2.82957463902043e-5,5.22295151411136e-10,-0.1855690011384441,73.7601826952819
29.94,52.8,7.68,1.0,1.85,4.88640468725594e-5,1.01843320590827e-10,0.2072320827253126,61.79071124257621,3.21508572856847e-5,5.20611752727242e-11,-0.242287942348452,68.83739727237759
29.35,46.64,7.34,0.27,1.69,-999.0,-999.0,-999.0,-999.0,-999.0,-999.0,-999.0,-999.0
25.08,48.88,7.16,1.07,1.56,4.82969776072759e-5,1.46658462331089e-10,0.1988392831954041,66.01530981446288,3.3407244557188e-5,8.50673062560865e-11,-0.2229209133403459,64.74815963087869
25.13,40.36,6.95,0.53,1.78,5.30078352212412e-5,7.29559018890344e-11,0.2184744837949822,56.838370358155785,3.46336308270768e-5,3.93552024624982e-11,-0.2451035592657974,68.7499928163286
28.39,36.84,6.16,0.62,1.81,3.95190788751133e-5,4.21151679084443e-11,0.2411744142324121,68.28706730516399,2.44441654387805e-5,2.15605878131023e-11,-0.249951226578452,68.53683252011142
18.46,72.77,4.75,0.29,1.82,7.59255880882011e-5,1.07600048918912e-10,0.1997741382379212,60.19265207504501,4.67984550256272e-5,5.81392796902306e-11,-0.2249402733281511,53.745202120788704
28.53,45.14,6.38,0.43,1.93,5.19878084353625e-5,5.1678682558614e-11,0.231547993030047,75.27583741391538,3.23335903504729e-5,2.63140281601869e-11,-0.2475727447277179,68.2688042871658
18.47,26.83,4.24,0.44,1.84,2.2182020627442e-5,2.76600149073127e-11,0.2453377212692316,68.3591793500746,1.59674353972175e-5,1.79311650861696e-11,-0.2545684794175052,68.68780146263312
21.87,52.41,7.83,0.74,2.11,5.98186465350089e-5,3.23490551382735e-10,0.1830071412644292,69.28579479696681,3.88961647846215e-5,1.91251486186088e-10,-0.1978247083404528,69.82513044201649
34.84,73.18,7.38,0.79,2.12,7.10269865042931e-5,8.72244353501859e-11,0.2066645765344257,58.3051920528275,4.21665927395763e-5,4.41269275068091e-11,-0.2422104094081438,68.37821728491822
24.16,72.91,5.19,0.9,1.91,6.85343200630115e-5,1.1375958291423e-10,0.2003803340364198,61.7112320543631,4.45020522427891e-5,6.14450383565519e-11,-0.2357537978190906,67.2147807485029
19.94,75.41,5.76,0.55,1.82,-999.0,-999.0,-999.0,-999.0,-999.0,-999.0,-999.0,-999.0
27.89,59.31,6.43,0.67,1.65,6.12160205931146e-5,7.85899121131307e-11,0.2113679740945426,56.809148960071724,3.89370099079361e-5,4.09887897029191e-11,-0.2397317238299518,68.4005764537953
18.74,23.87,6.02,1.02,2.16,2.33142551010235e-5,1.28076046496323e-10,0.2152418505340791,69.93658436059641,1.5086783904054e-5,7.3690105695774e-11,-0.2440355221339622,70.2448596986169
26.03,26.71,5.67,0.46,1.59,3.02665455488569e-5,2.65663004934491e-11,0.2535673541378977,76.32725767373671,1.82176391898262e-5,1.37286200497605e-11,-0.2556777158405402,67.10996344420323
19.91,17.02,7.73,0.75,1.98,2.22637170450805e-5,7.19759620794752e-11,0.239124964916511,68.30159999580171,1.38059210976194e-5,4.03500799698694e-11,-0.2497121789231103,71.29418144946071
19.07,64.54,4.83,0.56,1.88,6.22487223737709e-5,1.18532983296889e-10,0.2000639350072928,62.15409527811519,3.90681321725952e-5,6.58727115893477e-11,-0.2240936253435913,57.43099322148051
19.12,47.73,6.65,0.98,1.52,4.95647710029423e-5,3.31387395475424e-10,0.1976239907113479,83.293320180549,3.12168663434591e-5,1.94535077487994e-10,-0.1992881377058444,70.85131033885989
15.95,42.98,6.39,1.12,1.72,4.48920750915025e-5,8.94093418665958e-10,0.1741120655874608,71.42199255348191,3.0001148917221e-5,5.62526750616879e-10,-0.1841135799341484,73.4266340670834
27.83,58.1,5.04,0.21,2.17,6.2519673797962e-5,4.70307399564834e-11,0.2327562983839101,61.1427319077642,-999.0,-999.0,-999.0,-999.0
23.86,56.54,7.74,0.99,1.91,5.70972444474606e-5,2.75033907788687e-10,0.1858909201933265,68.9495060113382,3.8212085992212e-5,1.60711319942314e-10,-0.2024954650247789,69.3414930016488
31.33,51.93,6.64,0.3,2.05,6.57468898980216e-5,5.23778318169247e-11,0.2273555281212123,56.359200172159895,4.06907021466211e-5,2.58685828808054e-11,-0.2470924808044543,67.96114214109211
23.25,67.1,5.8,0.47,2.03,7.79421816610371e-5,1.08368016766923e-10,0.2001187252886609,60.614838462108494,4.9231414497478e-5,5.77529929535139e-11,-0.2277918020915008,54.5571818685697
32.41,54.93,7.02,0.25,1.53,7.92100131709533e-5,5.30646274770271e-11,0.2248542674139275,54.04074323903241,4.95789285630082e-5,2.61391924437374e-11,-0.2455204103334482,67.70225916726922
22.36,64.94,7.86,0.91,1.87,6.76128942108337e-5,3.99692190475159e-10,0.1797885129726275,69.41642991148689,4.47733978731058e-5,2.3260420050218e-10,-0.1929130463242711,69.94869986535068
31.42,39.0,7.21,0.5,2.07,4.6504229171237e-5,4.66423917805979e-11,0.2398693825355468,67.7988751375755,2.92639205163217e-5,2.34646484614992e-11,-0.2495478116226744,68.5400024124628
19.31,36.14,5.32,0.7,2.16,3.67381239775778e-5,9.78456235374766e-11,0.2142683642267835,62.9781941104805,2.27071725975156e-5,5.46829254605064e-11,-0.2439253827279902,69.18156795246207
28.0,77.45,6.09,0.93,1.87,6.7763297555685e-5,1.15117956474574e-10,0.199039001645777,61.70396628007391,4.39518953794258e-5,5.98566453264511e-11,-0.2313809517338887,75.10203014756512
22.21,65.64,4.94,1.07,2.04,5.53722167422979e-5,1.37164266574435e-10,0.198215662650547,64.2531170949669,3.606663577731e-5,7.40407995586108e-11,-0.2243260667831014,60.876639563336916
27.85,77.86,7.13,0.42,1.82,8.60188286980689e-5,1.02491473913459e-10,0.2187941989534829,68.0988973425041,-999.0,-999.0,-999.0,-999.0
16.2,44.26,6.44,0.36,1.91,6.21776009015261e-5,2.33177091810027e-10,0.1994778492306949,69.16686569907921,-999.0,-999.0,-999.0,-999.0
25.6,76.71,4.27,0.65,1.58,8.4167869361166e-5,6.10284052864615e-11,0.2192114146757336,51.17691982306849,4.18996422519518e-5,3.14301047472824e-11,-0.2441468163501836,67.9456359197777
15.03,68.7,6.86,0.49,1.62,-999.0,-999.0,-999.0,-999.0,5.88329087091074e-5,5.31362782731818e-10,-0.1776228678653579,70.32291997845648
21.54,79.56,5.5,0.74,2.02,8.03288965759395e-5,1.89604639565524e-10,0.2057655511022498,83.38969123868412,5.13526448303936e-5,1.02295902847835e-10,-0.2076623401914462,62.4513842069323
32.23,74.53,6.81,0.88,1.62,7.1140819113472e-5,8.99341325658287e-11,0.2055994750009162,58.52650919644597,4.61173558216228e-5,4.52463630233182e-11,-0.2387895354407087,68.36771712983358
23.89,50.1,4.24,0.5,2.02,5.43863884979949e-5,4.39559877099237e-11,0.2404978529990696,68.1065459048294,3.271137713842e-5,2.22159940564652e-11,-0.2490926192683581,67.8601058793003
26.89,29.96,7.29,0.59,1.71,3.51707559960391e-5,4.83622371136165e-11,0.2406537184221419,68.4764466571603,2.17825037023753e-5,2.54257772935658e-11,-0.2500019118882122,69.22709822978068
18.52,28.08,5.01,1.18,1.57,2.43786785796505e-5,9.55022289224296e-11,0.2239360912018172,66.0440181538261,1.59465511760363e-5,5.57006457384852e-11,-0.2456794963285306,70.24342971448469
23.06,59.86,6.93,1.16,2.09,5.36303209385777e-5,3.20043298692773e-10,0.1840897414898963,69.5854663422663,3.61749709567461e-5,1.82733202980597e-10,-0.2001987099340153,70.17554940312101
27.35,75.72,6.98,0.49,1.91,8.45363000539658e-5,1.18459266153824e-10,0.196328598101011,61.35356874079209,-999.0,-999.0,-999.0,-999.0
26.73,57.13,4.26,1.05,2.2,4.26209680735422e-5,5.4013649239547e-11,0.232672895378281,61.43025080847231,2.67514736118565e-5,2.82014177830438e-11,-0.2478047128108541,68.6642150941513
23.56,36.29,4.47,1.13,2.12,3.1084994476748e-5,5.02876082322302e-11,0.2411048207847073,68.75220211787669,-999.0,-999.0,-999.0,-999.0
29.47,31.94,7.26,0.47,1.74,4.0574181901758e-5,4.12688447232885e-11,0.2412882032256599,68.28170539104428,2.49083855463341e-5,2.05496918051913e-11,-0.2513527618276173,68.5908712474716
15.59,59.09,5.11,0.8,2.05,6.06122158885452e-5,3.73172712067841e-10,0.181485338920444,69.5297532943431,3.91460805338585e-5,2.32128095689808e-10,-0.1939232879154836,70.1986307668437
34.82,42.55,6.1,0.99,2.11,3.74142513189547e-5,3.86022191199759e-11,0.2419840791129601,68.3880745747806,2.20094861582193e-5,1.928244727586e-11,-0.2519594730432382,68.7879847642719
20.43,39.12,5.94,0.31,2.1,4.73776411003679e-5,8.07795578292158e-11,0.2154975221908064,58.38549142319,2.97174339552573e-5,4.24110029315924e-11,-0.2434619385224019,68.71267954730298
23.96,35.72,7.37,0.83,2.05,3.99209001195419e-5,1.16339788255903e-10,0.2082311413757687,65.07554286284689,2.61040229454332e-5,6.5251583086015e-11,-0.2416479913931458,69.065725817796
31.91,77.39,4.92,0.46,1.82,8.3974093610801e-5,5.29830226507942e-11,0.2241333901908803,53.3493207229237,5.06254709887663e-5,2.59603943295497e-11,-0.2453562893172117,67.58304378354471
15.79,16.19,4.36,0.97,1.57,1.77251915864207e-5,3.78529397108398e-11,0.2468775733855691,70.4136709803784,1.08966104181741e-5,2.39895690949038e-11,-0.2577808930247214,72.28614301505279
31.96,59.63,6.85,0.77,1.65,6.09392276356182e-5,6.97012467046931e-11,0.2162077578365066,54.89090627176549,3.91211493659893e-5,3.49156107192311e-11,-0.2451842600128975,68.4153052404522
31.96,17.36,5.84,0.6,1.81,2.19803338791411e-5,1.32545785649036e-11,0.2559542744331384,67.3373800306312,1.30278113842912e-5,6.48316950187588e-12,-0.2769711876588892,64.98516253518277
23.1,23.39,7.65,1.1,1.75,2.51957285171138e-5,9.48401134064648e-11,0.223977054937642,66.288922814541,-999.0,-999.0,-999.0,-999.0
28.66,27.09,4.72,0.64,2.01,2.63275011236133e-5,2.05755929101271e-11,0.2485995344591899,67.9827331044112,1.59150640364154e-5,1.04159041978839e-11,-0.2630042243574697,67.35543198387087
34.6,36.33,5.88,1.07,1.64,3.26059659080448e-5,3.034938682303e-11,0.2443338815184626,68.47154549556491,2.15722040411743e-5,1.55573174427869e-11,-0.2555481642764959,68.61152882175611
34.66,49.03,4.1,0.87,1.6,4.40071184792812e-5,2.51076401136649e-11,0.2440671388572522,67.5840305725012,2.85137754556691e-5,1.241745614172e-11,-0.2567796302236118,66.67931356558867
34.66,35.33,5.17,0.62,2.06,3.78040999752721e-5,2.32471032721066e-11,0.2462903586992878,67.8329255329285,2.42614349848219e-5,1.15817375786055e-11,-0.2583211966592621,66.39352141933183
30.14,70.99,7.02,0.98,2.19,6.17184296018994e-5,1.23256454741251e-10,0.1989968842305279,62.87497245027859,4.02914047963829e-5,6.25355283914833e-11,-0.2322790023891374,61.427701781064606
32.93,57.64,6.73,1.05,1.81,5.05001338993104e-5,6.95922145799199e-11,0.219032062690006,55.8084528387377,3.32635567008027e-5,3.49977792776341e-11,-0.2457913625346902,68.7048745286842
28.53,69.24,6.49,0.67,2.17,6.8613400512089e-5,1.00019631555809e-10,0.2026851171805377,60.00779546545018,4.3005954972544e-5,5.19049579341018e-11,-0.2333341923383488,59.34400093402448
21.67,60.4,7.32,0.52,1.67,7.65664530836405e-5,2.06315310112901e-10,0.1871124486878324,66.33372485493868,4.84406834461477e-5,1.13687808967614e-10,-0.2058855465599194,64.14787120238039
28.02,66.32,6.23,1.03,1.91,5.60568269519558e-5,1.07883651049579e-10,0.2029346135768622,61.7271477036653,3.65650723690243e-5,5.66725087205458e-11,-0.2331725197436754,59.4370026717507
16.03,69.47,6.81,0.24,2.12,9.91332214522742e-5,4.69537060709609e-10,0.1763594741671468,68.8702424278475,6.22108178305831e-5,2.74676080832665e-10,-0.1871110808792796,68.94301144365991
22.36,21.39,6.93,0.61,1.94,2.73602246121467e-5,4.83093362788477e-11,0.2419423606986596,69.0311524869196,1.73137675953197e-5,2.44306652646373e-11,-0.252668389497562,70.07233992784958
22.36,20.69,5.31,1.04,1.87,-999.0,-999.0,-999.0,-999.0,1.18392956096832e-5,1.84333704566791e-11,-0.2584368753533443,70.90670317705892
30.49,44.41,4.46,1.09,2.1,3.44254947862757e-5,3.38670129226407e-11,0.2430807999308457,68.31292608150649,2.19630448796295e-5,8.67473994757557e-12,-0.2531423062447428,58.52068223955412
16.05,48.7,7.07,0.93,1.71,9.89955777663591e-6,1.1299071695362e-9,0.1712171676853881,70.71402306933092,-999.0,-999.0,-999.0,-999.0
30.51,62.09,5.43,1.16,1.65,4.96281926658246e-5,6.32201557467696e-11,0.2226960891258572,53.57780024689879,3.23859399996187e-5,3.23159783468393e-11,-0.2463421903416833,68.6129253678521
33.51,72.52,7.92,1.08,1.56,6.50431145038639e-5,1.16379340166024e-10,0.2000745562212655,62.350523537197,4.29222486922437e-5,5.93512898800392e-11,-0.2300702412448239,56.8280872986279
19.1,44.73,6.17,0.92,1.56,4.51508506160454e-5,2.16066337712838e-10,0.1918306076510901,68.6749236994861,2.89845715762652e-5,1.24181340766526e-10,-0.2109715336740749,68.48343353491171
26.85,28.81,6.7,0.63,1.79,3.20539259769031e-5,4.07810615646359e-11,0.2290730271279438,51.74985696261081,1.97857271775874e-5,2.14981369402822e-11,-0.2520868501147919,69.21551336315362
16.46,59.94,6.84,0.57,1.85,7.71841111808808e-5,5.80298502930073e-10,0.1755740457687094,69.80157587531431,5.02513949085122e-5,3.46355833049919e-10,-0.1854753239982929,70.563452310251
26.79,48.36,7.8,0.97,2.17,4.62223649172468e-5,1.57505878158869e-10,0.1974323399725144,66.77210636066458,3.01371121884108e-5,4.61831799667746e-11,-0.2231802476463627,70.0496719067776
29.28,38.04,5.17,0.73,1.97,3.65927198000229e-5,3.43162071644368e-11,0.2427252639406524,68.23230908673631,2.27161364046433e-5,1.70070512510742e-11,-0.2536813576534716,68.27302358136141
33.68,31.79,7.56,0.2,1.86,5.19661144764272e-5,3.17111445097508e-11,0.2428267841331919,67.94905378342509,3.09308777406981e-5,1.55390079889481e-11,-0.2536097035439287,67.4744082693566
21.47,54.77,5.04,0.42,1.55,6.56930725714683e-5,6.92372090316068e-11,0.2153930767497477,54.0250462668731,3.91234866943316e-5,3.61042809569474e-11,-0.244616512638048,68.22530747588631
16.36,57.02,5.01,0.95,1.53,5.88352032514001e-5,2.76659937061027e-10,0.1858012367009274,68.76862706800812,3.84921050444607e-5,1.61981871210758e-10,-0.2014551836058009,68.691696356708
34.94,15.21,4.41,0.46,1.63,2.11583839544828e-5,7.30016711230968e-12,0.2698643544307031,62.975600207280216,8.96676269578684e-6,3.53277906057277e-12,-0.3000399248784419,57.738027688791576
17.11,31.4,7.9,1.16,1.88,3.53883298717308e-5,1.07074973544543e-9,0.17400438939677,72.41513010027168,2.41069349014635e-5,7.26706504459318e-10,-0.1834916567835478,74.98525010274692
19.42,33.6,5.47,0.95,1.64,3.20082095486281e-5,1.04461380484151e-10,0.2147829743602026,64.81238560112071,2.09387756327143e-5,3.11259834335296e-11,-0.2339925756762232,65.9482775976018
29.94,76.53,6.23,0.93,1.85,6.83243142208404e-5,9.81195135356639e-11,0.2034011777821632,59.68743038883292,-999.0,-999.0,-999.0,-999.0
19.57,34.5,5.93,0.72,1.83,3.63944175187646e-5,1.10196838381078e-10,0.2096460744595543,68.84513975167269,2.38323474629782e-5,6.06486338013139e-11,-0.2421716395302636,69.2141740992061
27.43,74.74,7.79,0.46,2.07,8.62559446743935e-5,1.48334499497823e-10,0.191692286061033,63.612522156666714,-999.0,-999.0,-999.0,-999.0
31.9,64.87,5.77,0.65,1.94,6.64301700058571e-5,5.78441931867303e-11,0.2226329574587712,52.1691210310041,4.18629747139886e-5,2.86668672922705e-11,-0.2462963218113192,68.11555642509009
31.9,21.24,4.11,0.38,1.74,2.49810581109029e-5,1.07264950489267e-11,0.2584831230877411,65.39519876895896,1.41174278938711e-5,5.19226567711865e-12,-0.2810324435252986,60.5135492525464
26.12,76.27,5.95,0.39,1.79,8.64874642242469e-5,9.04703389488897e-11,0.2214435619334604,77.57235556555992,5.2947923490973e-5,4.76433099075603e-11,-0.2326302866904357,58.44050497225051
25.77,54.1,5.04,0.81,2.05,5.40368424485372e-5,6.32524220352239e-11,0.223218302915653,53.6363495306571,3.02459139275569e-5,3.33158912815405e-11,-0.2460649563282543,68.59371716582969
18.93,26.01,5.19,1.18,1.75,-999.0,-999.0,-999.0,-999.0,1.51895435189688e-5,5.22178729215612e-11,-0.2466398925485135,70.58353473521962
18.85,16.3,5.67,0.48,1.56,1.91505161385526e-5,2.60948296321874e-11,0.2482971815837131,69.19297548634951,1.21789771843864e-5,1.36141365069508e-11,-0.2595104353101662,67.9352050231265
19.45,47.79,7.77,0.71,1.82,5.73012180087218e-5,4.37023976612006e-10,0.1800471681443025,70.2655526056495,3.56646995054729e-5,2.46341817861857e-10,-0.1935890329544252,71.19351834242529
27.21,42.23,4.16,0.35,2.02,3.99347941318534e-5,2.78259739388705e-11,0.2438890824608893,67.6822551430597,2.40566119725715e-5,1.40013164291732e-11,-0.2545680024120664,66.76029910691331
18.88,26.39,6.25,0.26,1.92,3.29347554186032e-5,5.88517117231601e-11,0.2356592192938114,64.4288251137499,2.14143756527441e-5,3.07614444765906e-11,-0.2481204037007288,69.1015128773079
18.88,49.67,4.9,1.17,2.12,4.11292894219982e-5,2.15245049778907e-10,0.1929804339276007,69.0777551194787,2.63849395787241e-5,1.24857665775754e-10,-0.2134813740405027,68.9427986357724
30.83,48.59,4.18,0.48,1.79,4.97753264927996e-5,2.79919836014345e-11,0.2467156693465356,70.79109396574171,2.90542116927292e-5,1.3746033471062e-11,-0.2539050712568605,66.33692213827771
21.77,23.99,7.45,0.28,1.57,3.80967070654222e-5,4.72345991221612e-11,0.2407069508542381,68.4008311874041,2.32709665147583e-5,2.50498519892136e-11,-0.2498218444013444,68.91682630403199
24.68,56.66,7.99,0.89,1.56,6.21249210715158e-5,2.14781629098736e-10,0.1889679059913079,67.54344441328278,4.18703694874283e-5,1.22388190102061e-10,-0.2077687921231756,66.9070932098913
22.93,58.17,4.54,0.32,2.12,6.49503644556587e-5,5.60467230858151e-11,0.2249018017923026,54.197887258234296,3.93076959536489e-5,2.91769830065243e-11,-0.2461160088016974,68.00400336315529
22.4,44.1,6.63,0.97,2.15,4.28552470043778e-5,1.7466459128696e-10,0.1967028794508187,67.71132948546781,2.81767295654244e-5,9.69091230949917e-11,-0.2223581341474993,66.54948780723
22.4,79.81,7.14,0.6,2.16,8.98450920136922e-5,2.88773701167226e-10,0.1816734228555018,67.56279410136482,5.82608086110709e-5,1.5838287287392e-10,-0.1967267616884114,66.2979085848645
15.21,41.63,7.92,0.93,1.53,4.98637813134651e-5,1.97120458560913e-9,0.1507868315493318,77.57481954396583,3.35879462112887e-5,1.32775321337404e-9,-0.1741597652379048,80.66522628236234
20.51,54.22,7.02,0.98,2.18,5.25192481576479e-5,4.93943187728391e-10,0.1788030487377245,70.5321353791127,3.47976496615193e-5,2.67919010746488e-10,-0.1923187271006107,71.5729187934207
27.72,67.99,5.8,0.23,1.69,8.12750441033673e-5,6.41806033374337e-11,0.2152761060606003,51.826869941702185,4.95559828305183e-5,3.27377771420786e-11,-0.2445509378563404,67.91707240135992
34.48,19.77,7.07,1.08,1.93,2.00116039179709e-5,1.97975659935719e-11,0.2562279080638733,58.2124620904185,1.32234741030736e-5,9.87636779854097e-12,-0.2685136715423731,69.31079857443869
29.36,21.75,4.09,0.41,1.58,1.82943945153869e-5,1.18538985796243e-11,0.2559793158853061,65.6751000882565,1.36848967054764e-5,5.76139773125431e-12,-0.2770942977340698,61.59428700591249
16.61,49.46,6.73,1.05,2.06,5.19284023596987e-5,1.19422610107854e-9,0.1709403314895245,72.37569709243044,3.53033612683615e-5,7.47306550933371e-10,-0.1795951192766699,72.53642324656491
19.98,61.45,5.69,0.47,1.78,6.74562061454132e-5,1.31585087435375e-10,0.1968806330524136,63.071359183155515,4.29089115815724e-5,7.14548495307826e-11,-0.221202084628148,57.74362147186071
33.48,37.59,6.79,0.71,1.84,4.14615682772059e-5,3.81966593351771e-11,0.241881538062709,68.29054908432481,-999.0,-999.0,-999.0,-999.0
15.17,78.14,5.36,1.18,1.82,7.29575332212195e-5,1.53853180535043e-9,0.1517963198344902,70.99512549386324,4.85362026376099e-5,9.58549225823967e-10,-0.1747752329615965,70.73475982346119
22.64,63.33,5.14,0.93,2.18,5.67240851814666e-5,1.24895420265311e-10,0.2001653339995287,63.303190044416205,-999.0,-999.0,-999.0,-999.0
33.06,68.12,4.87,0.67,1.9,6.67896247703356e-5,4.60667647760952e-11,0.2195590951351443,57.53921956755728,4.15856010460338e-5,2.27636040892954e-11,-0.2381109538366385,60.991924805005205
19.54,70.77,7.95,0.66,1.92,8.19840883024925e-5,7.37229399389354e-10,0.1730292468019784,69.7793456520668,5.27535976242454e-5,4.20505562153165e-10,-0.1825651449788685,70.5044762252502
34.17,29.5,7.88,0.23,2.15,4.59998894850899e-5,3.08160930571934e-11,0.2433428003277539,68.05460794253432,2.88993234316177e-5,7.800370469659e-12,-0.2585107560194828,68.32492705461202
22.89,76.3,5.82,0.45,2.1,8.91383776185224e-5,1.30661449033817e-10,0.1944601834698153,62.2612349916167,5.57425099924388e-5,6.93619213014928e-11,-0.2198340410982174,56.41305361238438
26.67,64.7,5.46,0.39,1.57,7.0436832513315e-5,6.25017960124682e-11,0.2178336796811639,51.69608151848351,4.31016625013869e-5,3.19884709437915e-11,-0.2449828141081903,67.9959822482006
21.87,66.44,4.69,0.95,1.77,5.94307693670031e-5,1.1182025296258e-10,0.2017097835852684,61.74739564034809,3.80818761584573e-5,6.02821796999757e-11,-0.2300267991614933,56.661023748429685
26.13,39.72,5.92,0.76,1.79,3.94265541029166e-5,5.51015880195297e-11,0.2372036204122292,64.8903379830169,2.53836551599809e-5,2.91832467368037e-11,-0.2480651253331153,68.96642087916732
34.84,39.19,6.93,0.85,1.77,3.97341369725935e-5,3.91656403966329e-11,0.2417674183595157,68.3468566354718,2.33653211482404e-5,1.96885973298367e-11,-0.251436932669075,68.69603615064862
34.84,64.29,6.83,0.27,1.65,9.66575196943747e-5,5.49424457384724e-11,0.2219206678252799,51.36464554058198,6.60345179317261e-7,2.72726794612989e-11,-0.2420077950451448,67.403864044741
18.22,34.99,6.98,0.71,1.86,3.9888475467264e-5,2.43403176569689e-10,0.1914187887097344,70.02284073689238,2.49868741932675e-5,1.40605868151707e-10,-0.2106182529134467,70.7139845548145
18.53,76.61,6.49,0.68,2.12,8.10784187426419e-5,5.08538563486072e-10,0.1761339982903907,69.31915313908289,-999.0,-999.0,-999.0,-999.0
25.53,38.24,6.98,0.77,1.62,4.54233195845613e-5,7.63980485402315e-11,0.2193087047292213,58.58676085429087,2.56540336566741e-5,4.09090436917005e-11,-0.2454876614581809,69.1031471214539
33.31,69.55,6.51,0.96,2.09,6.03452214841789e-5,7.96917704337619e-11,0.2114103002169374,57.330771628784724,3.9743130752344e-5,3.99741214155283e-11,-0.243213775193718,68.48937010183381
28.56,60.53,6.6,0.48,1.52,6.94201115024413e-5,7.22704558887169e-11,0.2125709126437544,54.80443607450972,4.43999478503954e-5,3.65669203068125e-11,-0.2442611833244036,68.1827489977056
20.44,22.47,5.37,0.92,1.68,2.25895419770257e-5,4.80267471791933e-11,0.2427605167705725,69.4102375340942,1.445064435205e-5,2.66265996340948e-11,-0.2521429470581057,70.80539715068018
21.89,48.79,7.21,1.18,2.0,4.52627037555059e-5,3.54783425843256e-10,0.1842458733521169,70.567157568516,3.02296873178215e-5,1.12359956526927e-10,-0.2007327516589272,71.90690219052611
18.49,19.58,5.12,0.64,1.58,2.04357376469348e-5,3.48144766037372e-11,0.2454961322002115,69.3869655427965,1.27810025634422e-5,1.84728752928365e-11,-0.2567281048310228,70.01568315732531
25.62,17.83,5.11,0.6,2.06,2.32488334501464e-5,1.6412742369149e-11,0.253179428202738,68.08885009242918,1.11488269122495e-5,8.6194544863974e-12,-0.270216748010042,67.72164657475376
17.98,67.91,7.28,0.51,1.59,1.3326316763618e-6,4.49872852843865e-10,0.1837672764699726,75.6846324358363,5.25542885446634e-5,2.51780527207415e-10,-0.1884712224704185,68.9475985970448
17.03,64.07,7.51,0.26,1.54,0.00010392026796053,3.6267435274556e-10,0.1788761840512607,68.24710317215562,6.68336680865332e-5,2.071099540577e-10,-0.1928968135359683,64.8689833678826
28.72,52.29,4.03,0.6,1.58,4.88449782055812e-5,3.15858090291671e-11,0.2425974237376641,67.78008276208419,2.91963861507137e-5,5.77291542054133e-12,-0.2494807147404928,65.8053103043976
28.72,17.67,5.65,0.78,1.5,1.92568053813082e-5,1.58237217174308e-11,0.2539524339430183,68.3011343049405,1.1767696942542e-5,7.80447253576532e-12,-0.2727951690253408,67.07204078256198
26.82,30.53,6.59,0.82,1.64,3.14379801824248e-5,4.66006795840199e-11,0.2412269539061929,68.63422536144579,1.96577611172228e-5,2.45975277496818e-11,-0.2509908711750791,69.52956126899362
26.82,47.89,4.4,0.22,2.02,4.80600481515079e-5,3.34666932684524e-11,0.2321599613516961,48.42643688915038,2.82686183582742e-5,1.68060032897313e-11,-0.2513903707368155,66.97111647383092
20.26,62.27,4.55,0.98,2.11,5.16364700741831e-5,1.36554796339059e-10,0.1992701943742189,64.5181025828659,3.31420551378134e-5,7.51480092815308e-11,-0.2251573679042396,60.5236292307911
23.34,25.0,4.9,0.35,2.15,3.07258115585596e-5,2.55695312654891e-11,0.2461948122341754,68.17447225320328,1.81601451855453e-5,1.32467664591542e-11,-0.2584255516294087,67.76346178757733
23.34,62.9,6.63,0.2,1.71,9.05381944589944e-5,9.81797141971239e-11,0.2011913814682912,58.925138890804114,5.72030826609826e-5,5.08602019047481e-11,-0.2304404400667031,56.533796835843724
23.76,33.91,4.18,0.32,1.8,4.09624586635485e-5,2.54978037569768e-11,0.2450379899093016,67.64613294505628,2.39232903429553e-5,1.30928978893091e-11,-0.2562062269146991,66.63097500251128
23.76,17.07,6.11,1.05,2.07,1.82556256539539e-5,3.15095014555821e-11,0.2477098830739624,70.1630884768232,1.18517185461648e-5,1.68029148654238e-11,-0.2616474380221968,71.85524061889201
32.16,40.82,5.97,0.2,1.89,5.66593343159846e-5,3.27390400421383e-11,0.2421758598080368,67.79072339288189,-999.0,-999.0,-999.0,-999.0
21.43,24.3,7.9,0.42,1.94,3.57330915923821e-5,7.17281106448874e-11,0.2263176941282597,58.8624203140313,2.16160945292761e-5,4.24740985532538e-11,-0.2453323141831558,69.67323680182
23.94,49.72,7.88,0.39,1.59,7.0478856038258e-5,1.19351074989013e-10,0.1993596980508631,62.36031503698369,4.60424495266803e-5,6.45283576057725e-11,-0.2260250485241486,57.74055522502
23.94,77.03,7.3,0.74,2.17,8.26571462490043e-5,2.75428451663894e-10,0.1829153698463394,67.69262613541461,-999.0,-999.0,-999.0,-999.0
25.34,58.52,6.09,0.47,1.9,7.6049167254869e-5,8.09479755997881e-11,0.209687624314159,56.96719150726939,4.81698317103309e-5,4.3717932378703e-11,-0.2428205933631951,67.75997361269029
25.34,56.4,4.78,0.48,1.85,6.76806226581977e-5,5.18661446689948e-11,0.2294620196347991,58.30170513205169,4.22130520257493e-5,2.69974044776473e-11,-0.2468249766221479,67.98780744120769
31.38,42.51,5.4,1.02,1.89,-999.0,-999.0,-999.0,-999.0,2.34938402007651e-5,1.96252990085269e-11,-0.2524498602612333,68.76206107239108
24.84,41.25,6.95,0.54,2.2,5.04986063596784e-5,8.68167905842668e-11,0.2129799450243118,59.897204874801105,3.33311446884746e-5,4.77924045413013e-11,-0.2439734550255419,68.82890993900412
24.84,36.55,6.47,0.44,1.96,4.87097427081714e-5,5.60618533830442e-11,0.2311009917992183,60.05614108407331,3.09090493136755e-5,3.03656171553233e-11,-0.2473070420852107,68.73594780792261
23.68,39.8,4.81,0.41,1.62,4.84947056861686e-5,3.7804998102253e-11,0.2415967984061455,68.0586176171696,2.93207693289269e-5,1.9387722052858e-11,-0.250803284382474,67.73644134700832
24.49,15.89,5.05,0.64,1.52,2.0928244991435e-5,1.42324210268868e-11,0.2559153634911041,67.9096689644203,1.23089299372599e-5,7.68959013528079e-12,-0.2734704595307792,67.0481881461109
22.2,25.7,7.98,0.24,2.15,3.91371511554062e-5,6.3577851055089e-11,0.2295174926348204,58.87633862261982,2.40661871617245e-5,3.4673479100161e-11,-0.2473336530834843,69.24206095513499
18.82,74.09,7.81,0.34,1.59,0.000100117782660016,4.02530234738426e-10,0.1773927868753251,68.3964439083952,6.24159053740587e-5,2.25963767499643e-10,-0.1889872222044344,67.9996541825432
32.77,51.38,4.45,0.58,1.72,5.41632376114972e-5,2.98726963361557e-11,0.2429832238818458,67.71910907007559,3.21441387213134e-5,1.47272476536967e-11,-0.2528206827521317,66.64775039545012
23.29,78.34,7.51,0.51,2.12,9.47900704845182e-5,2.54890439028168e-10,0.1830516291861007,66.97980783925502,6.12553628918021e-5,1.40629443405696e-10,-0.1987356511514421,65.64229302442071
27.09,45.72,5.84,0.22,1.88,5.46259642345784e-5,4.54214980841082e-11,0.2365727367122815,64.63473468301198,-999.0,-999.0,-999.0,-999.0
21.12,72.83,6.02,0.78,2.1,6.82273745872973e-5,1.9494174855787e-10,0.2007819369037452,68.6522887163326,4.65168418069462e-5,1.39635949443924e-10,-0.2009954334565111,66.08793715130862
25.9,44.95,7.41,0.74,1.83,-999.0,-999.0,-999.0,-999.0,-999.0,-999.0,-999.0,-999.0
16.1,21.52,6.91,0.8,1.97,2.69959320325498e-5,2.15970479379699e-10,0.2003639331322886,72.4864973473951,1.81532853246625e-5,1.34805597857989e-10,-0.2223941842596207,75.02409086826923
28.24,58.82,7.04,0.27,2.04,7.37581587086531e-5,7.80802913067589e-11,0.2092766878695466,55.9814393582429,4.48786911999306e-5,3.98701553013367e-11,-0.2436605720148325,68.19729542855649
16.94,35.45,4.62,0.53,1.61,4.38920537399471e-5,6.72921790307524e-11,0.2271023089946703,56.73560087582349,-999.0,-999.0,-999.0,-999.0
32.75,40.57,6.48,0.55,1.77,4.76347408173953e-5,3.83212139903125e-11,0.2414847324067506,68.12319427855022,2.99727369694697e-5,1.88159821032303e-11,-0.2507150024765236,67.92244520769242
29.81,72.59,4.99,0.56,1.97,7.06039528111077e-5,5.78580798157494e-11,0.2212611457865852,50.85742638241081,4.33409972219221e-5,2.8747485192708e-11,-0.2356137256991358,66.20720136404479
19.91,33.37,5.1,0.95,1.95,3.05621102714697e-5,8.84554876994629e-11,0.2210517266952252,62.84473710731389,1.97011937435224e-5,4.9437914638618e-11,-0.2444556128280357,69.7637414331573
25.75,44.14,7.38,0.53,1.71,5.97473365452134e-5,8.48629957505863e-11,0.2114495876734604,58.90328773511719,3.23662096006931e-5,4.50978553198259e-11,-0.2438877214434723,68.64290929913238
34.08,18.83,6.48,1.14,1.85,1.83428377314403e-5,1.7065856595222e-11,0.2539063598956305,69.19986071150578,1.2188521745435e-5,8.56639816974577e-12,-0.2726370610519764,68.93517840793339
34.08,65.87,4.15,0.76,2.19,5.8670852060044e-5,3.66442153454122e-11,0.2413850769628453,67.91534805618952,3.64592365626586e-5,1.80350342806212e-11,-0.2500852241258971,67.2649027262245
32.39,49.39,4.41,0.5,1.73,5.31564565565563e-5,2.87067734630826e-11,0.2433194129415989,67.6581079347765,3.15513862895157e-5,1.38826263047249e-11,-0.2535379177375408,66.33533475926662
20.34,26.35,5.34,0.5,1.53,2.97764446523021e-5,3.92511280037339e-11,0.2427608273767328,68.6512142600263,1.87333245788518e-5,2.15633724176421e-11,-0.2514113116997967,68.98281738481948
34.91,75.12,6.22,0.48,1.96,9.01533602772093e-5,6.20912212913382e-11,0.2167073863237466,51.415799252980094,4.68164178825525e-5,3.07340528720645e-11,-0.2451843938840593,67.9747031134178
30.31,44.03,7.06,1.14,1.7,3.90827898598187e-5,7.12597583902246e-11,0.223163898160177,57.64936185907232,-999.0,-999.0,-999.0,-999.0
27.6,77.17,7.83,1.19,1.86,6.51564739879757e-5,2.71255266476196e-10,0.1843598022538299,68.26242500423268,4.3022797301182e-5,1.51897696181879e-10,-0.2008238370526694,68.01004665842991
20.74,62.73,4.67,1.09,1.68,5.228571995229e-5,1.3319637664979e-10,0.1996732838669273,64.2559212018593,3.40173934631346e-5,7.39582035818675e-11,-0.2253768480773921,60.225966018868895
18.97,66.9,5.53,0.35,1.55,7.59326720238633e-5,1.25159431566863e-10,0.196405777130065,62.036691291557474,4.81102876446838e-5,6.85190702253945e-11,-0.2188875588656673,57.02554878867919
20.05,75.8,5.99,0.26,1.93,9.24884092449188e-5,1.56360073065357e-10,0.1904008417813612,63.6734098345236,5.79417565812115e-5,8.56260631273578e-11,-0.2102529162680228,59.13965619995962
33.24,78.53,7.11,0.42,1.66,8.9111247184705e-5,7.44569922394859e-11,0.2106202442527577,53.642482702891684,6.25464370928352e-5,4.04550599952738e-11,-0.240858799825939,65.7453983089952
19.49,26.74,5.26,0.9,1.93,2.57751735261799e-5,6.88354420901064e-11,0.2352833385517903,64.5271270317854,1.63876044125327e-5,3.82907852560069e-11,-0.2475567384840492,70.3618300400759
25.29,70.48,4.19,0.86,1.66,6.72578675953869e-5,6.15445427715432e-11,0.2212893809614789,52.05053041206331,4.33055510416338e-5,3.24085903913006e-11,-0.2454695361895804,68.20245000163338
15.03,60.84,7.63,0.96,2.05,6.88071201899935e-5,5.99923379971932e-9,0.1139033277149014,72.10098052264854,4.59006639040596e-5,4.03106013679077e-9,-0.126624507663627,77.1956750440098
16.16,59.15,7.63,0.94,1.87,6.64519482879076e-5,2.37118309381848e-9,0.1388929218864197,74.36244909517083,4.54255366842115e-5,1.51327990267726e-9,-0.1637818688504988,79.95546317777395
27.56,79.44,5.63,1.04,1.97,6.45646409413255e-5,1.14275037123745e-10,0.1997716538688017,61.7724247174658,4.16915544673952e-5,5.96799769893918e-11,-0.2279315280510113,56.1744369037159
22.73,20.43,4.46,0.35,1.59,2.50530372276222e-5,1.66145538334586e-11,0.2514685722397094,67.26913747270413,1.48603462723501e-5,8.57412136743121e-12,-0.266964293880705,65.70426876291896
18.51,42.66,5.78,0.51,2.06,4.65362653167378e-5,1.33057997669914e-10,0.2011584213140778,64.7796301084432,-999.0,-999.0,-999.0,-999.0
30.11,52.92,7.84,0.83,1.83,5.35668430326624e-5,9.35976601821703e-11,0.2084682105353717,60.25334666107129,3.49330203127599e-5,4.77990067457874e-11,-0.2436052548248372,68.65673974154599
15.41,72.75,6.67,0.73,2.19,8.21126528193317e-5,1.56268810492967e-9,0.1517310528423837,71.29049571346155,5.37156019990452e-5,9.77634625824277e-10,-0.1747302060392007,70.765489098288
15.34,55.66,7.65,0.66,2.08,6.86386182699984e-5,1.84392255834214e-9,0.14795987826826,73.8237421910078,4.57340491137415e-5,1.13804488079165e-9,-0.1743118409948742,74.05702825318741
15.34,19.73,6.28,0.75,1.72,2.5261110331504e-5,1.37447760408194e-10,0.2139333807063117,70.42890205263829,1.62469786293647e-5,7.71142266893552e-11,-0.2439538433850045,70.2376420647384
32.64,55.45,6.39,0.52,2.09,6.31662937950213e-5,5.34883800135966e-11,0.2274184594884319,56.48140832268009,3.96283679267502e-5,2.63835932488514e-11,-0.2471665941816391,68.11343694961661
33.1,58.55,5.33,0.71,2.01,5.72926969791848e-5,4.52062727666371e-11,0.2375789323256029,65.57726991988899,3.61029649462851e-5,2.23927850252458e-11,-0.2479761052455447,67.89455625039909
28.39,16.7,6.45,0.25,1.61,2.32950545968197e-5,1.50849298868477e-11,0.2639787959354693,61.444999839384394,-999.0,-999.0,-999.0,-999.0
26.09,73.42,7.66,0.76,1.62,7.71875340036811e-5,1.90222204175809e-10,0.1882424014735024,65.8471478260106,4.9102136565828e-5,1.03977343284851e-10,-0.2073103788704306,63.741665301389
31.66,17.31,6.66,0.85,2.05,1.92760524131598e-5,1.71147907718219e-11,0.2533178478674753,68.8420381002409,1.1989714148023e-5,8.50210803545813e-12,-0.2722681415869414,68.9071155504442
16.07,77.0,6.16,0.87,1.83,8.33216238048777e-5,1.01270195390001e-9,0.1706714541038689,69.8488740709225,5.5341079064526e-5,6.10555448648909e-10,-0.178784237709365,70.7664654054249
28.09,73.53,7.5,1.12,1.73,6.3514027692575e-5,1.95895395762723e-10,0.1893148095280077,66.6477169033224,4.19369837485716e-5,1.05828244913099e-10,-0.2095995540111207,64.9948754909499
25.05,73.99,5.01,0.53,2.02,8.32983708194516e-5,8.01969367155834e-11,0.208546683236629,56.3050317315687,5.31581863098795e-5,4.2324287616452e-11,-0.241871386180645,66.7801536906388
17.29,65.8,5.62,0.72,1.96,7.49345804787968e-5,3.33432686553761e-10,0.1816037930984324,68.72888707894198,4.94818219511334e-5,1.95325874559765e-10,-0.1950708942135273,68.6806552263082
26.96,40.04,6.16,0.49,1.95,4.42134262449343e-5,4.92654875318418e-11,0.2365888500206426,64.8703515987642,2.69252411851305e-5,2.58477198526293e-11,-0.2484274751577202,68.550087244167
19.65,39.29,6.4,0.32,1.99,4.83244344926637e-5,1.04276226725149e-10,0.2069904591998487,61.9356425553691,2.9875882389136e-5,5.55155753059733e-11,-0.2401418831753528,67.16960973249009
33.54,70.64,5.24,0.55,1.98,7.53962201922471e-5,5.05915689191797e-11,0.2279578413874261,56.840310465579805,4.65156320176856e-5,2.49327987312767e-11,-0.2460760945096803,67.69518866110519
30.95,31.0,5.0,0.4,1.7,3.55764479227877e-5,2.10882038113238e-11,0.2470335789767754,67.42875386010319,2.12418156661963e-5,1.03193557692634e-11,-0.2607197852171788,66.0847711286556
30.29,67.45,4.7,0.99,2.11,5.3602458255311e-5,5.59608550334726e-11,0.2268278208023145,56.027747447314205,3.39977129310899e-5,2.79378098332008e-11,-0.2471308272869753,68.32541009259721
30.38,17.99,4.07,0.34,2.13,2.03635432465555e-5,9.5973039708212e-12,0.2694760964732043,59.8722449064171,1.11718004875397e-5,4.62883345047389e-12,-0.2860871752438048,60.34755645199777
23.46,52.55,4.68,0.84,1.51,5.13470396009004e-5,5.99673791231687e-11,0.2259876456093549,55.40430555949838,3.2669049052027e-5,3.22683665374223e-11,-0.246314540905356,68.52432799637742
23.46,40.21,7.4,1.1,1.86,3.95271704399167e-5,1.90148798160179e-10,0.196346419741119,68.97227419146049,2.64610928410879e-5,1.08280786654264e-10,-0.2209127862696444,68.96870096104729
21.23,39.84,6.86,0.92,2.0,4.09462873751874e-5,2.20983316324439e-10,0.1924357622872521,69.38910861141369,2.66694400499587e-5,1.1839501319142e-10,-0.2155116999703343,69.02757710888038
17.22,33.84,5.06,0.87,2.19,3.57669951166522e-5,1.46425328924962e-10,0.2050142079230057,68.00861755745571,-999.0,-999.0,-999.0,-999.0
34.86,61.21,4.83,0.2,2.08,8.47502759810333e-5,3.54830137428864e-11,0.2412033441742976,67.72539698077179,3.6680476227289e-5,1.72766202580604e-11,-0.2503446753406963,66.8277319316155
23.78,35.96,6.97,0.5,2.18,4.55729144214915e-5,8.06416309313948e-11,0.2175114967909675,59.2990685928213,2.90852248716234e-5,4.39722093641447e-11,-0.2449602030126939,69.03332216745409
33.42,29.95,5.64,0.7,2.05,3.18290310264159e-5,2.34810959559049e-11,0.2468448643736457,68.170291494794,2.00313343709701e-5,1.16017018585437e-11,-0.260201748165348,67.46981562905712
15.37,18.13,6.4,0.69,2.04,2.31940773433498e-5,1.22923136486867e-10,0.218695849824881,69.9744096860056,1.50996610145732e-5,7.43685692302028e-11,-0.2446415768316117,70.5493489536512
22.07,42.06,7.94,1.01,2.08,4.246294214163e-5,3.2152887765096e-10,0.1863570365047882,70.68137112400619,2.84305631741666e-5,1.89775908351942e-10,-0.2037667745883411,72.19260305765751
20.68,15.03,4.59,0.43,1.76,1.65825815685222e-5,1.4649846560049e-11,0.256116553799886,68.01386701104201,1.02022014903258e-5,7.96191932037943e-12,-0.2728306224532022,67.11996237819822
19.0,64.34,7.82,0.88,2.06,6.76101503719694e-5,1.12855978079512e-9,0.1703770661132644,71.09559153846477,4.42134566300068e-5,6.48132186855854e-10,-0.1791478815886549,71.43745284344182
19.0,55.39,7.83,1.01,1.67,5.73707082897173e-5,9.65025745025373e-10,0.172149226387533,70.5888688109433,3.79624770971995e-5,5.6128216837817e-10,-0.1817465404978799,72.0918061947172
17.43,63.58,5.14,0.9,2.07,6.44395191672762e-5,3.06318097201845e-10,0.1837344857728602,68.90011575267819,-999.0,-999.0,-999.0,-999.0
34.62,47.64,7.31,1.05,1.7,-999.0,-999.0,-999.0,-999.0,2.92947808731753e-5,2.9414921293542e-11,-0.2478865448317344,68.98477830197328
22.1,78.03,5.86,1.12,1.92,6.77584114608512e-5,2.75677552325629e-10,0.1840097034188137,68.0491977327263,4.49786995601309e-5,1.48748048577482e-10,-0.2011727214413084,66.9976692768151
15.45,28.03,5.43,0.7,2.15,3.20536711253415e-5,1.69134065730891e-10,0.2027944680044915,69.45670196775231,2.02742110575231e-5,1.01560013003293e-10,-0.2272503317266731,70.25049549075632
32.3,45.47,6.68,0.99,1.85,4.19885199764397e-5,5.4459485386947e-11,0.2333242400814804,62.088236964801204,2.70602908093359e-5,2.75920201754835e-11,-0.2477438840446252,68.98582711696457
33.66,58.81,5.27,1.0,1.61,5.05120338074573e-5,4.45877045801899e-11,0.239893444963099,67.7097342026391,3.31765064751846e-5,6.38918237640434e-12,-0.2466618517332268,55.983666588192094
33.66,79.54,5.31,0.8,1.96,7.3441250888177e-5,6.15850582792219e-11,0.2187014380914693,51.66285881081711,4.69613556667411e-5,3.04681889103476e-11,-0.2445257138723239,68.02911952342791
20.02,30.39,7.6,1.09,1.86,3.13466367692816e-5,3.23401157771486e-10,0.1894827650581564,72.49001471680849,2.0797962150733e-5,1.84915233616109e-10,-0.2081513380225042,74.60833672351752
21.82,70.22,7.05,0.52,1.51,8.80722022795211e-5,2.01771851438097e-10,0.1862728889542988,65.74269899991721,-999.0,-999.0,-999.0,-999.0
34.89,53.04,5.35,0.49,1.56,6.54103641584058e-5,3.45049544072322e-11,0.2416819180053301,67.8232823596224,3.26544700221741e-5,1.70936268240527e-11,-0.2512696592331737,67.24128775545229
22.02,60.32,5.54,0.22,2.07,7.42243303863539e-5,8.21279799479524e-11,0.2079568095070573,56.57808872053502,-999.0,-999.0,-999.0,-999.0
22.02,64.57,6.75,0.4,1.54,8.23119731059007e-5,1.31849438898114e-10,0.194705673770788,62.46719624309091,5.32485756208984e-5,7.09268698738698e-11,-0.2183859759964417,57.849743378995285
28.12,59.89,4.13,0.7,1.64,5.21352769286766e-5,3.95964542476051e-11,0.2409283572107187,67.9793734112668,3.18526490052986e-5,1.99552364557179e-11,-0.2497385672982141,67.59416141958538
28.12,20.02,6.74,0.82,1.8,2.1995580574592e-5,2.52967704832304e-11,0.2408980733711375,65.88255092683029,-999.0,-999.0,-999.0,-999.0
31.57,24.84,6.43,0.79,2.17,2.57393293838338e-5,2.54854873128662e-11,0.246982372236061,68.7360771571357,1.64641583019012e-5,1.29992398644502e-11,-0.2607548973639374,69.08089118235242
33.15,56.23,7.43,0.3,1.99,7.79453097182166e-5,6.11337220915197e-11,0.2309896726120838,63.42297293781751,4.829986608645e-5,3.00267091806147e-11,-0.2446560641308846,68.0112354505317
22.43,16.93,4.09,1.02,1.7,1.59211771772071e-5,1.59823432377096e-11,0.2559429634387876,69.02981574143938,9.91853148243376e-6,8.78138559284047e-12,-0.274024289127308,69.39734065435246
27.59,54.94,4.38,0.58,2.12,4.84829374175344e-5,4.14727305588005e-11,0.24076939173198,68.0541075233061,2.98367840174421e-5,2.11485343115386e-11,-0.2494852261614351,67.83950621305598
25.69,69.09,7.03,0.88,2.03,7.01518889969672e-5,1.87314987944206e-10,0.1898500962894362,66.21283787816968,4.20037423321448e-5,1.01727773881019e-10,-0.2103204184729092,64.32595175859241
15.72,42.14,4.58,1.02,2.03,3.93672432968874e-5,2.34449917829246e-10,0.1928882645312693,69.91791666369882,2.56555113946663e-5,1.43536700798796e-10,-0.2112026376322308,70.80636267396709
15.72,21.82,4.43,0.23,1.97,2.79661239885125e-5,3.23815166597459e-11,0.2446194490764037,68.53941755208339,1.66013212677946e-5,1.87773771424513e-11,-0.2546733008179337,68.84779029944121
33.35,43.37,4.53,1.16,1.82,3.38397527282426e-5,2.85142187954307e-11,0.2445994183898092,68.2398239143559,2.2137884232825e-5,1.42080851694672e-11,-0.2566107080468514,68.07431639271496
26.03,25.74,7.76,0.62,2.02,3.10318777562923e-5,5.30445838039517e-11,0.2404097137969574,66.71016331150082,-999.0,-999.0,-999.0,-999.0
27.37,26.27,4.52,1.07,1.61,-999.0,-999.0,-999.0,-999.0,1.3689620151633e-5,1.12463855032877e-11,-0.263336010289577,64.7392980685555
20.85,37.27,6.79,1.13,1.52,3.69220960867956e-5,2.24374865901871e-10,0.1936859659850989,70.13519689785221,2.43131490350852e-5,1.23614869807193e-10,-0.2163720642143502,70.38050577758261
17.9,20.84,4.88,0.33,2.08,2.64758305796679e-5,3.09578866204526e-11,0.2363754784368551,53.88223547538901,1.44383073300139e-5,1.71695977599885e-11,-0.2562955834941313,69.07532818435999
19.23,26.67,4.79,0.75,1.79,2.53638992256013e-5,4.75130743726427e-11,0.2310253972501252,50.951027507840394,1.61453587649691e-5,2.66376819950951e-11,-0.2513181266084628,69.91820360868941
28.9,66.13,6.97,0.92,2.09,5.98188218644461e-5,1.22583696736565e-10,0.199028706981346,62.977037993037996,-999.0,-999.0,-999.0,-999.0
28.9,57.47,7.65,1.0,1.84,5.38127424687663e-5,1.29573100561893e-10,0.1994153395029801,64.15718215340671,-999.0,-999.0,-999.0,-999.0
21.56,28.22,8.0,0.49,1.76,4.03828440991616e-5,9.64527494419628e-11,0.2129788551326164,62.63920970557932,2.52470704015645e-5,5.49605313845117e-11,-0.2428192976759008,69.2869346671808
17.21,38.32,6.31,0.82,1.53,4.66954067187304e-5,2.44457138171677e-10,0.1906296021293568,69.61801061045571,3.13220111151204e-5,1.49621262627951e-10,-0.2080236132065339,70.3854655396596
21.74,68.81,4.47,1.16,2.16,5.46856505287009e-5,1.44138863481883e-10,0.1967789150151808,64.6952536674762,3.53712553948427e-5,7.81099002165353e-11,-0.2231036102362799,60.991179909929585
19.48,45.68,6.12,0.87,1.82,4.57630353166415e-5,2.11941188804413e-10,0.1918687602957816,68.4606208485769,2.92889900568403e-5,1.17798432569489e-10,-0.2121940273583865,67.92903870170949
25.15,76.7,7.91,1.11,2.19,7.01266072629708e-5,4.45472106465257e-10,0.1783441131250181,69.60994741907521,4.81406887488498e-5,2.71017794026641e-10,-0.1901684658605351,70.4647071904676
23.24,27.93,7.52,0.47,1.86,3.90494748661245e-5,6.21677429140021e-11,0.2310300554076702,60.26131035410548,2.44999401219587e-5,3.39997772990479e-11,-0.2475746701191743,69.3297731760616
21.15,22.12,4.56,0.25,1.73,2.60063331106071e-5,2.02141103913502e-11,0.2487195505903323,67.6558509315025,1.58507356215013e-5,1.03613275679483e-11,-0.2619951383107965,66.38912876124151
16.0,41.08,5.09,0.63,2.13,4.59411996550425e-5,1.77373489482534e-10,0.1965945991648878,67.62328299124381,2.91536457889586e-5,1.03629649783898e-10,-0.2181497585634542,66.93515877058309
23.08,48.24,6.09,0.68,1.65,5.48742025764447e-5,9.02022130815412e-11,0.209949634470861,59.6488931250303,3.53375123724349e-5,4.86802650438146e-11,-0.2434740760902392,68.62612841487677
32.41,61.62,5.27,0.64,1.73,6.33889553630265e-5,4.6290586024827e-11,0.2346431974349917,62.88623711658911,3.95063105730454e-5,2.26442452635616e-11,-0.2473848264855454,67.69765572926711
30.44,54.58,6.01,1.01,1.69,4.81900223848755e-5,6.16306668721956e-11,0.2244436842045119,54.041378353569705,3.1191746078365e-5,3.15199341942995e-11,-0.2467080394936667,68.68093971939052
30.44,40.96,5.69,0.57,1.73,4.41230910592524e-5,3.61842365041855e-11,0.2419230724666579,68.0803734656913,2.73562851239429e-5,1.7859871032975e-11,-0.2521287391503297,67.89109526961238
17.17,33.41,4.13,0.64,2.04,3.73513447800406e-5,5.9872786448701e-11,0.2369251165545361,65.6402577792376,2.3226738593164e-5,3.3535223343561e-11,-0.2480176975022612,69.32319059413878
20.08,71.92,4.33,0.35,2.08,7.06927442673642e-5,8.51553111230198e-11,0.2077289923839984,57.3095283567624,4.33143366733633e-5,4.55864030773782e-11,-0.2405437696655207,67.00677739612802
24.29,35.06,4.86,0.65,1.95,3.82541802389378e-5,3.80093367185824e-11,0.2423261093372397,68.38611477506821,2.40589310891213e-5,1.99715052211028e-11,-0.2521280353916835,68.55439634428329
30.03,45.88,6.71,0.23,2.0,5.99741296347434e-5,4.82591445885857e-11,0.2325406475407295,61.01331507032662,-999.0,-999.0,-999.0,-999.0
21.63,34.25,5.21,0.93,1.62,3.45487664482647e-5,6.57804640511521e-11,0.2293676303199793,58.855553026398724,2.16128018966949e-5,3.53982693878957e-11,-0.2474670107001276,69.48326612897459
23.44,26.49,6.57,0.5,1.78,3.59023444791113e-5,4.47375843575965e-11,0.2414935083649005,68.58044838387801,2.23129985775436e-5,2.28967140651708e-11,-0.2513327702346352,69.07781397063528
31.6,46.36,7.99,0.47,1.98,5.79918101571856e-5,6.46434088550315e-11,0.2208012058509401,53.8512785450247,3.64785031334826e-5,3.23168371539566e-11,-0.2367398877065668,67.70008143477598
33.73,39.37,5.07,0.59,1.95,4.27356396699952e-5,2.62754719924236e-11,0.2446900485312019,67.8288844061383,2.63887499304011e-5,1.28921976948703e-11,-0.2622898277113198,54.06761367570051
25.88,60.22,4.51,1.1,1.98,-999.0,-999.0,-999.0,-999.0,-999.0,-999.0,-999.0,-999.0
33.22,66.27,5.51,0.67,2.19,6.53233400229778e-5,5.4162110216779e-11,0.2261405215715652,55.3106793526342,4.12692316644027e-5,2.68023269924271e-11,-0.2459367696035945,68.0211634369087
29.21,20.92,4.33,0.29,1.81,2.49140137057971e-5,1.24281160906894e-11,0.2552865704338031,65.94092504127941,1.39337693712847e-5,6.08384281799964e-12,-0.276099180920874,61.52520776655768
18.67,42.24,6.65,0.44,1.93,5.08733209253092e-5,1.65661562758237e-10,0.1953245810578967,66.321570084894,3.13728392878639e-5,9.23234677621313e-11,-0.2175922071675076,64.50445177669889
18.47,52.4,6.18,0.66,1.72,5.64737382001908e-5,2.20904744243354e-10,0.1888208316808256,67.64121766608021,3.59981286461546e-5,1.21490462025019e-10,-0.2074731066190457,66.49707704288718
34.81,74.26,6.58,0.66,2.17,7.71605814654032e-5,7.12401689785269e-11,0.212605337651037,54.6088702005679,4.2918311989245e-5,3.56413549319039e-11,-0.2444800263621112,68.2162941954334
26.97,50.59,6.46,0.31,2.02,6.00098724357212e-5,6.3325193655746e-11,0.216575038177193,49.88857489172882,3.67114448602422e-5,3.25993620925353e-11,-0.2453789700428231,68.23276312612542
30.79,77.57,5.19,0.54,1.69,8.14139297724199e-5,6.01129749291022e-11,0.2182087897057149,50.53749043249059,4.97929156318462e-5,2.96376463046112e-11,-0.2454328698607869,67.8845804984699
31.21,37.83,4.83,0.9,1.9,3.35583572435887e-5,2.82217827040673e-11,0.2446879902536103,68.19967134197488,2.10574138341973e-5,1.42086307521633e-11,-0.2567994251541444,68.08153408356418
17.76,59.55,4.04,0.78,2.14,6.0428688847873e-5,1.1756504833062e-10,0.2032533771811648,62.9392750728181,3.08045070173652e-5,6.51966581171403e-11,-0.2300909353090087,58.850826103027195
27.85,56.01,6.8,0.44,1.93,6.45661224463654e-5,7.62066548916555e-11,0.2118261866587063,56.08442158259302,3.95536245171499e-5,3.9518455106347e-11,-0.2440257977143531,68.3204475061997
24.51,25.89,7.68,1.14,1.86,2.71763935416822e-5,9.3982917295184e-11,0.2225841905502339,65.72812864122751,1.80987414691022e-5,5.35860104605584e-11,-0.2453035786714012,70.6008999164833
34.57,44.85,6.13,0.8,2.2,4.3647784755587e-5,4.01835734650604e-11,0.2413398956371552,68.23297842636708,2.86930079966631e-5,2.00679291205041e-11,-0.2504767717270789,68.3164275109495
34.33,60.82,7.87,1.02,1.81,5.55423976940701e-5,8.98001011137874e-11,0.2092993104663992,59.83105037676281,3.69602015097987e-5,4.53836618998011e-11,-0.2427906547307751,68.70847357010528
29.19,55.86,5.87,0.84,1.56,5.46972965844376e-5,6.20898388811911e-11,0.2214828098184218,52.7582474723364,3.44673631109232e-5,3.13265722347518e-11,-0.2461505116670516,68.43556239194801
22.52,53.93,6.67,0.28,1.84,7.32295076376975e-5,9.85457632873151e-11,0.2031346593163292,59.51160136368549,4.5561767282447e-5,5.19398809568626e-11,-0.2335889058777102,59.54050977951711
27.96,56.47,6.41,1.03,2.18,4.82102098901216e-5,1.01738420658123e-10,0.2069242059142438,61.816024650884984,3.11145725143997e-5,2.78643904932001e-11,-0.2404217854140422,68.87950451631907
27.96,25.59,7.36,0.33,1.86,3.37535143077419e-5,3.26217664177391e-11,0.2434279585609273,68.31957010261449,2.09273882829324e-5,1.66863539866433e-11,-0.2537170043812699,68.28089277470679
19.85,48.49,4.05,0.78,1.52,4.18848864488797e-5,5.8665122264661e-11,0.2310695147943044,60.10894961472779,2.70262524230358e-5,3.26467429032726e-11,-0.2446830329663085,68.6277748449646
25.71,49.59,5.67,0.99,2.14,4.70282036674112e-5,8.51618039013328e-11,0.2143017096548339,59.87763726852599,2.69157242206689e-5,4.51782684868735e-11,-0.2445229874858024,68.94723908362668
24.39,43.89,4.19,0.83,1.99,4.18072917058874e-5,4.15258873006715e-11,0.2414596450547498,68.31728738624359,-999.0,-999.0,-999.0,-999.0
24.1,53.43,4.06,0.58,1.67,5.72361848184479e-5,4.19638317325983e-11,0.2406850083610328,68.04734985584349,3.44211881347624e-5,2.17633733104788e-11,-0.2491154150123894,67.7605268489791
25.55,45.03,7.18,1.12,2.11,4.26106010474327e-5,1.57155768136608e-10,0.1992421909700934,67.3969740932853,2.61152860566419e-5,8.69680546586099e-11,-0.2254964682221784,66.56035836323548
18.65,76.77,7.24,0.4,1.81,9.61122576365557e-5,4.03185334329972e-10,0.1767215649053016,68.3659033784979,5.95636323919582e-5,2.26143321284627e-10,-0.1888638040717544,67.9336076301008
31.77,51.25,6.78,1.12,2.14,4.26743624866499e-5,7.3436087077417e-11,0.2200316349904242,57.638875125670204,2.81032711339142e-5,3.76055970521213e-11,-0.2460368197369458,69.0703554341174
28.34,78.07,4.57,0.34,1.63,8.00579260666756e-5,5.38186419167519e-11,0.2232781152079505,52.572718170699694,4.89148420343214e-5,2.69025542319744e-11,-0.2458772797789312,67.6285120195021
17.88,33.2,7.11,1.06,1.77,3.75161745077864e-5,4.65408862180971e-10,0.1829805461998311,72.35374520293058,2.25954491984987e-5,2.72599316247098e-10,-0.1981949383671672,74.74018430350681
32.88,58.27,6.54,0.45,1.64,7.28643700899565e-5,5.42621007587151e-11,0.2249761245176309,54.21668439861932,4.58893335964825e-5,2.66807814449837e-11,-0.2456735478677304,67.88451823798741
18.38,46.49,6.89,0.49,1.9,5.60642922200197e-5,2.35048107014076e-10,0.2029413580493159,66.0000413571155,-999.0,-999.0,-999.0,-999.0
27.12,32.68,4.93,0.39,1.7,3.40298338745595e-5,2.58817502036658e-11,0.2450733706696985,67.82983657469521,2.07863011927495e-5,1.31365585024732e-11,-0.2564772732690052,67.05073250462462
34.51,52.65,5.6,1.1,2.14,4.25612392093437e-5,4.58889553138728e-11,0.240469140012019,68.2597471663193,2.87068564825973e-5,2.27247415290239e-11,-0.2491895382721289,68.562829312068
27.82,75.91,4.8,0.56,2.13,6.92987113598612e-5,6.54209280690645e-11,0.2162486957195678,52.686912602704915,-999.0,-999.0,-999.0,-999.0
18.92,79.02,4.53,0.22,1.98,-999.0,-999.0,-999.0,-999.0,4.98656944087712e-5,5.36907465380268e-11,-0.2270725277041854,53.4782581438987
28.54,20.48,6.29,0.75,1.91,2.20293687762764e-5,2.25574221096453e-11,0.2488329947724052,68.824195628569,1.35865947097973e-5,1.15644437477998e-11,-0.2632794885627663,68.86795419148677
15.4,70.18,7.98,1.0,2.11,7.66615625273864e-5,7.03755205535768e-9,0.1112586171779039,71.80016052376284,5.17609222746042e-5,4.88413265551749e-9,-0.1222607106731511,76.61629248728734
28.61,24.1,4.69,0.67,1.65,2.37442898420635e-5,1.74111778258203e-11,0.2510779964755412,67.76451999286728,1.47402279360979e-5,8.5560101457732e-12,-0.2673941772543786,66.47411840937029
24.75,73.74,6.44,0.95,2.1,6.98425973733357e-5,1.99892828723933e-10,0.1886965547995167,66.54681234800049,4.67530118399639e-5,1.09969707529079e-10,-0.2080131190588671,64.86832330342271
23.57,26.94,7.57,0.36,1.66,4.08050165267667e-5,5.07820822923891e-11,0.2396423076024509,67.7942885055175,2.55153630282515e-5,2.71524260075754e-11,-0.2490494094633903,68.97875084862099
20.01,44.77,4.22,0.55,1.81,-999.0,-999.0,-999.0,-999.0,-999.0,-999.0,-999.0,-999.0
33.86,41.74,5.27,0.28,1.94,5.58968394384266e-5,2.75330412442807e-11,0.2436836692656489,67.60705643601952,3.23920483433925e-5,1.34136850570734e-11,-0.2546889104200124,66.4871100391623
29.56,28.4,7.77,0.5,1.59,3.63730031831166e-5,3.83313352987569e-11,0.2412026150036428,68.4144174726839,2.28066813513687e-5,1.91947340059893e-11,-0.2521590933727813,68.65563740034291
31.65,50.26,7.26,0.82,2.01,4.94421494744877e-5,6.97286009282175e-11,0.2195786771243301,55.9042951342065,3.21895133683687e-5,3.53292903058982e-11,-0.2459077414400644,68.77634541326138
27.45,44.64,5.88,0.85,1.69,4.20364890564819e-5,5.63096796527201e-11,0.2309139737914921,59.902350560106484,2.71718177699978e-5,2.96058331402564e-11,-0.2476026565663024,68.83470698744249
29.17,60.71,7.12,1.07,2.01,5.32611740173163e-5,1.26263468637635e-10,0.1998371922855395,63.857915213788615,3.47051305043037e-5,6.57240542946858e-11,-0.228937026963383,59.80747703377981
20.77,15.54,5.98,0.94,1.66,1.74065489110139e-5,3.30400331276151e-11,0.2474170224720524,70.2104503171867,1.10119329838123e-5,1.78091437495745e-11,-0.2601931274673209,71.84601076119095
16.4,19.19,6.65,0.9,2.13,2.34870639650839e-5,1.86897585568721e-10,0.2064656326315839,73.2171156373464,1.60432202038573e-5,3.7486057966268e-11,-0.2324763826047033,71.761428876636
19.06,38.43,7.52,0.84,1.9,4.20853740684913e-5,3.92947039930871e-10,0.1836078195619253,71.2370844997064,2.74517096891133e-5,2.28675171184725e-10,-0.1986529844921344,72.7723699809999
15.69,54.3,6.6,0.42,1.86,7.21354928676854e-5,3.92551483402136e-10,0.1798392457269929,69.1898772847278,4.66792588545324e-5,2.3596755590234e-10,-0.1921327507681948,69.594883217748
22.58,41.8,5.04,1.17,1.89,3.58059280593548e-5,8.53005203758515e-11,0.219132759847457,61.204461923763695,2.33512262444489e-5,4.72041861104872e-11,-0.245269597756306,69.4038451795203
22.58,71.43,4.24,0.97,1.94,6.04618597511744e-5,9.10290703664942e-11,0.2108966818217112,58.52156100569661,3.85382548664308e-5,4.86775758516188e-11,-0.2407489422824187,66.0731635745658
31.12,75.03,5.37,0.28,1.76,9.03756951634682e-5,5.66181777452951e-11,0.2199500248372554,49.564930497472595,-999.0,-999.0,-999.0,-999.0
31.12,61.76,6.99,0.84,1.98,5.91132132084404e-5,8.56836787167045e-11,0.2095792235114463,58.502719097779405,3.82306689477538e-5,4.32609489346136e-11,-0.2438781711711711,68.51122964476811
25.12,49.3,7.51,0.87,2.13,5.25983981798811e-5,1.65205694295377e-10,0.1956559446003032,66.66008780189189,3.51964740902693e-5,9.66403680510045e-11,-0.2178261559550432,65.9372749497455
17.45,75.89,6.82,1.1,1.74,7.7695428184944e-5,1.44609591097318e-9,0.1557251690297814,71.4489727596908,5.38989000856387e-5,9.33029850380806e-10,-0.1752627315845703,70.93006351251181
23.87,70.3,6.36,1.13,1.91,6.20543570293018e-5,2.36596672748067e-10,0.1869467368942296,67.78054511293301,-999.0,-999.0,-999.0,-999.0
27.89,63.2,4.71,1.17,1.7,4.74289849608167e-5,6.22166031729811e-11,0.2239186785777884,53.56839052551762,3.07462120382056e-5,3.2760677248098e-11,-0.2461688837136433,68.60207834004989
24.01,53.64,5.42,0.76,1.99,5.52717122611202e-5,8.34925055438933e-11,0.2123566077025037,58.50741560697931,-999.0,-999.0,-999.0,-999.0
30.16,78.64,6.16,0.64,1.57,8.26494037556196e-5,8.19433074291561e-11,0.2066118533952197,56.404798509613606,5.27831192113589e-5,4.10792139751545e-11,-0.2423720186145027,67.18212363439949
24.94,56.86,6.32,0.59,1.64,7.0397448002453e-5,8.90770736960974e-11,0.2072804975785508,58.654789954994484,4.5128556267993e-5,4.90702808643129e-11,-0.2404620650120849,67.151692342618
29.24,43.62,5.37,1.19,2.05,3.47145320440471e-5,5.27143866250243e-11,0.2377852766756751,66.18599022978869,2.28481414045058e-5,2.66127010975661e-11,-0.2487976749627619,69.29294352487128
29.24,66.39,7.93,0.55,1.55,-999.0,-999.0,-999.0,-999.0,-999.0,-999.0,-999.0,-999.0
28.88,76.88,7.01,0.38,2.15,9.01143665088285e-5,1.07839352674136e-10,0.1979381790566521,60.0922661835723,-999.0,-999.0,-999.0,-999.0
28.2,49.24,6.1,0.44,1.63,5.63601250556637e-5,5.12717452955598e-11,0.2176684414375795,62.75191569140498,3.56816112562468e-5,2.62303117195464e-11,-0.2471920388355323,68.0861708765452
25.93,31.58,5.59,0.37,1.61,4.36260845570207e-5,3.12338391723471e-11,0.2493998339178614,74.0882441632294,2.20962304433184e-5,1.60827688496268e-11,-0.2537602453418525,67.73257711092847
23.99,34.42,4.65,0.92,2.07,3.24516949009335e-5,4.19896742873062e-11,0.2421630814996061,68.6661109381059,2.06252814638153e-5,2.2782124522768e-11,-0.2520035514812062,69.35975218574747
31.33,67.09,5.6,1.19,1.88,5.22442408269489e-5,7.2265808043534e-11,0.2167459273819741,56.0524246958245,-999.0,-999.0,-999.0,-999.0
24.91,50.36,7.97,0.72,1.84,5.97679908246407e-5,1.62148626265792e-10,0.1947047180874431,65.98771328555131,3.999491632912e-5,9.21464344613633e-11,-0.2180204540681086,63.88468897289151
28.63,64.75,6.5,0.7,1.6,6.65243599396305e-5,8.43382994973161e-11,0.2078642840908704,57.626994234982995,4.22066474338975e-5,4.36604272449387e-11,-0.2411394221230488,68.34687632540282
24.07,41.45,4.43,0.23,1.73,5.33661130292312e-5,3.22436212594156e-11,0.2424765846175114,67.78020293526149,3.10213393764458e-5,1.64639603218791e-11,-0.2512434805360904,66.77907327971522
28.67,58.91,5.95,0.98,1.74,5.17549640392836e-5,7.78802256996243e-11,0.2138443299650476,57.3899738195435,3.38095545724594e-5,4.00984397887361e-11,-0.2445394799922414,68.5992890934701
16.42,40.26,7.44,0.26,2.2,6.02156528843919e-5,3.45675908978216e-10,0.1830127076099398,69.665960089277,3.87307724264798e-5,2.01038591870384e-10,-0.1980424087942202,70.08172410331889
16.42,38.39,4.02,0.85,1.7,3.89627722260434e-5,8.38848744829098e-11,0.2209036437140756,60.92984665129039,2.4136938635999e-5,4.77936525254951e-11,-0.2450919920843603,69.2801514729059
34.63,66.82,7.49,0.54,1.6,8.19383595251161e-5,7.01186275055074e-11,0.2126902319782491,54.177715004798785,5.3284368725704e-5,3.55666531069127e-11,-0.2443732018633758,68.158332255786
21.62,29.7,5.78,1.2,1.73,2.82889174570889e-5,9.81236357738186e-11,0.2185280235191258,65.2211111090706,1.82145115650711e-5,5.28820615337758e-11,-0.2446506744899701,70.18914566739032
27.75,52.09,5.24,0.88,1.68,4.59817590937608e-5,5.30861137486714e-11,0.2317607056439859,60.53395103968659,2.9161877838168e-5,2.76251358513527e-11,-0.2374238893790947,62.09173050870059
26.71,42.85,6.42,1.1,1.54,3.93818499007025e-5,7.88539660403224e-11,0.218837302317357,59.457796044267816,2.47708351006849e-5,4.23219492283931e-11,-0.2453854800101365,69.18913255476899
17.15,52.48,5.18,0.63,1.63,6.27400490175907e-5,1.45934606919703e-10,0.1970198619273208,64.7724427187526,4.10329437065004e-5,8.48713326440514e-11,-0.2196386566708612,61.72122792059898
20.75,70.61,4.22,0.71,2.05,6.30628763070787e-5,9.75827793954052e-11,0.2054209690693011,59.84344594971361,3.88403816726597e-5,5.19251287600353e-11,-0.2372191515888618,64.23707845628182
22.78,46.31,6.06,0.66,1.87,5.2253401344157e-5,9.44125305528185e-11,0.209418043919987,60.56242425539321,-999.0,-999.0,-999.0,-999.0
30.91,47.35,6.08,0.5,2.19,5.36423947688171e-5,4.62282321185167e-11,0.2371895148353701,65.26215372063879,3.28364699718605e-5,2.28814686904197e-11,-0.2442893173368618,53.93761392357219
30.21,63.82,4.95,0.55,1.55,6.58826527378492e-5,4.68263449757837e-11,0.2327388298710607,61.12163663239001,4.02942793864071e-5,2.30292881905274e-11,-0.2451678392078139,67.30234231297061
25.01,43.21,5.15,0.71,1.95,4.61208506410871e-5,5.11168458112248e-11,0.2365092684767499,64.8779914968231,2.99587926066186e-5,2.75147830993888e-11,-0.2481677371520774,68.66598358144878
23.84,23.93,6.96,0.91,1.95,2.73291091259235e-5,5.65790302801724e-11,0.240888693316258,69.0220610615542,1.77786654910038e-5,3.10195582801266e-11,-0.2506630549170111,70.47864020560287
20.54,41.05,5.07,0.81,1.6,3.96863522050241e-5,7.8119341538621e-11,0.2199704134246494,58.8995916644148,2.54433641561017e-5,4.26035457519051e-11,-0.2441197990397141,69.05130308088029
20.54,76.06,6.86,0.3,1.96,9.69575521366017e-5,2.28155496067193e-10,0.1831483436265932,65.65710474860091,-999.0,-999.0,-999.0,-999.0
26.16,15.11,7.53,1.02,2.13,1.6826702295697e-5,2.98020141512708e-11,0.2477550020819286,60.4734273318148,1.04065082797891e-5,1.57647080558789e-11,-0.2634070075759257,72.38191484877743
26.16,66.2,4.62,0.3,1.76,6.76961678761781e-5,5.15103522247834e-11,0.2269680315521649,55.93737564227141,4.04791860048756e-5,2.61123263349828e-11,-0.2415723352205487,60.91697964255788
30.64,17.25,4.74,1.0,1.54,1.62529762666995e-5,1.16014574168993e-11,0.2602933365925286,67.73487252689291,1.02918804099091e-5,5.7161511412096e-12,-0.283712422461878,65.9169153150986
29.67,26.82,6.11,0.58,1.78,3.10736498607031e-5,2.54311807622388e-11,0.2458856203057874,68.1586332341017,1.91140691821165e-5,1.28080399548158e-11,-0.2584467900226752,67.71189872570568
18.11,27.71,6.71,0.32,1.74,3.69917393612946e-5,8.0153052412389e-11,0.2203022154198797,59.7470507886258,2.24645540868335e-5,4.40743918588016e-11,-0.2452746522785196,69.17269601282291
34.49,32.25,5.63,0.27,1.91,4.6924679568509e-5,2.20894962991887e-11,0.2462516460516006,67.41985857702402,2.77545673322084e-5,1.07847212189176e-11,-0.2591003826187508,65.98714343799028
16.85,74.69,5.06,0.9,1.99,8.18251117791398e-6,2.47700890110614e-10,0.2024138600450808,67.0692848806845,-999.0,-999.0,-999.0,-999.0
27.0,26.09,6.56,0.68,1.85,-999.0,-999.0,-999.0,-999.0,-999.0,-999.0,-999.0,-999.0
26.31,68.43,4.09,0.99,1.88,5.23787141058128e-5,5.83141506262131e-11,0.2254295070613845,54.81301522034701,3.21248747135126e-5,3.04184185972012e-11,-0.2463452422947178,68.34586691226541
22.06,31.52,7.75,0.44,1.9,4.32983095837121e-5,9.5294354015884e-11,0.2127197435638488,61.856018637924784,2.72005041500159e-5,1.50781611163947e-11,-0.2365853623911651,69.49070411638469
25.24,47.49,7.24,0.32,2.07,6.99602494515263e-5,8.48154196240807e-11,0.2093188055000241,58.1022247608845,4.46892265078228e-5,4.64617293185346e-11,-0.242157390032962,67.30215446921179
25.24,78.6,6.77,0.3,2.01,0.00011190932841857,1.27364496093419e-10,0.1935503106535059,61.687149947356,-999.0,-999.0,-999.0,-999.0
19.09,61.12,5.53,1.01,2.14,5.36642359031299e-5,3.23330258941268e-10,0.1835759655596126,69.39815011001511,3.51080962697444e-5,1.76220523966277e-10,-0.1995624981185143,69.43776460189719
15.53,20.38,6.03,0.37,2.16,2.8811434194515e-5,8.03055386752372e-11,0.2292763590979759,62.5115426812205,1.78451605872938e-5,4.66446548664092e-11,-0.2469198370483047,70.12098614810081
17.71,33.47,4.97,0.69,1.71,4.09411377501433e-5,8.08682914042923e-11,0.2217312944403475,60.3512136724213,2.10023624562816e-5,4.45107661055888e-11,-0.245570044505603,69.32722265984759
29.06,30.27,5.0,0.47,1.96,2.67716960275766e-5,2.16405737163307e-11,0.2447111285217133,65.15240039121731,1.94835103351981e-5,1.16437657811382e-11,-0.2579180195762352,63.93704626808011
24.32,49.57,4.25,0.56,1.62,5.57047889970865e-5,4.00060423023525e-11,0.2410333202280982,68.03387930228011,3.32883099169993e-5,2.07737635952349e-11,-0.2496909178355833,67.72921869607632
26.77,31.86,7.24,0.44,2.04,3.85340041895642e-5,5.08399705256205e-11,0.2368851939362472,68.45110204319812,2.35859083471576e-5,2.60874070969978e-11,-0.2414505979130644,67.94889517704277
20.45,35.81,5.57,1.15,1.69,3.25294395634895e-5,1.30282886377624e-10,0.2077445209150644,67.0971495646063,2.13791132898197e-5,7.46825727211652e-11,-0.2376763933281654,65.7505040925652
21.11,78.81,7.47,0.8,2.01,8.30400943841726e-5,6.24224178573983e-10,0.1741442967450375,69.5353866722249,5.46409231158224e-5,3.35409886992848e-10,-0.18444146086804,69.9702457198704
32.42,55.02,4.08,1.0,1.57,4.57523758618655e-5,3.15501506836464e-11,0.242894273400517,67.94367673945662,2.87234507177324e-5,1.55419930470799e-11,-0.252911718923916,67.2558782297063
21.7,29.21,7.29,1.0,1.54,3.21253155578953e-5,1.30665213499485e-10,0.2074599862600309,67.42251519359368,2.09966307791091e-5,7.48464812061519e-11,-0.2390126840874033,67.04410191132001
32.24,15.17,4.89,0.46,2.12,1.87645221307846e-5,9.2282389723027e-12,0.2697204962848212,68.73577272553011,-999.0,-999.0,-999.0,-999.0
24.45,68.74,4.84,0.61,1.59,7.64441100613734e-5,7.07227903716828e-11,0.2138165385735912,54.32507002679882,4.72425405979786e-5,3.70751572626777e-11,-0.244238982529369,68.1768583339413
24.54,37.07,7.05,0.84,1.67,4.17643926725884e-5,9.09082233978232e-11,0.2145508164958045,61.649401371200504,-999.0,-999.0,-999.0,-999.0
24.54,49.84,4.49,0.4,1.78,6.00671968379879e-5,4.19668911390371e-11,0.2405985220501491,68.02042633149019,3.58542661099139e-5,2.12408145629772e-11,-0.2490879872361206,67.60741047762842
19.03,63.11,7.53,0.72,2.1,6.93964890476389e-5,7.06951918823653e-10,0.1739734709698692,70.0895507481947,4.46829271162336e-5,4.04481367295951e-10,-0.183589367917987,71.10287155011099
19.84,22.71,5.99,0.93,1.84,2.34929529434581e-5,7.50835014842592e-11,0.2343351833255948,63.91076500685131,1.51550592361706e-5,4.22424301755892e-11,-0.247630075854053,70.8859829704384
26.68,41.14,6.24,1.06,1.79,3.75814060738028e-5,7.3698940236527e-11,0.2224256955683669,58.64937194678008,2.32687395245413e-5,3.96545727930713e-11,-0.2461425872833727,69.34118431975372
18.02,54.42,5.84,0.92,1.65,5.84265876719436e-5,2.9640813858667e-10,0.2004278256134915,67.3155349622655,3.51348708375887e-5,1.69879118852783e-10,-0.2008594371054005,69.1636755568058
20.31,67.01,6.02,1.19,1.55,5.88043505663789e-5,3.80217145129513e-10,0.1807620666126413,69.5210493826578,3.91696950481621e-5,2.1085374138187e-10,-0.1945709753325136,69.5857831684721
17.69,62.14,6.74,0.81,1.52,7.45091849703461e-5,5.1092457746195e-10,0.1769537918123021,69.74886931917142,4.25454370291419e-5,2.97363132571484e-10,-0.188353881337353,70.45309970458831
22.45,30.12,5.65,0.28,1.91,3.91200805985811e-5,3.86561076732571e-11,0.2418954847931049,68.2408404277138,2.37979956820695e-5,1.04858056711768e-11,-0.2456751286628497,58.44964999340282
26.05,32.18,7.59,0.48,1.54,4.11342840516751e-5,5.57257587086698e-11,0.2326823177110952,61.542516481774726,2.52027306314292e-5,2.94360051986458e-11,-0.247930207962244,68.958102158269
31.58,24.22,4.52,0.26,2.0,2.74519709054657e-5,1.4152345815948e-11,0.2528529568060122,66.38257816946441,1.67128265488909e-5,6.8260378448567e-12,-0.2709954700839384,62.91126300406416
16.78,58.97,5.68,0.27,1.63,8.39871816426253e-5,1.44983139897751e-10,0.1936548880934757,63.54098189268831,5.19693012168415e-5,8.3525543931381e-11,-0.213511583640297,60.33526780347878
16.78,57.75,4.82,0.74,2.03,6.10704899963076e-5,2.03892398468701e-10,0.1951250807720956,63.082698714646,-999.0,-999.0,-999.0,-999.0
29.64,41.51,6.2,0.39,2.13,4.82301381060379e-5,4.2336905418595e-11,0.2334234869233702,54.133420120626994,-999.0,-999.0,-999.0,-999.0
16.75,63.55,7.47,0.88,1.6,7.42387292818352e-5,1.38327349160867e-9,0.1588604720589198,71.87703279026296,5.06813207432003e-5,8.72629043348744e-10,-0.1760918457939498,71.1297980120844
33.11,60.45,4.81,0.56,2.2,6.1471666622232e-5,3.99723735343604e-11,0.2407257967484898,67.95239864930069,3.76082426716933e-5,1.98507518289538e-11,-0.2488695283359011,67.44572275505828
25.65,48.28,7.39,1.09,1.93,4.66793423920065e-5,1.7007323823269e-10,0.1963970210054433,67.1578398710867,2.87843307379421e-5,3.09444304097026e-11,-0.2151142677018166,69.25626510433771
25.87,79.74,6.47,1.06,1.53,-999.0,-999.0,-999.0,-999.0,-999.0,-999.0,-999.0,-999.0
26.87,53.15,5.93,0.24,1.91,6.28557968176269e-5,5.55986019615911e-11,0.2242898522981114,53.619240538742005,3.8136029282586e-5,2.84463810538219e-11,-0.2460925877301162,67.9681039756268
31.42,66.62,4.9,1.07,1.88,5.26604069896614e-5,5.51231971781111e-11,0.2278845804577395,56.99205977012048,-999.0,-999.0,-999.0,-999.0
31.42,61.9,6.78,0.57,1.77,6.90160964176529e-5,6.8438346281676e-11,0.2151382788751413,53.95118116620662,4.36008325297093e-5,3.45776654287263e-11,-0.2448784452447154,68.24562885008598
32.9,59.04,7.56,1.18,1.62,5.02361490775531e-5,9.36682127638861e-11,0.2092666698027034,60.74241933090468,3.35918941876203e-5,4.71217118165322e-11,-0.2438390294310055,68.75527104904508
32.9,64.23,7.08,0.91,2.17,5.85720331764323e-5,8.51500632020466e-11,0.2120111496045241,56.89094522436861,3.82025168188267e-5,4.29461681106571e-11,-0.2264158850983701,63.87452450988321
19.05,78.95,6.67,0.57,1.53,9.14317058337656e-5,3.31051135998745e-10,0.1798139282749753,67.9552723884,5.77044064286851e-5,1.85534236648123e-10,-0.1924669346062378,66.9932890338893
29.9,27.95,7.6,0.54,2.02,3.39100778783906e-5,3.84510198099671e-11,0.2424223889141167,68.51731693285187,2.12469117036734e-5,1.87271102339117e-11,-0.253622212172556,68.93903759922648
29.9,58.1,7.26,0.48,1.66,6.92917684162495e-5,7.37713496276858e-11,0.2122578417089797,55.232726493992025,4.31675087005334e-5,3.69201072174068e-11,-0.2433489050844581,68.2494536700963
27.23,66.06,5.87,0.24,1.82,7.74953812902984e-5,6.68294883730594e-11,0.214108684118395,52.796874695431704,4.79135600648847e-5,3.44055564790825e-11,-0.2443094987381784,67.99477642112389
23.91,22.51,7.78,0.82,1.8,2.76747755555895e-5,6.21915847036066e-11,0.2395444270288362,68.27633176264258,-999.0,-999.0,-999.0,-999.0
20.23,63.23,5.56,1.05,1.93,5.59120815724903e-5,2.60681289092594e-10,0.1862274971319454,68.46248475403898,3.72393953346777e-5,1.47277117707511e-10,-0.2031034221481022,67.84432103356342
16.68,32.83,5.41,0.46,2.16,4.23410140520876e-5,1.10705239233683e-10,0.2072423028516767,67.82526947977539,2.62708357477227e-5,6.33849878092586e-11,-0.2396132255192195,65.72311923149682
25.99,72.11,5.86,0.46,2.11,8.6596122433199e-5,9.46669474881647e-11,0.221240651450784,77.1301997500361,4.84323627331322e-5,4.93916779988144e-11,-0.2332412697474218,59.1084548131115
30.35,77.4,7.33,0.84,2.11,7.28081809152705e-5,1.3141679317517e-10,0.1958471099135819,62.965340099296604,4.72738722338805e-5,6.69832982669052e-11,-0.2227833864762742,57.91515720944129
25.96,75.27,4.7,0.32,1.56,9.97308193424828e-5,5.94554506729278e-11,0.2298452158558346,61.53528867012978,4.80867340786098e-5,3.02205027238615e-11,-0.2450460692068806,67.79114719067661
33.0,74.9,6.48,0.67,1.98,7.75909878924597e-5,7.70595135192875e-11,0.2097202677926839,55.86691728863702,4.92294139157288e-5,3.83383112964372e-11,-0.2301072223101667,66.86177191906101
29.87,41.31,5.49,0.28,1.72,4.94303661758602e-5,3.27180836409164e-11,0.242236139210607,67.8012186726572,3.01234112698878e-5,1.60122110273746e-11,-0.2510087682161316,66.6623244833879
28.81,22.33,7.97,0.21,1.57,3.51822546545517e-5,2.71419029315635e-11,0.2448214102665245,68.0580582488044,2.08436244184563e-5,1.36746716401316e-11,-0.2561666959408264,67.42346877989003
16.35,65.47,7.02,1.15,1.51,6.78217872502263e-5,2.01928854892996e-9,0.1436565282346134,73.58760247522729,-999.0,-999.0,-999.0,-999.0
31.04,22.58,6.69,0.7,1.94,2.58339561006244e-5,2.39028136098047e-11,0.2476550283782038,68.6376255716937,1.59626390676243e-5,1.15966615276275e-11,-0.277497865426914,68.87502989305783
31.04,37.5,6.8,0.54,1.93,4.43086468297697e-5,4.13309112048203e-11,0.2410890085403509,68.1904405742749,-999.0,-999.0,-999.0,-999.0
22.27,41.71,7.38,0.73,1.89,4.75242386648751e-5,1.58399750389948e-10,0.1976743037017117,66.55026957505473,3.1007098848502e-5,8.7824441815681e-11,-0.2240520760260788,64.5649096389852
17.91,30.96,7.25,0.31,1.67,-999.0,-999.0,-999.0,-999.0,-999.0,-999.0,-999.0,-999.0
19.68,49.07,7.1,0.69,1.95,-999.0,-999.0,-999.0,-999.0,-999.0,-999.0,-999.0,-999.0
26.49,53.97,7.09,0.69,1.7,-999.0,-999.0,-999.0,-999.0,3.64725330659382e-5,5.33630485236126e-11,-0.2357452246514627,61.68703097599218
24.81,52.22,7.74,1.08,2.08,5.02359079313896e-5,2.52347995295472e-10,0.1883922146375311,69.21320602129661,3.3908614864705e-5,1.48732211678466e-10,-0.2063583213586481,69.837329586479
31.23,43.79,7.8,0.99,1.76,4.19341937437832e-5,7.55567146441259e-11,0.2198739483486392,58.43358251137917,2.74099632037703e-5,3.87653632741244e-11,-0.2460171041751759,69.1696500321189
20.13,36.74,4.38,0.76,1.97,3.31497292156648e-5,5.51501931796303e-11,0.2392892581210605,67.6476658458599,2.06945540821448e-5,3.01020909404274e-11,-0.2476868652830153,69.20899980198541
19.2,18.68,7.58,0.96,2.01,2.14719513952001e-5,1.25867473455281e-10,0.2129485737483142,64.91950969751939,1.39506189791097e-5,7.26645495215005e-11,-0.2431342986232335,71.19115769466028
21.44,27.06,7.46,1.16,1.83,2.75236267245826e-5,1.80800280126991e-10,0.2019475294348526,70.98630699147732,1.86165131572604e-5,1.02356670113654e-10,-0.230481957001906,72.1778282471916
21.34,72.36,5.61,1.15,1.54,6.37983847254504e-5,2.49083020179597e-10,0.1854919452634635,67.7452824048568,4.25148765850627e-5,1.39836268225141e-10,-0.2023676712303281,66.691243193609
21.34,45.26,4.48,0.83,1.65,4.30256793219951e-5,6.28349248467367e-11,0.2265852708851143,56.0874226371926,2.66376679164503e-5,3.32675874387373e-11,-0.2466647788894742,68.8051535031928
17.66,46.71,5.42,1.17,2.14,4.43102623536444e-5,4.03371679638288e-10,0.1830748702349841,71.12091195793528,2.57735367437126e-5,2.27872080423664e-10,-0.1988880737110138,72.6654362206994
29.02,40.12,6.2,0.44,2.05,4.6500692531302e-5,4.36764897020033e-11,0.2405635992263749,68.14505088140909,2.81393993434396e-5,2.18691034455709e-11,-0.2481740322161075,68.07397232761141
29.5,55.05,6.35,1.08,1.98,4.69460842026655e-5,8.4024691158578e-11,0.2128461105878438,59.1969472842577,3.04155887571196e-5,4.33465449619787e-11,-0.2434370398936122,68.85965620734672
30.57,19.08,6.1,0.29,2.02,2.6028046862453e-5,1.57061471456979e-11,0.2519942821454839,67.19953415641933,1.54517700989197e-5,7.6891496346888e-12,-0.2693686837330091,65.3803400218784
34.03,39.05,5.81,0.98,1.53,3.66704864616832e-5,3.26270721515621e-11,0.2433720096905025,68.34098500804569,2.37966171437089e-5,1.63129276857427e-11,-0.2540206338892161,68.31883648772887
15.64,72.19,6.06,0.81,1.77,7.90958846687058e-5,8.41283918716801e-10,0.172185185813783,69.89933345999741,5.25995033362888e-5,5.05241832510949e-10,-0.1809815485911671,70.7849694147237
34.72,79.57,5.28,0.72,1.87,7.79518924620728e-5,5.60744875154866e-11,0.2223492614674457,51.82368553172451,-999.0,-999.0,-999.0,-999.0
24.21,66.73,6.94,0.43,1.96,8.58940002841969e-5,1.3375917050929e-10,0.1945334745541582,62.79474906849949,5.47464898215261e-5,7.21839490002449e-11,-0.2180330937505812,58.4318823030486
15.31,72.25,6.54,0.35,1.72,2.55395560423688e-6,4.71041522961805e-10,0.1824680233831692,74.980542135816,-999.0,-999.0,-999.0,-999.0
15.05,60.9,7.01,0.73,1.82,7.4119744800015e-5,1.67000263018273e-9,0.1485490869009825,71.53855154419008,4.82641806895204e-5,1.0688878320876e-9,-0.1739585276530088,72.36148364461089
23.26,55.56,7.21,0.55,1.71,6.96453472094853e-5,1.37970212759074e-10,0.1960634346161271,63.7531170511563,4.47960244397866e-5,7.51311124126908e-11,-0.2202952128733028,60.1610182732831
28.06,33.07,5.79,1.09,2.09,2.81204964853018e-5,4.54199041723683e-11,0.241782988475855,68.81626766712301,1.81896419485771e-5,2.36130081970399e-11,-0.252241510645205,69.9074369563035
22.69,70.35,5.43,0.53,1.76,7.83687640097248e-5,1.02335262342288e-10,0.2013505736136207,59.78446839697879,4.90609755590911e-5,5.44610376306701e-11,-0.2298093891276026,56.108404425690594
15.51,44.59,6.53,0.83,2.0,5.08156550310023e-5,7.88446454385424e-10,0.1748023351598331,71.1170510516442,3.31292156518549e-5,5.02431647634131e-10,-0.1842858232413317,63.87398790653279
19.38,16.59,4.37,0.33,2.03,1.72540969673359e-5,1.67648344214646e-11,0.2612527196021706,56.529567429139725,1.03224863574117e-5,9.00273271365839e-12,-0.2687053022806978,66.77702986595288
28.97,33.67,5.94,0.38,2.15,3.97389675781674e-5,3.36349407217322e-11,0.2316645283486254,66.4403536894494,2.4313605387283e-5,1.70030326979596e-11,-0.2532053560220887,67.99804008310392
33.64,45.0,6.99,0.26,1.92,6.56803034283653e-5,4.2689341643257e-11,0.2399421288872397,67.64026301342571,3.94708995315054e-5,2.09363687638576e-11,-0.2483598058911089,67.61977346060921
27.62,47.17,5.29,0.41,1.76,4.99886565419111e-5,4.13166486496585e-11,0.2406986884625588,68.0243128908479,3.1240786430122e-5,2.10131377563732e-11,-0.2493456666140931,67.758113695659
16.52,44.53,4.66,0.22,1.82,5.74798472694131e-5,7.29255504643425e-11,0.2173336818895997,55.84264792661181,3.51419255075593e-5,3.98092408406661e-11,-0.244516358424361,68.43292735944462
31.46,72.42,5.72,0.33,1.91,8.59292172490353e-5,6.02579974865992e-11,0.217829170603187,50.52930438935738,5.24247276679684e-5,2.9549569742678e-11,-0.2306744284088348,59.50266010311478
20.42,63.43,7.57,0.48,1.7,-999.0,-999.0,-999.0,-999.0,-999.0,-999.0,-999.0,-999.0
30.88,51.77,5.44,0.88,2.0,4.6296560317414e-5,4.78481470508946e-11,0.2373680706053136,65.5196015549622,2.97679153856526e-5,2.38683848513957e-11,-0.2491110589010398,68.42816711934918
32.0,24.91,5.3,1.03,1.5,2.31250132409401e-5,1.91241403441612e-11,0.2505651191615266,68.46581546360328,-999.0,-999.0,-999.0,-999.0
26.92,59.82,7.17,1.15,2.04,5.11409587942363e-5,1.78216085119084e-10,0.1933171366497163,66.98072872478322,3.31852729999529e-5,9.8651468598686e-11,-0.2155028382126008,65.7566855765298
30.23,24.46,4.66,1.12,1.78,2.04817022046988e-5,1.81865317892625e-11,0.265382979573638,68.48175381810229,1.3128129885092e-5,9.01535958192032e-12,-0.2691376636416072,68.18475353062067
25.19,24.68,5.4,0.78,2.01,2.60828867746255e-5,3.00915250367681e-11,0.2455848575552845,68.8872726099601,-999.0,-999.0,-999.0,-999.0
25.14,55.24,4.17,0.51,2.16,6.07053387305044e-5,4.46277415835417e-11,0.2396386430769739,67.44285116194321,3.73625144996989e-5,2.32031710780792e-11,-0.2484503242129936,67.85672840816981
25.21,61.68,5.36,0.98,1.71,5.86450593162958e-5,8.90889615177585e-11,0.2092343165022795,59.262161449605614,3.89787260892549e-5,4.89429535404473e-11,-0.2411899959522945,66.53515704340282
25.08,40.45,6.92,0.53,1.82,5.28263403753323e-5,7.34314234410984e-11,0.2182563766699496,56.975080689986605,3.438387016912e-5,3.97990490975175e-11,-0.2450488259918495,68.76061689306168
28.04,53.2,4.3,0.33,1.77,5.30668113573689e-5,3.41502383364474e-11,0.2418533546945574,67.79124039360651,3.19841449192146e-5,1.7170449653787e-11,-0.2501729820739855,66.79008493500719
15.89,16.76,4.58,0.54,1.81,2.02787321532099e-5,3.2818643703597e-11,0.2468219123217003,69.6359253598571,1.24755029249967e-5,1.70894604062503e-11,-0.2592763454372737,70.22230334471038
17.82,53.77,6.04,0.67,1.89,6.70231883812071e-5,2.60238364147107e-10,0.2023877387820522,84.59964199980762,3.54757086341887e-5,7.77153602738798e-11,-0.2166771618095629,69.52341656752539
20.66,54.6,4.0,0.53,1.92,5.16449670867116e-5,5.69153606602099e-11,0.2281805558646833,57.3121906436089,3.14475139535731e-5,2.99202662219475e-11,-0.24549729140285,68.20641574177851
16.23,36.32,4.16,0.97,2.09,3.4181629695395e-5,1.22429982906622e-10,0.2106721681568148,66.48468203392521,2.19246515679109e-5,7.16026133282601e-11,-0.2395118577972545,65.97513838799051
22.49,61.26,4.59,1.05,1.71,5.27245037692589e-5,9.055934600664e-11,0.2099885200246293,59.6440108782087,3.40426307312686e-5,4.95501394918486e-11,-0.2429537753424328,68.18592645147677
28.31,43.82,4.82,0.97,1.61,1.35260349409441e-5,3.87580211187238e-11,0.2418364837435995,68.2899176408947,2.37038995204609e-5,5.48307805626865e-12,-0.2455231331333078,64.09325723439913
26.93,19.0,5.23,0.68,1.69,1.91579368221406e-5,1.69980650269551e-11,0.252789275527915,68.33423088880363,1.19090807788165e-5,8.47663045412681e-12,-0.2694414917259945,67.25004763421283
23.39,71.87,4.42,0.36,2.08,7.97586795393194e-5,6.69907579260013e-11,0.2151402929099653,52.9444543353369,4.79493762741754e-5,3.47830477529706e-11,-0.2444946016735604,68.05071269863173
27.05,20.23,7.72,0.69,2.09,-999.0,-999.0,-999.0,-999.0,1.46859634543226e-5,1.91196130752857e-11,-0.2656224149231927,62.38211942232791
32.54,30.2,5.02,0.83,1.89,2.90749891488143e-5,2.14941391620215e-11,0.2480399083057262,68.119212094229,1.8316135378219e-5,1.06342057507125e-11,-0.2622796465900634,67.2324186253883
32.54,71.54,6.4,1.14,1.65,5.90778066662205e-5,8.57317631749766e-11,0.2092417352255749,58.531279941615914,3.89367677644896e-5,4.29909700964284e-11,-0.2427768409948951,68.5238773021243
18.54,29.49,6.37,0.66,1.95,3.31816665425976e-5,1.25208129932027e-10,0.20858855704097,66.55282190173712,2.04861605416005e-5,7.14618088829955e-11,-0.2375585925328753,65.1139939343765
28.6,32.16,6.65,0.31,1.63,4.14510697637225e-5,3.46357521791488e-11,0.2423235742410213,68.07856544545702,2.55407480423152e-5,1.73892363014785e-11,-0.2517696469012509,67.72667123573622
25.37,38.89,6.62,0.46,2.01,5.20100990904901e-5,6.16414993777763e-11,0.225773207275654,55.29846586874021,3.38391599241079e-5,3.31869509976051e-11,-0.2445098826158128,68.7011652727929
33.79,78.83,6.46,0.65,2.11,8.22346608835537e-5,7.82857666580742e-11,0.2086604027404973,56.006854842289286,5.22802166488915e-5,3.8938929053729e-11,-0.2394686733218556,68.09988334404069
24.13,68.28,6.5,0.91,1.66,6.91925287590358e-5,1.6924770825643e-10,0.1917142976656382,65.43925369410178,4.59093902041501e-5,9.41979248596041e-11,-0.2125302332310057,63.18653503003879
33.77,26.52,4.2,0.35,2.04,3.27485626787918e-5,1.35117191703888e-11,0.2536332142669236,66.21974428473959,1.81777749053292e-5,2.38479561146081e-12,-0.2820118048702672,68.5958506746779
18.07,21.97,4.27,1.06,2.18,2.10006117174978e-5,5.1930976769078e-11,0.2474558441714653,74.1724511733392,1.18140685574069e-5,2.94685731391472e-11,-0.2523915186945256,71.78436671231259
17.84,50.78,5.79,0.91,1.5,5.78219921336566e-5,2.47064947834871e-10,0.1882169915628185,68.64964139844538,-999.0,-999.0,-999.0,-999.0
17.25,75.13,4.03,0.62,1.68,8.3300689772646e-5,1.16101795292139e-10,0.2027028397340053,58.17334464214841,5.16299725118973e-5,6.54834036143395e-11,-0.223051138811534,56.62979043847308
33.04,51.06,6.87,0.46,2.19,6.15089978724267e-5,5.29714045884077e-11,0.2285185831484869,57.4951428274321,3.83935915159491e-5,2.63698768896258e-11,-0.2464319905310106,68.14886970030717
15.62,24.14,5.18,0.42,2.1,3.06616024102926e-5,7.28963830121291e-11,0.2312871418804493,60.8800436477121,1.84886583215735e-5,4.05243759235426e-11,-0.2465332542694403,69.88895298968642
18.28,34.81,4.92,0.89,1.93,-999.0,-999.0,-999.0,-999.0,2.01526678898054e-5,5.89091648109032e-11,-0.243926670150836,69.40062148323359
34.35,23.28,6.44,1.04,2.19,2.19536711606892e-5,2.16873197334013e-11,0.2496702976949141,69.0524797126241,1.4715520988161e-5,1.07593382167427e-11,-0.2652332982044134,68.94537356327538
19.14,70.96,4.39,0.8,1.88,6.08464392162807e-5,1.31466068564106e-10,0.1981863563728983,63.39575219103141,3.84303456567363e-5,7.41254176592072e-11,-0.2204821402870441,59.63062785705062
32.97,18.44,4.16,1.06,1.76,1.66570664069686e-5,1.00305743993203e-11,0.2635450381394253,67.13619028668832,1.02806967570179e-5,4.90669764724255e-12,-0.2901651672747521,63.712581423902904
29.96,48.95,7.93,0.22,1.63,-999.0,-999.0,-999.0,-999.0,-999.0,-999.0,-999.0,-999.0
18.18,76.4,5.74,1.12,2.11,6.60512137330638e-5,7.05798340973551e-10,0.1739992045442067,70.0808228544057,4.25019197624527e-5,4.02665602938859e-10,-0.1805457738644356,71.04105661692101
18.18,59.4,5.13,1.13,2.08,4.98628592917728e-5,3.31631263280408e-10,0.1838919311308305,69.7624760821315,-999.0,-999.0,-999.0,-999.0
26.01,72.92,5.39,0.62,1.74,8.08266266962675e-5,8.32991544257194e-11,0.207293313552351,56.98065893193971,4.45052008661675e-5,4.35699306458722e-11,-0.2404345733655165,65.5256338215118
16.74,77.74,4.06,1.11,2.08,6.71828927166015e-5,2.95038864596871e-10,0.1840099129894197,68.6023846168281,4.37137898238217e-5,1.73806907783498e-10,-0.1983678654780273,68.4103191020766
17.78,44.51,5.39,1.08,1.99,4.46690048252267e-5,2.86464845309361e-10,0.1880807921240601,70.2883994171339,2.65189464391115e-5,4.94789902096463e-11,-0.2176381851833054,67.2781262607027
15.48,68.95,4.44,0.76,1.54,7.07782871931379e-5,2.14646762985145e-10,0.1880359254292414,66.77003643422681,4.45762932282244e-5,1.23729145069365e-10,-0.2050504697451149,65.44551917319441
31.29,57.11,5.83,0.47,1.57,6.77161356693232e-5,4.84885331886434e-11,0.2312218324629872,59.79380488127178,-999.0,-999.0,-999.0,-999.0
23.02,25.45,4.48,0.88,1.75,2.51054617886485e-5,2.71162787943257e-11,0.2466966271248205,68.78125852330338,1.56551183009127e-5,1.44449234060551e-11,-0.2592987647343356,69.134067047505
24.61,38.98,4.12,0.43,1.83,4.58069975947187e-5,1.05359186270367e-11,0.2318017055500652,48.218173756085726,2.6948583347583e-5,1.48212868424539e-11,-0.2530014519999486,66.58983941477831
34.29,72.29,5.78,0.68,1.64,7.64190155735759e-5,5.70996854265743e-11,0.2220066929150517,51.547546633639804,4.83988888971878e-5,2.82808069848244e-11,-0.2450406697461195,67.92193452800917
23.48,67.33,5.49,0.31,2.1,8.22719054441254e-5,8.72354648533617e-11,0.2055848711092572,57.4858703701496,5.06221225930688e-5,4.58204544794669e-11,-0.2374073543382861,62.80013418751471
15.19,51.64,6.5,0.63,1.92,6.33449930217084e-5,7.37404666199993e-10,0.1738934941380403,70.25328522641551,4.12070541020304e-5,4.53347386340807e-10,-0.1834264683919526,71.45965669429809
17.79,28.07,6.85,1.2,1.6,3.0678736073781e-5,3.33821788324037e-10,0.1901555415448579,73.09729502437999,1.83612871285899e-5,2.02398696715832e-10,-0.2080213701689086,75.84558412305189
33.9,30.57,6.38,0.65,1.53,3.5719968809314e-5,2.59273528418432e-11,0.2454414841359707,68.13578324758839,2.33397511936812e-5,1.29552405763966e-11,-0.257928161538574,67.77352254543013
25.73,37.93,4.75,0.86,2.03,3.78913957911679e-5,4.00278419764539e-11,0.2420378873989887,68.45920608319392,2.03065449930165e-5,2.11322824351131e-11,-0.2519124540724957,68.93520081715637
33.39,15.6,4.8,0.97,1.93,1.54873775128063e-5,9.48338603428275e-12,0.2655874531897238,67.30632508561493,9.67304781935877e-6,4.66838883284176e-12,-0.2935530567268375,63.839230647675606
17.96,46.14,5.07,1.11,1.94,3.03208218216697e-7,2.32281621341384e-10,0.2094399798426895,87.23654580412179,2.59603158483883e-5,1.32349123107374e-10,-0.2116461924613905,69.8313655743992
21.03,75.32,7.73,0.52,1.68,9.42740523069207e-5,3.76543384735671e-10,0.1762228040902161,68.05210198696591,-999.0,-999.0,-999.0,-999.0
24.43,79.03,5.71,0.63,1.98,8.76703836020521e-5,1.23757635182678e-10,0.1960306499361948,61.921782955441095,5.59787793221499e-5,6.58802095601015e-11,-0.2208541497556881,56.69979259258378
20.19,25.6,4.61,0.62,1.8,2.5530216909264e-5,3.3008034241626e-11,0.244717883106094,68.79964883245418,1.6064757738672e-5,1.79311475194564e-11,-0.2546632857543029,69.05939220509491
31.86,59.12,5.44,0.24,1.71,7.60376390113298e-5,4.29264411975481e-11,0.2366228619711986,64.53928608916931,4.5127704694943e-5,2.11011660238976e-11,-0.2474000551534393,67.20193416530878
25.85,73.77,7.34,0.48,2.03,-999.0,-999.0,-999.0,-999.0,-999.0,-999.0,-999.0,-999.0
30.84,19.44,6.87,0.82,2.18,2.11325434926119e-5,2.16734916572974e-11,0.249782162271089,69.0105340357331,1.37627427417641e-5,1.0788284967442e-11,-0.2657006602657142,69.1773011413129
26.64,50.99,5.64,0.24,2.17,5.7172804028885e-5,5.23704081046764e-11,0.2283898963952341,57.3232295343136,3.4625944326925e-5,2.68201265922136e-11,-0.2468040700746248,67.9809225722747
25.44,74.98,5.4,0.55,1.69,-999.0,-999.0,-999.0,-999.0,-999.0,-999.0,-999.0,-999.0
18.76,28.17,5.71,0.79,2.18,2.83359512205197e-5,1.08376605193526e-10,0.2157204723338003,66.12776522194788,1.78604287365267e-5,5.97433750623586e-11,-0.2314439435631384,71.15240070350113
27.25,41.35,7.17,0.59,1.86,4.59512415418732e-5,6.89377651565732e-11,0.2207973016344057,55.989835759873294,2.88348935727014e-5,3.6345249398308e-11,-0.2457449847272464,68.82004386071749
23.65,57.39,4.74,0.53,2.16,6.1194203427804e-5,6.34679183986148e-11,0.2208941237389961,52.89780470293493,3.76409836438578e-5,3.351904112934e-11,-0.2454726701018865,68.30617640826681
33.18,23.69,5.25,0.4,1.95,3.02819722452897e-5,1.57189127604776e-11,0.251741901573701,67.11729466557911,-999.0,-999.0,-999.0,-999.0
33.18,51.71,6.56,0.89,1.71,4.97449570863594e-5,5.41803650595307e-11,0.2301595935702844,59.10447026713009,3.24931982280792e-5,2.71570081773503e-11,-0.2469181155129677,68.5385054987609
30.28,22.94,6.89,0.36,1.89,3.03773807560935e-5,2.28238402944284e-11,0.2469038835262543,67.94902136093442,1.86741885245849e-5,1.1337813259619e-11,-0.2770609076430867,83.76992013655132
19.82,28.39,6.3,0.73,1.85,3.15923781579948e-5,9.38668156780958e-11,0.2185780724182589,63.66525506657752,1.97554812159948e-5,5.31188965392981e-11,-0.2448461747193593,69.6189803091302
29.42,62.6,7.22,1.18,1.88,5.24406817735393e-5,1.37918230075794e-10,0.1980374427591005,64.73843172021732,3.48716249806625e-5,7.20103038506507e-11,-0.2272048685488132,60.623446505061686
29.42,65.53,6.4,0.36,1.9,7.94481418646261e-5,7.16597484832319e-11,0.2112340745011561,54.170682665322325,4.83026420154427e-5,3.55678171927577e-11,-0.2454677631060852,65.04961319863969
25.79,62.05,7.85,0.49,1.8,8.33972521029109e-5,1.41245421308381e-10,0.1940680350913608,63.632796176644,4.71392884464003e-5,7.68746606266102e-11,-0.2170244538273116,60.075872725973475
16.51,42.41,7.62,0.61,2.11,5.5562507717366e-5,7.63400285284644e-10,0.1748605877047021,71.00298466808609,3.6682987158769e-5,4.75147570231525e-10,-0.1839234442270673,72.9005789655786
20.88,65.12,6.96,1.0,1.74,6.35533527712328e-5,4.5890178656918e-10,0.1783057695808823,69.75500437737959,4.20951654379096e-5,2.5033497878938e-10,-0.1910154019463192,70.18397839394939
34.75,34.0,7.66,0.86,2.1,3.50624628227483e-5,4.06402153908371e-11,0.2419886713814046,68.57647245440829,2.07435152854587e-5,2.05281894675773e-11,-0.2521644478712524,69.34503652975232
21.29,42.81,5.75,0.98,1.51,4.19675020543753e-5,1.21260246190951e-10,0.2050108204828874,64.6035259693652,-999.0,-999.0,-999.0,-999.0
19.99,43.14,7.43,0.86,1.95,4.58260598783582e-5,3.76929372239175e-10,0.1811671792540961,66.51321612075999,3.01562735766997e-5,2.14303351062622e-10,-0.1985721698001912,71.8787159387825
28.18,19.14,5.3,1.18,1.56,1.69227869520454e-5,1.83022722136436e-11,0.2531930110104877,69.3270778826158,1.08126852905141e-5,9.45662477479727e-12,-0.2705082453463337,69.41107559483503
21.57,49.17,7.87,1.0,2.04,5.13076461825424e-5,4.78797686673842e-10,0.179270231921118,70.6473747056296,3.37288964587611e-5,2.87833556338159e-10,-0.1919705332371115,72.28234350295989
23.64,38.5,5.63,0.28,2.16,5.02428477069447e-5,4.88693929822593e-11,0.2368660216606908,65.0863787139348,-999.0,-999.0,-999.0,-999.0
22.21,22.27,4.77,0.29,1.69,2.78470419458079e-5,2.03969962714616e-11,0.2483107058355636,67.59588630140121,1.68281102205843e-5,2.96148903862744e-12,-0.261689799034125,65.56330792943729
28.36,50.51,5.22,0.31,1.76,5.62737376868536e-5,4.07491535373574e-11,0.2340766200070601,64.1641599018625,3.43389053172072e-5,2.04544105709006e-11,-0.2491373392639374,67.48924857228852
18.34,61.34,4.91,0.3,1.75,6.57772037086111e-5,9.46046637913421e-11,0.204759094083198,58.95291809039671,4.04187477010785e-5,5.19494991324902e-11,-0.2324775749949388,58.48400459264489
18.34,69.32,7.54,0.59,1.82,8.17316440722695e-5,6.26310111195461e-10,0.1742983671548114,69.6074263210673,5.17316778199041e-5,3.62722129237918e-10,-0.1842350658892579,70.1958793895262
33.83,53.35,6.61,0.89,1.79,5.1422928812456e-5,5.5131034451067e-11,0.2309659723374902,61.209132223911304,3.3707503642229e-5,2.75354249665667e-11,-0.2466513093396021,68.49298042165772
33.33,47.27,6.38,0.81,1.76,4.81134931608107e-5,4.59986235399666e-11,0.2396258841824088,67.54544413621299,-999.0,-999.0,-999.0,-999.0
33.58,32.04,6.71,1.16,1.84,2.84107307130713e-5,3.61468035683479e-11,0.2435763240095125,68.8748756690177,1.88007361724727e-5,1.82336503030759e-11,-0.2548490781669608,69.65882494249898
33.58,30.92,4.35,1.05,1.75,2.62603840185561e-5,1.81653516645679e-11,0.2639402319297443,63.65997337186441,1.67802725331474e-5,3.30049184146692e-12,-0.2690826236020418,68.84828545588483
20.57,74.86,5.6,1.04,1.64,6.75673409945905e-5,2.7231355095768e-10,0.1840863007169418,67.9983726640881,-999.0,-999.0,-999.0,-999.0
23.55,32.65,7.19,0.37,1.52,4.80128818539655e-5,5.86830810527069e-11,0.2191731956037248,47.7801563844108,3.00319771286032e-5,3.16035196987333e-11,-0.2470305220380572,68.76587448904759
27.18,58.4,4.53,0.51,1.74,5.4922830894448e-5,4.44310439858755e-11,0.2381261858289487,66.02722769633432,-999.0,-999.0,-999.0,-999.0
31.0,15.77,6.19,0.6,1.78,2.06865319206119e-5,1.32296544995207e-11,0.2563270268608415,67.47621905967752,-999.0,-999.0,-999.0,-999.0
27.49,64.95,6.81,0.86,1.63,6.21208569468071e-5,1.11886910870828e-10,0.2008838752083001,61.775417734005075,4.00618517988287e-5,5.99174495755664e-11,-0.2199369043873093,67.139903384139
24.99,74.38,5.01,0.58,1.62,8.58232308024638e-5,7.72757368875755e-11,0.2094597229584749,55.600053928738205,5.38927573294972e-5,4.05880697300944e-11,-0.2434658636395411,68.15195233864569
21.06,43.49,6.91,0.51,1.93,5.27654310253047e-5,1.46143802373907e-10,0.197600503807048,65.28416193001269,3.31422160394008e-5,7.79170039575736e-11,-0.2244321030545074,61.668300363516586
26.27,48.66,4.56,0.59,1.87,4.47490465336669e-5,4.05773791579783e-11,0.2410412077628686,68.09361394576361,2.6919322525086e-5,2.09135689144448e-11,-0.2498947581885005,67.94267676539489
21.01,39.94,4.21,0.69,1.7,3.7809445508993e-5,4.60395633354426e-11,0.2408783932301452,68.3673124462309,2.32255526396284e-5,2.41404111225829e-11,-0.2497090768362058,68.6181119453228
21.26,67.78,5.72,0.52,1.84,7.61414172893166e-5,1.40122825182064e-10,0.1941939259645585,63.304528424353606,4.7590153993258e-5,7.37101025968691e-11,-0.2187620418667398,57.963801772954824
21.26,34.23,5.26,0.37,1.88,4.11470280246844e-5,4.78578496139329e-11,0.2403980181397421,68.28992338800718,2.45841535598052e-5,2.49880013992001e-11,-0.2482225883595299,68.48379291542439
21.97,26.12,4.32,0.34,2.03,2.89164518233276e-5,2.35421359566744e-11,0.2467396463462633,67.86219197263871,1.7169499332894e-5,1.2234336320667e-11,-0.2593652042148233,67.19585763320998
22.77,65.23,5.23,0.65,1.78,6.78445127692161e-5,9.51827003040759e-11,0.2050043262639659,59.30583693377109,4.30093107861278e-5,5.07148309140887e-11,-0.2358620976378547,61.6113455739381
24.78,21.31,7.18,1.01,1.73,2.40120684760081e-5,4.85099808166774e-11,0.2425120484735107,69.40130661745161,1.59697286610277e-5,2.78578464399334e-11,-0.2528046602050839,71.07140181889932
18.75,38.83,6.82,0.33,1.66,4.95608851399288e-5,1.20881669414674e-10,0.2025711317640306,63.50026719964041,3.14320205550502e-5,6.68495593850863e-11,-0.2290266130982088,59.71975367037899
19.55,48.2,6.76,0.45,1.91,5.92128473660862e-5,1.76873736810841e-10,0.192580705078058,66.2466058651558,3.62276609974387e-5,9.73695986721498e-11,-0.2134568340843269,64.25449197181668
19.31,16.32,4.6,0.68,1.57,1.62809537809909e-5,2.01792122977809e-11,0.2523438934508908,69.27180756163531,1.00366310113441e-5,1.08580760927664e-11,-0.2668302659200308,69.03425734630339
17.57,63.76,5.66,1.17,1.56,6.21549787031321e-5,5.05032198007577e-10,0.1779040484561429,70.1493805052674,4.29055950468055e-5,3.14188737396644e-10,-0.1888382407243656,71.15180825820892
16.15,27.37,7.82,0.3,1.56,4.54462765008858e-5,1.72316076648049e-10,0.1980666447855677,67.87356234331402,2.86579099664158e-5,1.02822697487947e-10,-0.220109433568276,67.7102882184602
17.31,62.41,4.66,0.77,2.16,6.42990756613131e-5,1.93587084675406e-10,0.1911885934404115,66.776490614412,4.24148682740421e-5,1.13626820674547e-10,-0.2091998181822183,65.50293362329501
20.95,15.91,7.0,0.54,2.02,2.1962039785978e-5,3.64640590577537e-11,0.2450406941806213,69.4737484115981,-999.0,-999.0,-999.0,-999.0
21.0,54.02,6.83,0.43,1.74,6.7667243323172e-5,1.51971492488068e-10,0.1937929173541255,64.48004053524758,4.50928658483386e-5,7.66540105874811e-11,-0.2210431063364887,59.63768621118087
23.9,55.36,7.87,0.72,1.72,6.52496376012039e-5,1.90604579790774e-10,0.1906279359417066,66.6417318784365,4.29826470794984e-5,1.09327862893952e-10,-0.2101160542479233,65.5009035185683
32.5,32.61,4.29,0.67,2.16,3.17240937364903e-5,1.90690657075086e-11,0.2489009233783938,67.53756577458451,1.93572299798128e-5,9.36440912015955e-12,-0.2636857567154361,65.81283376663689
32.5,73.34,4.22,0.4,1.99,7.93290671362179e-5,4.08965004243631e-11,0.2398585319363873,67.43627615260198,4.57499138389565e-5,1.98836695636551e-11,-0.2479339377020676,66.99978315361541
25.28,31.23,7.2,1.15,1.8,3.10453700148288e-5,9.45512570998838e-11,0.2190285305294563,64.54455596532071,2.12119522706161e-5,5.37909639664964e-11,-0.2443149530823781,70.0515102109229
20.83,58.0,5.85,0.41,2.0,6.73167626713377e-5,1.21475115002069e-10,0.1987250875865962,62.299629071488006,4.22996531971437e-5,6.55907532045785e-11,-0.2254002502890784,56.48888512025671
17.07,31.93,7.34,0.54,1.99,4.47398217918273e-5,2.85311659797078e-10,0.1887098362646418,70.553517382728,2.99290589610267e-5,1.75465258666654e-10,-0.2051405477446173,71.80586917279189
25.17,32.92,5.76,0.92,1.97,3.41605655255096e-5,5.31526064378549e-11,0.2404621401496122,68.63690638556821,-999.0,-999.0,-999.0,-999.0
28.17,52.35,6.06,0.65,1.6,5.47222900863759e-5,5.90498517342878e-11,0.2240321974180246,53.5410185824591,3.46213606492346e-5,3.1062720291634e-11,-0.2451505676426246,68.36274144215932
15.92,42.45,4.85,1.04,1.9,4.05295207513198e-5,2.66139935115784e-10,0.1902395056238067,70.31246661539541,2.65836873733439e-5,1.61935746203825e-10,-0.2074836351672274,71.34981207728019
21.99,59.3,5.68,1.03,1.73,5.48264906104494e-5,1.59365223046295e-10,0.1952461252248695,65.64522295515022,3.60388506167652e-5,8.69363324141457e-11,-0.2203275669240487,62.76999559600371
29.16,16.67,6.12,1.16,2.05,1.63862749470111e-5,1.93137779190212e-11,0.2530360485180914,69.82351377012053,1.03661190919374e-5,9.71789723963841e-12,-0.2717473544695956,70.82728516402639
30.39,37.34,7.44,0.54,1.61,4.57690300532857e-5,4.7339089848247e-11,0.2392100567812808,67.2169496169,2.84062541733676e-5,2.40296028491614e-11,-0.2494109751229762,68.6056757861605
22.11,18.61,4.11,0.9,1.55,1.79820646834828e-5,1.7407116218783e-11,0.2534965893452278,68.67971790749309,1.10606635918986e-5,9.14769113719226e-12,-0.2705590589723679,68.41456731206073
18.43,28.89,5.85,0.91,1.96,2.68414228159274e-5,8.99759061431461e-11,0.2296616135425678,63.33930734034301,1.83207968853398e-5,7.77387387045393e-11,-0.2405919376597917,69.8002329870159
20.94,18.86,6.11,0.42,1.88,2.42268190845194e-5,3.09826657436545e-11,0.2454618433357637,68.8660073499966,1.53327504893885e-5,1.65956268033501e-11,-0.2564765418973528,69.26025711235351
34.25,29.0,6.74,0.5,2.11,3.64766059590849e-5,2.65638259217698e-11,0.2452966736928992,68.19510884166222,2.3104705029485e-5,1.28762482458107e-11,-0.2576493029871832,67.5672146020104
29.39,40.54,6.27,0.31,2.05,5.067738329765e-5,4.18941500079772e-11,0.2406234603247311,68.0490670875186,3.00448306981579e-5,2.08023448263378e-11,-0.2498747087393655,67.9570070218398
22.81,24.75,6.58,0.85,2.1,2.74128134021488e-5,6.18953931065691e-11,0.2394401198739891,68.1432380842209,1.76728556907238e-5,3.40242955978784e-11,-0.2497221471154599,70.41874043087859
16.9,61.99,5.93,0.58,2.02,-999.0,-999.0,-999.0,-999.0,4.96215545540033e-5,1.97558652406534e-10,-0.1946129141679394,68.3660875943586
16.9,29.81,5.98,0.57,1.67,-999.0,-999.0,-999.0,-999.0,2.50661642077823e-5,1.65544251071804e-11,-0.2296617200341318,71.2831617673684
34.37,37.7,4.2,0.84,1.6,3.59775516163688e-5,1.98837062319379e-11,0.2480158152127785,67.4849086581488,2.25698490960706e-5,9.77986903172402e-12,-0.2619372495993723,65.77723653690562
29.58,45.84,5.97,1.16,1.84,3.79657730212479e-5,5.92628155084046e-11,0.2308463908867611,59.964360967837,2.46020298780209e-5,2.99995878085657e-11,-0.2482405869846014,69.16503420498971
34.43,54.89,6.55,1.09,1.9,4.66568179097429e-5,5.9012933290336e-11,0.2271850325773916,56.54055779683739,3.13109664805497e-5,2.96072050535318e-11,-0.2464311671318139,68.75331256315631
16.57,45.6,5.92,0.26,2.0,-999.0,-999.0,-999.0,-999.0,4.01719321346556e-5,8.61307994653658e-11,-0.2203076648021743,68.87528865180641
23.52,34.37,7.4,0.28,1.93,5.13567089400712e-5,6.85177641821454e-11,0.2291019981338425,61.5530143164813,-999.0,-999.0,-999.0,-999.0
20.06,17.87,7.76,0.73,2.06,2.25399552760185e-5,8.0493159306931e-11,0.2332976578215211,64.99775835909,1.46721283035595e-5,4.42451733150195e-11,-0.2390974069753288,72.2183353180384
26.2,64.85,4.34,1.11,2.11,4.7995652810788e-5,6.78371883433556e-11,0.2204963137742406,55.087215182485494,3.03531126415876e-5,1.34009359874479e-11,-0.2491702478219137,68.50271181515319
23.96,31.26,5.88,1.1,1.91,2.98039273615743e-5,6.8016604761057e-11,0.2326817753498602,62.07937780756051,1.97901023783949e-5,3.7058337263173e-11,-0.2482881152212807,70.09214310517758
19.72,63.88,4.82,0.85,1.81,5.63659631008671e-5,1.39121498724562e-10,0.2091384315870769,75.62612862168818,3.65162488742533e-5,7.90252671251585e-11,-0.2208527540936322,60.48344208155851
28.52,47.41,6.41,0.73,2.14,4.71293190755332e-5,6.60245060214949e-11,0.221993862798792,54.95711047277268,2.96499162797076e-5,9.54887471274682e-12,-0.2336002382302486,63.4566886554809
29.55,59.73,6.17,0.91,2.1,5.26187527573281e-5,7.8241970557368e-11,0.2140834141168599,67.33211092719971,3.39416704222012e-5,3.93203207330211e-11,-0.2447772185294704,68.6054006120441
19.39,64.1,5.11,0.76,1.88,5.92417164251898e-5,1.59064701211302e-10,0.1943124794731673,65.22102194174889,3.8308373160226e-5,9.13912408830028e-11,-0.2139638871543941,62.83119556380701
26.6,27.85,7.34,0.94,1.78,2.84461374320984e-5,5.74826396003511e-11,0.2398366498556634,68.35081680841928,1.8538081385331e-5,3.10951804407765e-11,-0.2489190114809982,70.1954956247803
31.78,47.62,5.17,0.85,2.03,-999.0,-999.0,-999.0,-999.0,-999.0,-999.0,-999.0,-999.0
17.09,79.38,6.77,1.01,1.71,8.41469485143081e-5,1.43525571521252e-9,0.1543922440796542,70.40606832466807,-999.0,-999.0,-999.0,-999.0
27.69,55.11,6.94,0.82,1.89,5.36200916216399e-5,9.7349493064463e-11,0.2067272004127795,60.7359576123129,3.42708486112795e-5,5.26399742416237e-11,-0.238190488781979,63.947687179860075
33.72,72.88,5.29,0.52,1.97,7.94952346736517e-5,5.20937234898531e-11,0.225986349702251,55.05882134102291,4.88899988353114e-5,2.56597431283202e-11,-0.2466867586210805,67.77773464435039
31.72,74.63,7.81,0.39,1.59,9.87141846817582e-5,9.49426113219232e-11,0.2011457808697265,58.391678530096804,6.16315734197663e-5,4.75136492341404e-11,-0.232741565817327,58.54659223986239
29.35,56.71,5.52,0.55,1.95,5.91217591095034e-5,5.36185536832935e-11,0.2269235261620163,56.0140633625113,3.63448339844229e-5,2.66793715787567e-11,-0.2470305360279593,68.09559883073679
34.15,26.2,6.27,0.78,1.58,3.01421390312969e-5,2.16112387638172e-11,0.2480257140366201,68.19797486697301,1.90414442350448e-5,1.07792109559131e-11,-0.2624810097133156,67.78328466497621
17.51,36.83,4.04,0.99,1.87,3.61245983910608e-5,8.10649543786941e-11,0.2242499902443721,61.16367444930368,2.35500332510211e-5,4.70255942829744e-11,-0.245655469952091,69.525054314175
16.69,42.93,5.08,1.09,1.92,4.14376580704657e-5,2.9081568907562e-10,0.1884346765043702,70.57972611635421,2.74824233425224e-5,1.73045929769289e-10,-0.2054924479752151,71.6895313794381
31.71,76.21,4.93,1.18,1.79,5.84557915161609e-5,6.44595815222152e-11,0.2194645832919167,53.318468170266,3.78300269771404e-5,3.22829746175152e-11,-0.2457653056543437,68.366654434947
31.62,51.92,5.73,0.34,1.84,6.30460663303672e-5,4.20450728532515e-11,0.2402843947683085,67.91099253892041,3.83779762367535e-5,2.04575741171259e-11,-0.2491657789294848,67.5261077496832
31.17,25.23,4.76,0.63,2.0,2.60735972329153e-5,1.68590861865472e-11,0.2512484950359907,67.59349632617231,1.56182621305066e-5,8.40792939777025e-12,-0.2678487406079364,66.34340990787499
21.38,48.09,4.27,0.94,1.64,4.29226897916957e-5,6.59829176853478e-11,0.224426775480746,55.16004529150981,2.68569684188497e-5,3.47943724303439e-11,-0.2463282264653472,68.8314207339053
26.3,15.49,4.24,1.14,1.7,1.393420185347e-5,1.1808192005006e-11,0.2623427109632407,68.7753310127664,7.84690212177031e-6,6.15539324839913e-12,-0.2848657527185447,68.12066102113079
22.96,40.62,4.42,0.41,1.61,4.63769807694702e-5,3.57588533092225e-11,0.2419857609626986,67.99962140556862,2.79435890451262e-5,1.82602253986176e-11,-0.251471891600103,67.56826724310064
23.06,62.83,5.91,1.05,1.64,5.86470482381713e-5,1.58449827820571e-10,0.1946189306803947,65.4430789265008,3.87419296410314e-5,8.82869907560232e-11,-0.2172737108200121,63.2564453825184
23.06,54.47,4.59,0.36,2.09,6.11602745543024e-5,5.40697946213889e-11,0.2278205464204722,56.85446619633319,3.69316654004424e-5,2.8056277048445e-11,-0.246646953144491,68.04461482368029
24.9,71.74,7.64,0.56,1.58,9.20609900099783e-5,1.75536236127979e-10,0.1888987441312901,64.97269459817579,6.07521266700158e-5,9.66727301828705e-11,-0.208169992912042,62.3088635311348
22.76,28.59,4.01,1.01,1.71,2.58371303112388e-5,2.87923816292308e-11,0.2460693659486421,68.7889745666731,1.59540429863496e-5,1.51477422357772e-11,-0.2565054545865131,67.36809772105848
32.06,18.71,5.29,0.4,2.02,2.26117505457773e-5,1.26693124542877e-11,0.2560423762243411,66.71612694004911,1.40660593541905e-5,6.12308441876289e-12,-0.276839669394547,63.302139927996606
32.06,58.71,5.5,0.58,1.9,6.17802826303913e-5,4.7047822119076e-11,0.2339173608317991,62.24753817245748,-999.0,-999.0,-999.0,-999.0
28.0,56.59,6.29,1.03,1.6,-999.0,-999.0,-999.0,-999.0,3.24348603699374e-5,4.51942288713353e-11,-0.2439107081530401,70.8503040520556
28.0,50.06,5.32,1.03,1.96,4.12738816480378e-5,5.88043173260705e-11,0.2291108469933938,58.32276302971229,2.69703816419508e-5,3.06061658130072e-11,-0.247378752404472,68.87920344023948
29.3,51.57,7.53,0.54,2.14,5.88698094994243e-5,8.54318869523366e-11,0.2112124424968691,65.2012138530319,3.72712040799622e-5,4.274024588709e-11,-0.2438933861242608,68.50023259882693
31.37,17.12,4.96,0.36,2.07,2.08419129498528e-5,1.0915691253308e-11,0.2590997238066495,66.06361566850957,1.2469457589093e-5,5.26215113326262e-12,-0.2823247280267801,61.571028020909495
21.95,25.39,7.41,0.37,1.99,3.59284419537739e-5,6.02923388128185e-11,0.233919831670605,62.87232860304021,2.2079108969422e-5,3.1836373275169e-11,-0.2484049083758202,69.39222826307508
18.71,74.21,4.78,1.14,1.98,5.96881912528259e-5,2.98322323671813e-10,0.1838203716078278,68.714547284563,3.86449563528706e-5,1.70933294052892e-10,-0.1986977951695726,68.52329711237017
34.45,62.25,5.59,0.77,1.93,6.05097738553016e-5,4.89485635694151e-11,0.2323382248101933,60.87937212343422,3.91094658481265e-5,2.39992812211073e-11,-0.2471317388682029,67.96826572488169
27.8,76.44,6.59,0.47,1.87,8.48964806703245e-5,1.01772000910142e-10,0.1999317194981339,59.4771453595529,5.24148096912049e-5,5.27573347821792e-11,-0.2303250693910331,57.85025963900048
27.8,40.29,4.79,0.28,1.62,4.30493684831371e-5,1.05194280614803e-11,0.2307940965401937,62.366556340009396,-999.0,-999.0,-999.0,-999.0
30.9,25.28,5.02,0.83,1.9,2.4511608035144e-5,1.8860202470633e-11,0.2502416835481838,68.13419129701323,1.52101097798586e-5,9.54598331838072e-12,-0.2661493727872983,67.63148171833619
24.36,16.4,4.04,0.51,1.68,2.00317075008113e-5,1.10475354228539e-11,0.2604265041655342,66.57879288424002,1.16914014495646e-5,5.7694729275776e-12,-0.2808299453506076,63.97380745537293
24.36,31.71,7.27,0.89,1.55,3.60937107844445e-5,8.23452042561744e-11,0.2209603483562286,61.269186941279116,2.3991392322266e-5,4.59944033684602e-11,-0.2456581880776479,69.57548774641221
24.41,26.99,7.4,1.16,1.81,2.73274417286977e-5,9.35761818153132e-11,0.2223579028688757,65.45995266282839,1.84213930834114e-5,5.23151132379846e-11,-0.2462211116463326,70.37147771914209
32.38,77.93,6.26,0.95,2.01,6.78176949698247e-5,8.80642220371007e-11,0.2066823289366076,58.36034813849519,4.41636027076171e-5,4.43336005662067e-11,-0.2421980327605458,67.2323781769403
32.34,42.69,5.09,1.01,2.1,3.58152480296846e-5,3.44713164632391e-11,0.2429310144405155,68.34985680012912,-999.0,-999.0,-999.0,-999.0
32.34,62.5,7.94,0.62,1.66,7.35093970492526e-5,8.64227883579429e-11,0.2071618451640549,58.04783920404768,4.5862553507214e-5,4.34165683399313e-11,-0.2423369727967224,68.36268699606069
18.27,25.14,6.42,0.75,1.58,2.82925006321265e-5,9.85818174368862e-11,0.2190629038308481,65.0587934784827,1.8045544179468e-5,5.77165249810296e-11,-0.2447274386980208,69.82026429366469
34.13,52.14,6.39,0.64,1.9,5.65658443510497e-5,4.7600237639885e-11,0.234930054185151,63.23863403112351,3.67025611616613e-5,2.34420434182059e-11,-0.2476610440403517,68.0606308667914
24.64,16.5,7.55,0.96,1.94,2.02426635492623e-5,3.66641169652699e-11,0.2457536651704508,69.95612338320612,-999.0,-999.0,-999.0,-999.0
24.64,65.63,4.91,0.68,2.06,6.71115420138109e-5,7.75159993373412e-11,0.2122186014372586,56.44816378669529,4.29061297171959e-5,4.12600700441108e-11,-0.2438963444095004,68.35487165388591
25.83,68.2,5.97,0.25,2.05,-999.0,-999.0,-999.0,-999.0,-999.0,-999.0,-999.0,-999.0
31.47,78.44,4.93,1.08,1.58,4.31432765585275e-5,6.31742874768037e-11,0.2191658650811811,52.54303118706522,4.11204908727474e-5,3.16761046694169e-11,-0.2456153199087161,68.22902651054748
17.72,73.63,5.71,0.41,2.09,9.71613909251314e-5,2.44351612119458e-10,0.1841371477471258,66.8486017353355,5.1285773579661e-5,1.37062630904016e-10,-0.1997705399674128,65.06360495357902
21.9,37.14,5.7,0.45,1.65,4.49613953155324e-5,5.59099244511724e-11,0.2314045329999892,60.306574390311006,2.79101972252241e-5,2.91136365490382e-11,-0.2475836429173706,68.61188918022567
27.57,44.23,4.99,1.2,1.96,3.37796120112194e-5,5.15651105646611e-11,0.2398553530846321,68.04712692202861,-999.0,-999.0,-999.0,-999.0
21.6,16.83,7.19,1.18,2.16,1.91010445395164e-5,7.35827011985217e-11,0.2405031611526285,69.68717059415938,1.19719426090798e-5,4.06097967824342e-11,-0.250651399963417,72.54283550510762
24.59,22.66,4.12,0.57,1.66,2.67697644425133e-5,1.61518410995672e-11,0.2522455437990627,67.43935425824532,1.55373350889618e-5,8.32860452739229e-12,-0.2679087416788,65.86668841725162
26.08,73.08,5.41,1.14,1.57,5.94709455011744e-5,1.10207374100517e-10,0.2189915281879732,78.88143849403382,-999.0,-999.0,-999.0,-999.0
18.69,36.25,4.4,1.19,1.79,2.87927411722146e-5,9.55534503646603e-11,0.2201251024093102,64.4274838916741,-999.0,-999.0,-999.0,-999.0
15.57,30.76,4.5,0.56,1.88,3.4470956857833e-5,7.59666246982389e-11,0.2263917184983147,59.74404602282687,2.13102577025459e-5,4.35730613082785e-11,-0.2461374625030885,69.4564619048155
33.46,29.59,5.73,0.98,2.16,2.69898858674109e-5,2.5809040591978e-11,0.2466802035907919,68.6940507425681,1.75412316752832e-5,1.27557838213499e-11,-0.260171473200251,68.66155068381843
33.46,72.98,7.61,0.86,1.83,7.03062246521272e-5,1.01479026338342e-10,0.2025886254871021,60.396830962200305,4.62067484422001e-5,5.11724181690589e-11,-0.2348832633777956,60.767733764974516
28.99,32.94,7.06,0.83,1.66,3.45498890865937e-5,4.96816030323426e-11,0.2405042924507518,68.49496117927362,2.21620188277568e-5,2.52185454725022e-11,-0.2503235554869858,69.37615389134582
20.12,23.81,7.13,0.27,1.77,3.33768891877629e-5,5.60623967093725e-11,0.2381526870005197,66.64396306931589,2.12179640211808e-5,3.02991778619602e-11,-0.247730124374527,69.30035009252319
32.14,56.97,4.96,0.8,1.66,5.319307620166e-5,4.09820776184774e-11,0.2407351508517046,68.0319253834386,3.35962223588207e-5,2.0323165430474e-11,-0.2433439763853032,65.82972377331659
34.42,18.57,5.62,0.79,1.8,2.03539476633732e-5,1.28771989477208e-11,0.2571298158441794,67.67424589528406,1.32551006631368e-5,6.33786872691387e-12,-0.277917869860607,65.87646459775901
20.64,23.06,5.09,0.47,2.15,2.5343215918776e-5,3.29575397062998e-11,0.2448168207240835,68.8359278807561,1.56561218815952e-5,1.83859050473417e-11,-0.2547512681202248,69.28689023881482
15.15,33.93,4.37,0.21,1.78,4.28660107778972e-5,5.57859182064617e-11,0.233503212762923,62.23714639965999,2.54118823029368e-5,3.0839695914183e-11,-0.2472169307903679,68.57535770797871
17.39,34.57,6.28,0.83,1.74,4.15986843109843e-5,2.27820669030663e-10,0.1932969041231532,69.9733084725548,2.79166780114763e-5,1.39429779477164e-10,-0.2128020759366145,70.80075400108818
30.09,47.06,4.14,0.49,1.82,4.71064888759313e-5,2.76201270970482e-11,0.2436479073001073,67.5755629391189,2.76021227062718e-5,1.34744151623613e-11,-0.254213514777277,66.23339722400628
17.55,29.29,5.94,1.14,1.85,3.05759886655714e-5,2.38034147388523e-10,0.196232573244291,72.02188153654129,2.10546506545986e-5,1.46949769645639e-10,-0.2163187441178354,74.05959223222477
20.59,55.69,4.18,0.27,2.16,5.67733745565697e-5,5.68462834258418e-11,0.2264446311739592,55.67349206306868,3.38485316304952e-5,2.99892548571658e-11,-0.2450403296340369,68.01198699155262
16.71,49.34,5.69,0.86,1.53,5.60098303237762e-5,2.86764678709974e-10,0.1858974744636266,69.2250180616951,3.64932677733869e-5,1.662431434946e-10,-0.2019610162686316,69.40685923886092
15.96,27.51,6.9,0.87,1.83,3.34549480574959e-5,3.71401564377231e-10,0.1873955171826383,72.5782720392695,2.20614405378738e-5,2.2985842018599e-10,-0.2036094884705052,75.05454154359609
22.25,79.64,6.72,1.17,1.57,7.22044368886562e-5,3.90171153020812e-10,0.1793711818022502,69.0367496012127,-999.0,-999.0,-999.0,-999.0
34.2,52.62,5.87,0.88,2.14,4.80568481659878e-5,4.61825069583933e-11,0.2390607468966441,67.02882368175561,3.18552046462853e-5,2.30357264471135e-11,-0.2484934718629578,68.3260289478278
28.86,38.19,7.23,0.37,1.99,4.82260837063918e-5,5.12083920020487e-11,0.2331909049580309,61.79336663313051,2.92425917864598e-5,2.63032502364593e-11,-0.2481462267918841,68.5300875442954
34.79,36.6,5.78,0.44,1.78,4.77441083342023e-5,2.6217123882316e-11,0.2445658075730707,67.7673425285539,2.37218089374072e-5,1.28681898917743e-11,-0.2564790844875555,67.01362623109841
28.93,77.6,4.17,0.61,1.85,7.06830916714054e-5,5.12131178461861e-11,0.2269315292522633,55.892027138797374,4.23397734096741e-5,2.54458325200107e-11,-0.2467652022025596,67.7281863105705
23.19,57.8,6.55,1.1,2.0,5.26096385660843e-5,2.24461690153697e-10,0.1895214170474902,68.2035203247823,3.56880555884515e-5,1.22144782075266e-10,-0.2105341843233173,67.20207556118199
15.91,35.39,7.75,0.37,1.79,5.3228435990254e-5,3.69460234067327e-10,0.183241806989084,70.34217778506019,-999.0,-999.0,-999.0,-999.0
16.45,71.79,6.62,1.01,1.73,7.6198295853225e-5,1.41674986307234e-9,0.1568077278846386,71.3793406570452,5.12464000057723e-5,8.77468084301423e-10,-0.1758189063889711,70.9685741992047
33.03,27.33,5.48,0.62,2.15,3.00247063249143e-5,2.03887092785471e-11,0.2485208051896828,67.96502888766639,1.85227947914825e-5,1.02598903033602e-11,-0.2629293623521188,66.99958558741939
33.92,16.0,4.22,0.34,1.65,2.25659375578472e-5,7.51467955038698e-12,0.268328024373741,63.39049617476028,1.22513180411066e-5,3.68348353974123e-12,-0.3012587513329963,61.734537635160486
24.09,16.49,7.79,1.04,1.62,1.99285820847126e-5,4.12517771676121e-11,0.2448134820845831,69.9871120512624,1.32482016451495e-5,2.37688614578529e-11,-0.25542160658497,72.09198233356379
18.13,65.31,6.0,0.6,1.64,7.16521036956205e-5,2.37779432561629e-10,0.1857739298295416,67.21666687737121,4.57846791891354e-5,1.38571184159625e-10,-0.2008748867047846,66.17793264038899
33.21,58.47,4.54,0.56,2.06,5.76616464908806e-5,3.5412565251481e-11,0.2415771796648364,67.8672436656412,3.62132768557057e-5,1.73385266643839e-11,-0.2511877036705641,67.25084082034749
15.13,18.3,6.15,1.06,1.51,2.21674328255077e-5,1.81930598638073e-10,0.2074090492777314,73.32319177754451,1.4222856340958e-5,1.12923521719702e-10,-0.2328260706460848,76.22372619381999
28.22,72.0,5.22,0.25,1.67,8.1662434377886e-5,5.82659274825722e-11,0.219081669502884,49.6144589893924,4.93929014766797e-5,2.91491321569231e-11,-0.238354121236915,66.9291120605206
30.33,58.33,6.25,0.3,1.69,7.30703472901064e-5,5.4656862269959e-11,0.2235740145005576,52.9006402386987,4.526012030659e-5,2.70893766222031e-11,-0.2463259207600335,67.85317414869932
28.75,23.36,6.9,0.29,1.61,3.18681351270883e-5,2.4654744032947e-11,0.2459020006950313,67.97327040149071,1.95948146880315e-5,1.23925352149503e-11,-0.2584759506008076,67.43131345477529
29.86,69.65,4.85,0.33,2.17,7.35447440692942e-5,5.14551493343198e-11,0.2264319330599036,55.4319973932072,4.39148412866409e-5,2.52620361977467e-11,-0.2467880613410796,67.67763184439632
15.77,21.63,7.78,0.73,1.58,3.00108464401347e-5,2.74397666441909e-10,0.194205122280374,72.70937681758421,2.00989535457674e-5,1.68621196685077e-10,-0.2139832914613077,75.30705795798761
23.7,25.49,5.23,0.88,1.52,2.69623262865277e-5,3.16602607386662e-11,0.24505510113738,68.8690729982177,1.71866697381699e-5,1.74458019528555e-11,-0.2562931637225072,69.4943390738977
27.29,46.53,4.94,0.83,1.75,4.11945758170745e-5,4.44219574807518e-11,0.2406855190637722,68.2314846860593,2.60194161573089e-5,2.30448576382773e-11,-0.2496109725280533,68.45712428397161
27.01,69.77,6.85,0.51,2.13,7.57069082934916e-5,1.15952926632681e-10,0.1978895933300681,61.46607146482269,4.67119692665339e-5,6.11811965962067e-11,-0.2243433714539955,55.86838389301238
18.61,72.01,6.99,0.97,1.52,7.24721911630017e-5,7.59220412034471e-10,0.1730627900879615,69.94080602247008,4.71494285445184e-5,4.42352289261104e-10,-0.1824905364343349,70.8247243485022
26.53,77.82,4.48,1.04,2.09,5.89628111601253e-5,8.12835776302048e-11,0.21072076775912,57.37112898048649,3.7137814866227e-5,4.28959866425927e-11,-0.2436865699660282,68.39568198475129
32.22,75.68,6.14,0.75,1.8,7.45943113443376e-5,7.51664765072069e-11,0.2108201812971632,55.46452759537409,4.81439379257232e-5,3.7426899044006e-11,-0.2420053895873509,68.18428759201842
23.37,74.28,4.73,0.61,1.7,7.70094536549587e-5,8.19990450692198e-11,0.2081104482133573,56.67158115566351,4.8417829228413e-5,4.31636595688719e-11,-0.2414687919612277,66.44651697078541
30.13,53.81,7.55,1.05,2.07,4.78849468457004e-5,1.06105976459464e-10,0.206525031715436,62.454314740061214,3.10495816754022e-5,5.5723413607435e-11,-0.2401683572899758,65.93762575787291
27.07,20.14,6.46,0.36,1.6,2.51673172698816e-5,2.08183263097385e-11,0.2484654980230441,67.99266236383019,1.60223176982176e-5,1.05852009123666e-11,-0.2623308870685475,67.25093419817621
16.02,45.4,7.28,0.84,2.04,5.3356922376341e-5,1.23744957477239e-9,0.1706930289764913,74.10183288357301,3.55018097276787e-5,8.12172698591913e-10,-0.1778814894518537,72.5995863187304
19.12,63.63,4.95,0.55,2.03,6.20712839190264e-5,1.28590734742901e-10,0.1981796198864337,63.04251937676922,3.87902904908237e-5,7.15858831413255e-11,-0.2212790101059738,58.957253001007324
23.69,43.34,5.1,0.78,1.9,4.37231347692862e-5,5.8827049145807e-11,0.2301574561960643,59.282603981746675,2.80031227038208e-5,3.2136821195943e-11,-0.2471386007807728,68.8798015464178
25.45,30.43,7.54,0.84,1.76,3.57115372014289e-5,7.59415632521649e-11,0.2245524947378166,60.297782871192695,2.40238324808767e-5,4.21977927189706e-11,-0.2464406683273327,69.6857907283307
32.66,43.45,7.74,0.77,1.63,4.76487629143076e-5,5.78499747498619e-11,0.2287141332620781,57.91812691271059,3.03647008603506e-5,2.92530171653562e-11,-0.2476644727599174,68.8335718521465
22.84,37.8,7.73,0.41,1.81,5.2441045497525e-5,1.00197982464509e-10,0.2079680587017423,61.52173100521557,3.34668116941382e-5,5.46328743281514e-11,-0.2402189110155289,65.90641841943217
32.58,19.62,5.51,0.97,1.5,1.98830713885849e-5,1.4484800873595e-11,0.255347520136237,68.17464018345181,1.2452714078159e-5,7.38313540694937e-12,-0.2749084468799621,67.03137822015518
34.78,77.29,6.04,0.7,1.65,8.19634818861546e-5,6.28958310390309e-11,0.2167965120945655,51.894421959253975,-999.0,-999.0,-999.0,-999.0
29.97,29.12,5.46,0.95,1.72,2.70684573747523e-5,2.70099890838604e-11,0.2460076512472711,68.57113763892039,1.71967225648155e-5,1.34799969487095e-11,-0.259403684575007,68.75952568639602
34.19,33.14,6.54,0.21,1.59,5.12550485890621e-5,2.67171535711735e-11,0.2441575082441451,67.6675421195419,3.1957009340982e-5,1.29764222256986e-11,-0.2556117242135364,66.60365761608631
27.02,65.76,4.62,0.71,1.8,5.7439001522693e-5,5.65087003496859e-11,0.2251017985522413,54.42557019145949,3.56903936967781e-5,2.91906595102517e-11,-0.2462231198376212,68.1370673944979
26.65,39.5,7.32,0.66,2.04,9.6418905068648e-6,7.90925609994752e-11,0.217242018191779,58.9752873242527,2.70585781808091e-5,4.24931510840295e-11,-0.2450299381125788,69.01799883419302
28.46,25.97,7.29,1.06,2.04,2.48521489405961e-5,4.85649211482984e-11,0.2419472459358619,69.14687373366948,1.63756362252402e-5,1.32552683027113e-11,-0.2545616570049403,70.55474121778774
24.74,69.87,5.52,0.71,2.11,7.28855935857393e-5,1.06834595188342e-10,0.2014812734772803,60.848336553742996,4.70325638336633e-5,5.72692509407465e-11,-0.2296854217824103,56.14147238636241
29.79,39.01,7.47,0.58,1.75,4.51383591471966e-5,5.38919934938246e-11,0.2323207473629403,61.09959695472442,2.85323739158245e-5,2.74249854215213e-11,-0.2482019565291361,68.72699303404458
32.11,70.85,7.83,0.38,1.69,9.43767336993077e-5,8.95084402758637e-11,0.2033806459132767,57.729506472258414,5.86518405784135e-5,4.42760663499481e-11,-0.2372616924027671,62.6078050779085
27.11,17.99,6.24,1.06,2.13,1.74997950802466e-5,2.48246307745533e-11,0.2496458899988907,69.8536522755355,1.07502710444471e-5,1.30591509861953e-11,-0.2651082812856048,71.30169986147381
33.85,56.32,4.07,0.25,1.66,7.43906611722578e-5,2.7129772443968e-11,0.2433534614891408,67.3299448971975,4.05819412375303e-5,6.74446472434797e-12,-0.2533775743266765,65.61569054504061
22.47,69.99,7.57,0.46,1.52,9.14908329047645e-5,1.98536860840776e-10,0.1866917648355104,65.6098922502866,5.87399609138352e-5,1.07907432013031e-10,-0.2049700174061871,63.23107134469888
23.01,23.14,5.91,1.12,2.13,2.23434934240788e-5,1.81868069767063e-11,0.2345545873609123,64.09278704045651,-999.0,-999.0,-999.0,-999.0
24.8,22.82,7.46,0.25,1.61,3.78719722101161e-5,3.30349234450519e-11,0.243326479998358,68.2818376035978,2.42506312125226e-5,1.73727527777665e-11,-0.2537657100990278,68.29806068428482
18.57,30.33,6.68,0.29,1.55,3.86085033182618e-5,7.66582664228782e-11,0.2204700631371756,58.518924997386506,2.51543783329832e-5,4.28882125248379e-11,-0.2479479419131474,71.91715769556909
29.45,19.23,6.69,0.94,2.04,2.01059035705659e-5,2.40178565755469e-11,0.2489248581650906,69.33745214300122,-999.0,-999.0,-999.0,-999.0
23.15,52.78,4.06,0.9,2.14,4.62816336261301e-5,5.64259819258045e-11,0.2311739865485048,60.11436599681519,2.87659007026039e-5,2.99775653732272e-11,-0.2473999040319064,68.6593887156857
31.81,35.21,7.84,0.29,1.74,5.24233572129095e-5,4.12827805374095e-11,0.2408659931874204,68.10390776248352,3.17311488067531e-5,2.03948147136392e-11,-0.250427301446261,68.08146564484072
15.83,23.73,6.33,1.17,2.19,2.47334604397464e-5,4.67410383358277e-10,0.1869631735228812,74.6085514424551,1.66926881533733e-5,2.91661302567457e-10,-0.2033386587078016,78.2614290250806
16.63,16.96,5.13,0.72,1.98,2.06228202645081e-5,4.59687574462238e-11,0.2442315511159088,69.94572001737731,1.305960950228e-5,2.82124276108053e-11,-0.2541014453659601,71.51832595223087
20.8,34.74,7.91,0.77,1.73,4.14016170171417e-5,2.35012644215285e-10,0.1918401116136243,69.8828754516662,2.68066911969002e-5,6.92167187772531e-11,-0.2103475044525704,71.1102230247499
16.12,77.92,7.95,0.97,2.09,8.4860936164543e-5,5.6332346949315e-9,0.114440992300236,71.67237388332495,5.79506943604975e-5,3.77656658626013e-9,-0.1271300585612208,75.89294047739745
16.12,28.78,5.48,0.44,1.68,3.79547948932086e-5,8.51157859046952e-11,0.2199427630108355,61.06467015092842,2.36708423981223e-5,4.87137278935428e-11,-0.2449284254077786,69.274058341799
15.85,36.7,6.26,0.74,1.74,4.42880828848989e-5,3.22065780497514e-10,0.1865253817365237,70.65448334971668,2.88471396397715e-5,1.96868984126817e-10,-0.2021319907223696,71.98643490705709
21.37,36.11,4.84,0.43,1.54,4.14015388488309e-5,4.12125756784501e-11,0.2412117659573999,68.1837603585318,2.5186138848346e-5,2.17351642258439e-11,-0.2444318532633731,60.55795419764631
29.62,23.54,5.47,0.25,1.87,2.95940733067472e-5,1.7793551471813e-11,0.2493424414949825,67.09587399445618,1.75744586585131e-5,8.71705175796001e-12,-0.2647301362463635,64.9447730958829
23.72,59.49,6.64,0.23,2.06,8.27479137311452e-5,9.94711531936965e-11,0.2018888189263597,59.4262113780207,5.15981514659722e-5,5.28266184124724e-11,-0.2309363364859219,57.09796053766872
23.6,48.87,7.49,0.67,2.14,5.6432552094403e-5,1.68836442352819e-10,0.1943973888080417,66.38615169338999,3.69475917425631e-5,2.73495829766595e-11,-0.2133819091655895,68.78628414951999
18.84,47.5,7.18,0.82,1.71,5.34921602014877e-5,3.9763254870035e-10,0.1794918139214998,70.20295791052199,-999.0,-999.0,-999.0,-999.0
29.13,64.18,7.03,0.42,1.63,7.98431937018854e-5,8.15862179321776e-11,0.2068294426752704,56.49229380527751,4.9042410198541e-5,4.11121746618561e-11,-0.2422368878240036,68.16871471409769
28.69,36.02,4.98,0.29,1.72,4.07952056274691e-5,2.66547609185574e-11,0.244257850630773,67.64371935238009,2.45504935738315e-5,1.31658777591975e-11,-0.2550132514475137,66.40546427713629
16.65,40.76,7.97,0.91,2.03,4.86028533490661e-5,1.54827653352561e-9,0.1632015842441095,78.52265287599892,3.25458822060215e-5,1.01972320106349e-9,-0.1769862510631761,72.62974547086108
32.09,21.9,7.96,1.02,1.54,2.33788954489591e-5,2.89240582644526e-11,0.2404568451702986,62.90634698553321,1.55882219402704e-5,1.47193333244464e-11,-0.2601564797730436,70.16045092700674
30.69,76.62,4.5,1.13,1.77,6.33422239164324e-6,5.85655872016276e-11,0.2311637312629384,60.47658675998241,-999.0,-999.0,-999.0,-999.0
21.52,27.48,4.29,0.94,1.85,2.61944978599555e-5,3.60962275951683e-11,0.2439824301496158,68.92447520335249,1.56766033697952e-5,1.91404127862812e-11,-0.2553835942496969,69.7751470242846
32.99,40.7,6.89,0.86,1.59,4.13450115061644e-5,4.46825187301525e-11,0.2407770638980582,68.3127027113024,2.67624007083721e-5,2.25475645806602e-11,-0.2497109296710886,68.75295234996389
23.31,64.63,4.31,0.49,2.12,6.72338880655165e-5,6.20012314429646e-11,0.2205260231166588,51.95672003436502,4.0729994878824e-5,3.24004317639203e-11,-0.2454081476092254,68.14539495818912
15.0,70.1,4.79,0.43,1.99,8.00397725492398e-5,2.50938971939176e-10,0.1841179827533933,67.0523419551656,4.93525183486852e-5,1.44231468195591e-10,-0.1990411625587256,65.89651762485168
20.38,65.27,4.3,0.69,1.94,5.86159600197481e-5,9.12217919564186e-11,0.2083647246866842,59.17494394714182,3.66265533990787e-5,4.95200476627619e-11,-0.2408024483045784,67.4655845265925
16.27,78.21,6.92,0.21,1.87,0.000116097374678028,4.37562641563863e-10,0.1763081760552473,68.41746210578209,7.39528840060981e-5,2.56130778673251e-10,-0.1868116061115067,68.17189396225812
19.63,79.34,5.96,0.7,1.81,8.21418431935146e-5,2.86852014694219e-10,0.1821277615446281,67.669734766943,5.32774277544298e-5,1.59238295635024e-10,-0.1964702485201709,66.3786654109273
27.51,18.08,5.11,1.03,2.09,1.65886075823004e-5,1.71331623174234e-11,0.2542178994004935,69.15223637933902,1.01636192512713e-5,9.19914758254834e-12,-0.2717378630963037,69.6944170401664
26.22,24.38,4.07,1.11,1.64,1.93799794046277e-5,1.896603840725e-11,0.2632783275632353,80.35566723506543,1.20004807257497e-5,9.78669704598588e-12,-0.2675006965471602,68.55620911028049
25.58,63.04,4.31,0.98,1.55,5.78083178490487e-5,5.83669561733678e-11,0.2256689702748172,55.039631147872804,3.17361273799132e-5,3.05070903365942e-11,-0.246419729555147,68.3873396315301
32.81,77.22,4.25,0.49,1.92,8.10968989349668e-5,4.3378521953265e-11,0.235985756425742,63.967802539246584,4.74106055612966e-5,2.11272010586e-11,-0.2473172102228558,67.1743589904635
18.45,36.99,6.84,0.59,1.68,4.35794058287696e-5,1.79625440347822e-10,0.1957459037870021,67.7551059877089,2.73522967285172e-5,1.02225796521748e-10,-0.2175470003255588,66.97954337462988
32.73,50.13,7.23,0.41,2.09,6.33536171925234e-5,5.54255184426485e-11,0.2259588944657096,55.20133147101419,3.91966367799246e-5,2.77832236275034e-11,-0.2450037694695237,68.13743991157942
27.76,56.1,7.89,0.8,1.63,5.80993605432149e-5,1.24400176624728e-10,0.1995490232303339,63.394295632573204,3.8054872606568e-5,6.63643860578722e-11,-0.2267388858668897,59.29353338762089
15.67,42.61,6.72,0.21,2.09,6.07794793998952e-5,2.47412520604334e-10,0.1872377848848767,68.10717763158739,3.8863145951011e-5,1.45613555356532e-10,-0.2038337651137095,67.87087858076288
33.6,26.89,4.55,0.33,1.63,3.47776954165848e-5,1.45361048125085e-11,0.2520820635948541,66.36034881704909,1.99906424197292e-5,7.05096510946234e-12,-0.2691223470552571,63.50517465978731
29.47,31.49,4.72,1.09,1.87,2.59680701144946e-5,2.67261592826641e-11,0.2461482708185474,68.6054862366522,1.65351329949912e-5,1.33711937943011e-11,-0.2595616661904887,68.81601581764022
20.9,15.4,6.01,0.89,1.8,1.7453931869164e-5,3.1818596976628e-11,0.24774312531055,70.16567650909691,1.09405204550202e-5,1.74311711656146e-11,-0.2605128809641535,71.80990679310966
20.79,60.24,6.07,0.8,2.13,5.93867006790028e-5,2.36395108664902e-10,0.187254055035549,67.8441424246286,3.84815150998497e-5,1.2658846261838e-10,-0.2062281981507928,66.38176798162901
30.53,20.99,7.69,1.2,1.77,2.03814100500774e-5,3.25841585535208e-11,0.2462082723516965,69.67777406601122,1.34733406742607e-5,1.68343104485495e-11,-0.2595885769755785,71.19844920839793
32.01,41.58,6.87,1.17,1.8,3.56161116363256e-5,5.7788618937015e-11,0.2341815600517306,63.05290568111121,2.35169071857815e-5,2.8955476628631e-11,-0.2490859804778097,69.4567839213315
25.5,35.72,6.79,0.21,1.65,5.95214842308664e-5,4.64685964269366e-11,0.2379004012528499,65.93608506256479,3.75781310402035e-5,2.46045019986831e-11,-0.248203869547254,68.1065571351121
29.65,29.92,6.53,0.85,1.87,2.99614255511385e-5,3.65484800173669e-11,0.243122918125386,68.64837303494181,8.06482938545544e-6,1.83493743396783e-11,-0.2547025489342986,69.30497658964671
29.53,29.31,6.09,0.55,2.13,3.2690336259388e-5,2.99194030072082e-11,0.2442996623160275,68.29065642516782,1.9826459132869e-5,1.48826252560788e-11,-0.2564749329802973,68.31765222566268
21.84,28.91,5.34,0.42,1.62,3.61578220268356e-5,3.72113824993241e-11,0.2423367629791519,68.30237255145452,-999.0,-999.0,-999.0,-999.0
32.17,15.78,7.45,0.34,1.66,-999.0,-999.0,-999.0,-999.0,1.51946320099068e-5,7.05915086592666e-12,-0.2718506330615875,65.03002506684072
20.21,19.94,7.11,1.12,1.57,2.18304750107726e-5,9.94534025187927e-11,0.2257940061209379,68.33324387877468,1.40853147130179e-5,5.67047785579943e-11,-0.2458752997446282,71.19392131066432
15.75,23.03,8.0,0.56,2.15,3.27867413469506e-5,3.58929525894291e-10,0.1885988786558828,72.8338120879689,2.15641611176599e-5,2.15050673849284e-10,-0.2065193616214282,75.50461907624259
24.26,43.25,5.99,0.47,1.7,5.55941900187444e-5,5.90535281015196e-11,0.2260330554506472,55.41567820189139,3.45306467695818e-5,3.17229777390028e-11,-0.2463249062956288,68.47922620972341
19.7,19.53,6.31,0.62,2.05,2.25314122862856e-5,5.40140167311149e-11,0.2418786128107075,69.3555071566303,1.38523484560186e-5,3.0019093463024e-11,-0.2509310309242171,70.8631252304977
29.08,24.72,6.75,1.08,1.87,2.39531035185723e-5,3.64776986281998e-11,0.2441689848455643,69.2084804114908,1.52952293035972e-5,1.86126610667538e-11,-0.254360722193727,70.11934585325741
19.9,63.72,4.64,0.66,2.17,5.82980980443831e-5,1.16548832938344e-10,0.2015363468450213,62.30536942882972,3.6737835724376e-5,6.43726206182516e-11,-0.228550584548101,56.726978686800905
16.26,75.64,7.36,0.21,1.74,0.000115206579536461,4.97346131210836e-10,0.1752142571896934,68.71942341615531,7.45560874948422e-5,2.92248023909377e-10,-0.1840922041744943,68.47592728134718
24.69,27.74,7.68,0.67,1.55,3.67293155883426e-5,6.2563135473152e-11,0.2325474600756717,61.72533700555141,2.40875451557057e-5,3.32757938226391e-11,-0.2481341568385734,69.55643403356979
19.61,66.75,4.46,0.93,1.51,5.69097941471252e-5,1.20845123148675e-10,0.2010605841647149,62.84792545546389,3.65342024576833e-5,6.76202668809945e-11,-0.226666902677767,57.739879126800616
34.56,57.56,7.66,0.81,1.91,5.81293656071446e-5,7.20064098077638e-11,0.2159801643380671,55.99845030462772,3.88645069311881e-5,3.62925821257466e-11,-0.2441310900095564,68.56663705294471
26.61,70.55,5.19,1.15,2.02,5.41875476279204e-5,1.02605871367394e-10,0.2046847290207084,61.165786768083905,3.54380886542298e-5,5.4688657572756e-11,-0.2353644080304856,61.3861004220925
26.44,66.57,6.88,0.58,1.6,7.36178150252514e-5,1.08594336207427e-10,0.1997631571920153,60.7783820113251,4.55017641468188e-5,5.81418334311049e-11,-0.2268251510809521,54.9891938819117
26.44,21.89,7.7,0.79,2.11,2.50328462939477e-5,4.35400898373288e-11,0.2307160471466201,53.24527315035371,1.5261725552441e-5,2.45420837800063e-11,-0.2533522656361304,70.68545326869949
18.01,34.13,6.22,0.79,1.54,5.6044890983008e-6,1.62058865362162e-10,0.2069457454363029,69.7505975665216,2.36665600050269e-5,9.32980545543433e-11,-0.2240037010421104,67.37501542278979
15.54,45.22,6.95,0.6,1.57,5.90121214669627e-5,4.98820977861802e-10,0.1786044505056024,70.3554007820032,3.81330923600884e-5,3.05458158210171e-10,-0.190324908878625,71.51270859986859
15.26,15.33,7.59,0.31,1.77,-999.0,-999.0,-999.0,-999.0,1.60068057604148e-5,4.29300669211204e-11,-0.2482850643338502,70.52744469824171
15.81,56.75,6.21,0.66,1.66,6.97538028238121e-5,4.48011559663762e-10,0.1787502941138487,69.66844444707341,4.49495852909401e-5,2.77778437413451e-10,-0.1899061817018043,70.35071716772198
32.02,52.73,4.61,0.65,2.12,5.04357282699332e-5,3.46659944150467e-11,0.2419544308556019,67.93480826379731,-999.0,-999.0,-999.0,-999.0
21.75,67.48,5.34,1.19,1.72,5.77899290793136e-5,2.03750392420287e-10,0.1894761237463091,67.0305775801395,3.80825661019925e-5,1.1217100746168e-10,-0.2100009270841467,65.3118676248838
24.17,36.85,4.44,1.07,1.84,3.26215820709684e-5,4.24257799084619e-11,0.2420476364255415,68.65132350180662,2.12255644017141e-5,2.28782606466988e-11,-0.2518105755799548,69.300942308058
34.54,63.41,6.13,0.92,1.88,5.77420279732906e-5,5.83440588725682e-11,0.2241131753203208,53.60683343815278,3.8458544407047e-5,2.89425631938572e-11,-0.2457005966378822,68.31817447524483
30.97,37.38,7.61,1.18,2.19,3.23625243614084e-5,7.20326770746718e-11,0.227271948411106,59.451057522904414,2.1208219979358e-5,3.72660018720715e-11,-0.2477877826504446,69.91273602145631
27.47,38.61,7.21,0.9,1.95,3.80933737495833e-5,7.87967578094795e-11,0.2198804580186149,59.80647863328448,2.42519701952136e-5,4.17151248603136e-11,-0.2429571166161136,69.5186384643739
20.5,75.97,4.32,0.23,1.51,-999.0,-999.0,-999.0,-999.0,5.24467757864975e-5,1.87879777733917e-11,-0.2410701355315744,62.658326011355875
23.83,77.47,5.74,0.77,1.97,7.89675001534861e-5,1.45056365109386e-10,0.1934837843272466,63.70654773258261,5.14266909499712e-5,7.83882471095637e-11,-0.2162035947560493,59.94464211830331
25.42,61.53,4.24,1.13,1.68,5.18402929000584e-5,6.04563333285869e-11,0.2258129882289835,55.2690052766035,3.45683105974686e-5,3.27697454519329e-11,-0.2462038043213753,68.5631416854284
34.96,60.12,4.86,0.91,2.18,5.11941407869507e-5,4.00927243018131e-11,0.2409589942616384,68.06257397058987,-999.0,-999.0,-999.0,-999.0
31.94,45.8,6.33,0.61,1.9,5.11668765298944e-5,4.50402327154025e-11,0.2399445224250707,67.77955249423778,3.1897648124191e-5,2.23509997659864e-11,-0.249472170396804,68.23822142400459
29.73,55.54,7.27,0.45,1.86,6.61386581900672e-5,7.22788282286613e-11,0.2121146078006297,66.09833828908032,4.15362490258649e-5,3.62119119954538e-11,-0.2446663881061859,68.29400791964379
21.78,73.93,7.7,0.36,2.17,9.696838231817e-5,2.96634602613449e-10,0.1807289284193855,67.50262615141231,6.12939891234762e-5,1.6450869983117e-10,-0.1947992186713567,66.29809076833808
17.36,43.56,7.36,0.41,2.01,6.34133144326996e-5,3.25901370691361e-10,0.1836026023911789,69.44924225044801,4.21842570706241e-5,1.93190822088879e-10,-0.1982941046570215,69.96865261378998
17.62,72.61,7.5,0.4,1.95,0.000104248821572722,5.86989685400681e-10,0.1743666768242649,69.27787405080319,7.05970423051156e-5,3.55685785923345e-10,-0.1837456433601516,69.70467929699738
15.42,71.19,5.2,0.22,1.52,-999.0,-999.0,-999.0,-999.0,5.87006158398733e-5,9.06015285236148e-11,-0.2104056253080518,59.21942547277148
19.22,46.63,7.69,0.89,1.73,5.02430554699585e-5,5.59823042059008e-10,0.1779010969644116,70.89795172272828,3.32753563346128e-5,3.22132679869063e-10,-0.190348921933558,72.37284400754233
32.28,61.06,4.35,0.96,1.62,5.11344333045933e-5,3.80377018728664e-11,0.2412740951209088,68.0047112497581,3.24845928122886e-5,1.89270561365992e-11,-0.2499976029367686,67.61395914700039
20.62,22.76,4.7,0.26,2.0,2.59961071309222e-5,2.42039423608693e-11,0.2470278524679341,68.11861934768501,1.56298787310487e-5,1.29730802588391e-11,-0.2584573771666855,67.4503976212886
27.33,45.32,6.35,0.68,1.64,4.72061262212753e-5,5.98604954901563e-11,0.215421304181298,59.95363558877842,2.97430376494584e-5,3.13057650098513e-11,-0.2347849261329368,63.0450770756911
33.44,68.99,7.84,0.59,1.92,7.96440861456383e-5,8.94176855389304e-11,0.205121212241029,58.30296388409839,5.02594188348804e-5,4.48525861659553e-11,-0.241930210833584,68.29194658369678
24.97,25.1,7.67,0.22,2.09,3.91223951428214e-5,4.2570347671838e-11,0.2414571479453895,68.417127151188,2.62844160599707e-5,2.26071240777207e-11,-0.2508481739618845,68.78491869570433
30.59,79.21,5.58,1.13,2.03,6.1685237575588e-5,9.0138134028945e-11,0.2069520331866491,58.86082779452048,4.07429002943255e-5,4.5226923299726e-11,-0.2428654695449809,67.89394267316528
20.36,26.61,4.87,1.04,2.15,2.34496262185214e-5,6.07423274550213e-11,0.2408434534745637,69.17764604397672,1.53662179607351e-5,1.81136933675666e-11,-0.2438632968581241,68.90205550569542
20.36,72.67,4.64,0.74,1.51,6.7665818537359e-5,1.11882214047669e-10,0.2007030020976823,61.288248992213994,4.30948588081842e-5,6.09142708837834e-11,-0.2275840274615004,55.61041277709608
28.45,77.66,5.21,0.74,1.89,7.03016692317729e-5,7.59971946581748e-11,0.2105520356848926,55.56209097697931,4.45259778881985e-5,3.91818798647518e-11,-0.2427188374218008,68.1996915627858
33.99,75.52,5.89,0.57,1.58,8.84023583009339e-5,5.99213649490908e-11,0.2185394919623348,50.67443870896479,-999.0,-999.0,-999.0,-999.0
20.98,75.21,7.3,0.87,1.86,-999.0,-999.0,-999.0,-999.0,-999.0,-999.0,-999.0,-999.0
27.39,30.62,6.18,0.72,1.82,3.17820756212275e-5,3.82050310656175e-11,0.2425613359827511,68.56366083558079,1.97186505612601e-5,1.99071502082302e-11,-0.2534946146028113,60.4925745297403
17.0,77.13,4.55,1.07,2.17,6.86252997814517e-5,4.00016296820879e-10,0.1798178729220689,69.37297103645102,4.57160501578645e-5,2.37972546771819e-10,-0.192120169257086,69.7413236065688
17.0,22.41,6.83,1.09,1.56,2.64250464691552e-5,2.39969540473461e-10,0.1985224772873165,73.30913263774622,1.80571144705083e-5,1.40403930950422e-10,-0.2216974210017765,75.8222471241361
30.54,34.89,6.34,0.66,2.02,3.70186810808708e-5,3.74095151843657e-11,0.2422397110484441,68.34087741623709,2.31572430673436e-5,1.87062853864725e-11,-0.2515886322139305,68.40225535386132
18.23,47.91,6.19,1.13,2.18,4.32380599954391e-5,5.58248319175586e-10,0.1787761065303614,71.35228016112461,2.80383559188504e-5,3.24170061499235e-10,-0.1916692613402435,73.09159366188122
23.8,16.1,7.72,0.69,2.13,2.24314008230909e-5,3.39353604198894e-11,0.2457034557916303,69.5229752610354,-999.0,-999.0,-999.0,-999.0
30.24,46.2,4.17,1.03,1.91,3.68023184867869e-5,3.10576184154947e-11,0.2435336418018613,68.1261381611393,2.27962734899409e-5,1.54881891467923e-11,-0.2549144463888131,67.9635124131642
32.62,60.64,7.67,0.86,1.57,6.12096290691942e-5,8.55851553964102e-11,0.2094227002547147,58.55890270474862,-999.0,-999.0,-999.0,-999.0
25.31,46.94,7.2,0.79,2.19,5.09734883384589e-5,1.28857093250691e-10,0.2015226470954235,64.71617623395639,3.44473154746417e-5,7.24007081299996e-11,-0.2284413357969177,62.259366292850395
26.36,42.02,4.28,0.43,1.63,3.97911631225451e-5,2.90073465203086e-11,0.2436156724942899,67.78436049095541,2.44459384715884e-5,1.48178965642557e-11,-0.2538112720640077,66.98046326511681
26.36,55.9,4.71,0.56,1.75,5.28825562851742e-5,4.76945646315115e-11,0.2348157038217771,63.112239351868496,3.2332938791343e-5,2.4591263045641e-11,-0.24778033097074,67.97337734587772
18.94,29.4,6.08,0.47,1.97,3.41478998676909e-5,8.11154875424441e-11,0.2243603390441194,58.151338092928384,2.19516564516539e-5,4.49095143108053e-11,-0.2444915841662553,69.4060193123775
29.48,57.64,7.29,0.99,1.91,5.33689749481935e-5,1.11286436864164e-10,0.2030881451824371,62.4990946616997,3.45768392164653e-5,5.8050138311096e-11,-0.2344254480198584,60.685744496013605
15.09,67.8,5.95,1.12,1.66,6.81902620663909e-5,1.76451652678259e-9,0.1469099942664394,72.07700493201227,4.55914824332471e-5,1.0941716449042e-9,-0.1738573955023279,73.454811662247
19.76,35.63,6.05,0.71,1.61,3.85790264688982e-5,1.03322012710965e-10,0.2116349051450078,63.37268006450558,2.50410852491718e-5,5.87652257634617e-11,-0.2421325880235281,69.10202723086489
21.66,65.38,4.49,0.23,1.91,7.73248323624854e-5,6.51261013390669e-11,0.2156941034676522,52.16275600093701,-999.0,-999.0,-999.0,-999.0
30.4,36.15,4.36,1.03,1.53,3.01407429178992e-5,2.4340727354613e-11,0.2463721015500483,68.12130123689539,-999.0,-999.0,-999.0,-999.0
22.3,73.19,4.64,0.39,1.55,8.22245291580619e-5,7.29933049372012e-11,0.2109454241448971,54.30597798385398,5.05247680328427e-5,3.77046883929821e-11,-0.2438352934094797,68.06603323218441
17.58,46.45,7.22,1.03,1.54,5.25355537758917e-5,7.49964735313839e-10,0.1751943279576626,71.126513981788,3.6252546503707e-5,4.98083521113297e-10,-0.1845228514275597,72.7959217151077
23.14,27.67,5.67,0.79,1.92,2.99367307021744e-5,4.72877281998872e-11,0.2416397499393506,68.82068522291321,1.92611338963074e-5,2.47765087019393e-11,-0.2517491697529266,69.751419235974
21.94,21.22,5.55,0.79,1.65,2.34076028874096e-5,3.25204194852088e-11,0.242008302958532,68.97518308635051,1.44272983012792e-5,1.71520125751118e-11,-0.2576428945229238,69.88344937360982
21.21,27.58,5.59,0.73,2.05,2.93960212208249e-5,6.1143649690878e-11,0.237230624392766,66.02741891336139,1.88561568303694e-5,3.12033897771742e-11,-0.2485640537952948,69.90122353037769
30.07,39.55,4.35,0.57,1.85,3.87086994673913e-5,2.50593981871162e-11,0.2450803626393086,67.6721634509685,2.30582898568563e-5,1.22754045350418e-11,-0.2574260989158929,66.71199683894882
19.93,21.46,5.51,0.93,1.62,2.15081420600726e-5,4.88855511863133e-11,0.2429322535170036,69.54267799526801,1.39557900270254e-5,2.70313861342867e-11,-0.2522103653521195,70.91311158300279
21.71,68.62,7.78,1.06,1.94,2.67525516158784e-6,6.8783409415567e-10,0.1651082270577476,57.014298230934706,4.46986887522974e-5,4.30080415229326e-10,-0.1835554430800265,71.24767961851481
17.64,73.63,7.05,0.95,1.73,8.11474606001211e-5,1.15491100234497e-9,0.1665724153029738,69.82904006630808,4.82760487047142e-5,6.78481894232419e-10,-0.1780279897903404,70.99982785937111
17.64,54.18,6.19,0.29,1.89,8.09344171778543e-5,1.64421670754988e-10,0.1922108723111394,64.94152858004959,4.21418452247766e-5,9.2117013053014e-11,-0.2123617524302808,62.3272194577138
22.13,79.27,5.8,0.27,1.55,0.00010443131107194,1.08807241975543e-10,0.1968867889506996,59.69416437466332,6.35066672967032e-5,5.69790806600359e-11,-0.2230012281110201,52.686929917694194
24.05,62.69,7.31,0.53,1.86,7.82745962413388e-5,1.55771960571103e-10,0.1924123402589221,64.46654233904609,5.05578281483142e-5,8.56497043219638e-11,-0.2149992984983869,60.85235527893598
33.82,50.44,7.0,0.6,2.2,5.54229119060184e-5,5.45361051633639e-11,0.2285483161411872,57.6062523725287,3.56304827003945e-5,2.70568913977268e-11,-0.2466312767259273,68.38889774476439
26.88,33.58,7.63,0.27,1.59,4.63013331214579e-5,4.9477846525428e-11,0.2356236506107604,63.9825472901194,2.83574295401047e-5,2.54415441755421e-11,-0.2483673092961382,68.44448588551091
26.55,54.36,7.7,0.79,1.79,5.62707000196427e-5,1.37450841737564e-10,0.1976352718519047,64.50787254161288,3.61006460583676e-5,7.54785541849874e-11,-0.2226376949925794,61.63047605464461
19.94,47.74,6.02,0.67,2.07,5.15957967458324e-5,1.63261631668005e-10,0.1957547335187851,66.2872901888929,3.20228016868593e-5,8.9666827561941e-11,-0.2211977269247587,63.2019912073411
22.68,50.91,7.07,0.37,1.6,6.88744895875384e-5,1.04321572954563e-10,0.2024196878694605,60.54874083693648,4.37827278739714e-5,5.62655961115092e-11,-0.2313458102485421,57.64631674062759
21.48,76.84,4.12,0.45,1.77,8.06734608967539e-5,7.40417671685615e-11,0.210581610856297,54.54897753712931,4.77858792225923e-5,3.82303229779274e-11,-0.2437934059049257,68.08696635537501
21.2,52.02,7.12,0.99,1.71,5.2910802501688e-5,3.48382647065041e-10,0.1828866051733148,69.8502016813321,3.50628056554528e-5,1.84823244607036e-10,-0.1995105385628545,70.09998539757059
30.99,29.85,4.74,0.38,1.67,3.43458186789007e-5,1.89585179107678e-11,0.248338124750592,67.18137555820918,-999.0,-999.0,-999.0,-999.0
18.41,28.29,5.57,0.99,2.08,2.68911522901412e-5,1.31488819672851e-10,0.2110844765616053,68.62818922172431,1.69587182451224e-5,7.48631999779167e-11,-0.2416358129711539,68.31644854454153
18.64,71.65,6.44,0.81,1.69,7.41481605949836e-5,4.43736263152109e-10,0.1778263746000814,69.2506283122462,4.69708834504494e-5,2.52840581970249e-10,-0.1896818144486949,69.4882569822001
17.35,35.6,7.89,1.18,2.03,3.82557411660494e-5,1.44353827269499e-9,0.1706733078696064,80.3754334254215,2.67632708399384e-5,9.83229677315684e-10,-0.1791574498017492,70.58807892500839
23.28,22.2,4.92,0.36,1.68,2.85194511911017e-5,2.03004646476186e-11,0.2486354250673626,67.7529984475165,1.70413680371912e-5,5.34068441407257e-12,-0.2679927029029018,68.61562592235357
26.56,67.64,7.23,0.38,1.76,8.27342376004947e-5,1.10581202950188e-10,0.1981319898245145,60.62927119767869,-999.0,-999.0,-999.0,-999.0
18.08,44.29,6.59,0.99,2.18,4.59671720182201e-5,5.57768108094205e-10,0.1787543818784686,71.3398037684233,-999.0,-999.0,-999.0,-999.0
22.99,51.11,5.32,0.88,1.51,4.98587469381781e-5,8.05307791729525e-11,0.214559879814575,58.130519994849614,3.25092131246003e-5,4.4427763919388e-11,-0.2442083259547758,68.6952007037141
19.26,16.11,7.0,0.75,1.67,2.09394999108247e-5,5.06888142190904e-11,0.2429590003024523,69.7290167038401,1.27019117683999e-5,2.88002260661367e-11,-0.2533295602404345,71.50076284819062
19.26,20.78,6.03,0.31,1.94,2.55935879251027e-5,3.76410352118118e-11,0.2435308789365365,68.81721900711598,1.60802193174627e-5,2.04873283973637e-11,-0.253493901841827,69.28057371224702
32.71,21.61,6.07,0.35,1.83,3.0743995983216e-5,1.65188951795094e-11,0.2509719999545294,67.2736918426754,1.78865213091698e-5,8.21484900503304e-12,-0.267298111794134,65.29801781838019
18.15,68.4,5.56,1.16,1.6,6.01652340374721e-5,4.51485999216254e-10,0.1787871365890586,69.8254287908806,3.96799552617654e-5,2.68245340908606e-10,-0.1906216056417329,70.51457771480658
22.85,17.74,6.7,0.52,2.17,2.36204079269425e-5,3.16424066801482e-11,0.2458349133567749,69.1909709376291,1.45836047644305e-5,1.67913111123275e-11,-0.2574728137964553,69.89484286925152
16.32,71.37,4.08,0.62,1.74,7.62610186944055e-5,1.38770009447452e-10,0.2063758102966106,65.9158100352937,4.66464439241764e-5,7.75943128801585e-11,-0.2179734794081212,59.73139113933201
16.21,73.84,7.48,0.82,1.97,8.45625410204193e-5,2.33939868456607e-9,0.1358933752945165,72.04458498930298,5.71774981536392e-5,1.48822128530772e-9,-0.1607822113045085,76.47155838041985
30.19,53.61,7.34,0.39,1.65,6.88776636794299e-5,6.6042430248869e-11,0.2167175855045725,53.22527966885271,4.25671296674198e-5,3.25636378705841e-11,-0.2452846004100447,68.1842343357949
32.85,45.5,7.8,0.9,1.58,4.59318989069568e-5,6.42479467600306e-11,0.22454084810143,54.9574922020977,-999.0,-999.0,-999.0,-999.0
31.19,32.81,5.75,0.61,2.03,3.60200356264921e-5,2.89135597787694e-11,0.2443546819455061,68.1749342509629,2.23217698536917e-5,1.4322346322321e-11,-0.2563616069181273,67.94843379359061
24.56,65.64,4.51,0.3,1.89,8.04230437960969e-5,5.51364666677023e-11,0.2277336135569391,59.43892487036262,4.7887983135182e-5,2.81732328273347e-11,-0.2459111923351629,67.7963703314796
22.34,68.86,5.57,0.29,2.02,8.33617614376456e-5,9.8072626974892e-11,0.2017196002346731,58.957310137239816,5.13530056691276e-5,5.12733241353499e-11,-0.2381643530305005,67.04278387160079
18.31,51.5,7.49,0.63,1.88,6.05953329091017e-5,4.63207160348903e-10,0.178818614407097,70.042555579174,3.86208141969133e-5,2.66843357790518e-10,-0.1914070126450599,70.8729379703639
26.33,49.98,5.21,1.1,1.78,4.16119549209575e-5,6.64012906343324e-11,0.2241618020635533,55.716453197206086,2.6321813307203e-5,3.54772496450712e-11,-0.2463068611529829,68.9703278911338
24.88,24.61,4.57,0.24,2.0,3.01373958430704e-5,1.87897351270766e-11,0.2490138108018379,67.3014590602854,1.92142608015734e-5,9.64092304093585e-12,-0.2626663813599507,65.73150924868948
15.66,43.02,5.2,1.07,2.16,4.11554327885192e-5,4.75965416705074e-10,0.1815628352368531,71.58812656566451,2.71349186421984e-5,2.94655656195443e-10,-0.1947009196857198,73.41772974066009
24.93,27.26,6.52,0.87,2.18,2.93679262820685e-5,5.72573545686459e-11,0.2404938195290391,68.86812486205918,1.97420015627104e-5,2.97774090133709e-11,-0.2503237772826239,70.1271000713944
34.4,25.04,5.28,1.07,1.62,2.277608772256e-5,1.74485166174952e-11,0.2519562529992637,68.40487464873182,1.49922793073581e-5,8.65509589801542e-12,-0.2689925037096818,67.34644260758222
22.97,65.06,7.35,0.77,1.78,7.13455746473765e-5,2.36628963102718e-10,0.1860454158914316,67.36744546249258,4.68356634043236e-5,1.34965569503943e-10,-0.2029593220859161,66.5664857780493
17.54,39.67,4.52,1.11,2.19,3.65932228468023e-5,1.66051329469163e-10,0.2014560146305222,68.74129423149012,2.47142905416407e-5,9.74857386244854e-11,-0.2334897382339917,69.89251268031288
27.27,70.0,5.76,0.72,1.84,6.65613233374046e-5,8.76409279560879e-11,0.2066213677561222,58.136554782629,4.26885928825106e-5,4.56366575532994e-11,-0.240813163875075,68.33319740179842
30.63,79.13,4.61,0.21,1.92,9.01341668799829e-5,5.06738058381264e-11,0.2252717264294162,54.299195290853504,5.27679916529114e-5,2.46558151605194e-11,-0.2464870186716498,67.4315169228887
25.82,58.05,5.91,0.64,1.99,-999.0,-999.0,-999.0,-999.0,3.81186354078136e-5,4.42766226695758e-11,-0.243580235063091,68.4423275908379
30.71,31.1,6.22,0.35,2.12,3.90574148819987e-5,2.9164110204922e-11,0.2439556096362658,68.01725128586841,2.33695472407544e-5,1.44316470545622e-11,-0.2550411994932548,67.43646094155741
32.19,35.23,5.58,0.81,2.13,3.3850787425666e-5,3.04647243915326e-11,0.2441418553272522,68.35298451403699,2.16068044444774e-5,1.53338102818189e-11,-0.2559857511984033,68.46575178779169
27.52,35.11,7.7,1.04,1.83,3.36163611141506e-5,8.71771579436426e-11,0.2188197695919362,62.3763497930746,2.2120546306041e-5,2.46422142475294e-11,-0.2382001230506029,65.35273992643509
16.59,20.12,6.03,0.51,1.96,2.89205377146954e-5,7.17228285226569e-11,0.2350077265316803,64.36949610807741,1.78078704269317e-5,4.00105363313023e-11,-0.2483309930933119,70.29241530485051
28.42,44.36,7.15,0.77,1.61,4.59987782978465e-5,7.16311203437159e-11,0.2192441202761536,56.71163839186658,-999.0,-999.0,-999.0,-999.0
15.88,50.7,7.45,0.5,1.71,6.99575895706824e-5,6.31750728889544e-10,0.1753640897522034,70.16754041549682,4.54327281712749e-5,3.94805307349947e-10,-0.1852032858446426,71.23201924788421
20.46,75.42,4.97,0.42,1.98,7.88442383067401e-5,1.1718603677845e-10,0.1977401224835749,61.253350779450486,-999.0,-999.0,-999.0,-999.0
22.61,53.72,5.03,0.2,2.19,6.5364315964262e-5,5.94357980803222e-11,0.2220252188597391,51.631102528605616,3.94372046031572e-5,3.08300813411494e-11,-0.2456931172586644,68.05540001152502
33.74,73.25,7.91,0.43,1.71,9.63386483830022e-5,8.78857511918839e-11,0.2038943066353838,57.527169384039205,6.0328356923577e-5,4.37761380350661e-11,-0.2402375605096932,66.66924290951349
33.13,69.17,6.45,1.0,2.15,5.83453219826951e-5,8.11658912853713e-11,0.2112547337805303,57.7727138656366,3.86234791077629e-5,4.0612291045913e-11,-0.2442488522263326,68.5058151682742
21.09,55.2,5.33,0.8,1.95,5.35151254170332e-5,1.27104950470806e-10,0.2003508148079206,63.710860101701904,3.4377705487066e-5,6.81738925877121e-11,-0.2285493894300038,58.792934199228206
31.24,60.1,7.39,1.12,1.52,5.27720747800172e-5,9.96797218277693e-11,0.2066380885922223,61.19119034663839,3.53094306511547e-5,5.08031482354738e-11,-0.2317036074078721,68.85850650021622
17.13,46.07,4.72,0.75,1.87,5.07230164410788e-5,1.28918638651068e-10,0.2029983314593408,64.70643665339979,3.28251876010651e-5,2.23362882719222e-11,-0.2296304176726897,61.553981254592024
34.95,17.16,7.35,0.51,2.12,2.47488773804642e-5,1.5238536851089e-11,0.2536577237247734,67.8834951891206,1.26018212357485e-5,7.64818707358104e-12,-0.2725805760365,67.29722978820487
15.95,71.04,5.61,0.72,1.59,7.98919706140949e-5,4.15281158534684e-10,0.1785125329016256,69.02046691376391,5.20046179307748e-5,2.48997505458999e-10,-0.1898647177608692,69.19571774333089
33.37,57.15,6.57,1.0,1.82,5.10262092712916e-5,6.30502945113903e-11,0.2227957185890245,53.7964452025892,3.38533000554915e-5,3.16076665564125e-11,-0.2455172318980921,68.6241620360501
16.19,37.22,7.96,0.94,1.72,4.52493302715681e-5,1.36923577587789e-9,0.1704939165648708,78.45413567149043,-999.0,-999.0,-999.0,-999.0
23.58,33.01,7.04,0.96,1.75,3.52785936042159e-5,1.0031025486399e-10,0.2144398062441033,64.0135070654435,-999.0,-999.0,-999.0,-999.0
32.27,31.17,6.28,1.02,2.08,2.84031776580112e-5,3.3533276164477e-11,0.24413516789778,68.80101763574939,1.83637376725296e-5,1.67720319566927e-11,-0.2564008995854157,69.48811560125428
32.83,19.36,4.21,0.3,1.77,2.54691199428645e-5,9.59168426328249e-12,0.2609008022343539,64.67010475428032,1.35870870156276e-5,1.42384377881314e-12,-0.2840433754869274,68.09408030657777
17.93,31.7,5.89,0.45,1.83,-999.0,-999.0,-999.0,-999.0,-999.0,-999.0,-999.0,-999.0
20.17,74.46,5.9,0.31,1.8,8.95229332525864e-5,1.46870989148057e-10,0.191861847425486,63.2266600343897,5.60414608024602e-5,8.03428361260444e-11,-0.2127074475683311,58.3296208907359
34.99,51.88,4.34,0.59,1.52,5.77399568646886e-5,2.66439087341069e-11,0.2439189213816549,67.52699985783211,2.78315361279656e-5,1.30365372091097e-11,-0.255060441849545,66.41470535467192
34.0,16.2,6.36,0.41,1.84,2.46080601021831e-5,1.21302959854579e-11,0.2570990353134893,66.73952972867784,1.4533389734684e-5,6.02898802281148e-12,-0.2779381101570597,64.4656394560378
24.24,76.14,6.93,1.13,1.94,6.90174394643572e-5,3.14302870613117e-10,0.1823481865748019,68.6781407234414,4.63825663531438e-5,1.81659485020423e-10,-0.1969485384862226,68.7459528550397
28.29,53.22,5.15,0.96,1.73,4.50060283622828e-5,5.42455112002853e-11,0.2310624331980191,59.93658905249702,2.8873567335537e-5,2.75444246831944e-11,-0.2477271691101864,68.55653679876222
27.65,70.38,4.77,0.84,2.18,5.77345389973761e-5,6.84159275806417e-11,0.2170422782583283,54.354665955106796,3.65593441148643e-5,3.54565937842178e-11,-0.2439191948296157,68.3429032546474
27.16,75.77,7.15,0.65,1.52,8.21672400462733e-5,1.32586825976318e-10,0.1941053978134883,62.643360942132794,5.15536357938627e-5,6.99215515953121e-11,-0.2179798281757368,57.88239982974211
32.7,68.69,4.45,0.79,1.96,6.09818140922336e-5,4.33663418195187e-11,0.2390044621403583,66.79640301709661,3.8224047586389e-5,2.14823963296896e-11,-0.2480444026223738,67.63379946674807
25.09,79.94,6.55,0.26,2.03,0.000113645807543641,1.20670348928911e-10,0.1945672663420043,61.056670586318305,7.20324055189307e-5,6.40627898292726e-11,-0.2184051657642144,55.19808364010309
34.1,32.54,6.66,0.28,2.06,4.62190179847958e-5,2.82695787928807e-11,0.2439311957467857,67.88728407893971,2.8481192300479e-5,1.38660981561845e-11,-0.2521934225645145,64.27789549405819
20.69,74.53,5.75,0.33,1.78,8.85761570718325e-5,1.3425012142077e-10,0.193625776412076,62.392424538814026,5.55339191648156e-5,7.17568619356059e-11,-0.2167395425281936,56.52083976468381
21.04,20.85,4.87,1.14,1.91,1.88947926898287e-5,3.9706897227249e-11,0.2451644234724447,69.91109125851389,-999.0,-999.0,-999.0,-999.0
27.71,40.9,5.31,0.43,2.15,4.20145540715964e-5,3.83397178754646e-11,0.2415757513261532,68.1255467492638,2.58669175618194e-5,1.94988233843067e-11,-0.2510273095131291,68.00630958045461
21.53,56.17,6.98,0.8,2.0,6.07119977310638e-5,2.66665663326989e-10,0.1851799879166163,68.38503544011459,3.90871052034125e-5,1.53204445504159e-10,-0.2017614486627077,68.0570769106367
22.91,71.16,5.25,0.24,2.06,8.73102469815047e-5,8.51640729984315e-11,0.2054069491880125,56.8160490927182,5.27686919489987e-5,4.41767212683888e-11,-0.2378818964100346,63.148208781401785
29.33,40.01,4.33,0.26,1.53,4.53411967369696e-5,2.3705907736459e-11,0.2448341885289642,67.18089945912797,2.67708729870171e-5,1.15232424807412e-11,-0.2567853043519497,65.56988747565768
25.49,49.97,7.14,1.07,1.58,4.93110523704026e-5,1.44760482056746e-10,0.1988385190804194,65.82486285161413,3.22545162400412e-5,6.56302596567773e-11,-0.237462905422358,65.12352425449292
26.74,67.54,5.12,1.13,1.72,5.34180259484146e-5,8.66040638076158e-11,0.2099897232426423,58.873627394498,3.43385347058376e-5,4.58863176837682e-11,-0.2435379929932402,68.527499415708
17.04,30.71,4.39,0.23,1.73,4.19427916044316e-5,3.92087141561549e-11,0.2420340187956747,68.28676247823311,2.47763144619296e-5,2.1364343553995e-11,-0.2507646428520117,68.14580716724062
18.6,39.42,5.46,0.88,1.79,3.79148769448455e-5,1.43130811300458e-10,0.2026420060672575,66.72489665031098,2.45525701017466e-5,8.14674024616269e-11,-0.2280633982427782,65.2141782889262
31.85,23.88,4.68,0.74,2.08,2.36426066045155e-5,1.5324922238616e-11,0.2531297186761559,67.58589180164543,1.44433280071349e-5,7.61937097667209e-12,-0.2713136484927877,65.76863244129441
19.35,35.87,5.96,0.7,1.92,3.78618779199444e-5,1.20387382044619e-10,0.2072877540811056,65.1936956208699,2.3775796190628e-5,6.84762193618352e-11,-0.2351415074693592,62.80953536552819
33.26,34.08,5.16,1.02,2.16,2.93661502160509e-5,2.65231146451652e-11,0.2459430497564461,68.48808677026089,1.88866252050525e-5,1.31823033828521e-11,-0.2587623247549659,68.3435851573678
18.37,38.56,4.12,1.06,1.7,3.14168016573738e-5,4.07708081421405e-11,0.2227418220246656,61.85671796057912,1.95500730514906e-5,4.4311023089773e-11,-0.2459719389995711,69.526985452383
22.7,41.86,5.45,0.36,1.86,5.10461128383537e-5,5.34373932725029e-11,0.2311139105275811,59.920727441144685,3.12268583703915e-5,2.78545300157592e-11,-0.2473553863580815,68.31416238092888
15.79,51.82,5.5,0.9,1.75,5.39206476181678e-5,4.11828921564763e-10,0.1810648069048132,70.1653722927567,3.57281722028429e-5,2.45012829382124e-10,-0.1943302611677719,71.07568601354221
16.49,67.67,7.94,0.78,1.62,8.40644500305492e-5,1.79883330802973e-9,0.1460679965013455,72.01699153771595,5.6303788785935e-5,1.17608373579624e-9,-0.1718500846292825,76.01023007645114
31.76,50.34,5.14,0.42,1.5,5.84272992138303e-5,3.44755706309727e-11,0.225189801460549,58.49697449645741,3.57383054045931e-5,1.68383633686134e-11,-0.2505550486949273,66.8761670820561
26.38,37.95,7.19,0.93,1.76,3.74354208491303e-5,8.60964955159065e-11,0.2168209165798631,61.259128874847804,2.38556357127943e-5,4.64729928623304e-11,-0.2449784184911897,69.30346334455781
19.5,62.36,4.75,0.32,1.84,6.52888376873179e-5,8.50305034076993e-11,0.2083309970466777,57.4613667195302,4.04185238110272e-5,4.55140756165337e-11,-0.2417759296743647,68.15513558789851
22.31,37.48,4.97,0.92,1.57,3.58713770722958e-5,5.68837329267899e-11,0.2354950635858988,64.1922407778907,-999.0,-999.0,-999.0,-999.0
31.3,63.96,6.34,0.76,1.92,6.34587267946445e-5,7.06473917853679e-11,0.215112289587996,54.8819482134692,4.00113079285054e-5,3.57174334509666e-11,-0.2449193945938035,68.37074597443859
26.41,68.1,5.38,0.4,1.56,7.34342431634707e-5,6.57580175881301e-11,0.2152962853775945,52.604271405103795,4.50709384650397e-5,3.3843325180414e-11,-0.244525871097818,68.01603445420562
17.49,69.36,5.16,0.82,1.79,7.4121296769387e-5,2.70176723472013e-10,0.1844494803836409,67.9803424100713,4.98854096509979e-5,1.60795719041679e-10,-0.1987407716085041,67.50935746528961
15.6,78.7,7.48,0.38,2.1,0.000107002917368393,1.22351900475493e-9,0.1591179337024071,67.47854892906271,6.91390552111732e-5,7.54748507776398e-10,-0.1760103269717864,70.2958771780961
28.37,47.99,5.54,0.63,1.98,4.81216429675155e-5,4.8822944451051e-11,0.2343529127710943,68.10855046737899,3.02233105541505e-5,2.5130869129304e-11,-0.2465282123538316,68.22284835545712
30.76,52.85,4.88,0.68,1.96,-999.0,-999.0,-999.0,-999.0,3.12249498113423e-5,1.9446697372483e-11,-0.2497192003407734,67.64698806748693
20.71,77.38,6.22,1.08,2.11,6.81583674539284e-5,5.10326691667098e-10,0.1767758489989807,69.68549169419279,1.34127025180384e-6,2.80115534436762e-10,-0.1887756497562255,70.1578675361132
31.54,74.06,7.9,0.58,1.93,8.38661280558094e-5,1.11116218335244e-10,0.1986168287677882,60.86648593101268,5.28726680259534e-5,5.61624768310974e-11,-0.2278854229989147,54.411848913010516
27.91,50.65,6.37,1.11,1.68,4.32650963768288e-5,8.53329708009549e-11,0.2139597367483743,59.931620135682486,2.8256180394908e-5,4.5854140433517e-11,-0.243323194308029,68.99738097815641
30.94,74.55,4.88,0.5,2.12,7.45708041129633e-5,5.47862241294963e-11,0.2235220600709335,52.85687006382811,4.57072687202029e-5,2.69767065016988e-11,-0.2463221836926951,67.82641862094519
17.42,20.6,4.67,0.7,1.77,2.60994424661784e-5,3.90524598242498e-11,0.2444722250944833,69.3717472763796,1.59618907232869e-5,2.12928536646032e-11,-0.2551801631409611,70.1763643555888
26.46,51.43,5.55,0.24,1.69,5.98102911806602e-5,4.82994707465836e-11,0.2316534371501299,60.18143947818039,-999.0,-999.0,-999.0,-999.0
19.17,48.44,4.71,0.63,1.97,4.52910232672036e-5,8.84253311117316e-11,0.2130835768987011,59.876323881690205,-999.0,-999.0,-999.0,-999.0
17.83,43.94,7.42,0.68,1.53,6.02911556792276e-5,3.92749597597662e-10,0.181515750599789,70.1273408245672,3.34581436570337e-5,1.18295336242619e-10,-0.2055275200949993,61.528692519622815
34.28,23.24,7.32,0.29,2.18,3.5804399265864e-5,2.18937244650517e-11,0.2473635685851067,67.9271729425307,2.22005891605843e-5,1.05544798104472e-11,-0.2614728465286166,66.90396404381576
29.31,70.76,7.31,1.04,1.93,6.21053775687088e-5,1.516379476997e-10,0.1939771556964141,64.8383489275231,4.07634628996805e-5,7.86966313267337e-11,-0.2189120687271228,61.46401379243949
16.28,53.01,7.13,0.7,1.56,6.70721008675756e-5,6.74789879540493e-10,0.1748550418908581,70.28492328115719,4.4748055657133e-5,2.23426095314544e-10,-0.1839093958644364,71.5344264034996
28.16,33.74,6.34,1.15,2.06,-999.0,-999.0,-999.0,-999.0,-999.0,-999.0,-999.0,-999.0
21.4,58.63,7.86,0.57,1.82,7.30179461253885e-5,2.82879086077914e-10,0.1831959151920561,68.11282896224341,4.6684367847405e-5,1.65745323148124e-10,-0.197926555326552,67.72195760003652
15.11,50.18,5.38,0.45,1.72,6.23918014071663e-5,2.0500739294467e-10,0.1893887838702918,66.81583550968728,3.89542894539073e-5,1.23367005185932e-10,-0.2060514328324848,65.95182621002982
30.73,41.94,4.95,1.01,2.05,3.46595992679169e-5,3.54571755645402e-11,0.2427733827741874,68.372088160444,-999.0,-999.0,-999.0,-999.0
31.51,64.43,6.28,0.87,1.96,5.94969046188339e-5,7.31173316222752e-11,0.2146018030936038,55.76172697604251,3.81197666393726e-5,3.62775468034012e-11,-0.2449592900455635,68.44343115316728
29.01,45.13,7.54,0.4,1.51,5.93498472900927e-5,6.20479763062779e-11,0.2209158921600763,52.62730271367938,3.66628464981425e-5,3.1360554710439e-11,-0.2459508009525621,68.35420636271422
31.49,31.97,5.53,1.11,1.83,-999.0,-999.0,-999.0,-999.0,1.80754500462324e-5,1.49521571300577e-11,-0.2578858016091166,69.13188946231632
32.45,65.96,5.65,0.38,1.78,8.07297568597958e-5,5.1472109257925e-11,0.2176467789682084,45.821301057102886,4.82319497888231e-5,2.52707976306728e-11,-0.2457769865555091,67.629589644357
33.53,15.29,5.25,0.56,2.14,1.91960076942372e-5,9.74885536561274e-12,0.2664803452295199,52.820032764132606,1.13623450954846e-5,4.76893712826634e-12,-0.2881885658590148,62.984079211335505
17.33,69.02,4.49,0.76,1.61,7.48676763244044e-5,1.57351759063029e-10,0.1935714232951907,64.72848129302719,-999.0,-999.0,-999.0,-999.0
30.75,38.12,7.64,0.91,1.88,3.75484099850808e-5,6.16875805634159e-11,0.2301907582673384,59.4713531038395,2.45596827039017e-5,3.14706207383294e-11,-0.2481677219455187,69.3707070122028
25.4,36.48,7.59,0.74,1.72,4.41031778759518e-5,8.99108634402662e-11,0.2143940088694667,61.441282381179604,2.98892806575887e-5,4.99661732245221e-11,-0.2442215890346028,69.10096389600743
31.08,23.49,6.57,0.53,2.15,2.84278567070925e-5,2.34758154874396e-11,0.2472859752165428,68.3332229895963,1.72686881862559e-5,1.16067565736441e-11,-0.2615693079428098,68.12068389880122
17.46,53.39,6.76,0.22,1.69,8.67112246318881e-5,1.78564680432844e-10,0.1900815437886161,65.34866132835751,5.57459985737299e-5,1.03033373035536e-10,-0.2081329166450998,63.218884706413405
29.99,24.23,4.75,1.17,1.58,-999.0,-999.0,-999.0,-999.0,1.30583699816798e-5,9.50907238509532e-12,-0.2683037382587953,68.56856467871988
34.73,24.55,7.1,0.94,1.92,2.56913639105099e-5,2.45540095168476e-11,0.247558227637126,68.85638595643061,1.69133027623419e-5,1.27321914720963e-11,-0.2612111285677188,69.17394964859227
22.15,51.31,6.0,1.15,1.94,4.62050425587175e-5,1.83302542506151e-10,0.1947253517174287,67.58343126251148,3.01239761751708e-5,1.01771900584962e-10,-0.2187955227465631,66.2183641391486
27.87,19.35,4.26,0.75,1.84,1.75210130314323e-5,1.26225174529882e-11,0.2577521983890469,67.37700295990379,1.05573402208156e-5,6.39913150898022e-12,-0.2779599776896267,64.91012260039281
24.02,27.17,7.42,0.61,1.97,3.47479097033361e-5,6.18625648392077e-11,0.233696683389745,62.76641251088871,2.25514685596604e-5,3.52684410336392e-11,-0.2479405862120622,69.6911601135001
27.14,62.58,5.81,1.09,2.08,5.06377835527822e-5,1.04184251079955e-10,0.2052006619050979,61.752221370876995,3.25823066489673e-5,5.47842356762611e-11,-0.2369055156572561,62.85151625436
16.97,73.15,6.75,0.89,1.68,8.20198066648667e-5,1.02884826105906e-9,0.1705960461374386,69.88477281764429,5.56474305274061e-5,6.35681208591687e-10,-0.1784728374362813,70.85950556552801
28.27,48.07,4.57,0.69,2.1,4.29496518361659e-5,3.78706093843896e-11,0.2258385856131502,64.4693238384558,-999.0,-999.0,-999.0,-999.0
33.29,34.69,4.94,0.46,1.54,4.3172350412146e-5,2.14131816259269e-11,0.2466387476922726,67.3773748653772,-999.0,-999.0,-999.0,-999.0
23.17,34.86,4.77,0.35,1.75,4.2645516858983e-5,3.32557691473428e-11,0.2427262293121067,68.01001007345478,2.55725108760267e-5,1.70897597816839e-11,-0.2527143414336926,67.59777513296208
33.95,36.39,7.71,0.95,2.01,3.62044066698043e-5,4.87747850788264e-11,0.2406979581118606,68.53778691805529,2.34181540614069e-5,2.4673529915614e-11,-0.2507599834213451,69.45573894722217
19.79,18.38,5.32,0.96,1.76,1.81775001579438e-5,4.01314853325526e-11,0.2454058126769021,70.04227718746931,1.14962668685797e-5,2.28884717007455e-11,-0.2559599082085682,71.66973716841957
30.68,18.92,5.55,1.1,1.6,1.77713401919868e-5,1.66340932627624e-11,0.254199924244902,68.9726795692491,1.13647016528842e-5,8.28279073082132e-12,-0.2734055229719988,68.88851552767633
16.34,34.54,7.86,0.96,1.98,4.1157291072696e-5,1.2890719129992e-9,0.1714506691345919,74.86356966898194,2.76080972519016e-5,8.53921382768476e-10,-0.1801287032076305,73.7610592022575
17.2,18.19,6.88,0.65,1.75,2.55854640906474e-5,8.07283750516496e-11,0.2322180070025633,64.28271713223438,1.72055599118414e-5,4.79587193671496e-11,-0.2475818808685183,70.68122311355818
19.87,20.53,7.26,0.21,2.05,2.94119898948161e-5,4.86710242047577e-11,0.2413381619910149,68.74058186321422,1.78169826131937e-5,2.63156298616555e-11,-0.2493773344560464,61.96811359783741
20.3,53.54,6.25,0.6,1.74,6.00029866196473e-5,1.58156587313285e-10,0.1943735959256465,65.2639179476954,3.81100871591846e-5,2.78517457932695e-11,-0.2129675907513613,67.71311480796768
24.7,37.66,6.91,1.14,1.79,3.62887927493771e-5,1.19281756085532e-10,0.2086701910739436,65.8866425472121,-999.0,-999.0,-999.0,-999.0
18.04,63.03,6.64,0.74,2.06,7.20199049911506e-5,5.36119070131156e-10,0.1822499181793648,75.5600372762162,4.20835740345445e-5,3.00036147909596e-10,-0.1883243576877169,70.53799126487041
30.62,78.26,7.95,0.27,1.69,0.000108100652860481,1.05243375788402e-10,0.197508126431574,59.4224996487949,6.73118684456918e-5,1.51216850418037e-11,-0.2187251605594446,53.75477662590799
31.36,71.57,7.16,0.78,2.07,6.96024728681809e-5,1.02049879675686e-10,0.2024205931292146,60.319757943193885,4.5122915053163e-5,5.17458627533618e-11,-0.2344723650234143,60.3950368097104
25.04,38.7,4.23,1.15,1.59,3.37109367828529e-5,3.78093248358261e-11,0.2427895533643895,68.57935533888832,2.20611167476017e-5,2.04148037946108e-11,-0.2527852712192582,69.04488203884901
23.2,18.46,6.61,0.64,1.67,2.37385530676729e-5,2.95885239111899e-11,0.2461845992978829,69.04427419420128,1.54638760470516e-5,1.57583982206734e-11,-0.2586656093146266,69.68968354641711
25.57,79.72,4.15,1.15,1.99,6.40618871719454e-5,8.19713071266552e-11,0.2109708040919223,57.578146280095694,3.66071188275149e-5,4.38108685195435e-11,-0.2436572856247516,68.4315312587927
34.06,56.88,6.07,0.81,1.89,5.50667209872351e-5,5.07823510539899e-11,0.2316701169107711,60.35232097455251,3.626665888443e-5,2.53740382389916e-11,-0.2470186525493154,68.22664393912919
32.25,79.9,6.82,0.87,2.02,7.35694933296437e-5,1.02746287469471e-10,0.201525539271781,60.2275227145819,4.80517329073053e-5,2.66595653470195e-11,-0.2224756292992037,60.3202226369991
34.31,57.24,4.1,0.39,2.13,6.52753244322549e-5,2.90948564227034e-11,0.2429787104454039,67.56048225308301,3.78575411965327e-5,1.41051155329426e-11,-0.2526998013805115,66.0936143595226
28.48,17.51,7.73,0.95,2.03,1.92845145466183e-5,2.78421967674744e-11,0.2479927204368192,69.758362708298,1.23706920907936e-5,1.45935318710558e-11,-0.2644703103684024,67.5313136920044
24.23,20.31,4.46,0.22,1.98,2.79492506924699e-5,1.52734328411845e-11,0.2523325743614082,66.8153607429556,1.55429885761867e-5,7.88571949105656e-12,-0.2683562070433644,64.87749030445339
24.48,22.9,5.45,0.83,1.83,2.53932536019652e-5,2.93235805080326e-11,0.2461969128324289,69.0337731563847,1.61628092376926e-5,1.57510380100507e-11,-0.2580003713008708,69.57804224324506
31.84,32.42,4.63,0.43,2.17,3.53710421107759e-5,2.05284155372666e-11,0.2474898239141174,53.24595227747689,2.11895846860147e-5,2.84777633348172e-12,-0.2621817790845954,61.048704240144886
30.48,25.83,7.58,0.3,1.81,3.66448578524854e-5,2.90153202577711e-11,0.2442186849178259,68.12017258390237,2.25281416102471e-5,1.43570944371254e-11,-0.2560051908870367,67.79463527884322
22.17,69.81,5.36,0.81,2.06,6.66329883938907e-5,1.44503894787363e-10,0.1950218761554988,64.02866797792959,4.28667146887279e-5,7.71474141085594e-11,-0.2193767048101128,60.346265378775385
32.59,32.34,6.2,0.37,2.2,4.16977144617742e-5,2.82176530086025e-11,0.2414254865242198,67.7241841171678,2.50415320913259e-5,1.38430062263585e-11,-0.2555074415127454,67.27958663894252
26.26,65.97,6.52,0.92,1.67,6.19199839269651e-5,1.26216743733916e-10,0.2093800109011946,74.40396288741138,-999.0,-999.0,-999.0,-999.0
15.22,33.28,6.49,1.2,1.64,3.51323497583069e-5,9.15883920751589e-10,0.1752413690151483,72.2942847160516,2.34853693070413e-5,5.86450798746631e-10,-0.1858773305098138,74.8458964428721
22.54,61.55,5.14,0.75,1.59,6.19871381512091e-5,9.04893475310389e-11,0.2076035137607102,58.907239877461215,-999.0,-999.0,-999.0,-999.0
27.66,39.18,6.14,1.08,1.51,3.46542340212084e-5,5.79710298748669e-11,0.2361699102270772,66.21297360251191,2.23919168987551e-5,3.05517880910898e-11,-0.2484279971457056,69.40390671131088
31.07,66.49,6.15,0.25,1.81,8.49745884174117e-5,5.95741036321237e-11,0.218279878203277,50.25784946007228,5.202492808259e-5,2.93727305825579e-11,-0.2454181977573969,67.8430500671863
28.77,69.72,4.26,0.37,1.55,7.16118528344027e-5,4.31798478007045e-11,0.2365546639795422,64.4810204942378,4.2698490996636e-5,2.13696743497775e-11,-0.2471033282372599,67.13184423644178
30.02,42.32,7.62,1.05,2.07,3.87515311477468e-5,8.31450791234546e-11,0.21807186049015,60.462229734206616,2.49964042707535e-5,4.28079716747669e-11,-0.2457170258662076,69.3573200105696
27.36,75.51,4.89,0.49,1.51,7.52190856322567e-5,6.1325292493732e-11,0.2178068152834154,51.027940096765896,4.60667739952478e-5,1.595063409691e-11,-0.2476338794359771,67.99654479712139
21.83,48.84,4.6,0.52,2.2,5.05005187864149e-5,6.20453546310146e-11,0.2239612655152628,53.57407607600501,-999.0,-999.0,-999.0,-999.0
28.79,19.82,5.85,0.38,2.1,2.41660686459521e-5,1.75336296405415e-11,0.2509058100916789,67.7719097320561,1.42511947102277e-5,8.78612995622638e-12,-0.2721821946569109,56.86885055814331
30.04,45.97,4.28,0.62,2.07,4.25346329424843e-5,2.99368949886544e-11,0.2433616984747261,67.8677911432765,-999.0,-999.0,-999.0,-999.0
19.69,22.06,4.24,0.33,1.84,2.26214046779178e-5,2.10085557135539e-11,0.249155119623507,68.0527316102853,-999.0,-999.0,-999.0,-999.0
19.41,54.7,7.39,0.48,2.0,6.62666280754799e-5,3.04522799704783e-10,0.1830554068264777,68.628259011303,4.19880022249287e-5,1.72077452228074e-10,-0.1978401979195096,68.3778829282984
31.52,69.51,5.83,0.5,1.51,8.03870949300467e-5,5.92121295562041e-11,0.2193915716873334,50.4118273501713,4.92101437491773e-5,2.92119459752047e-11,-0.2456335308103546,67.91824653662509
16.82,32.38,7.16,1.19,2.11,3.44021435012221e-5,1.05180556736564e-9,0.1740736708435823,72.37460101270631,2.34170735101474e-5,6.78324090118926e-10,-0.1842244890424708,74.995741884595
29.04,71.29,6.13,0.52,1.97,7.74612245691975e-5,8.10404245510617e-11,0.2074341750996347,56.44097393266248,4.76544966380291e-5,4.08968095934345e-11,-0.2432704417191126,68.0214747341811
24.31,17.65,5.77,0.61,1.8,2.38686550077882e-5,2.0316927325192e-11,0.2502568666816768,68.57494107299789,1.4222196061014e-5,1.08675181594118e-11,-0.2649201707004711,68.57213023673067
29.74,59.25,4.04,1.19,2.0,4.24190428933392e-5,4.20287225505894e-11,0.2409783327750138,68.17997548799148,2.68541032121377e-5,2.10285510234035e-11,-0.2506237368531611,68.30933918336
28.96,43.7,7.77,0.32,2.02,5.74230171980363e-5,6.61934789242424e-11,0.2190336627375671,54.1613935383822,3.54500398390573e-5,3.36368962277458e-11,-0.242677568638106,68.4282001150458
15.07,56.43,5.06,0.25,1.68,7.40098611906656e-5,1.44379565487609e-10,0.1941743265395814,63.54797198530998,4.30662568983491e-6,8.19892248393228e-11,-0.2150915006857022,60.25662918625252
34.22,67.16,5.46,0.98,1.85,5.77312833835497e-5,5.43700164672386e-11,0.2273738705499301,56.48977036051642,3.80004074599109e-5,1.38982105337723e-11,-0.2372034496667225,66.3325878292502
31.15,57.27,6.31,1.11,1.5,4.93253802083626e-5,6.93285837791823e-11,0.2161923684798558,52.41799784328219,3.25107249531409e-5,3.51395055966317e-11,-0.2458097321240925,68.7069614418209
16.54,55.79,6.32,0.93,2.14,5.91081696688354e-5,8.74227511004184e-10,0.1729861736772571,70.59754278577621,3.97020509372122e-5,5.17170269545373e-10,-0.1828577991273916,72.04420048969651
23.41,21.13,4.36,0.96,1.95,2.03771827611724e-5,2.19069765250064e-11,0.250314585806874,69.10511263700577,1.27641581388923e-5,1.1604468886413e-11,-0.2652809587330427,69.48006753705269
20.25,73.46,4.26,0.76,1.64,6.52916191754683e-5,1.00197334776634e-10,0.2041764416063204,60.04490063760701,4.12901954419158e-5,5.436268055832e-11,-0.2336481487024638,61.00961971557772
32.46,68.55,5.82,0.89,1.89,6.22102224857652e-5,6.54067022122852e-11,0.2182646068581593,53.523990105780406,4.01329296767054e-5,3.26972229423787e-11,-0.2445330075343037,68.31951317699811
28.41,36.92,6.77,0.23,2.18,4.68523276481128e-5,4.38266437627485e-11,0.2405032024338854,68.12658339962799,-999.0,-999.0,-999.0,-999.0
18.79,17.56,6.3,0.31,1.52,2.25784640947721e-5,3.02835721469526e-11,0.2457289215663193,68.8385134169249,1.43131763139389e-5,1.67126764264776e-11,-0.2564647433283212,69.0478402987143
20.15,57.86,7.61,1.02,1.8,5.80727447948848e-5,7.12517556908004e-10,0.1746886836863208,70.55210994634999,3.85501223647447e-5,4.04470671608541e-10,-0.185564589418232,71.83931520060301
22.63,28.56,4.98,1.17,2.07,2.4793863157159e-5,5.40960632151001e-11,0.2413903660801965,69.11626030530721,1.6276688079168e-5,2.91883878526061e-11,-0.2516227823115083,70.59324589816721
29.72,54.78,7.09,0.91,1.75,5.21515368647634e-5,8.4747999865825e-11,0.2116112865442329,58.78766827222018,3.3686518635636e-5,4.37511493687596e-11,-0.2441819137742733,68.67036062337631
17.97,60.57,4.41,0.53,1.81,2.82830597512398e-6,1.00537957368147e-10,0.2049920216324017,60.29765314048582,3.55168645503827e-5,5.47427597211767e-11,-0.2335254526645304,59.601725883181686
29.1,56.07,6.95,0.65,2.12,5.89351940820773e-5,8.51655328365181e-11,0.2091760200605164,58.359842477040594,3.70440111161978e-5,4.37668419003308e-11,-0.225564427520858,63.48197928700572
30.82,28.5,4.02,0.64,1.59,2.84249261644027e-5,1.54875817846162e-11,0.2517489943947572,66.92284183129699,1.67307128185938e-5,7.57566090077909e-12,-0.2689160638919458,64.84614744109606
19.74,47.03,5.05,0.97,1.52,4.34449406661402e-5,1.1343055229774e-10,0.2069805400316238,63.68520803586841,2.76731415724001e-5,6.45016296153917e-11,-0.2360067141745566,63.709959455111296
33.94,46.83,6.04,0.69,1.67,5.13072800026696e-5,3.89784557710096e-11,0.2412093562739112,68.07379850251411,-999.0,-999.0,-999.0,-999.0
25.67,62.97,4.31,1.11,1.61,5.39232016425164e-5,6.18109336280217e-11,0.2241956326615114,53.80146626079391,3.06495717496058e-5,3.28860844628293e-11,-0.2460947741099058,68.5502289191969
22.5,57.32,5.08,1.08,2.04,4.9314537772809e-5,1.22541207755556e-10,0.2026153563946593,63.77350470336571,3.2203106084094e-5,6.65405726261997e-11,-0.2335405099572457,69.18925981500432
17.27,59.7,7.85,0.44,1.56,8.79026866067498e-5,5.30681029922615e-10,0.1759823801470288,69.49034165302089,5.99357978945631e-5,3.14456365631196e-10,-0.1866517836377123,70.03879608001549
26.75,46.76,5.7,0.39,1.51,5.33753507308738e-5,4.67701525908423e-11,0.235634061134025,63.83331692790908,3.29765842780617e-5,2.3630909598616e-11,-0.2445829876084926,67.45208489131299
24.14,67.25,6.64,0.73,1.58,7.52931068890086e-5,1.45047133925085e-10,0.1939543757067568,63.91774672229461,4.94185592331404e-5,8.02370359355111e-11,-0.2162350367578025,60.644236484334506
28.83,17.42,4.14,0.34,1.85,1.85553619909246e-5,9.81366237922906e-12,0.2612621014887425,65.20016172907691,-999.0,-999.0,-999.0,-999.0
25.48,50.87,7.72,0.94,1.85,5.31826209436804e-5,1.72857377618093e-10,0.1944573376546583,66.90478787161072,-999.0,-999.0,-999.0,-999.0
29.68,19.95,7.75,0.59,1.59,2.62276691923598e-5,2.45991473492245e-11,0.2472119532868453,68.58372457825831,1.62816398093105e-5,1.21551603322573e-11,-0.2613355604846163,68.5149637375062
29.77,46.08,6.32,0.34,1.7,5.81199637891017e-5,4.4996201376716e-11,0.2366010365583812,64.6374999844756,3.58427016209497e-5,2.22627745135955e-11,-0.2486817454581198,67.8131734553876
27.92,57.94,5.41,0.74,1.89,5.34932854736208e-5,6.09637351183e-11,0.2229174836195571,52.569564142405795,3.40705114820381e-5,3.16029147579928e-11,-0.2440507125423972,68.34285902382823
19.6,46.89,4.02,0.57,1.67,4.47696123473682e-5,5.11216174390372e-11,0.2369738967891134,65.2817770547795,2.69869535727836e-5,2.72588545319473e-11,-0.2449910980551512,68.1222289421117
16.92,49.86,4.85,0.94,2.07,4.96555356505818e-5,2.36198762888688e-10,0.1901240078463994,68.9174441623585,3.22999065167787e-5,1.39846066051429e-10,-0.2079524180369969,69.049099736738
19.33,61.86,4.43,0.45,1.58,6.0456474789622e-5,7.61194985524251e-11,0.2133425845791008,56.01973346410599,3.81106692945687e-5,4.14399248590387e-11,-0.2415023549477292,68.2458366154721
31.26,67.32,7.14,0.21,1.68,9.46341691782796e-5,7.17311901004876e-11,0.2100692718473452,53.8433347121616,5.79940589340756e-5,3.54443389293789e-11,-0.2440230762388632,67.9916681085313
21.31,51.19,4.37,0.85,2.01,4.64896934256177e-5,7.66284470939884e-11,0.2176918937102105,57.5967753583509,2.88356808784872e-5,4.05960741725475e-11,-0.244986655509943,68.76445846165672
19.29,29.05,4.29,0.78,1.88,2.59717353713664e-5,4.41346271263125e-11,0.2425559141049395,68.95923693277823,1.62290668788446e-5,2.43000242654173e-11,-0.2513141176206168,69.68828998708787
23.53,66.98,5.9,0.38,1.98,8.16635059577711e-5,1.00276888129949e-10,0.2016207160925848,59.49209971068381,5.16738111990294e-5,5.31357533329131e-11,-0.230356634868877,56.56586086079501
32.78,39.58,6.62,0.77,1.83,4.08142353756264e-5,4.10760072121296e-11,0.241352080966205,68.30050280252051,2.65765036412973e-5,2.05092470149232e-11,-0.2538003244622412,70.57574698709182
18.74,30.83,5.73,0.34,2.15,3.55906711878799e-5,7.08583195258315e-11,0.2255662119992038,57.6771028766693,2.23952949497912e-5,3.90007530076753e-11,-0.2461401594285693,69.1404381254247
15.29,60.04,7.1,0.59,2.14,7.39212319868099e-5,1.21736641097915e-9,0.1665192722210387,71.59027610335563,4.8256048304325e-5,7.60342571487371e-10,-0.1775545184863547,71.2646696162446
15.5,47.19,6.7,0.32,1.56,6.80234311367314e-5,2.56950180972967e-10,0.1858076168339724,67.93548342006301,4.4261313310726e-5,1.48934925422146e-10,-0.2015737167597646,67.33017390463081
16.87,28.69,5.49,0.61,1.63,3.59060369561842e-5,8.96707463880075e-11,0.2192950881358495,62.4479744547437,2.32259933564057e-5,1.66792049050375e-11,-0.2299750666030122,69.11111429083269
16.83,78.44,7.38,0.25,1.5,0.000123781996110549,4.33209216833358e-10,0.176178539250818,68.3317034815305,8.11418823316252e-5,2.49512394941569e-10,-0.1867851485407718,67.9540354571036
34.69,67.86,4.4,1.19,1.91,4.99819352185124e-5,4.16103592014674e-11,0.240759799350067,68.09207312770879,3.33841374638952e-5,2.10657197815932e-11,-0.2498432301712388,68.07651676667109
21.17,65.04,6.43,0.86,1.67,6.77939702631627e-5,2.60271184658794e-10,0.1847842606044159,67.89342527338202,4.33419327139267e-5,1.37741808581584e-10,-0.2024253013826676,66.47742486884958
31.69,68.36,6.37,0.71,1.54,7.14630074066409e-5,7.05650870425726e-11,0.2135909426239816,54.44010398359228,4.58242923249629e-5,3.51486194034952e-11,-0.2446591586476653,68.2140330519804
26.24,61.39,6.18,0.89,1.53,5.87650525710937e-5,9.79148047851654e-11,0.2052567150317356,60.3331706760179,-999.0,-999.0,-999.0,-999.0
20.87,40.36,4.68,1.02,2.04,3.46059402691682e-5,8.72941416547741e-11,0.2186521447934579,61.60226024518881,2.21601733750151e-5,4.66359052014781e-11,-0.2442395318050045,69.4411397802355
26.51,71.27,7.37,0.46,1.77,8.40357707206847e-5,1.30061347812207e-10,0.1944013393522885,62.399716851336606,5.17450993447124e-5,6.8481859394806e-11,-0.2185158406857197,57.419559684181806
25.97,35.76,4.99,0.32,2.04,4.64434169585126e-5,3.18962074367845e-11,0.248647490662783,76.31695290631879,-999.0,-999.0,-999.0,-999.0
24.2,15.7,5.8,0.27,1.53,2.51623311415975e-5,1.51893066880572e-11,0.2531498600591688,67.21536940085728,1.46673035955519e-5,7.80908679033781e-12,-0.269636397853766,65.4289525799389
27.41,64.49,4.0,0.49,2.18,5.61289179199314e-5,4.29507623946443e-11,0.240242596216068,67.9119149312265,3.35626026713701e-5,2.18487119529669e-11,-0.2485849138625052,67.62047740245
18.25,29.63,4.81,0.52,2.09,2.94795838166923e-5,5.69952135403717e-11,0.2403256229805249,68.70297114089549,1.82549569650213e-5,3.11109154145752e-11,-0.2488275443992904,69.4562825108454
29.84,35.52,6.52,0.85,2.17,3.40199501556134e-5,4.69172620660223e-11,0.2409837009515283,68.5196200041528,2.16594198781441e-5,2.32811626565948e-11,-0.2462933842715855,68.5847022062474
33.96,21.08,4.63,0.24,2.08,2.95315865177083e-5,1.1458934444941e-11,0.2568415489875828,65.56477897497962,1.61056436585253e-5,5.56172961912635e-12,-0.2774217967565863,61.80725922376909
22.87,38.74,4.76,0.75,1.75,3.95423897229334e-5,4.69269748955916e-11,0.2407100326763505,68.36649218969399,2.46094932084768e-5,2.50238713631645e-11,-0.2496757579163475,68.80012845948261
27.3,59.35,5.03,1.07,1.82,4.72074207013597e-5,6.71243346765455e-11,0.2207930397563121,54.97961662451259,3.05735379734212e-5,3.5227405266964e-11,-0.2456723766534162,68.65146362256611
15.24,60.99,7.08,0.45,1.99,7.99710049593785e-5,8.26533208347725e-10,0.1724601279182232,69.9583799160288,5.16544377869418e-5,5.03401839680399e-10,-0.1812329781951531,70.8689918355153
25.6,43.0,7.44,0.6,1.57,5.65114936755116e-5,8.74560776663084e-11,0.2112172935683181,59.59166929595527,3.11258212385666e-5,4.69186983874673e-11,-0.2437946557452271,68.71443033554381
22.22,31.36,7.25,1.19,1.55,3.10766681423499e-5,1.53552995047735e-10,0.2046007861012535,68.93484437577813,2.07883663952683e-5,8.93398781806199e-11,-0.2337887183175347,69.0850703520993
32.96,30.07,5.66,1.13,1.8,2.62029216106572e-5,2.66256908577339e-11,0.2464925273954304,68.7874701273373,1.71407225799596e-5,1.3443526706139e-11,-0.2596782839537376,69.0231068518096
32.61,23.59,7.13,0.63,1.86,2.91983862366908e-5,2.39030841426257e-11,0.2470807848195931,68.40326913831532,1.84013723174226e-5,4.31987093751237e-12,-0.2627789693774268,68.81470773412249