Lch,Wch,Tch,Tox1,Tox2,Ion_N,Ioff_N,Vth_N,SS_N,Ion_P,Ioff_P,Vth_P,SS_P
26.05,15.58,5.55,1.02,2.04,1.51933212421328e-05,1.8044005592244e-11,0.2633430666416059,60.65420555617748,9.20085598275856e-06,9.46078777730318e-12,-0.2726624891815232,70.6366861033258
24.85,30.07,7.6,0.49,1.57,4.36407460819964e-05,5.7821116078563493e-11,0.2324067903325313,61.3733217444222,2.78813657881412e-05,3.14134209395631e-11,-0.2374692909610359,65.08594736662249
32.49,38.2,4.98,0.51,2.06,4.17835751898024e-05,2.61240474607541e-11,0.2447510940272062,67.79764364579202,2.53236014352425e-05,1.2764125087492399e-11,-0.2562695070045449,66.68861133345602
28.14,22.59,6.85,0.71,1.59,2.5673285450438e-05,2.8022209478867002e-11,0.245969206717154,68.77698336549379,1.61675769084984e-05,1.4503328647762598e-11,-0.2576731192443585,68.87911000122388
21.4,58.39,4.15,0.63,2.0,5.62035252959561e-05,6.5871117673092e-11,0.2198449362236633,53.68145138825961,3.38645810200596e-05,3.4692761137227e-11,-0.2443255304375491,68.3589584550498
32.54,51.21,4.74,0.38,2.14,5.83199170188038e-05,3.2386544183241294e-11,0.2422260015683146,67.76126829127737,3.40659794303995e-05,1.59026127013683e-11,-0.2515009590837204,66.76485829014479
22.25,27.95,7.96,0.5,1.99,3.75499896332923e-05,8.98781673651267e-11,0.2172747643092552,61.98412266669828,2.39447571970565e-05,4.73189135110219e-11,-0.2443172383520184,69.497942077299
17.16,41.23,6.99,0.49,1.77,5.85385467866437e-05,2.62266598309735e-10,0.1873587914719848,68.95080134637851,3.82865490245609e-05,1.55379277462645e-10,-0.21232978718058,69.05264988461978
15.01,37.77,7.18,0.83,1.87,4.55551188835558e-05,1.3133050201599701e-09,0.169889330322669,76.97262132070016,3.0106781646563e-05,8.56002077057672e-10,-0.1784643103804998,72.68598397838431
28.71,53.37,5.17,0.53,2.09,5.29587763990875e-05,4.752381927010459e-11,0.2350051547267692,63.28485382332039,3.22513371437495e-05,2.3768093560968898e-11,-0.248247994245845,68.0173857612272
20.8,44.68,6.69,0.84,1.68,4.75022753510513e-05,2.00062855329382e-10,0.1926340927288607,68.0705997974372,3.06813292097262e-05,1.07301218153243e-10,-0.2153438774660612,66.6024961544246
26.54,46.01,6.64,1.19,1.67,4.00899894823829e-05,1.0562826371902001e-10,0.2091114109713071,63.50622322806967,2.58620246131577e-05,5.821122983224269e-11,-0.241336960836689,67.198521296668
20.54,28.73,7.87,0.62,2.06,3.56657923746368e-05,1.66446501146566e-10,0.2007933011057063,68.8111100999634,2.31058287158905e-05,8.6265878304393e-11,-0.2306728798517199,67.22438850640009
16.29,78.33,4.77,0.85,1.63,8.03645959870331e-05,3.05221006511088e-10,0.1821523302547123,68.13309483147451,5.17076647829267e-05,1.79629177158457e-10,-0.1954877154839021,67.4751100867031
24.99,72.15,7.86,0.66,1.53,8.82183466068807e-05,2.03026394275398e-10,0.1868529435670262,66.0604555289481,5.91253932467909e-05,1.14492941422237e-10,-0.2115154666864904,66.49639604577301
24.43,79.2,6.47,0.41,2.0,6.52611100750284e-05,1.35687320947019e-10,0.1928319191483347,62.47375038307709,6.40787306233623e-05,7.33150447412314e-11,-0.2150416978269022,57.90493466751639
17.05,27.64,7.6,0.31,2.06,4.41927193981416e-05,1.71815397078965e-10,0.1986437353884826,68.1839915494607,2.87744845952037e-05,1.0095153866013001e-10,-0.2215423455752623,67.9493545734815
26.41,70.42,5.36,0.57,2.08,6.80357540110031e-05,7.947283552775759e-11,0.2095213080099159,56.42946729140149,4.23657049813373e-05,4.1686067532348696e-11,-0.2434877193301302,68.2405111812425
21.47,19.1,7.08,0.71,2.1,2.44147644494019e-05,5.54041616183991e-11,0.241291618364931,69.1823594366699,1.51703828601706e-05,2.97571554073884e-11,-0.2510313556525127,70.93954895281642
24.6,50.02,4.16,0.3,1.88,6.16440602913151e-05,3.66857706476445e-11,0.241439483762565,67.8885109973777,3.55409108946322e-05,1.89182405843523e-11,-0.2501423623876699,67.25614499062249
24.6,50.88,7.13,0.64,1.66,6.20644130660459e-05,1.11293791718776e-10,0.2025271447299557,62.1142910629193,4.06231954692244e-05,6.118866269165489e-11,-0.2306111872902779,57.62859415865651
26.43,68.03,4.14,1.15,2.06,4.86681405514262e-05,6.46673222520792e-11,0.2223925666896194,54.08670478446911,3.06532938235628e-05,3.44138826289415e-11,-0.2457507436163559,68.57464582355671
20.02,65.88,7.78,0.22,1.65,9.40745310727963e-05,2.37264065337934e-10,0.1837975495560769,66.5114090724339,5.91807826682454e-05,1.28868575994534e-10,-0.1995469747446815,64.60661900835191
28.99,18.92,4.56,0.84,1.62,1.82132818368744e-05,1.2938939178546099e-11,0.2569974745279737,67.53890154818043,1.07829123397253e-05,6.42111094948835e-12,-0.2779783178194468,65.94958223331193
26.13,67.7,4.86,0.96,2.04,5.52590533222224e-05,8.04232304594097e-11,0.2261126020610179,71.6382128599771,3.47555688484031e-05,4.2526542576609796e-11,-0.243947720487839,68.48516538933691
25.83,54.03,6.74,0.78,1.71,5.96039164554377e-05,1.03759191008774e-10,0.2219867604009282,78.83759958628661,3.53283928063115e-05,5.52592357247874e-11,-0.2375002154464687,64.72078878880811
18.92,32.76,7.4,0.36,1.96,4.26366043958454e-05,1.46910566863298e-10,0.2083544871290094,61.0521782379016,2.67960878961481e-05,8.1640885527162e-11,-0.2257488416980576,64.50910929349548
23.34,16.89,4.47,0.59,1.55,2.02022941318036e-05,1.39196185386819e-11,0.2561195823591478,67.65914750119408,1.18904018059415e-05,7.232371229474689e-12,-0.2743168179486327,66.11828761200991
30.01,59.15,4.19,1.11,1.89,4.45067853865087e-05,4.2302290541677003e-11,0.2408393930838107,68.14647276917619,2.8156247438687e-05,2.10001596870804e-11,-0.2503899695919728,68.20705740766988
30.56,18.98,7.46,0.83,1.68,2.23059711032286e-05,2.2734323868196198e-11,0.2489851513240404,68.95965814900597,1.40520689490061e-05,1.1335446799378e-11,-0.2646517153226238,69.36016124487281
33.0,45.39,4.26,0.52,2.13,4.71104382644291e-05,2.5585329406930598e-11,0.2446143137758161,67.5916473986152,2.78709087204581e-05,1.2420160802114598e-11,-0.2564927427326523,66.44804374530702
22.13,15.82,4.95,0.4,1.87,2.03522687783487e-05,1.5362102883265498e-11,0.2535543535978975,67.44237434025072,1.211884896735e-05,7.91714818711784e-12,-0.2763663172360173,60.6110420659505
22.5,41.69,5.02,0.31,1.67,4.98011549187928e-05,4.4092806985739294e-11,0.2404250617733989,68.0899052324634,3.10026474007567e-05,2.30585205627665e-11,-0.2488144165199372,67.94729293889509
22.02,71.03,4.36,0.36,1.92,7.56415521352154e-05,6.896382743411269e-11,0.2138910193845195,53.4014664938319,4.58478673343234e-05,3.5694329451750894e-11,-0.2443388566163661,68.06816012005679
17.62,54.27,4.52,1.05,2.13,5.07016204742401e-05,2.0219365636464501e-10,0.1928481182448535,68.06145364873821,3.03461572091889e-05,2.73064724076003e-17,-0.1768851489472374,29.914944770451285
34.87,60.59,7.69,1.12,2.13,5.06774320569304e-05,8.675154930757019e-11,0.2114077930382578,59.75484346517359,3.17285439555201e-05,4.4403943411659497e-11,-0.2432179886624241,68.85678099428011
29.5,43.11,4.6,0.31,1.8,4.82141108079092e-05,2.8528670650247098e-11,0.2432808583524197,67.59847721563789,2.81260300685242e-05,5.90331957142789e-13,-0.2648088287970969,68.30942464010067
29.5,18.23,6.06,0.44,1.53,2.3246079391761e-05,1.5859805706945398e-11,0.2522701664403812,67.5006144880749,1.48851813861329e-05,7.72583232358685e-12,-0.2697686476348874,65.76371311055698
31.41,33.3,6.11,0.91,1.67,3.29319959012315e-05,3.33929720329334e-11,0.2435443767586774,68.4928920116448,2.11329373142299e-05,1.67479065902787e-11,-0.2551403982453571,68.83720443880212
32.87,22.43,4.67,0.4,1.92,2.74352123459682e-05,6.67250078440257e-12,0.2638675208387208,68.29239052450828,1.58150891933682e-05,6.25785620521382e-12,-0.2743452139397735,63.46037815759392
24.45,74.46,5.82,0.25,1.97,0.0001008293464053,9.22486448867527e-11,0.2022298197016376,57.87421207768698,6.15281892825294e-05,4.89995701442615e-11,-0.2310650513474401,57.02704417938731
18.02,55.72,5.43,0.7,2.1,6.20035874230395e-05,2.11007535247061e-10,0.2077996731583397,85.48751969428439,3.5411188820263e-05,1.18329664842775e-10,-0.2086710299694614,66.32011355789871
18.84,52.31,4.45,1.07,2.17,4.22944598833818e-05,1.51267244687858e-10,0.2088043747229623,68.17115303228258,2.67977202245085e-05,8.533885678206829e-11,-0.2238193575191143,64.6739051856629
28.42,55.05,5.9,0.88,2.2,4.84932808337066e-05,7.338741460480829e-11,0.2170306817233888,56.6514922673198,3.11003048861332e-05,3.8227929240302695e-11,-0.245094891747349,68.68942654956881
28.42,35.0,6.02,0.8,2.19,3.33367885850033e-05,4.43555670037794e-11,0.2413391790978537,68.5261546668478,2.0971389480527e-05,2.2981583136607098e-11,-0.2512811286301761,69.2632505154143
34.4,16.75,5.55,0.5,2.19,2.18632960466847e-05,1.1040413041715299e-11,0.2596087516451421,66.66937109913887,1.32504364352377e-05,5.41931964991644e-12,-0.2822367362333398,63.89752490196379
34.4,68.46,4.97,0.83,1.73,6.31920598160673e-05,4.57497180368231e-11,0.2354672677758733,63.63159273306998,4.10937523998601e-05,2.27253082018744e-11,-0.2483061472208777,67.84480536129311
31.47,61.25,4.8,0.31,1.5,7.2871508254813e-05,3.8598447120894795e-11,0.2406422129660727,67.81515991994257,4.35105891171559e-05,1.8795181828447397e-11,-0.2485229390981316,66.839371212708
27.09,60.67,6.48,1.02,2.1,5.19688564511406e-05,1.27601679780671e-10,0.1998766450851536,63.98299085764109,3.38433632343976e-05,6.692897961905279e-11,-0.2279964123959828,59.99995451185431
15.39,34.53,6.71,0.36,1.87,4.87150440136793e-05,2.31751655542046e-10,0.1908021715133837,68.85054088184239,3.07819264212087e-05,1.39819875288204e-10,-0.2087229151973176,69.22520240327299
28.85,70.99,5.0,0.75,2.03,6.29241558801056e-05,6.50340835727523e-11,0.2176491235533399,52.99799519979351,3.94945779110855e-05,3.30754347038278e-11,-0.2452003613521752,68.21588412344701
25.37,40.59,6.6,0.83,1.55,4.47423973339831e-05,7.649121609306969e-11,0.218921862135291,58.47349483966941,3.05959983724076e-05,4.18875819232005e-11,-0.2451675354203419,69.00001750097678
25.64,60.22,7.42,0.43,1.55,8.69073487859198e-05,1.11311095694062e-10,0.1991286168919852,61.04772013860568,4.58760772743727e-05,5.889490071278589e-11,-0.2264571048588162,55.235047299894816
17.99,25.6,6.69,0.95,2.02,2.13010814041266e-07,2.13295193233549e-10,0.2157452456408489,88.4711198516587,1.73455186250715e-05,1.15227692377062e-10,-0.228204324564989,73.07126313372959
15.45,68.42,5.91,0.46,1.73,8.62171365727216e-05,3.66259514139507e-10,0.1794930537380748,68.49192470153912,5.44888289437086e-05,2.18964831486283e-10,-0.1913395975968044,68.37079685807451
20.74,53.44,7.39,0.37,1.77,7.09492336316651e-05,1.84387644630874e-10,0.1899889782690435,65.87868741569211,4.43819881546153e-05,3.77007813350446e-11,-0.2169216449315989,59.1558015257738
22.61,53.65,5.58,0.55,1.64,6.10737818717762e-05,7.96045398256275e-11,0.2119411921146171,56.99217989145639,3.83209382034074e-05,4.18529250575356e-11,-0.2439763494603385,68.41516682096498
27.22,55.36,4.76,0.86,1.97,4.61565358474163e-05,5.336197282112509e-11,0.2314875554447547,60.2869623713406,2.91723653934978e-05,2.7637335525584898e-11,-0.2475249379455682,68.4612011467374
34.89,77.49,7.38,0.6,1.74,8.88358396188169e-05,8.240544047351539e-11,0.2062215808406703,56.71704387774079,5.04069167755858e-05,4.13322189558144e-11,-0.2421510215052601,68.16863735515952
26.12,25.9,6.28,0.61,1.75,2.93933367171602e-05,3.2844376031641396e-11,0.2469718916938282,71.5893717091646,1.77033263632174e-05,1.7205122724758498e-11,-0.2551175834364791,68.99339852493853
34.01,50.53,4.55,0.32,1.64,6.61760927162567e-05,2.75847112036464e-11,0.2433619673777105,67.45555444833018,3.73673198798814e-05,1.3415052026903299e-11,-0.2532932073557703,65.81485959740832
26.34,17.14,7.54,0.5,1.54,2.29090393098446e-05,2.3712528292141797e-11,0.2481943553310198,68.78167917138109,1.38288685145101e-05,1.21690905537424e-11,-0.26178186931445,68.73909877506942
26.6,23.05,7.43,0.23,2.16,3.13918852113347e-05,3.1963761956820796e-11,0.2437925663488762,68.36960278381568,1.85944215499646e-05,1.64820707910432e-11,-0.2548400276448093,68.47118739553338
26.6,71.33,6.05,0.65,2.09,7.00081684115958e-05,1.0561310434363901e-10,0.2009309967109584,60.55916988252691,4.33089479395371e-05,5.472312017778869e-11,-0.2301768271310689,56.50722656769372
30.47,56.86,6.49,1.19,2.16,4.49031255416944e-05,8.90548698394421e-11,0.212194892166903,60.2789062104952,2.97450229850985e-05,4.53467241823172e-11,-0.244423714384556,68.89843862374862
34.69,68.3,5.66,0.28,1.71,9.6879548999882e-05,4.73602296773719e-11,0.2298300821489983,58.4265790744577,5.80286126263105e-05,2.3481608430495897e-11,-0.2470709349113819,67.46919792883921
18.2,59.74,6.11,0.8,1.9,6.101478308625e-05,3.57554144065119e-10,0.1814597340152153,69.30815398893802,3.83457212118904e-05,2.00176165984995e-10,-0.1958453710204349,69.2684508662001
18.49,51.9,4.37,0.21,2.14,5.12717435078668e-05,6.45099439644248e-11,0.2312936497643016,71.67690309069421,3.14824232685881e-05,3.43083174895998e-11,-0.2451754295515606,68.2225811847336
28.27,40.11,4.06,0.51,1.92,3.6868643934772e-05,2.5149389248050597e-11,0.2450895660172815,67.6595293589552,2.2056339496648e-05,1.2553249963457398e-11,-0.2551376235481536,65.4529194916707
29.84,16.88,4.82,1.12,2.08,1.49378972386407e-05,1.2895791644757799e-11,0.2593685275987659,68.65565918255808,9.41082807362711e-06,6.504485727697139e-12,-0.2821716614769166,68.18191054819629
18.51,69.43,4.95,0.64,1.51,6.78097676363101e-05,1.4166242328383e-10,0.1950379026331146,63.6484690662216,4.28580831938455e-05,7.885237201016339e-11,-0.2162101803369006,59.91227339185778
20.05,33.13,7.53,1.06,2.14,3.3600507100441e-05,3.97394385039102e-10,0.1855490716994322,72.4418180403617,2.21291328426191e-05,2.26587377318793e-10,-0.2023846650475943,74.6750429753382
15.25,38.61,4.07,0.76,2.03,3.8172332081992e-05,1.12652503247171e-10,0.2109663039422161,64.5832832926796,2.33372422692382e-05,6.633202868290509e-11,-0.2398965105843198,66.08525171462429
17.57,49.14,5.82,0.4,1.99,6.88016703977272e-05,1.54677139116004e-10,0.1952607819970972,65.10137157916051,4.34737062659214e-05,8.947873772083919e-11,-0.21605988056526,62.8477077893487
32.7,25.45,4.8,1.07,1.51,2.2727008185153e-05,1.6770859898032198e-11,0.2523027187436099,68.16251517849209,1.45366391231904e-05,8.358446487600909e-12,-0.2696635662043685,66.93029495724589
16.88,42.42,4.78,1.02,1.72,4.16542932761281e-05,1.78950683001009e-10,0.1976166101427407,68.3172626160149,2.75958501067608e-05,1.0504133626326201e-10,-0.2203719629680462,67.5741433355001
21.17,54.84,7.93,0.27,1.82,7.9784847478752e-05,2.00109114258283e-10,0.1877808208786751,66.12090711480118,4.9457279378562e-05,1.05248626301034e-10,-0.2077567530942825,63.179748106700686
31.48,50.44,7.84,0.5,1.84,6.23589165920684e-05,6.8173234343205e-11,0.217378039237765,54.5075155870218,3.92149885116818e-05,3.4076684767296696e-11,-0.2424103279056955,68.3537492146526
31.9,43.43,6.91,0.95,2.08,4.00554046814084e-05,5.8008040748435495e-11,0.2315310042664818,60.5693624703523,2.60914172257239e-05,2.91869736234493e-11,-0.2483850869852885,69.1487010920057
20.92,32.06,7.47,0.2,1.76,4.75750263257156e-05,8.11710994823266e-11,0.2155158132315576,58.68094917591102,2.92624759748833e-05,4.2868391016002e-11,-0.2435347808909338,68.80365661474899
23.37,36.5,7.94,0.71,1.72,4.47082065972882e-05,1.25940173261708e-10,0.2043651036899952,65.1817971757896,2.91629723856585e-05,7.24718062543182e-11,-0.2320178062731236,63.403715329291785
34.02,20.42,7.77,1.08,2.07,2.07625828513729e-05,2.44288597557048e-11,0.2489697971643908,69.51308553035601,1.38543650617946e-05,1.2363652659727499e-11,-0.2642854074616841,70.36969039751432
25.46,29.85,6.01,0.87,1.62,3.3263885402621e-05,4.46425832027391e-11,0.2417195764400622,68.7074938569825,2.21523123997849e-05,2.4267023577006497e-11,-0.2513745061554748,69.53003998380942
19.09,58.27,7.63,0.61,2.07,6.75048042209918e-05,5.13987183671639e-10,0.1771207911112502,69.8887792620716,4.31164315608951e-05,2.95140174407855e-10,-0.1887190584330967,70.6021266961906
24.94,31.89,4.89,0.56,1.5,3.95902984653764e-05,2.9356146634331396e-11,0.2442480340125008,68.1214043281555,2.38673879569363e-05,1.5226777586171197e-11,-0.2550458233570835,67.75519544713418
25.11,20.74,6.08,1.02,1.54,2.29334172805537e-05,3.1014460274276e-11,0.2503502999690624,64.58115283373189,1.52277493325858e-05,1.6822338642062198e-11,-0.2579756935444954,70.34751673446249
19.47,50.59,5.83,0.29,1.64,6.05617236000855e-05,9.43970367643255e-11,0.2063477241563032,59.4250641678683,3.84872489047756e-05,5.085007782919589e-11,-0.2376421708644353,64.58380881074139
28.74,35.41,4.73,0.54,1.88,3.54482450529107e-05,2.6444476793298697e-11,0.2342202351731099,62.5158335545008,2.12415019776661e-05,1.3196766343133199e-11,-0.2567278510954025,67.26114623493942
33.79,33.36,6.95,0.47,1.88,4.41042080872439e-05,3.1898357454169896e-11,0.2431261743637388,68.1169132473557,2.73219324957868e-05,5.79118099608639e-12,-0.2643531944494785,68.54485574815963
18.98,68.91,5.84,0.94,1.8,6.46621158701994e-05,3.55621229899174e-10,0.1783367409511797,64.31269702389501,4.27624392830221e-05,2.05214986508257e-10,-0.1942965916303569,69.15958239121109
18.98,75.07,5.28,0.22,1.77,8.52687265656065e-05,1.20048404822998e-10,0.1960101464780857,61.16090379088202,5.30767240404688e-05,6.48479000028792e-11,-0.2188367221190339,55.39742109819762
22.94,42.92,6.27,0.87,1.91,4.43997469114383e-05,1.10914814119348e-10,0.2073170774029736,63.53104306786908,2.86118533063226e-05,6.044354749213479e-11,-0.2389998359131421,65.0464851818629
27.41,42.84,6.05,0.56,1.77,4.5846204921534e-05,4.919542616887589e-11,0.2359804369245463,64.29345215956758,2.91348339232777e-05,1.3180552666958299e-11,-0.2542154961055241,64.38959322844786
16.32,36.41,7.01,0.64,1.51,4.90219233938454e-05,3.25051280966997e-10,0.1856320816339002,70.35884640464579,3.17714209733031e-05,2.0177527012901e-10,-0.200448731327848,71.49649117392079
32.47,54.4,5.25,0.78,1.69,5.24696381827896e-05,4.0963792118734e-11,0.2407699500220742,68.04672560639489,3.32131599922025e-05,2.04201902275964e-11,-0.2491443980376743,67.80236887218189
25.23,79.02,5.24,0.75,1.87,8.09707735648424e-05,1.0102807528049601e-10,0.2018081493405707,59.78524179898559,5.34606567664125e-05,2.8287399725852798e-11,-0.2196479270596838,60.87902619004301
15.37,41.26,5.56,0.22,1.64,5.7121217150029e-05,1.09495720756722e-10,0.2043086708591791,61.76505068363028,3.51858341106133e-05,6.2676070729025e-11,-0.2309340860010588,57.63367427755969
22.38,30.66,7.44,0.98,1.56,3.32013222548114e-05,1.23109041027976e-10,0.2093324596691415,66.5761540765063,2.2154326542025e-05,6.979378790487649e-11,-0.2420582548720951,69.57255756369769
28.38,43.66,6.06,0.55,1.5,4.79399106979452e-05,4.6202933592493097e-11,0.2231094321492527,66.10986142176839,3.04949845075924e-05,8.65704507725662e-12,-0.2507338446609237,68.32071880784338
25.57,22.01,4.88,0.3,1.66,3.33270708544995e-05,1.73046059864784e-11,0.2503217567262271,67.1997864178511,1.43562045326339e-05,8.910219735719419e-12,-0.2652233784920801,65.80758142073651
17.54,34.46,7.63,1.03,1.84,3.9689686486237e-05,7.39346529381899e-10,0.1770737143520529,72.22312972552751,2.77073067275322e-05,4.78037810320196e-10,-0.2014452982398271,87.96443124931939
34.81,69.24,6.6,0.45,2.19,8.21201531080497e-05,6.32266188957569e-11,0.2168093114020066,52.07953820139091,4.36590241666376e-05,3.1293201389442496e-11,-0.245253953080054,68.07246510867218
33.01,22.27,4.51,0.43,2.12,2.62928196061675e-05,1.2467577745185898e-11,0.2558321242301845,66.37263448755436,1.51885762997003e-05,6.124756851401e-12,-0.2757119862623655,63.57221089357229
17.94,49.09,5.61,0.65,1.59,9.97627232114221e-07,1.49763145620352e-10,0.1969832380507886,65.2436059432685,3.30472919046418e-05,8.527577080379529e-11,-0.2191613146858544,62.9583653378322
17.94,23.35,6.9,1.08,2.18,1.28260556739266e-07,2.56190437846865e-10,0.2105379128630626,86.81039724995439,1.55406373367738e-05,1.52377484350067e-10,-0.2195490891616522,76.6852364366513
25.03,79.15,6.97,0.55,1.74,9.87022590824479e-05,1.58243843510686e-10,0.1901048910056078,63.9669121677513,6.44689262217193e-05,8.64961095821483e-11,-0.2102664916806227,60.53258706234899
17.35,75.19,5.35,1.12,2.14,6.96177901440396e-05,6.68504914560226e-10,0.174596199747703,70.09871946056039,4.76810482331132e-05,4.10875366142603e-10,-0.1842760290640204,71.0963508081847
21.96,16.08,4.01,0.98,1.87,1.54726920475652e-05,1.5249004171044797e-11,0.2567626491851989,68.89161408423392,9.30488935552593e-06,8.059884856397359e-12,-0.2767312089260032,68.63094762142464
16.23,15.93,7.03,0.58,1.69,2.44548961638797e-05,3.9294581950418596e-11,0.2380175865724291,69.54268691817143,1.53072924474946e-05,4.5442150949054e-11,-0.2476734413273369,71.11424322763149
29.06,49.56,5.77,1.07,1.91,4.24517872043399e-05,6.375009807971669e-11,0.2176611234868956,60.90865053381958,2.72579275598804e-05,3.22204486915388e-11,-0.2460666815042525,68.96446218748811
24.36,57.23,5.06,0.53,1.85,6.5320420229887e-05,6.33093502659304e-11,0.2202959658669282,52.71059883167431,4.06137480012973e-05,3.32919841015109e-11,-0.2453490598899784,68.24806489101032
16.95,18.32,7.92,0.68,2.12,2.6969041271844e-05,1.73971484644067e-10,0.2066977671463177,72.10794187888412,1.75858716482279e-05,1.11525390482029e-10,-0.230592459573688,74.7081550100258
24.5,32.39,6.7,0.42,1.99,4.39122428694922e-05,5.3366764940028196e-11,0.2354750144269787,64.02939613986221,2.79781989728337e-05,2.89514890400363e-11,-0.2481644543164191,68.89685030467591
29.58,40.71,4.87,0.45,1.54,4.35874890296407e-05,2.8787541514410896e-11,0.2434991622254554,67.7378278791986,2.65542190017318e-05,7.19316000221643e-12,-0.269604357785388,68.1417692020643
27.0,16.01,4.57,0.23,2.08,1.71697674146709e-05,1.0835473362795798e-11,0.2596567845367065,65.91991287536078,1.00785083364437e-05,5.320012236691459e-12,-0.2811069564537592,62.15621638111302
33.56,23.48,6.49,0.49,2.02,3.10211943941944e-05,2.01495224561706e-11,0.2487365068521913,67.97038388613191,1.88863930654179e-05,9.98723125534644e-12,-0.2635607253290871,66.91504078293408
27.71,52.22,7.45,1.05,1.85,4.7704019429974e-05,1.283386010775e-10,0.2013598068607914,64.66561171375682,3.10383726516761e-05,6.94455230098028e-11,-0.2295871174873568,61.767917169807006
34.55,73.0,6.86,1.09,1.82,6.20762228103761e-05,8.620354894020659e-11,0.2085878362093787,58.5793243754813,4.13710925754256e-05,4.3837103202619496e-11,-0.2425625305498325,68.50283645528252
22.55,24.99,4.99,0.89,2.15,2.48049288893515e-05,3.68125562538999e-11,0.2442828289846565,69.1355463109341,1.54956415688499e-05,2.07906272600723e-11,-0.2553024213077147,70.27272985786448
18.23,22.12,4.54,0.36,1.99,2.2699643511701e-05,2.85588773922084e-11,0.2551618550779028,77.71598423236928,1.41670685081189e-05,1.61652463053084e-11,-0.2568862585378107,68.8318356897507
30.65,43.23,4.12,0.99,2.18,3.44013422202544e-05,2.8592027693181398e-11,0.2506132421746401,68.2466469531596,2.12996426043098e-05,1.4324729768877798e-11,-0.2564899719306034,67.9527352176853
20.6,43.34,7.41,1.04,1.9,4.37244790373469e-05,4.31271795163566e-10,0.1819726134474167,71.2027685388513,2.86110126183553e-05,2.47251932493134e-10,-0.1963704533877584,72.72972570761321
20.6,19.68,4.39,1.01,1.55,1.80164340222392e-05,2.63340355940065e-11,0.2492369604532457,69.70505496548851,1.12596799313974e-05,1.3633794983068098e-11,-0.2627137573896834,70.154286879562
30.52,45.66,5.58,1.14,1.72,3.80302057148413e-05,4.77159355782168e-11,0.2404917342196094,68.35312296097571,2.46387724038679e-05,2.4168298807241497e-11,-0.2501569435504911,68.9810623805975
30.52,73.29,4.67,0.94,1.8,6.02543000476667e-05,5.6306053800011394e-11,0.2246770539629653,54.0184550956265,3.86293842584699e-05,2.8086272303729896e-11,-0.2466203231889571,68.13683747819171
16.16,32.23,5.76,0.6,2.14,3.98089034985221e-05,1.81487706233162e-10,0.1983480433967338,68.79277466655098,2.5278373475974e-05,1.0676647675351901e-10,-0.2209555544054691,68.91125637177481
20.15,69.11,6.14,0.48,1.6,7.94480940191263e-05,1.68504636188896e-10,0.1903526767094938,64.72396266779779,5.13770044729125e-05,9.369366772883679e-11,-0.2126155691468551,59.05557631097649
30.86,60.11,4.55,0.85,1.54,5.31425802389936e-05,4.0761976839921094e-11,0.2407154143612705,68.00260483933351,3.33192018869854e-05,2.0406735858315897e-11,-0.2498247575846588,67.80023230230539
32.52,21.81,5.67,0.57,1.51,2.73234532580783e-05,1.60481541877256e-11,0.252042534281155,67.53416932552209,1.62213628867604e-05,7.73045889091631e-12,-0.2696468113479971,65.3591155681909
16.99,67.16,7.14,1.19,1.91,6.68975534112061e-05,2.5679526976174e-09,0.1354123630836258,73.87064823876432,4.62970979084759e-05,1.6496278485697701e-09,-0.1581785988063212,79.13940201455077
33.68,67.78,4.13,0.58,1.57,7.17645928607066e-05,3.50539987927908e-11,0.2414395169881282,67.76994773291662,4.25177347687907e-05,1.71502428217217e-11,-0.2507017251478991,66.92103873365443
33.68,36.53,7.58,0.72,1.97,4.0274051692442e-05,4.4228273382696794e-11,0.2410154063483129,68.3910231697997,2.61392229908223e-05,2.20408827272593e-11,-0.251050730510285,68.92320202880178
19.03,29.89,4.15,0.24,1.81,2.98231817317696e-05,2.9245775611460794e-11,0.2446402962588055,68.1208123388278,1.87663178874235e-05,1.561582804748e-11,-0.2539749930661873,67.345183353717
27.95,64.17,6.39,0.39,2.16,7.29408648247225e-05,7.9938930403381e-11,0.2086811544417465,56.410225129820105,4.37107191190512e-05,4.0971246259885e-11,-0.243524289917443,68.21822047867617
22.45,72.69,7.3,1.17,2.1,6.03320165531547e-05,2.01620386040443e-10,0.179069410935823,61.53408210745119,4.32890269867626e-05,3.26322105517439e-10,-0.1875450348259413,71.08316787628048
16.18,39.76,5.98,0.5,2.05,4.97856009041467e-05,2.20928113882836e-10,0.1912388466213828,68.5212252798707,3.24679988267644e-05,1.32872265735407e-10,-0.209303687946448,68.6208095016613
24.89,20.51,4.8,0.9,1.66,2.22203720881388e-05,1.95956573312569e-11,0.2512123084180787,68.76135134716657,1.39996446014761e-05,1.06195838203284e-11,-0.2659311577564475,68.7785187771357
25.86,48.85,6.51,0.82,2.07,1.29604323978341e-07,9.635356563791859e-11,0.2246966969764842,76.9913198398105,3.00336360808603e-05,5.18233177913548e-11,-0.2422166642604259,67.6780085416633
20.98,51.11,5.18,0.72,2.11,5.06150041885565e-05,1.07836646801811e-10,0.2054893300020043,62.17764217811792,3.2057677453648e-05,5.74788206047232e-11,-0.2378775334103378,65.14176960399648
32.44,23.93,6.8,0.9,1.69,2.5276221176074e-05,2.5049241789485696e-11,0.2473729629602393,68.84328264732001,1.64105033299874e-05,1.23804231579034e-11,-0.2612051646130368,68.68647436572698
32.44,53.68,4.31,0.66,1.81,5.2014159757112e-05,3.1442930372603e-11,0.2426516458667025,67.8141477574607,3.16129781363521e-05,1.53317815454135e-11,-0.2523869331777726,66.84892771377233
27.62,34.3,5.27,0.48,2.07,3.5501391352548e-05,3.1389545727924894e-11,0.2434995200023836,68.14602328070818,2.16867578011095e-05,1.60493517074214e-11,-0.2541861042441157,67.941815657826
33.4,52.68,6.89,1.11,1.72,4.52710577994132e-05,6.47889018615716e-11,0.2237204765585731,55.00556826777292,3.03723789704608e-05,3.3065902226068e-11,-0.2457138614851805,68.91062785952842
16.98,23.53,5.99,1.04,1.57,2.70534542750751e-05,1.60080438665267e-10,0.2078199137047189,71.111459883246,1.80128372721076e-05,9.18544600857494e-11,-0.2359178672284877,71.9102930592683
18.07,78.22,5.39,0.4,1.76,0.0001019731155149,1.78685056652803e-10,0.1895984234198863,49.0746074383113,5.33422278348866e-05,9.886469922464009e-11,-0.2062408622452498,61.83190518937798
23.72,50.81,5.47,1.01,2.06,4.7059161469881e-05,1.00743055432816e-10,0.2088529430800294,61.968324467807314,3.09517455361181e-05,5.54911631402205e-11,-0.2411347344095415,66.81149259663829
28.96,24.07,4.4,0.7,2.18,2.26681923425388e-05,1.6632218052987002e-11,0.251951530986264,67.77240952843181,1.36798768134308e-05,8.36134142435715e-12,-0.2692843225049305,65.98167835366561
26.0,48.7,5.04,1.15,2.19,4.05052446919871e-05,7.10738018590141e-11,0.2324411307849391,64.64837462845041,2.50717688440214e-05,3.75993290662669e-11,-0.2462679665876669,69.16216878995391
26.83,25.8,5.54,0.86,1.95,2.41841182195572e-05,2.9502258611461e-11,0.2456761238894506,68.8871303663303,1.57235020640674e-05,1.5358167715342e-11,-0.2580498586929986,69.4421517614688
32.6,73.77,7.3,1.06,2.15,6.21238215260078e-05,1.1727070039277101e-10,0.2002620069475496,62.49669492676238,4.0890110053818e-05,5.96866928442684e-11,-0.230488551521858,57.0430703333287
23.83,44.53,4.33,0.82,1.86,4.16082475423037e-05,4.52199955498307e-11,0.2407763934070533,68.29504683985132,2.6787390327752e-05,2.3873478563469797e-11,-0.2496590472253866,68.5469515529451
19.22,47.21,5.75,0.8,1.74,4.87741041423532e-05,1.65961688261872e-10,0.1961519633759431,66.6421584284983,3.08347702539368e-05,9.20096837862197e-11,-0.2187229030577945,64.84354230672099
27.57,19.8,4.35,0.87,1.94,1.73669593369949e-05,1.4160070546128499e-11,0.2561800630485824,68.06204215679217,1.06200592580944e-05,7.26560367964366e-12,-0.2752010369975911,66.50166248448258
25.14,25.69,7.91,0.78,2.11,3.15520821899168e-05,7.117263558252469e-11,0.2307510687227052,60.4113700405989,2.12181865707608e-05,3.9352688453189496e-11,-0.2478490947626544,70.1363698775427
21.89,79.35,4.91,0.81,1.86,7.41205119239174e-05,1.2983773936051e-10,0.1960930163591753,62.580287253096,4.76344366078974e-05,6.921764013067209e-11,-0.2210781149042855,57.84657712987959
19.29,51.83,7.32,0.43,1.55,6.57280000220264e-05,2.13671901790825e-10,0.1880477788175055,66.9590375169667,4.19956050141119e-05,1.19098777991204e-10,-0.2057997924992939,65.53336963776279
27.03,70.84,7.05,0.94,1.65,6.60143397589169e-05,1.54598675013932e-10,0.1930724095168222,64.75143361616651,4.26414316862573e-05,8.34734075630172e-11,-0.2155893092942325,61.78188902719492
28.64,27.56,4.53,0.44,1.98,2.82500867602329e-05,1.8928243864333798e-11,0.2490542846586524,67.4737168210448,1.66445290467929e-05,9.468695572058959e-12,-0.2636643710657534,66.19257560747491
33.94,77.12,4.78,1.17,1.87,5.87438270457048e-05,5.5429309369848095e-11,0.2260568213095109,55.2951857338953,3.81080561653128e-05,2.7668169681702897e-11,-0.245949513138105,68.19723586973193
16.02,61.21,6.73,0.44,2.12,7.95047012038442e-05,5.72464900644899e-10,0.1754968281049313,69.66009977917861,5.11874717767888e-05,3.4184092976000103e-10,-0.1847839436194459,70.28749080745729
28.22,61.94,4.75,0.24,2.08,6.50774022535656e-05,4.5854869233721e-11,0.2336833047242089,61.9465522106222,3.88236710550125e-05,2.2880161186470003e-11,-0.2467046074128122,67.39654688927219
23.48,53.49,6.79,0.97,1.62,5.32209063958348e-05,1.66358708653386e-10,0.1947604484308161,66.2881280293045,3.640619978715e-05,3.49119606514598e-11,-0.2141825530093043,68.78787613586351
23.48,41.58,5.25,1.15,1.53,3.71399682976708e-05,7.35847016439974e-11,0.2239175869685345,58.6502218208346,2.47983686676283e-05,4.0350382738114795e-11,-0.2461756788750789,69.33256929801811
17.24,74.81,5.02,0.92,1.89,7.48678830677693e-05,3.38347742327218e-10,0.1814254810470992,68.74647240341561,5.02457422716823e-05,2.0285839767878801e-10,-0.1997869491645355,55.886915316991775
17.24,37.94,5.52,1.06,1.52,3.98503990899905e-05,2.17869369465343e-10,0.1944538085869583,69.8539177941708,2.68716587284879e-05,1.31232416969733e-10,-0.2139144777133108,70.5436627839258
16.68,26.77,6.14,0.69,1.64,3.49917551504573e-05,1.27716884436882e-10,0.2093192779204558,67.1226355147191,2.24126866779218e-05,8.0466100747993e-11,-0.2344928181776161,67.19515549911421
31.22,53.02,5.06,0.33,1.58,6.42748678302822e-05,3.63806713853222e-11,0.2411966936234569,67.81194434689789,3.76920798244272e-05,1.7756246819099397e-11,-0.2496557727419519,66.8888472809395
23.91,24.79,4.03,0.68,1.51,2.67269558237962e-05,1.8448516353606297e-11,0.2504272725814499,67.82050652870933,1.60529007260434e-05,9.64892396038095e-12,-0.2648987988259947,66.81136050473391
32.01,61.28,6.88,0.53,1.68,7.16281957202599e-05,6.539931885395259e-11,0.2165760660877274,52.99403801584809,4.49117017963895e-05,3.29008544551034e-11,-0.2451450410484706,68.18666006067339
25.35,58.98,7.21,0.23,1.53,9.46879105540996e-05,8.98180468955711e-11,0.2039461238000909,57.8568263456149,6.1475953987845e-05,4.81561862699488e-11,-0.2336688345332242,59.4397932996806
19.62,34.17,5.71,0.45,2.08,3.82424762577644e-05,7.73122058379282e-11,0.2211060491811512,58.93153253727951,2.42165932267322e-05,4.2703995370465004e-11,-0.2364313153151782,69.15147984695069
19.62,20.26,7.93,0.8,2.16,2.42532615421881e-05,1.32685382524789e-10,0.2139136047549009,70.212508489669,1.57682726626214e-05,7.626969684148629e-11,-0.2437454832795327,70.19645321259411
28.18,22.91,4.08,0.41,2.08,2.23507556333738e-05,1.3738770399126299e-11,0.2542745665041041,66.65438593846163,1.34825140945279e-05,6.8564217685049594e-12,-0.2729664479152614,63.21151971698782
16.58,46.45,4.34,1.08,1.99,4.25027865660921e-05,1.8956546828513003e-10,0.1962675100671166,68.55144915095829,2.7675272259697e-05,1.12888345188853e-10,-0.2167993989457327,68.4204913687623
33.73,76.07,7.01,0.38,1.97,9.70418348019141e-05,7.76146354499675e-11,0.2075584080299235,55.421689149643406,6.02651976546008e-05,3.83541440325368e-11,-0.2424613829773705,68.053643558101
30.5,50.23,6.61,0.71,2.18,5.01548364549787e-05,6.21841403593906e-11,0.2236881193603496,53.35114535915231,3.18273369629873e-05,3.1471184829476395e-11,-0.2466454711687394,68.64403005854669
34.31,49.24,6.85,0.9,1.92,4.69694109728894e-05,5.3020579675872495e-11,0.2323322970765671,61.09531905037579,3.10713518119775e-05,2.6736109759216e-11,-0.2482857056583508,68.7145885843495
34.42,24.48,4.97,0.47,1.88,3.09116563297983e-05,1.4431632765629698e-11,0.2529408499641915,66.80348065643832,1.85553755069464e-05,7.08677953079576e-12,-0.2704811307081098,64.4727811674289
22.96,28.4,4.61,0.7,2.05,2.95477933870271e-05,3.2007228693093896e-11,0.2445046143918164,68.6087850019262,1.81613635605579e-05,1.69721146797511e-11,-0.2558305213212038,68.94692622536202
21.76,52.36,6.27,0.55,1.83,6.31370715442805e-05,1.19951865210457e-10,0.1996791788623617,62.52531043207391,3.91057532997709e-05,6.49782885940099e-11,-0.2281800528000556,57.202154657135296
22.82,26.28,4.71,0.46,1.66,3.07690933551557e-05,2.5441680275088e-11,0.2460802647746153,68.102831210054,1.84196340373842e-05,1.3048800225671198e-11,-0.2571501312690452,66.82225526980449
34.16,49.37,6.33,1.18,1.95,4.01782064365109e-05,5.3000850882978595e-11,0.2351707097876699,63.75900819213201,2.68178407985374e-05,2.6566674443066e-11,-0.2473483151327295,68.9848763728495
15.21,77.2,6.21,1.04,1.71,7.86171886441089e-05,1.8262891327298101e-09,0.1452991732269695,71.84102803965315,5.23395784312747e-05,1.1131984183309502e-09,-0.1737243548020198,74.11190918273938
34.24,43.97,5.9,0.79,2.06,4.31696907854667e-05,3.7610645408059793e-11,0.2400440383307472,58.81911267874229,2.80443978804901e-05,5.8297371684405096e-12,-0.2474067244051017,62.074450884382486
24.02,21.92,6.83,1.09,1.88,2.2815303134272e-05,5.7101771809475694e-11,0.2415352816606283,69.41070168583829,1.55602836048705e-05,2.99248103669965e-11,-0.2522755568784856,71.16081294500678
25.09,58.88,7.14,0.73,1.59,6.81468074719263e-05,1.33992467297091e-10,0.1968495997875799,63.689409884959495,4.55151434362854e-05,7.426419530326469e-11,-0.2209830268908382,60.29227545289231
20.7,50.13,6.31,0.99,1.55,4.97952287827898e-05,2.17923086877007e-10,0.1904600532081465,68.24486293865709,3.24042445120134e-05,1.1928641621205401e-10,-0.2110138532188989,67.1710690343864
17.3,54.23,7.83,0.56,1.64,7.68263599331293e-05,5.96402449049279e-10,0.1756499798027568,70.0180095684669,5.17768995476454e-05,3.64874472043695e-10,-0.1859106765050607,70.98165346042421
32.09,25.12,6.72,0.51,1.58,3.22902747235114e-05,2.3344200195671197e-11,0.2467271643146997,68.06357313460532,2.01247748778879e-05,1.1642089430920498e-11,-0.2603230664909529,67.61283223286257
16.11,69.39,7.72,0.49,1.88,9.33522120231186e-05,1.16628047104237e-09,0.1637890529292154,68.46193082116879,6.16451195722317e-05,7.15992952699597e-10,-0.1751856912940608,70.77080508873611
32.84,53.58,6.21,0.81,1.95,5.16532769800036e-05,5.33273612801499e-11,0.2303172105145523,59.20570520662802,3.34929240369143e-05,2.6358324677767397e-11,-0.2435819137418109,68.07669424224162
16.81,65.51,5.79,0.41,1.97,8.45039361749022e-05,2.56624264016374e-10,0.1841057978216757,67.33029510871069,5.40189307253697e-05,1.48168795333284e-10,-0.1988456108607737,66.30536939037052
34.61,71.38,4.09,0.69,1.71,2.10092937292854e-05,3.6276482491072096e-11,0.2254082838666563,52.7816163872141,4.34919059377475e-05,1.78402689712749e-11,-0.2487389622518321,66.7256509575373
16.59,73.61,5.6,1.0,2.12,7.26063114534438e-05,8.26611724095676e-10,0.1725946120292526,70.0766492369754,4.88940127142391e-05,4.8506234788158e-10,-0.1819843530207197,71.09017387840478
31.15,44.11,4.5,0.4,1.93,4.76711539675387e-05,2.7285516684547097e-11,0.2438399236333035,67.6078884560772,2.79344009713946e-05,1.3307537941264599e-11,-0.2551744892941706,66.56400159229578
34.33,69.84,6.01,0.32,1.58,9.87183187725479e-05,5.321944565077409e-11,0.2182872936713258,48.8674709031586,5.82809955089535e-05,2.6112774912946498e-11,-0.2441733149327373,67.46026739599631
32.28,33.89,4.52,0.88,1.82,3.10237703423455e-05,2.1662428406795798e-11,0.2476394832071119,67.9588516886824,1.93168135954754e-05,1.06926559621256e-11,-0.2615167553911849,66.90833464692051
31.79,61.75,5.86,1.08,1.67,5.19102941924541e-05,6.459450198327301e-11,0.2212257385812744,53.9775057920861,3.40832364444362e-05,3.19836362835312e-11,-0.2452925798315342,68.5566879010021
18.69,78.28,4.33,0.35,1.67,7.63776739114322e-05,9.35298855773774e-11,0.2037864585683148,58.424764550201374,4.79840478038869e-05,5.0689065207482e-11,-0.2305194628107581,56.578283164727296
24.69,20.79,4.18,0.97,2.09,2.00512471296918e-05,1.89811321099809e-11,0.2524109599293634,68.99406178814682,1.25999032647316e-05,1.00034355512151e-11,-0.268472770166612,69.01778483281038
34.98,68.79,4.0,0.22,1.96,9.20880822824358e-05,3.1974356165030495e-11,0.2419226671096102,67.55438278090669,3.68200801795999e-05,1.5570238509002798e-11,-0.2513019188165064,66.31355577560447
34.71,28.89,6.12,0.89,2.02,2.8445998612944e-05,2.4394715156024097e-11,0.2469719734299683,68.5246204516388,1.87333778326216e-05,1.2254344119798899e-11,-0.2603198272554574,68.29487273766438
20.49,56.28,4.5,1.01,1.79,4.74125859598627e-05,1.0684254911196701e-10,0.2070029151690881,62.39101359875779,3.04682329951436e-05,5.926956879757189e-11,-0.2372798162109415,64.66100572517769
29.33,25.05,6.53,0.82,1.77,2.6929537960118e-05,2.9466768383780395e-11,0.2452083417957167,68.70111902906412,1.71039513829744e-05,1.48627621392938e-11,-0.2560574424844717,55.76221364176692
21.21,69.72,4.58,0.65,1.94,6.7802968334275e-05,1.01885303076797e-10,0.2030123768296581,60.1230137087172,4.17144065087948e-05,5.2973668202392494e-11,-0.2328348431431317,58.88255359093878
15.68,31.5,5.47,0.85,1.93,3.45369330642278e-05,2.22167412253011e-10,0.1956811025871779,70.55296447537191,2.23744790509958e-05,1.33174434474762e-10,-0.216395549934289,71.7671874935576
20.94,68.88,4.93,0.98,2.19,5.8642690342385e-05,1.82873675169964e-10,0.1915888834278315,66.3116853553162,3.81488579234738e-05,1.00129846426103e-10,-0.2128556421439992,63.809243951538726
18.63,26.42,4.97,0.77,1.51,2.58703005194806e-05,1.9486844526300398e-11,0.2306655647168012,62.3238756086445,1.64788501669909e-05,2.93286222392121e-11,-0.2502720433803663,69.9191048666668
21.82,18.87,5.05,0.59,1.95,2.20624884735527e-05,2.2986371837920598e-11,0.2486718797132802,68.67379679753138,1.33474098390507e-05,1.2106794615421598e-11,-0.2628020273629265,68.85135082472813
21.82,65.35,7.11,0.91,1.65,6.79492088903527e-05,3.2832449133204803e-10,0.1814623818239726,68.71366400577288,4.52155067151434e-05,1.82514545827611e-10,-0.1963317935984766,68.64181139043501
21.51,35.14,6.22,0.82,1.63,3.92758279934717e-05,9.571662091626369e-11,0.2129251682224907,62.33599274364468,2.4693886852917e-05,5.2449981195700095e-11,-0.2430743662280804,69.26284369574701
22.06,51.64,7.18,0.56,1.56,6.38380283215848e-05,1.42016218702389e-10,0.1960516052099384,64.14088513901459,4.07079192695998e-05,7.755611718138759e-11,-0.2217596743480517,60.22073041587209
24.47,26.46,6.48,0.52,2.01,3.54971626664764e-05,4.0459389470988696e-11,0.2421986231411649,68.57285298959759,2.20332510803782e-05,2.19416070795166e-11,-0.2520488425109819,69.17417843451032
21.32,19.41,5.72,1.13,1.78,1.94762340657317e-05,4.6984116409908e-11,0.2435591810790135,69.8126089405142,1.25415621660536e-05,2.63275259479781e-11,-0.2541629522720156,71.85971613481698
16.19,31.14,5.34,0.33,2.17,4.07594610637101e-05,9.335820362982e-11,0.2156110260225702,61.961167801814014,2.50962384987636e-05,5.2639212503127195e-11,-0.2441758602018475,69.1312248020689
32.66,42.29,4.2,1.01,1.83,3.42691258948407e-05,2.52130892757061e-11,0.245630664858857,68.01394104078811,2.19478562047519e-05,1.2531427833040099e-11,-0.2578252699985372,67.2459632495603
15.62,55.64,5.16,0.45,1.66,6.76718106099624e-05,1.71457845701723e-10,0.1923164158052891,65.4602608314637,4.23394217398924e-05,9.96065571059993e-11,-0.2114646571661345,63.49008352412381
16.34,50.36,6.98,0.26,2.13,7.41351968486458e-05,3.36245444980441e-10,0.1817394458820134,68.8234879807738,4.6820439293097e-05,1.95729769191848e-10,-0.1956384794994601,68.88983077355509
20.82,16.5,4.38,0.67,2.17,1.67756362215566e-05,1.8544285514796397e-11,0.2534106583107872,69.0820754999498,1.02451314045468e-05,1.0050148809755198e-11,-0.2690529461474732,69.20145442991712
32.33,33.96,6.92,0.38,1.79,4.60820670589431e-05,3.33754145299316e-11,0.2425819720605341,68.05949800892851,2.79810081491674e-05,6.10661510635636e-12,-0.2493602110598059,56.25807867889032
20.26,35.24,5.29,0.67,1.63,3.62224077210476e-05,6.546757181290709e-11,0.2290069338125696,58.47125733559439,2.30890465369783e-05,3.6046415179170596e-11,-0.2457301179213173,69.16261351977651
28.07,29.09,7.48,0.94,1.55,2.96990214178006e-05,5.0990230365121e-11,0.2408761153378795,68.74443036027381,1.93929346780542e-05,2.77143770167801e-11,-0.2504369455352746,69.94858395268453
31.19,21.49,4.35,0.22,1.58,2.66391502242508e-05,1.15236025994114e-11,0.2562460050364602,65.30391411936662,1.54645036578881e-05,5.58622581494989e-12,-0.277052394572873,60.52801173338232
21.55,21.15,7.71,0.7,1.8,2.80980144931447e-05,7.42290614918968e-11,0.2300922669654353,61.4608670598363,1.75297285444328e-05,4.09780166085648e-11,-0.2462601135177069,70.5844047170614
21.33,16.78,4.03,1.17,1.9,1.48053566244902e-05,2.0056402513309498e-11,0.2539701434859536,70.1364105292098,9.15813891971236e-06,1.0672616306761399e-11,-0.279889100604751,70.98299326213927
24.29,40.63,4.25,0.69,1.67,4.25064239286501e-05,3.49434231704248e-11,0.2425887936571519,68.170800803456,2.60014967441862e-05,1.8194458110677e-11,-0.2523664641848403,67.98744255492153
25.4,67.49,5.46,0.76,1.63,7.20416760348605e-05,8.698204554242019e-11,0.2075296129686371,58.13440750132978,4.73765908191537e-05,4.69672061026548e-11,-0.2389277551297941,64.30504815426691
25.9,55.04,5.44,0.69,1.79,5.98228152610641e-05,6.51838711316495e-11,0.2306992931515933,64.2822666092969,3.36169922503464e-05,1.76150229701197e-11,-0.2376772506194154,67.98238368351447
25.9,75.88,5.94,1.17,2.14,6.26991340578641e-05,1.74911290990947e-10,0.20861645766942,82.9085930886401,3.88325132243597e-05,3.5673910299367494e-11,-0.2116089677724139,68.1921395452881
27.51,76.2,7.81,0.48,1.52,9.25915863778658e-05,1.36043898293269e-10,0.192783819706875,62.6253791228267,5.80659053553308e-05,7.17360981456103e-11,-0.2157162151420539,57.83797815774641
16.38,30.09,7.22,0.37,2.08,4.51924396215543e-05,2.25320779757482e-10,0.1927753502185408,69.49835020752731,2.8241447014223e-05,1.33326212419771e-10,-0.2123971286554596,70.09052854479309
29.88,57.33,5.71,0.57,2.02,5.93628241757644e-05,5.5428945773232896e-11,0.225957803742326,55.18313932751548,3.70201677437205e-05,2.7628878852913197e-11,-0.2468923861023231,68.16757867520742
30.31,34.4,7.88,0.44,2.04,4.34382627094207e-05,4.8268535602345697e-11,0.2393659697443184,67.4118435807945,2.71054358428096e-05,2.42902150076817e-11,-0.2495887544140747,68.72856252018778
21.25,19.87,6.77,0.42,1.65,2.7837511626868e-05,3.81307401891742e-11,0.2432540058689556,68.79834045161878,1.68755370437486e-05,1.98695294511527e-11,-0.253413887523183,69.3857704504777
15.87,17.18,5.38,0.62,1.56,2.24786598189904e-05,4.9405755809650697e-11,0.2430480654770706,69.58407615158963,1.38923783734505e-05,2.5801037883877696e-11,-0.2532530039979323,70.80677334360563
24.13,49.94,4.7,0.2,1.96,6.470364408691e-05,4.3394143907388296e-11,0.2392394088883754,66.99869515492338,3.79815679176315e-05,2.19872840033168e-11,-0.248397636727088,67.50840471716052
32.17,23.16,7.67,0.77,2.16,2.64366955948123e-05,2.8761148302706696e-11,0.2459354294829485,68.92387056271559,1.67190297191949e-05,1.4929801121075397e-11,-0.2590915578654449,69.7316087378263
34.8,35.06,5.01,0.8,1.93,3.39868367014851e-05,2.25321823645587e-11,0.2469445566977407,67.9468500905803,1.86592430485291e-05,1.1196743368661899e-11,-0.2602042591210974,67.083939103113
21.26,57.66,5.44,0.59,1.94,6.14984514970279e-05,1.13249994349023e-10,0.2014582851123323,61.85905127363489,3.86288458251292e-05,6.013303761294849e-11,-0.2310273764770673,58.8306337777266
17.8,79.96,5.78,0.88,1.7,8.75554855210273e-05,4.65842011260957e-10,0.1770248744180704,69.17430270008872,5.12553857776953e-05,2.67657749640529e-10,-0.1884272026046625,69.4130820238356
15.33,17.55,4.12,0.32,1.61,2.16322727163067e-05,2.2553178173447197e-11,0.2494542973588427,68.56482453749621,1.30677480400048e-05,1.20680433382907e-11,-0.262505060035984,68.0369405830904
23.73,17.64,6.53,0.25,1.9,2.72841431288384e-05,2.2013179431216197e-11,0.2480913626043151,68.10388611326832,1.67744664514677e-05,1.14065171533569e-11,-0.261622205128499,67.57163718937798
33.45,52.84,4.83,0.26,1.71,7.06700860599732e-05,3.1383957033190094e-11,0.2422139377476989,67.61614327433499,3.98537292172149e-05,1.52419756380414e-11,-0.2520445062811112,66.49264409867048
31.84,41.45,5.59,0.54,1.59,4.71257232355496e-05,3.2516954454599195e-11,0.2425907917278071,67.95135876081571,2.8759487278616e-05,1.6026086277115697e-11,-0.2524384569960632,67.3285873091946
31.84,22.99,7.99,1.08,1.96,2.32397649115688e-05,3.4126459309370694e-11,0.245161458297991,69.38391811081529,1.54196252036569e-05,1.7379574998591598e-11,-0.2581569212481072,70.62508373990408
25.05,18.16,6.54,0.31,1.67,3.00682370721161e-05,2.07708678560083e-11,0.2486697579361206,67.99080462492668,1.80619462126503e-05,1.0790494069048898e-11,-0.2623910430450503,67.3204192457588
33.03,29.74,6.28,0.63,1.75,3.53940736903154e-05,2.6049372219489896e-11,0.2454972103251086,68.1702691378481,2.21373210878064e-05,1.2892884764609e-11,-0.2582216978892868,67.8238538591737
15.77,44.73,5.66,0.6,1.65,5.38476176426287e-05,2.20866096584388e-10,0.1902025105571088,68.0365717322098,3.44114882601459e-05,1.27602702561151e-10,-0.2087243162999981,67.54366738557621
18.28,63.76,4.56,0.86,1.74,5.59526394447694e-05,1.49903102422181e-10,0.1961398498114593,64.92666850748819,3.51061502680479e-05,8.5383790104408e-11,-0.2174630196383069,62.30506383501558
15.12,75.66,6.31,1.03,2.06,7.67508136088864e-05,2.96495940046485e-09,0.1282195709617265,71.85703758634406,5.11687713352926e-05,1.88078905541582e-09,-0.1492024370282199,76.23273639053643
24.27,27.18,6.45,0.58,1.72,3.51059589481422e-05,4.18718257909068e-11,0.2419449806292644,68.58260591721319,2.24052403869059e-05,2.2465855609857097e-11,-0.2516877110228156,69.16854058428271
29.57,56.89,5.96,0.94,1.53,5.24374329636139e-05,6.445040366467139e-11,0.2212082494903433,53.6987888252116,3.36902187754371e-05,3.27868252062803e-11,-0.2460808762938303,68.54024016498661
15.66,66.84,7.24,1.12,1.85,6.9144676584267e-05,3.728239659512631e-09,0.1247379558567155,73.41478668055034,4.68697746976736e-05,2.4156814711351104e-09,-0.1427461326279958,78.79691686020487
21.36,77.21,7.62,0.6,2.0,9.01117758411634e-05,4.22431051822896e-10,0.1772728304403948,68.7335655277824,5.83965455215355e-05,2.42409140809451e-10,-0.1885187314997437,68.64274999330901
21.36,40.94,6.58,0.23,2.18,5.49937209717865e-05,8.842589160591919e-11,0.2109826202847272,67.27048629600618,3.31403446107634e-05,4.78894094132002e-11,-0.2423275425986765,68.59860440409429
27.56,48.24,5.22,0.42,2.18,4.90422416272214e-05,4.451555324560429e-11,0.2398602870106841,67.6543930784135,3.07162295231849e-05,2.30035165320161e-11,-0.2487359950639817,68.02144396496249
28.67,38.71,5.52,0.24,1.84,4.67826940324728e-05,3.26673312638998e-11,0.2423637625626412,67.84339432222039,2.78158871705736e-05,1.63293813234535e-11,-0.2523321169948944,67.23775103400368
29.55,24.73,7.7,0.84,2.0,2.68661901003435e-05,3.7512783931558e-11,0.2435009160753431,68.9354711091203,1.711720029213e-05,1.9269355405236798e-11,-0.2548307811918228,69.9621354778961
33.83,53.13,6.12,0.25,2.14,7.39314012365632e-05,4.3095668408981694e-11,0.2378047746512541,65.66123784963271,4.40490743823577e-05,2.1032734877800297e-11,-0.2487257707032774,67.52893243200408
19.66,23.66,5.91,0.54,1.61,2.73178786813425e-05,4.8065024949002195e-11,0.2418249469854848,68.92419629350799,1.76135292212534e-05,2.68222052661904e-11,-0.2500092652223991,69.73303698294947
29.23,30.75,6.69,1.02,1.67,2.9943569637352e-05,4.472950754778889e-11,0.2416643564399136,68.73557774150571,1.89961014463813e-05,2.26533402348563e-11,-0.2524571853315983,69.80710930610948
28.28,17.53,4.89,0.91,1.98,1.65714990995702e-05,1.4273643610405499e-11,0.2567382273393749,68.55351767436372,1.01680258209437e-05,7.19230430910302e-12,-0.2765898882607724,67.6801085056534
15.11,44.21,6.66,0.61,2.18,5.49778478639622e-05,8.07002683603585e-10,0.1738623632012854,70.7226061252844,3.5051724949756e-05,5.0065915338035e-10,-0.1874242126311782,67.949839726386
29.61,61.65,7.15,0.92,1.58,5.86472962111785e-05,9.751116345483039e-11,0.2055639965176328,60.23482566542398,3.80977531905528e-05,4.9787874516822897e-11,-0.2397616409784132,65.24173809547621
20.46,48.61,6.13,0.63,2.12,5.21106953207153e-05,1.59316125943684e-10,0.1958581109661503,65.95419092396939,3.32073136238509e-05,8.564121905546569e-11,-0.2208359585535476,62.90278811745409
24.76,15.7,7.56,0.48,2.02,2.50002552558015e-05,2.48521854020623e-11,0.2479508038018627,68.912293058774,1.51356229523745e-05,1.3948246250549398e-11,-0.2612342426065518,69.78853414440961
26.66,75.59,4.05,0.33,1.83,7.00223004801812e-05,4.8883297532139796e-11,0.229483109636703,58.16716747993939,4.24456544194156e-05,2.4693288612051698e-11,-0.2466950045856548,67.50947745406691
22.28,45.75,4.65,0.42,1.99,5.06040642530176e-05,4.9807062384454295e-11,0.2346692078746984,63.065668644349984,3.05760348207539e-05,1.3190276073970099e-11,-0.2536723284915519,63.83091086481183
28.87,32.51,5.43,0.6,1.8,3.41979252756667e-05,2.91703797026587e-11,0.2442308046136331,68.1588358543361,2.08828743421202e-05,1.4765385180140598e-11,-0.2551948308677339,67.81976779439732
24.53,60.99,7.55,0.46,1.67,8.19686728393724e-05,1.3778968230409e-10,0.1945263260830263,63.3058923341292,5.33170587474203e-05,7.54351381178176e-11,-0.2175791808305799,59.52842262745478
28.91,38.34,6.76,0.95,2.15,3.5650960073967e-05,6.38200080011343e-11,0.2289821775271192,58.4459025909419,2.29250085660939e-05,3.30884324846627e-11,-0.2460754519777112,69.53893193398378
26.24,60.32,6.75,0.63,1.87,6.42289139237039e-05,1.06019923580103e-10,0.2020752779724669,61.04020912667602,3.98055033780448e-05,5.6275616167120296e-11,-0.231117487892876,57.47450991793482
33.18,49.04,5.77,0.75,1.5,5.21903046293214e-05,3.9524623555300694e-11,0.2410657205559573,68.0569347037005,3.22027821188057e-05,1.969587461527e-11,-0.2497647061997526,67.85327480622321
18.79,71.49,4.42,1.01,2.12,5.7054875362701e-05,1.95626701650124e-10,0.190971664797104,66.85675774346811,3.66238501746671e-05,1.12830994450095e-10,-0.2089491200160406,65.46195282249009
33.61,46.22,7.91,1.11,2.16,4.01862480427285e-05,7.693638095423479e-11,0.2201424153432487,59.23827898437609,2.68956319708013e-05,3.9322785530118494e-11,-0.246157735630572,69.3123594971781
31.11,58.63,6.75,1.05,1.55,5.26378520256985e-05,7.855966768751329e-11,0.223393017340831,68.33479733970852,3.43384576183647e-05,3.98731455670991e-11,-0.2437311698427736,68.69233506753109
15.35,54.19,6.63,0.79,1.79,6.15298885005895e-05,8.95501957810532e-10,0.1726549269199905,70.47584644502989,4.13200908861229e-05,5.617527601678e-10,-0.1815346627107843,71.79892419573461
19.99,42.72,5.34,0.33,1.54,4.94969948564466e-05,6.315091809847709e-11,0.2234916112617788,53.3154950629611,3.12674848128532e-05,3.3379707028348195e-11,-0.2446889559991794,68.35763755433888
27.29,62.87,7.12,0.6,1.89,6.7772407375785e-05,1.0893317944630901e-10,0.2005885340525831,61.14816652036348,2.01219609993466e-05,5.744214694937769e-11,-0.228951305966745,55.4917456532924
31.27,67.22,6.07,0.28,1.7,8.56762322552939e-05,5.84910486736217e-11,0.2190676968157084,49.85065320500989,5.22576205174041e-05,2.89117295423806e-11,-0.2455249514480755,67.82269917155212
32.91,57.55,6.76,1.06,1.76,5.01930289746297e-05,7.088241253711509e-11,0.2184659603470895,56.190508680338006,3.33987772448e-05,3.5189977481837195e-11,-0.2457479232280446,68.70434659070568
33.63,69.79,5.69,0.81,1.64,6.74866054583834e-05,5.73078814833349e-11,0.22294873435509,52.44912348303779,4.31240961067079e-05,1.46719543873194e-11,-0.2508954885320316,68.1794628831956
31.51,54.74,5.07,0.82,1.85,4.98228808410595e-05,4.2711040227081195e-11,0.2405776454774807,68.08685696176889,3.16367825611567e-05,2.1279689054385298e-11,-0.2497871782626854,68.07014105113099
16.93,57.79,4.2,0.7,1.78,6.17253084619846e-05,1.16004552496922e-10,0.2026541975116591,62.51385107076432,3.83771850855384e-05,6.6365030922239e-11,-0.2278615604973261,58.57884347020428
22.75,39.85,7.24,0.89,1.96,4.1982821262772e-05,1.5971478858430201e-10,0.1990975846952988,67.30843683722563,2.79494561130667e-05,9.039935925472739e-11,-0.2243737185041434,66.5518536769269
28.33,33.45,4.27,0.68,1.75,3.05703287007881e-05,2.26493618227566e-11,0.246847237584792,67.82012924509348,1.84959542033264e-05,5.81810939881576e-12,-0.2610400404656941,67.56459493332132
30.74,53.89,7.9,0.4,2.16,6.75599974775802e-05,7.792216068930379e-11,0.21142455961108,56.53631287683461,4.16866167578553e-05,3.96871573768423e-11,-0.244188431864872,68.3885487426715
28.46,48.07,7.28,0.59,2.05,5.34587310473726e-05,7.80279744401991e-11,0.2141031899120595,57.54155649258711,3.37707688440392e-05,4.04803803497422e-11,-0.2445148830387356,68.61693352218279
20.23,20.87,4.07,0.66,2.07,1.97138029904304e-05,2.29911107635532e-11,0.2556433098695821,60.63020442875192,1.20426304925614e-05,1.2415383656370299e-11,-0.2627990494036852,68.9146007481985
22.15,51.47,4.2,0.57,2.06,5.11878653312787e-05,5.1700645317347e-11,0.2330178960626235,61.613270826342,3.06465145245965e-05,2.7486142939415098e-11,-0.2465629228888884,68.2225618540285
22.69,61.5,4.31,0.55,2.1,6.14641255599223e-05,6.39781660308573e-11,0.2202769492989862,52.86355498422149,3.75355298612461e-05,3.3285752025425e-11,-0.24545984406103,68.25780415040359
23.11,51.29,5.17,0.46,2.16,5.64380180786607e-05,6.68111122451076e-11,0.219676361562099,54.14590208243359,3.55612904271408e-05,3.5099488608027797e-11,-0.2453501643222956,68.4152986705563
17.32,69.52,5.32,0.71,2.05,7.7330562794128e-05,3.00451846893672e-10,0.1821796441994794,68.1470277352377,5.09938184816388e-05,1.77722553953734e-10,-0.1964624722829156,67.99082974236082
33.11,45.72,5.27,0.75,1.65,4.67747192682301e-05,3.33830622239408e-11,0.2424927459313062,68.0277371762294,2.90809480969548e-05,1.6450793012429e-11,-0.25227866332839,67.5280111238673
33.93,21.88,6.14,0.78,1.58,2.56268414724211e-05,1.7192209590234e-11,0.2515749805097783,68.05936744592739,1.58608500046469e-05,8.58591912358798e-12,-0.2685569797745044,66.94889415305458
19.98,36.34,5.61,0.71,1.98,3.71978753994216e-05,9.76120498239208e-11,0.2136307593058488,62.756665466410205,2.40516161944012e-05,5.35545519581109e-11,-0.2429090642882389,69.21871140275601
30.61,63.48,5.73,0.77,1.93,5.98922074329017e-05,6.32390709983093e-11,0.2199895284840912,52.770497452616496,3.84417712249453e-05,3.1306289286060895e-11,-0.2459220450352002,68.303513323758
15.97,61.88,5.05,0.97,2.04,5.95966415556893e-05,4.63260218305712e-10,0.1790304607823198,70.04997702340229,3.90837364304242e-05,2.82548827992289e-10,-0.1907742030460578,70.93556946071911
26.5,31.19,7.16,1.03,1.79,2.99248149719173e-05,7.16105700907049e-11,0.2285873265309127,60.01160263062222,1.94698279416162e-05,3.8339031779636193e-11,-0.2425999179155205,66.0422116946817
17.47,32.73,7.7,0.35,1.71,5.36015370883716e-05,1.91028435391888e-10,0.1942897279318823,67.9752679428334,3.50993853239526e-05,1.13910714205859e-10,-0.2142901649891144,67.73746815008123
32.19,66.14,5.36,0.53,1.58,7.31282727958489e-05,4.948095183837909e-11,0.2291709905219087,57.92123383487899,4.49122509336728e-05,2.4324416707274297e-11,-0.2472543800103442,67.73428122643779
19.75,75.91,7.31,1.07,1.88,7.22424377783804e-05,1.08416760761773e-09,0.1703588730767019,69.9674803485453,4.79873088987856e-05,6.24159555988124e-10,-0.1788895860987134,71.06839583507599
32.26,21.06,4.62,0.92,1.93,1.97882017239219e-05,1.3340394411231798e-11,0.2566253489708073,67.7669739874047,1.2358919878467e-05,6.6186567601920394e-12,-0.2775233118174827,65.72395841273368
31.93,63.74,5.36,1.03,1.74,5.36745699043997e-05,5.6843790197421095e-11,0.2262973387563078,55.583780586982215,3.46226020907226e-05,2.8434273231066597e-11,-0.2470434013083769,68.406286712461
18.73,42.1,6.5,1.05,1.97,4.01583592901066e-05,3.94407239362725e-10,0.1836656844937181,71.2929333783802,2.59867780234148e-05,2.28099120664721e-10,-0.198925825975241,72.84315941551931
30.96,55.94,6.43,1.05,1.85,4.79266285769711e-05,7.2412034377895e-11,0.2181923901716597,56.55735757158251,3.17815637781025e-05,3.61787217332801e-11,-0.2456874510791183,68.75318469783578
17.38,60.77,5.92,0.76,2.0,6.80964874165619e-05,3.8040788768973004e-10,0.1805740105594651,69.3644709192825,4.68258943288491e-05,2.30042895106282e-10,-0.1931122843737615,69.8374729661427
23.3,27.12,4.46,0.38,1.62,3.32037754478058e-05,2.25086788390319e-11,0.2469115982221931,67.6964892009441,1.94370151429378e-05,1.1561462522686399e-11,-0.2595214089551046,66.72707942010322
30.89,44.61,7.85,0.7,1.7,4.98857907248643e-05,6.683097693941439e-11,0.2213372182007839,55.06703041164909,3.23342161948391e-05,1.7508895146483897e-11,-0.242045776248738,56.93989369450259
25.49,28.21,5.16,0.46,1.93,3.63879778144573e-05,2.7362486757477098e-11,0.2451913155719788,68.17526725209989,2.30156950524695e-05,1.4270957754328e-11,-0.2564798366973184,67.77646460416548
20.56,68.12,4.99,0.92,1.69,6.10751252349676e-05,1.52697422924534e-10,0.1948557516745141,64.8365316239342,3.9633247875145e-05,8.40803816694958e-11,-0.2174929388661759,61.093938334569806
30.2,34.91,5.52,0.85,2.09,3.22907705987692e-05,3.37913295951608e-11,0.2434059672604118,68.453391209364,2.0627597507441e-05,1.6813914997711297e-11,-0.2550144710731001,68.74217815278722
30.22,62.76,5.47,0.32,1.6,7.44522848628244e-05,4.9362105147617397e-11,0.2282697082387823,57.059890660554586,4.5222908179971e-05,2.42882252985485e-11,-0.2470514540230616,67.60744481307232
30.28,37.03,5.25,0.65,1.91,3.72215049272131e-05,3.0263734414838196e-11,0.2436724398789069,68.0765574258049,2.3162874741811e-05,1.50143886754082e-11,-0.2539083685979417,67.368228646737
30.28,33.01,5.48,0.9,1.86,3.09771216835498e-05,3.0638862985539597e-11,0.244323645745946,68.43648689509222,1.96671904226804e-05,1.54142408727776e-11,-0.2563932795509078,68.63921257692671
20.78,38.48,7.53,0.63,1.63,4.70997423908338e-05,1.76580805849029e-10,0.1954307578864148,67.4494024392141,3.03849346684841e-05,9.74618772331186e-11,-0.2190973951050897,65.82158630052118
24.66,40.92,5.86,0.61,1.97,4.78181315429514e-05,6.128891095731849e-11,0.2272402614358569,56.65870729896341,3.07001729955567e-05,3.2364336810366196e-11,-0.2468255451355603,68.78852257422669
24.66,31.82,5.31,0.27,2.02,4.37293205317123e-05,3.23807781576878e-11,0.2430816609488126,68.05892972514579,2.58920054915905e-05,1.6727813135626e-11,-0.2531892942661107,67.67804687308171
23.67,56.46,5.99,0.44,2.11,6.89919462444229e-05,9.00575031803056e-11,0.2069558195287525,58.7050552223205,4.35510080821775e-05,4.8515212513819697e-11,-0.2411845646268281,67.7826185139441
29.37,64.04,6.55,0.84,1.87,6.14516870221311e-05,9.194477445358809e-11,0.2062305724545994,59.2791591673319,3.91378057102569e-05,4.6150054494230195e-11,-0.2415794377632345,66.76517725431752
23.1,34.6,4.79,0.33,2.07,4.12492823457709e-05,3.5041593602405595e-11,0.2424681627160486,68.10801066433788,2.47004032478817e-05,1.8090785221930797e-11,-0.2516322130145195,67.72136522869037
30.25,74.37,5.5,1.15,2.06,5.75404073479141e-05,8.54795595003029e-11,0.2095494596807001,58.33760444772352,3.78674013323073e-05,4.2878693775887194e-11,-0.2428518115464662,68.5204791252621
19.39,65.42,5.35,1.19,1.53,5.52672082964027e-05,2.84661281001093e-10,0.1851138751244492,68.84696209518292,3.67040357683907e-05,1.6594159585699501e-10,-0.2000616897408672,68.77276130483939
16.73,56.03,4.87,1.16,1.89,5.14295581699301e-05,3.71854697684732e-10,0.1827498183479343,70.2020654114002,3.42632859926276e-05,2.2119449816979801e-10,-0.1968178635382811,71.09841904531639
22.64,37.83,5.22,0.78,2.03,3.88573980463253e-05,6.17990169427543e-11,0.230585036945438,59.80861186823899,2.42719462777784e-05,9.776932978160299e-12,-0.2366099101711409,67.23534977736243
28.01,16.61,4.02,1.11,1.95,1.40022492651655e-05,1.0909937679304499e-11,0.2629855675416327,67.9732182277263,8.34220642437133e-06,5.79239190978524e-12,-0.2862937767994314,67.4472423759869
20.4,66.33,7.45,0.41,1.97,8.31167493737781e-05,2.9462480307251e-10,0.1818498249473322,67.8331164117239,5.26489322343101e-05,1.60551100456238e-10,-0.1965229011450659,66.5992961241727
33.22,39.34,4.68,0.57,1.78,4.29114296786564e-05,2.38290031504258e-11,0.2455573858572652,67.61672613646569,2.56148282629085e-05,1.17279278434062e-11,-0.258005201457726,66.55541274407939
31.97,79.64,4.68,1.13,1.94,6.03645047174135e-05,6.14421872343982e-11,0.220985307262996,52.1547468245526,3.27307868534069e-05,2.6676759621692e-11,-0.2457167494549588,68.14242573238951
30.1,42.46,4.57,0.27,1.81,4.757294220558e-05,2.6991798723302e-11,0.2438033012412624,67.5102786297585,2.80553483293488e-05,1.3019849024959298e-11,-0.2550971540695968,66.24381800876081
16.01,57.42,7.1,0.28,1.7,8.59150526225401e-05,3.54340249805223e-10,0.1801022699265462,68.5250568866291,5.47914034454151e-05,2.09329049243714e-10,-0.1926452364696529,68.4369092578988
17.1,39.47,4.63,0.73,1.76,4.41744812935516e-05,9.87005915716804e-11,0.2126250440267432,62.43579469585381,2.84651360002995e-05,5.6543175172418396e-11,-0.2434459459748672,68.9918064323606
22.27,64.29,7.57,0.26,1.54,9.33739798547362e-05,1.47230276930147e-10,0.1915728185776571,63.23725828280031,5.85604315955966e-05,7.880301615797189e-11,-0.2134761420601004,59.10073844030039
31.62,74.99,7.59,0.64,1.57,8.31687235042834e-05,1.01574440742234e-10,0.2006706674785325,59.7038801026282,5.38794654754956e-05,5.1081591401296096e-11,-0.2316452464276725,57.7051874150733
22.76,43.56,7.51,0.21,1.68,6.43323387430874e-05,8.95140199544774e-11,0.2076616850215471,58.7298309097862,4.07987772519581e-05,4.7305889891487496e-11,-0.2410538985996286,66.29815665636463
18.13,62.28,5.29,0.95,2.19,5.57087145637006e-05,3.20284672304067e-10,0.183456139178494,69.23248262289789,3.63711449561335e-05,1.8586154993777e-10,-0.1981961229494054,69.49827172024179
34.28,41.08,6.2,0.23,2.13,6.04829625670775e-05,3.2819215897792396e-11,0.242231363415028,67.8371955158619,3.59189656074665e-05,1.6048401438224598e-11,-0.2524173350017516,67.18647603927211
23.13,77.92,7.09,1.03,1.6,7.49258925908325e-05,3.3253555189404203e-10,0.1810112936957472,68.5341977456744,5.05850108114874e-05,1.89744988168177e-10,-0.1950251119392168,68.441749478515
27.76,29.31,6.35,0.74,1.69,3.07945779596576e-05,3.68187580001532e-11,0.2429671700594882,68.6148159485937,1.93634586033504e-05,1.90151094332132e-11,-0.2536863485846781,69.14671116369189
21.74,62.22,4.22,1.0,2.11,5.18331974013253e-05,9.43170279180386e-11,0.2083897136514814,60.145377128151104,3.27993294314825e-05,5.042464510340439e-11,-0.2421645916051846,68.6549895773563
28.69,57.92,7.16,1.15,1.51,5.03183754809855e-05,1.18537851424553e-10,0.2020620465318613,63.41497709612709,3.32071743218364e-05,6.261427729741549e-11,-0.2317122057162143,59.20529164405508
17.75,29.38,6.87,0.34,1.81,4.72379545038907e-05,1.09965369117175e-10,0.2091316954314497,63.8303036526012,2.34208812886317e-05,6.125183399482249e-11,-0.2401623626646699,66.17373073544388
31.57,17.01,6.53,0.51,1.74,2.37353479323302e-05,1.4547263191613698e-11,0.2540501979849539,67.47623935279428,1.41187361330253e-05,7.2020575437710395e-12,-0.2730061514927424,65.43305115301229
27.06,27.53,7.44,0.8,1.76,2.96561548781128e-05,5.0217396938705295e-11,0.2409567572142335,68.738953463402,1.92116982703157e-05,2.6725055507083897e-11,-0.2506925874693316,69.85893610744401
22.04,51.05,4.38,1.1,1.93,4.18090391818272e-05,8.059183700940509e-11,0.2178314588254134,59.00110051445712,2.71704707365684e-05,4.1204926149560695e-11,-0.2453886186468551,68.96808417377682
26.71,57.98,5.18,1.04,1.65,4.76212474039338e-05,6.98229355719078e-11,0.2193652332783438,55.76713353667162,3.08117304566125e-05,3.71551658558351e-11,-0.2452562091021781,68.65201306500252
28.73,56.73,6.6,1.09,2.18,4.69965840825858e-05,1.0814613224519801e-10,0.2053126536191539,62.674709409897694,3.0955989219779e-05,5.5896659206395094e-11,-0.2382048934531972,64.1349884144383
15.3,46.81,5.31,0.88,2.17,4.74955353263184e-05,4.5914317745381403e-10,0.1807857289256075,70.85005485792088,3.10119251523051e-05,2.76810349178612e-10,-0.1939235847366206,72.1945543852381
18.31,71.85,7.58,0.49,1.7,8.92336503334185e-05,5.324619550822e-10,0.1753085135112799,69.20446343960552,5.6002426724623e-05,3.01651128996518e-10,-0.1859037670736575,69.437618239864
16.54,19.35,7.9,0.32,1.55,3.36948244860483e-05,9.22689723377201e-11,0.2207384937701614,63.75598733726359,2.13919665486027e-05,5.2716754185030894e-11,-0.2453657825250876,69.78008719006978
30.6,77.59,6.45,0.28,1.78,9.68792775434669e-05,7.66804334609008e-11,0.2070925555202116,54.80366250520952,6.13863229812317e-05,3.81405591547673e-11,-0.2359325080651295,67.5708729168191
16.25,40.28,6.57,0.28,1.63,6.00780304702104e-05,1.64380105733594e-10,0.1949180580904805,65.87380436439099,3.8741051088607e-05,9.642623051526689e-11,-0.2152522172132088,64.2479056003093
15.1,51.14,7.95,1.07,1.9,5.81491131579426e-05,6.6089130477351905e-09,0.1135306711070491,73.02722539815856,3.14807643275463e-05,4.60066603722889e-09,-0.1256590486833118,78.53073629894867
28.09,23.64,7.37,1.19,1.84,2.22578852066995e-05,4.6476384946135e-11,0.2427800633906985,69.43128932250158,1.45656770969921e-05,2.5490446726672397e-11,-0.2538675351393195,71.25572337635738
22.16,54.7,6.13,0.53,1.89,6.38551615195552e-05,1.07455104493337e-10,0.2165574190777001,75.10047198374708,4.07332038014368e-05,5.819471802021059e-11,-0.235647788490889,64.36352932329828
24.83,37.6,4.59,0.93,1.95,3.61058327348534e-05,4.1001110289334e-11,0.2420228411950966,68.52854442542738,2.29202930169782e-05,2.2027311865021498e-11,-0.2516700184084446,69.01975269879831
29.29,66.99,7.85,1.13,2.09,5.71732340985261e-05,1.8829581715218e-10,0.1910026006698273,66.8326732709247,3.78544795502292e-05,1.01266607647969e-10,-0.2129121465786354,65.36281735585608
15.07,64.84,7.73,1.09,2.07,6.99867875228751e-05,8.95067748004929e-09,0.1074421631102971,71.16357947390667,4.74303452495743e-05,6.36426474436956e-09,-0.1168190683535817,75.82247921436489
25.54,74.29,6.96,0.85,2.19,7.53415368348423e-05,2.05835242439878e-10,0.187743203441421,66.5678882619062,4.46000746393671e-05,1.12268174942034e-10,-0.2067430867389453,64.9609807647737
17.74,52.76,6.08,0.34,2.08,7.63319064254785e-05,1.77753086886103e-10,0.1913728545610993,65.7545113584119,3.98602066855278e-05,9.8679740948688e-11,-0.2115838471385983,63.591933895623285
31.01,59.06,5.8,0.63,1.58,6.24762791080068e-05,5.316277996565119e-11,0.2272635767022022,56.31182961803791,3.91050360129982e-05,2.6185078524667897e-11,-0.2471321928398532,68.0493170814557
19.14,76.5,7.42,0.79,1.61,8.32007032059777e-05,7.06415486146434e-10,0.1732100072551836,69.66065412358489,5.43047940092661e-05,4.09732328835834e-10,-0.1825535035857249,70.30535271936098
17.08,66.78,4.23,1.19,1.78,5.82171044886773e-05,2.5363856556571103e-10,0.1873721742829081,68.51589690853568,3.91368262460772e-05,1.50179229034586e-10,-0.203224836146199,68.25096116022478
29.22,79.92,6.78,0.8,1.72,7.90238712283808e-05,1.20677999892759e-10,0.1963454668982824,61.78377139896768,5.03511657793032e-05,6.177649130318849e-11,-0.2233963643741007,55.94841546094631
33.84,69.88,5.11,0.98,1.83,5.90318254607772e-05,5.2088467656603794e-11,0.2291482316191799,58.042567545269904,3.82592952683423e-05,2.5997461872663e-11,-0.2464527757278229,68.10407313866071
26.96,72.42,7.53,0.72,1.71,7.54605234093261e-05,1.59771034702275e-10,0.1912982686947239,64.60308638064541,4.82878041746944e-05,8.5518314546423e-11,-0.2128825078110333,61.431877732074206
26.96,52.1,7.98,0.82,1.76,5.39839843057136e-05,1.38949913434219e-10,0.1979751693554768,64.85419757471308,3.50824797952261e-05,7.48125672567751e-11,-0.2239770945141732,61.92785065156228
16.47,59.37,7.99,0.41,2.05,8.29247026310624e-05,9.37639816739627e-10,0.1714376400768927,69.97663741053168,5.50720782362517e-05,5.829432151078461e-10,-0.1796740296253966,71.00010251366722
20.52,58.43,6.61,0.92,2.15,5.64401034796419e-05,3.76885293876017e-10,0.1813416968072482,69.73399714123651,3.69530655258319e-05,2.04253113742311e-10,-0.1962433032300375,69.98691156408371
22.87,41.77,6.88,0.79,2.02,4.53052776876782e-05,1.31730060652534e-10,0.2025794722638274,65.26487344520349,2.93907163748551e-05,7.282334416678919e-11,-0.2308139711613592,62.9578606463248
25.79,35.18,4.38,0.55,1.99,4.07888035315916e-05,2.8247093892408597e-11,0.24451087083141,68.02781001672389,1.96794483103007e-05,1.4491096063319399e-11,-0.2557521781044585,67.65335593758601
18.36,19.7,5.61,1.14,1.94,1.89033904949197e-05,8.304699087512079e-11,0.222696492711118,70.7177253767132,1.1809930699595e-05,4.7933714404995694e-11,-0.2491472891246238,71.7045834735914
24.75,72.38,6.81,0.32,2.13,9.79874933904955e-05,1.29104936869715e-10,0.1942444781133266,62.12271552422188,6.2011048831817e-05,6.931605041208659e-11,-0.2176418042886823,57.2122976109459
34.14,69.57,4.44,0.83,2.04,6.10506920482001e-05,4.1991762620785496e-11,0.2404116852019549,67.983750508849,3.91956721926033e-05,2.0701616378959497e-11,-0.2484287714959372,67.57517463663359
26.29,64.22,7.96,1.06,1.75,5.9686086645336e-05,2.41279217823345e-10,0.1868473819584491,68.0958963719525,3.91054577190179e-05,1.37079384063053e-10,-0.2044227888798508,67.82768281988919
21.44,18.11,6.78,1.18,1.63,1.94641154179292e-05,6.24877597862895e-11,0.241490126929173,69.7114159294158,1.26151136667686e-05,3.5254994884845494e-11,-0.25128721240172,72.12158934494958
26.81,43.06,4.02,1.1,1.54,3.28191007719457e-05,3.3097641600671596e-11,0.2434091196787952,68.3333568445717,2.03872739457977e-05,1.7154887532794597e-11,-0.2539342823658753,68.38531166026488
34.09,41.49,4.04,0.44,1.78,4.80519054723043e-05,2.0188709444437498e-11,0.2470197959903025,67.05044362494519,2.74931459934916e-05,9.811235724445899e-12,-0.260287166396982,65.13253266940511
30.11,64.78,5.5,1.01,1.73,5.50191026748909e-05,6.61896609999167e-11,0.2191848455130773,53.9833446036552,3.54120459008917e-05,3.31485458203584e-11,-0.2447803668239645,68.44967838552701
16.46,60.4,6.25,0.66,1.57,7.43855617034215e-05,3.88793441668656e-10,0.17982808999004,69.1558219215451,4.88765715166678e-05,2.4280625713299303e-10,-0.1911618331658856,69.56241925454938
27.68,15.15,6.07,0.51,2.2,1.80077332951087e-05,1.4776414563296097e-11,0.2552085033104925,68.11386103332309,1.06148618781819e-05,7.514470170221529e-12,-0.2745921872414581,66.9954500704172
33.19,15.26,7.92,0.53,1.73,2.30695779141966e-05,1.5156810257335798e-11,0.2540887913111052,68.01744538207089,1.42923576418677e-05,7.377468566411309e-12,-0.2733470811179982,66.24119942001941
19.49,17.85,7.92,0.85,1.68,2.19328659104521e-05,9.250764806252029e-11,0.2336819502104797,67.7929144415412,1.4411985167785e-05,5.286545535552439e-11,-0.2462871855559298,71.1265750015782
31.69,68.21,6.46,1.18,1.91,5.41632444094366e-05,9.33952230281989e-11,0.2077946251485138,60.08568634592951,3.59493775429013e-05,4.675551112637739e-11,-0.2435539683364736,68.5868808167357
32.55,51.56,6.08,1.19,1.73,4.2724523048337e-05,5.5690563596606e-11,0.2315749768744337,60.50507413956253,2.8153172377626e-05,2.8077038419815798e-11,-0.2408199397677755,61.6836430090974
32.15,60.51,7.61,0.81,2.0,6.01922672835132e-05,9.001769820860649e-11,0.2080883881082624,59.32048964603592,3.90484545486517e-05,4.5613341048201896e-11,-0.2424976736172069,68.571487946644
21.95,38.55,6.26,1.13,1.86,3.6056155601628e-05,1.46328104546982e-10,0.2031452883138299,67.35224931149861,2.36444907087891e-05,8.020624500490789e-11,-0.2340040994204076,65.76165885209959
23.22,72.65,5.64,0.37,1.76,8.9567864624938e-05,9.765661077154219e-11,0.2013167417494369,58.82709613659398,5.54379652436027e-05,5.12501454011823e-11,-0.2302668068924527,56.38566231926742
27.32,72.07,4.44,0.93,1.96,5.65635033141465e-05,6.42328558319487e-11,0.2198488539779402,53.1635880453194,3.55455179623384e-05,3.3274551230632794e-11,-0.245407762124422,68.312739838934
18.26,49.62,7.09,1.2,1.63,4.81158274519954e-05,8.73047921790437e-10,0.1723595878132194,67.34436669135279,3.13062963254197e-05,5.328400591961501e-10,-0.1837684320008946,72.9407742772663
30.18,35.96,5.99,0.73,2.09,3.62868300455469e-05,3.7705027671062e-11,0.2422531203098715,68.3712889936042,2.24772732520362e-05,1.87265410993297e-11,-0.2530749742683471,68.68426696134789
19.82,32.89,5.23,0.33,1.59,3.7919230778031e-05,4.64087317922418e-11,0.2407604582491243,68.34179893035508,2.36792511355847e-05,2.4609349424434e-11,-0.2482979405995449,68.39893213349352
27.61,29.52,6.25,0.95,2.09,2.72533650672585e-05,4.3577928041473e-11,0.2422147001451534,68.8872179490801,1.74952457148578e-05,2.28733535421277e-11,-0.252812491159055,69.98914290551481
29.4,63.66,4.76,0.39,1.6,6.95016151653846e-05,4.5018190429047694e-11,0.2338254344628771,62.036299091392685,4.12506962612293e-05,2.20292631501315e-11,-0.2470379623894862,67.32475168295841
29.4,22.81,6.42,0.76,1.74,2.58799618929977e-05,2.46608460296878e-11,0.24698821632235,68.5392818970328,1.60227619978937e-05,1.2351219086710299e-11,-0.2604489378218566,68.27537029726719
20.57,79.04,7.99,0.39,1.81,0.000105500829736,4.15815032299898e-10,0.1770189692087374,68.46572793199569,6.64977072694583e-05,2.28211160176738e-10,-0.1882729473536502,67.85457950195898
26.3,24.59,4.64,0.66,1.85,2.24337447178425e-05,2.0499577070161497e-11,0.249408567947342,68.2719177850323,1.41769284909037e-05,1.0306820010922e-11,-0.2638169196138499,67.51606012158202
26.49,41.03,5.19,0.98,2.11,3.44387227875906e-05,5.2285979421126594e-11,0.2388760194158733,67.1692498897718,2.21097251990118e-05,2.7480649573534197e-11,-0.249238867355407,69.233465994845
20.01,21.36,6.62,0.48,1.82,2.71000291026729e-05,5.01097864375282e-11,0.2415124511674587,68.9208465737278,1.67567620256904e-05,2.73464682833417e-11,-0.2501777107342895,69.94500952985533
31.32,17.72,4.61,1.04,1.87,1.61371301698892e-05,1.15811783245233e-11,0.2605957139240116,67.8683122351475,1.02793808899927e-05,5.68347367649356e-12,-0.2841956250871305,66.04719469694709
29.1,31.62,6.9,0.72,2.01,3.42025753060803e-05,4.45616920144361e-11,0.2412400880360743,68.51299798197772,2.15016916124065e-05,2.26962014254478e-11,-0.2499823214107734,69.2146644338987
21.8,46.36,5.46,0.42,2.0,5.39301558255013e-05,7.24338335076892e-11,0.2165012304221992,55.72372028126932,3.37137553872566e-05,3.8331626955816193e-11,-0.2447900534585917,68.49438900736521
22.2,28.01,6.42,0.23,1.63,3.98215584409937e-05,4.1374583319552e-11,0.241376644709633,68.25844745215659,2.4936915170001e-05,2.12596329951057e-11,-0.2507980609338084,68.3156645421655
19.58,41.93,6.93,0.58,2.15,4.79065822470935e-05,2.15375803714853e-10,0.1913434478057652,68.44074354610541,3.01844789064309e-05,1.23683004859411e-10,-0.2103598489582341,68.160636262067
18.77,63.23,7.65,0.24,2.0,8.52280582711331e-05,3.1642034560389005e-10,0.1918572055295156,79.0554210498086,5.27542329801704e-05,1.75333444332498e-10,-0.1945917976226815,67.2449079823661
30.91,22.53,7.25,0.84,1.98,2.47438609374853e-05,2.75173483723639e-11,0.2465507797771017,68.9600836429245,1.5693298718601e-05,1.3925647988284698e-11,-0.2603218961303868,69.60626295908412
15.83,51.39,4.54,1.1,1.92,4.68751680016359e-05,2.9586589119152004e-10,0.186915123738681,69.89962194375579,3.06932536761477e-05,1.77076840619582e-10,-0.2029159547011199,70.6396100239248
34.52,24.9,4.28,0.38,1.7,3.28508124301214e-05,1.2200326449753499e-11,0.2553897362245514,65.77306906567351,1.84678009980782e-05,5.99739242429431e-12,-0.2744217638150658,62.35746553145008
31.73,52.45,6.22,0.61,1.84,5.73666380760286e-05,5.07453641761858e-11,0.2312090238431082,59.9061352903062,3.60626359710012e-05,2.5184309603673897e-11,-0.2478568889469693,68.175909401745
33.27,78.62,5.07,1.08,1.84,6.26523274720342e-05,6.188842855339279e-11,0.2201654941037615,52.270471691230505,4.07338848157235e-05,3.0888890920850004e-11,-0.2448492926638356,68.22323303681779
33.12,35.6,6.32,0.65,1.52,4.15747669695313e-05,3.13189773661709e-11,0.2433566189343555,68.1383974696195,2.60890990107855e-05,1.5633310075691798e-11,-0.2538435844503196,67.80431905070944
23.04,70.57,7.04,0.53,1.66,8.7175565400023e-05,1.72016515744082e-10,0.1894452334679134,64.7872685158569,5.55682336514822e-05,9.453068048330669e-11,-0.209920610962046,61.41891852073292
31.68,15.52,5.56,0.53,2.2,1.88786109922208e-05,1.13379665248649e-11,0.259595427847954,67.01859795862546,1.14621012091549e-05,5.7105723336697896e-12,-0.2821175072497859,64.99604196439002
25.33,54.54,6.99,0.62,1.96,6.49444993098392e-05,1.12518034412532e-10,0.201631126500551,62.07387734356632,4.38797353515856e-05,6.17934805710626e-11,-0.2291340246115086,57.51544535050232
20.09,68.33,6.88,0.64,1.64,7.70398990619519e-05,3.03310101860126e-10,0.1938740871535846,80.11659366609929,4.92410859510941e-05,1.67983345047536e-10,-0.1961658900972675,67.1429579045503
18.8,16.41,6.37,0.68,1.73,1.9486977892194e-05,4.2566419658436894e-11,0.234210399140095,54.71569574081481,1.21506393108288e-05,2.4107444299571597e-11,-0.2551264742914465,71.24718012460072
18.66,67.04,5.34,0.73,2.06,6.42170577702522e-05,2.29939835306966e-10,0.1869233778615896,67.31027787475041,4.10561410366385e-05,1.30477719987273e-10,-0.2035990247938491,66.19964171826379
33.76,25.14,7.79,0.27,1.65,4.01837595186134e-05,2.5009289329949198e-11,0.2454261276583427,67.88804633200101,2.52836320128523e-05,1.2254792669025499e-11,-0.2576277774894372,66.9034363396766
33.76,35.84,7.64,1.16,1.68,3.2797597037102e-05,4.98687371207683e-11,0.240818444533298,68.6633174845013,2.16310090291538e-05,2.5407646748705698e-11,-0.2510379711337492,69.76455752218611
23.54,73.83,6.1,1.11,1.61,6.76014351363294e-05,2.07707684176506e-10,0.188325127626915,66.7923786300097,4.52411808897957e-05,3.70457138190465e-11,-0.2087214670332189,68.61778273323691
15.56,60.73,5.26,0.35,1.86,7.58420943575227e-05,1.88369424082023e-10,0.1894449195332821,65.70049868050249,4.68020626060244e-05,1.11521398329419e-10,-0.2072039581188359,63.65404559117802
17.65,76.44,5.97,1.17,1.77,7.32906998280676e-05,8.909212877709401e-10,0.1719669152344788,70.0710119190145,4.39099912116384e-05,2.0427341394561701e-10,-0.1761551179770047,71.6652521873664
31.75,70.1,7.28,0.23,1.88,9.66571103732768e-05,7.779309393923989e-11,0.2072270201017594,55.300160519658,5.91068133010519e-05,3.8411198172867397e-11,-0.2435337293629487,68.0511170344823
32.85,64.87,4.71,0.26,1.72,8.19530914213918e-05,3.87502627550259e-11,0.2405921001928618,67.80927696187972,4.68417856527597e-05,1.88447281392711e-11,-0.2483730161508861,66.79079466227961
33.86,77.06,5.89,1.19,2.15,5.87574954912303e-05,8.001285881601429e-11,0.2115060614602469,57.49450238679829,3.88385814248811e-05,4.0220231679389295e-11,-0.2432262648867408,68.5156956719388
20.13,29.77,7.52,0.98,2.01,3.17204803802818e-05,2.61986102746238e-10,0.193042947230444,71.83877136700909,2.07472935031138e-05,1.4316460703132e-10,-0.2157072039027552,73.24343027188199
34.58,46.27,6.66,0.81,1.57,4.74997576450167e-05,4.4350452431524697e-11,0.2404913854219931,68.1784960210966,3.151237690733e-05,2.2113945700617e-11,-0.249864434098361,68.41140199626162
31.34,62.45,4.63,0.7,1.69,5.96093948685956e-05,4.16653794689817e-11,0.2404305237727805,67.96447662671612,3.6454427218168e-05,2.06291173100046e-11,-0.2493359163151531,67.65618676791948
19.05,34.36,6.85,1.02,1.52,3.52547777109115e-05,2.53305168049458e-10,0.1920703170358441,70.8702811402149,2.30521907079079e-05,1.4853131958367701e-10,-0.2116020096296797,71.95796391721501
25.85,68.66,4.41,0.71,1.5,7.20721592054323e-05,5.574057398196889e-11,0.2178159868161753,52.32014890230891,3.80607354856083e-05,2.9500976681544896e-11,-0.2459587714579056,68.0568713369043
24.78,29.63,6.8,0.73,2.19,3.42944807761079e-05,6.343852027205659e-11,0.2330967562578659,62.28042277571561,2.26510543536508e-05,3.4278772750197e-11,-0.2482049567077052,69.7122780609333
16.65,48.37,7.13,0.26,2.0,7.19712079755595e-05,2.9803809385143e-10,0.199025444895032,84.1698409919912,4.63276777304964e-05,1.78488263004272e-10,-0.1974934380010084,68.4889472591427
28.3,38.74,6.18,0.86,2.08,3.60261608130797e-05,5.32978140462646e-11,0.2369389140070605,65.4161473752724,2.28984437869222e-05,2.7633198502042e-11,-0.2490637726731868,69.225316929209
29.85,26.61,7.54,0.29,1.96,3.66248405916434e-05,3.1548458965936695e-11,0.2434888896812867,68.1838153421295,2.24359057393964e-05,1.5542812399605797e-11,-0.2549463625204974,68.01718117387081
24.15,68.52,5.86,0.43,1.51,8.98576661956411e-05,8.876610549168929e-11,0.2045421870385034,57.6697715720135,5.48535515826784e-05,4.7371259713750004e-11,-0.2346979946791546,60.3551636160738
24.8,34.72,4.39,0.58,2.11,3.8017542262063e-05,3.06139217190508e-11,0.2439922477514569,68.19292058889239,2.32481461620967e-05,1.6003679972181e-11,-0.2546489452763382,67.95949226282058
15.51,30.26,4.91,1.03,1.82,3.00478874812103e-05,1.87443743363242e-10,0.201331932997491,70.54613059860851,1.95098573707275e-05,1.1242564350446501e-10,-0.2248008618395766,71.73829753617709
27.14,65.2,6.32,0.34,1.89,7.50796056892109e-05,7.85949020849523e-11,0.2085044699001434,55.9067028216908,4.62372540790663e-05,4.0454516753804195e-11,-0.243286364624155,68.00663954411151
18.38,16.13,7.78,0.58,1.93,2.30150661034332e-05,7.6377730538805e-11,0.2234768460737564,52.8496241486428,1.36440750943399e-05,3.91201173565994e-11,-0.2496009952215889,71.0000224128687
22.01,71.63,5.63,0.42,2.04,8.11924766174585e-05,1.19216966905538e-10,0.1970892228199302,61.41344709867538,5.10348543218619e-05,6.3197520564257e-11,-0.2244969952584065,54.8219948851992
18.18,55.18,6.81,0.46,1.83,6.81608446772071e-05,2.65077276346419e-10,0.1997769654248618,83.03003146751452,4.08447955313977e-05,1.45774352629738e-10,-0.2011175259083718,67.12170375459722
15.91,34.09,5.84,0.85,2.05,3.76199188641516e-05,3.22283511018994e-10,0.188008519058311,71.40887460762791,2.48740764254403e-05,1.93799617836314e-10,-0.2048869092402876,73.11296939506532
15.55,36.84,7.06,0.53,1.75,4.94351832881049e-05,3.93642075527541e-10,0.1827323419829855,70.6261246189027,3.19841045036161e-05,2.3918739955274e-10,-0.1966629173843542,71.93062313397081
15.19,78.53,7.68,0.54,2.07,0.0001025938530967,2.7806222314783e-09,0.1278221850074154,70.36046091502607,6.71106467150575e-05,1.7871848574839901e-09,-0.1563225796531234,83.67534286892517
21.19,66.64,6.74,0.76,2.19,6.99482409585029e-05,3.34829687346449e-10,0.1785601882428372,68.047867864878,4.46215614593694e-05,9.57072111938645e-11,-0.1990069829274725,69.37747040665168
31.53,49.86,5.76,0.39,1.67,6.11459943868664e-05,4.0518888096834296e-11,0.2406151598539453,67.95135089990458,3.68006375642689e-05,1.9712134262359298e-11,-0.2496828909192372,67.51388626398392
22.23,21.65,5.62,0.72,2.09,2.47734751949274e-05,3.4785730703782094e-11,0.2447477923144621,69.09688398514608,1.50435810305699e-05,1.8648534965903097e-11,-0.2565707419397369,70.04014794651478
17.41,72.56,4.05,0.32,2.07,8.9769956313347e-05,9.931175895509909e-11,0.2029256829690483,59.35892463641832,5.36230572777695e-05,5.4132953372932095e-11,-0.2288112577739492,57.6680659986234
21.02,76.6,4.72,0.93,1.64,6.8259304626094e-05,1.41876205064731e-10,0.1950369328016623,63.74370913669439,4.37875614905643e-05,7.664891895127149e-11,-0.2189744757327137,59.06925848300451
28.02,36.11,4.64,0.35,1.75,3.73537401272723e-05,2.5311571711949296e-11,0.2449590557931688,67.63621720950158,2.2651140998029e-05,1.2702781422494599e-11,-0.2563922653912515,66.62038068424877
32.31,38.95,7.63,0.79,1.54,4.27639158104354e-05,5.0762569853892696e-11,0.2371210189377416,65.46087128786421,2.76006868705857e-05,2.5592292056098197e-11,-0.2492758473886888,68.9261425933376
21.16,79.84,5.83,0.58,1.57,9.01223841926784e-05,1.71019994319527e-10,0.188992769541331,64.51003170677662,5.67691726191506e-05,9.124525164508969e-11,-0.2091214551896153,60.37498599387819
18.29,47.84,7.74,0.79,1.79,5.5680985518634e-05,6.43020485725617e-10,0.1811530789821967,70.41890936959551,3.49255885292101e-05,3.8796424588311003e-10,-0.1869734925770222,72.2368938055559
20.97,26.13,6.18,0.94,1.53,2.80087995956674e-05,7.8211640460193e-11,0.2282419361863284,62.11869552266011,1.81412998796488e-05,4.1205557438606497e-11,-0.2466124929503718,70.25216458880959
15.27,71.17,7.5,0.72,1.73,8.66379192604936e-05,2.05616766183908e-09,0.1401491217240888,71.66006013006029,5.73668448934852e-05,1.3183252067488902e-09,-0.1648726145391005,75.823541214798
33.3,24.37,6.5,1.1,1.53,2.36399215214388e-05,2.4184193050833297e-11,0.2481696039925828,69.03170774999501,1.53022127685862e-05,1.1938026964231398e-11,-0.2628992258787185,69.21093724630911
27.59,76.28,7.57,0.97,1.8,6.97874009700617e-05,1.98713003981937e-10,0.1882592798737063,66.40532664183921,4.56006370442908e-05,1.06909832044465e-10,-0.2079299546888971,64.5470211606293
25.29,78.9,4.77,0.56,1.86,8.92790285725176e-05,7.665567101568089e-11,0.209446684718859,55.34874423315608,5.63515524960107e-05,5.2756734668955795e-12,-0.2249681017232029,47.71601254496719
26.88,23.1,5.09,0.82,2.06,2.13234149535098e-05,2.2901566696573497e-11,0.2488190355163582,68.8382129230176,1.3381317116931e-05,1.18377092124161e-11,-0.2630462752757157,69.01975266867122
26.8,71.98,4.84,0.22,1.59,7.77539397494165e-05,5.5138392447548596e-11,0.221929147417316,51.3620105175838,4.7672722085019e-05,2.7821102116030796e-11,-0.2455896777099668,67.65887605404802
29.71,67.94,6.04,0.59,1.66,7.22460470291431e-05,6.970476277275209e-11,0.2135995162788163,53.9241940840432,4.52825070556127e-05,3.4776243034688e-11,-0.2435901442559109,68.13154626699222
29.2,18.26,6.41,1.15,1.87,1.76617843626426e-05,2.28239568995944e-11,0.2503315854730655,69.7382368875022,1.1165568771781e-05,1.18647030508545e-11,-0.266817970793049,71.15463110146928
21.43,43.69,4.41,0.72,1.68,4.31502501107601e-05,5.33605648689244e-11,0.2338229928508021,62.4595659228965,2.62378198137307e-05,2.8278008176466e-11,-0.2478875776452381,68.63823747957693
20.21,47.97,6.56,0.66,1.72,5.40118512339264e-05,1.76352988019588e-10,0.1936043902348049,66.63154900536122,3.44097788064642e-05,9.72787843578845e-11,-0.215862708873421,64.38396850382958
22.48,55.6,6.47,0.94,1.81,5.47299727103367e-05,1.81818856377718e-10,0.1927185888216141,66.70321243449861,3.61688173174003e-05,9.790795696525149e-11,-0.2154107198245462,64.91225578417362
27.48,26.94,4.14,0.39,1.72,2.60404265138148e-05,1.6482535708401697e-11,0.2509856595632255,67.02491869547639,1.58375352138211e-05,8.28790946006447e-12,-0.2659866812464593,64.58007030961791
26.19,37.05,4.4,0.85,1.55,3.19677940755158e-05,3.05486059824244e-11,0.2323643955621376,64.06781769632708,1.95855785004766e-05,1.59584146053818e-11,-0.2522939210370597,67.19853538489812
30.03,19.47,7.57,0.77,1.76,2.29392837465393e-05,2.47826679685291e-11,0.2479486348048996,69.00959782908788,1.46561932319517e-05,1.2207764357141298e-11,-0.2628841529579504,69.37164783884883
26.09,42.64,7.16,0.5,1.88,5.00907632741944e-05,7.499478129520849e-11,0.2163964782868483,57.08676711640831,3.06881003168313e-05,3.98353288809478e-11,-0.2448406823055443,68.70259321074559
18.85,22.79,6.46,0.44,1.66,2.85781660738445e-05,5.4589404353355196e-11,0.2394781519998897,63.04484426453519,1.83484860851609e-05,3.00768865221117e-11,-0.2494663623710339,69.66487768741351
24.33,55.15,4.9,0.87,1.74,5.33991026293206e-05,6.839726209674309e-11,0.2200546998440681,55.144585076933815,3.45412609918943e-05,3.6725750449592794e-11,-0.2453159511588086,68.58773821632161
17.51,18.63,7.62,1.18,1.94,2.27816608168583e-05,2.63204376378166e-10,0.1997625091718777,75.32818220537851,1.52797959280524e-05,1.64330674208254e-10,-0.2216692205490706,79.17193905026521
28.77,55.43,7.27,0.34,1.82,7.03128336062798e-05,7.45441303750743e-11,0.2114490603515749,55.39114644176751,4.3348753493492e-05,3.78011363535397e-11,-0.2441138190708251,68.2265580532446
34.07,51.78,5.79,1.02,1.76,4.60475353534035e-05,4.4901204703534196e-11,0.2404571180937683,68.1947032800741,3.02159026969743e-05,2.2385718790961798e-11,-0.2490159395200338,68.39534570592411
15.82,36.73,7.95,0.22,1.56,6.0197380907911e-05,2.79134469464661e-10,0.1859850461317099,68.90622787230011,3.86682244000513e-05,1.67497730975435e-10,-0.2016273802710915,69.2551023096816
18.62,62.51,7.79,0.72,2.07,7.03149393239257e-05,8.82843798396678e-10,0.1721740780500785,70.1629247968581,4.50059827617012e-05,5.19316071357252e-10,-0.1813049513547784,71.2834330513945
16.61,76.36,5.63,1.17,1.96,7.1308519927495e-05,1.09766685636185e-09,0.1704148243430858,70.0489758066824,4.8679327155301e-05,6.47478589576719e-10,-0.1789146018287977,71.2105215204252
28.47,40.81,7.07,0.87,1.61,4.07314162845943e-05,6.67108311547723e-11,0.2243054243126878,56.1207289508848,2.63226641822776e-05,3.5119811276637196e-11,-0.2447191685369381,69.16606967250688
28.65,22.72,6.91,0.28,2.15,3.05636467455883e-05,2.5176349284525897e-11,0.2459825901156222,68.13788863897172,1.79260433837166e-05,1.2722980780857198e-11,-0.2575599130917046,67.07847716926302
34.93,63.89,4.2,0.3,1.53,8.72923054966726e-05,3.09069193793485e-11,0.242188959820839,67.52031226892619,3.68739187856201e-05,1.49899258886927e-11,-0.2518782386692847,66.25187533462432
30.99,28.35,6.4,0.43,1.52,3.65728089370438e-05,2.5973461525860597e-11,0.2451797026492005,67.9668231066676,2.25122685641935e-05,1.2735905197488e-11,-0.2577082633698649,67.3677399488368
23.4,38.32,7.18,0.9,1.82,4.09804631291223e-05,1.30896584559617e-10,0.2042460585275882,65.8761773840942,2.74510740460362e-05,7.210306189302249e-11,-0.2336085311200846,63.81932424201178
31.02,44.43,5.08,0.96,2.03,3.81595917794573e-05,3.8115688160347694e-11,0.2419713056506728,68.29363274496659,2.42887514374357e-05,1.9050758909668e-11,-0.2524021328648637,68.50740647710008
29.18,50.91,4.77,0.59,1.89,5.06249814462792e-05,3.93697184121156e-11,0.2228967257060813,61.0777907359534,3.03766012380939e-05,1.93382607170628e-11,-0.250419242117314,67.70513463574818
21.05,39.4,6.34,0.88,1.78,4.09306993581683e-05,1.4987249644075002e-10,0.2007637963665819,66.53485900354531,2.62007602515007e-05,8.03997459964401e-11,-0.2273131907135685,64.9134503291183
18.55,19.6,4.18,0.35,1.92,1.93640903643956e-05,1.9879360307277298e-11,0.2475618043885212,62.91954570880062,1.18893957225445e-05,1.0660526528047e-11,-0.2635323937978064,65.57439051726341
29.53,42.34,4.08,0.27,2.03,4.38476469329202e-05,2.4334130918441e-11,0.2447742753525186,67.3034907915519,2.55961917195999e-05,1.1849462916794398e-11,-0.2567450684985908,65.85105055644131
18.9,53.84,7.43,0.35,1.8,7.04641911413044e-05,2.48568841233046e-10,0.185304454744242,67.55630622010011,4.36678161792536e-05,1.38716676342501e-10,-0.2015596249501859,66.5396029639154
19.78,28.63,5.45,0.68,1.7,2.95875967040413e-05,5.91063073205739e-11,0.2389476106002247,67.5274849996643,1.9074117330648e-05,3.3245493516744896e-11,-0.2475261570962243,69.6701230916694
29.87,36.94,7.09,0.27,2.1,4.79244192977435e-05,4.29047418524428e-11,0.2406370901508726,68.11290412778578,2.89505149073792e-05,2.13527864436338e-11,-0.2500088495618418,68.14176343955796
22.86,71.92,4.51,1.18,1.78,5.76812792205072e-05,1.1324896920798701e-10,0.2024352270048965,62.16106240832539,3.781521417958e-05,6.16777617989791e-11,-0.230580920590557,57.47106573352878
15.4,75.58,5.94,0.47,1.56,9.61905784422231e-05,3.88834606408471e-10,0.1782659448969671,68.4144406820239,6.11674147393123e-05,2.32217662487353e-10,-0.1896318242644416,51.33066891181692
28.93,58.54,7.48,1.16,1.94,5.03226504760707e-05,1.45786064538404e-10,0.1975361302411931,65.5380189406305,3.29701760304633e-05,7.6969847525895e-11,-0.225742551090538,69.52556797429551
24.31,39.19,5.85,0.65,1.55,4.64596156714159e-05,5.464548671511069e-11,0.2328762089981444,61.64944665347091,2.95150109273866e-05,2.9784655042178397e-11,-0.2475336712752618,68.7540740326133
16.36,54.9,4.32,0.43,1.9,6.41459021522706e-05,1.0151481179778401e-10,0.2056263569756918,60.6368244893128,3.86129576126441e-05,5.6722673937673593e-11,-0.2335783364273692,59.72535725942188
20.67,25.98,5.39,0.47,1.99,2.96356753316133e-05,4.27637888810403e-11,0.242254802380991,68.7326305194903,1.83964822693389e-05,2.20654232318996e-11,-0.2464131617717679,67.45228324438828
17.83,57.59,5.33,0.66,2.19,6.67004787887254e-05,2.22776090919607e-10,0.1884375419492095,67.5259855619908,3.62582136386957e-05,6.58006516831442e-11,-0.208860960560835,69.23047569833172
23.35,45.85,5.0,0.26,1.98,5.77637975728085e-05,4.75204969073555e-11,0.2355098908746673,63.74084794632001,3.4502902303636e-05,2.4104692080881297e-11,-0.2479978938538996,67.85745110124178
29.76,73.17,5.45,0.33,1.75,8.38768910415946e-05,6.0372273024486e-11,0.2174557373866074,50.40582829307469,5.08129080043401e-05,2.96065892156156e-11,-0.2453041350298923,67.82080230512288
22.09,65.11,5.3,0.72,1.98,6.43896323931934e-05,1.17473213865445e-10,0.2000083961493265,62.0451488417342,4.12427274492117e-05,6.270980979940759e-11,-0.2276032500271986,56.99263107375971
22.73,21.01,5.6,0.89,1.6,2.28812094722908e-05,3.22875367102215e-11,0.2457411550703704,69.2570761982814,1.45918822830412e-05,1.77717265971385e-11,-0.2674243147843621,61.36110793015204
32.35,33.64,4.42,0.69,1.86,3.38690622124209e-05,2.01443120498746e-11,0.2480342689594158,67.5795791260757,2.02517883946148e-05,9.88725872241368e-12,-0.2622172036006709,66.01947487782992
26.47,42.21,7.15,0.34,1.59,5.38099787618458e-05,6.130523469434919e-11,0.2251457896860612,55.0181259760312,3.31572093522423e-05,3.2201931839318796e-11,-0.2459132271441092,68.41787188788912
15.23,33.25,4.29,1.0,1.86,3.16691004462062e-05,1.41907227275168e-10,0.2075336645067191,68.1307423201569,1.97827149833617e-05,8.47486670555338e-11,-0.2362644637769271,67.61412610088291
32.72,44.87,7.49,0.54,2.03,5.3351372171473e-05,5.4065018769334296e-11,0.2299743213570197,58.91992116389669,3.41540976953749e-05,2.7005558714708096e-11,-0.2477666226120758,68.493385038533
17.02,39.57,5.81,0.48,1.83,5.17284371617637e-05,1.41846908486364e-10,0.2001241358928242,65.48271801858502,3.33720745128756e-05,8.196938056969319e-11,-0.2236005748455202,63.369366648870994
32.81,32.15,7.73,0.77,1.69,3.57061579964554e-05,4.0599975574063797e-11,0.2419342715799015,68.5291108597518,2.360252424347e-05,2.02579740228042e-11,-0.2525483882524577,69.07099267144717
24.71,30.71,4.94,0.91,1.77,3.08247117125353e-05,3.62734784301016e-11,0.2434708636066653,68.73394708581121,1.99431160749299e-05,1.95954445667697e-11,-0.2539802067477238,69.3197432984757
33.57,67.75,7.46,0.4,1.76,8.91810946133988e-05,7.370888049232659e-11,0.2102075059414322,54.801332266686295,5.56166237764305e-05,3.6515728967387794e-11,-0.2429565855321068,68.08801312424991
19.65,50.25,6.97,0.93,2.03,4.98836098908901e-05,4.47303494053889e-10,0.1802721120763561,70.5642389123403,3.27770293999556e-05,2.55508396923296e-10,-0.193905766009304,71.7200643936367
33.97,55.53,7.08,0.85,1.8,5.5449010394173e-05,6.30064392627809e-11,0.2298169617508961,64.3760932560761,3.62373268007442e-05,1.6364155938983598e-11,-0.233079761990206,62.099265596374906
21.84,71.6,6.91,0.35,1.93,9.37369889475592e-05,1.85679767370825e-10,0.1871909760248502,65.04377035772539,5.79288788888392e-05,1.00701125986685e-10,-0.2057827833389429,62.275462900761305
16.7,33.77,5.87,0.66,1.77,4.27314675457134e-05,1.62839638371397e-10,0.1998307138583557,67.76453326062531,2.72873254161936e-05,9.508433076973039e-11,-0.2230815723951261,67.1001922847694
33.64,66.54,7.84,1.16,1.97,5.56386171870431e-05,1.14083711667563e-10,0.2025309028152772,62.7963462912435,3.69904359756634e-05,5.7683924770282695e-11,-0.2347891392434825,61.00983429336179
20.31,65.72,4.84,0.8,1.94,5.93683165488894e-05,1.33855029350792e-10,0.1980419073348579,63.73079181530672,3.80592789530724e-05,7.4901364741573e-11,-0.2221342844309401,59.4066973469691
21.99,54.11,7.72,0.62,2.18,6.30543973290774e-05,2.45097763529353e-10,0.1867539501698115,67.9751287194499,4.0610014063945e-05,1.43875018160629e-10,-0.2039851830100832,67.5564371507763
26.23,45.9,5.69,0.97,1.7,4.13174367820547e-05,6.6238081800462e-11,0.2325523421115482,63.9688578494888,2.68969619062096e-05,3.53078770052538e-11,-0.2463402804325843,68.967558661119
33.37,63.12,7.61,0.8,2.13,6.19915214959897e-05,8.905207485294779e-11,0.2080223136314084,59.14667998672901,4.07344755488903e-05,4.4566133768649595e-11,-0.2436141402312921,68.4947781414263
23.01,56.7,4.17,0.54,1.8,5.90420691973632e-05,5.0625346266477894e-11,0.2318668325697655,60.4863856298325,3.55237280691178e-05,2.5800434227849e-11,-0.2455549497028643,67.80247316322738
25.61,48.44,6.0,0.24,1.85,7.4549502677422e-05,5.52016647286325e-11,0.225525388846692,54.7615360177492,3.61295435616296e-05,2.8363788689921e-11,-0.2443724443223162,67.9059998574667
33.54,27.84,5.91,0.89,1.89,2.75916039919695e-05,2.3334940857800396e-11,0.247505813164329,68.47833986889731,1.78912394870473e-05,1.1570716079410699e-11,-0.2615366004075564,68.13710447811968
29.91,27.37,5.43,1.16,1.99,2.2886460437563e-05,2.7370211919276896e-11,0.2467479618294622,69.0038510777377,1.49796640814513e-05,1.3824382958770598e-11,-0.2607165062764747,69.64258613728607
22.3,79.28,5.8,1.04,2.05,7.01498489512057e-05,2.52448784557356e-10,0.1849834459727085,67.56992585828878,4.64155590067261e-05,1.35822194265083e-10,-0.2029069402897541,66.1017921277012
23.76,20.11,7.51,1.13,2.12,2.14309927856775e-05,6.70140189779518e-11,0.2407487907913821,69.47538805559151,1.43987316907e-05,3.89264574941353e-11,-0.249189890155516,71.9046642602319
23.17,22.15,6.61,0.49,1.65,3.06048075861358e-05,3.4268190814385496e-11,0.2438593094014396,68.65317352654971,1.90627497069073e-05,1.8521788138030003e-11,-0.2540179857123007,69.0601943698697
29.27,52.9,4.86,1.17,2.09,4.07514755213806e-05,5.30862701429351e-11,0.2335893945520808,62.2612296959342,2.62039547427333e-05,2.6936770191776496e-11,-0.2485476084951541,68.83670323592689
30.77,20.36,4.72,1.17,1.62,1.7305182312573e-05,1.4417659483038398e-11,0.2561276466787129,68.4355076160835,1.10330359991729e-05,7.369604173345619e-12,-0.2760977337861417,67.95767957542742
25.48,38.24,6.77,0.83,2.01,4.18300327005705e-05,8.316858772784259e-11,0.2176715883118446,60.46028066806281,2.8335960384207e-05,4.5989606235254696e-11,-0.246468280425294,68.08909827177969
28.13,30.47,5.7,1.06,2.14,2.63368155965422e-05,3.9213983018793296e-11,0.2431453267488617,68.94891191869418,1.69337561468441e-05,2.0362766254291e-11,-0.2543788181800949,69.98038622597439
16.44,53.79,7.47,0.25,1.84,8.38817874831185e-05,3.80166325327489e-10,0.1795980291361018,68.87957372009488,5.34088948468742e-05,2.2392018231185001e-10,-0.1920281951397476,68.99429291255349
17.43,67.59,7.71,0.96,2.11,7.46042645309595e-05,2.13032672491331e-09,0.141500218175393,73.57190548978215,5.13063848541749e-05,1.40591384557257e-09,-0.1654381321917698,78.65799822413128
30.76,36.01,4.23,0.97,2.1,2.95688793547557e-05,2.3897802610535296e-11,0.2466709054529237,68.1316251167523,1.85156441560845e-05,1.1952229339948798e-11,-0.2601380222470115,67.71348985936478
23.28,60.89,4.34,0.91,1.63,5.513692190183e-05,6.643435233551579e-11,0.2203618893797421,54.197827394092016,3.51197845418459e-05,1.82542863825576e-11,-0.2474366627540828,68.4474464135792
17.88,45.28,4.69,1.11,1.53,4.45121250381787e-05,1.48079629124646e-10,0.2017863544241161,66.40238607822211,2.5237392812267e-05,8.467809688189809e-11,-0.2259550015655709,65.30441289914563
17.49,58.2,5.4,1.2,2.16,5.30598254579034e-05,5.70301229048117e-10,0.1775461053798111,70.7720474832857,3.71084979672366e-05,3.44431937996769e-10,-0.1891382899990439,72.1593556462657
23.51,77.63,4.82,0.96,1.8,6.90470765615273e-05,1.12608634920705e-10,0.2004453251623504,61.47317602749128,4.5118260585364e-05,6.085556797122569e-11,-0.2274565179258577,56.1696596075123
25.2,26.04,5.29,0.21,2.13,3.82215399467159e-05,2.4262995860794097e-11,0.2459644614994386,67.79804444753721,2.29494091752219e-05,1.25878361418238e-11,-0.2577322240523098,66.95745678011266
31.09,37.99,8.0,0.6,1.79,4.57908363578809e-05,5.49978930222829e-11,0.2320265947082595,60.886676791214704,2.90331839836556e-05,2.7726171143303397e-11,-0.2482854443639181,68.83398784359821
22.9,15.41,5.64,0.74,1.87,1.86195335999757e-05,2.03989449407725e-11,0.2517315557710509,69.25774723127898,1.16360629997925e-05,1.1212987997741398e-11,-0.2673811640382788,70.01082751336408
30.38,72.93,5.97,0.42,1.54,8.57284000288387e-05,6.620106230189459e-11,0.2137016791627032,52.41517990293568,5.27161708379076e-05,3.29370736311851e-11,-0.2446200564007272,67.9657336132283
27.2,72.32,6.95,1.14,2.15,5.98552971360804e-05,2.02970571419629e-10,0.1892672188483535,67.08171480473922,3.90191270256155e-05,1.11582506235982e-10,-0.2090334109716657,65.8542416573017
17.12,70.35,7.5,0.74,1.9,8.48189372354641e-05,1.2197736562043e-09,0.1632143360177295,69.92335394208966,5.80864946235724e-05,7.66117488877295e-10,-0.1795000835792825,73.58026798513399
19.15,46.88,7.36,1.05,1.99,4.63884410524695e-05,7.08782764629773e-10,0.1759708533793356,71.28743485599941,3.05782618870277e-05,4.15105883356831e-10,-0.1874010044520043,73.0994097282968
21.5,74.88,6.03,1.04,2.19,6.72950955180907e-05,3.59499555421201e-10,0.180325802646834,68.93231988744311,4.40884762651621e-05,1.95496056688629e-10,-0.1948515700637556,68.87018647247251
24.21,63.19,4.61,0.26,1.51,8.27842795516992e-05,5.1509951036406696e-11,0.2266597002411692,55.644219975485576,4.90269843389374e-05,2.6328792063449097e-11,-0.2462890104543702,67.63801874682513
32.61,49.44,7.65,0.29,2.11,6.83360442539173e-05,5.7659247906995796e-11,0.2233167270192803,52.81014571896528,4.22501898361111e-05,2.86899178885984e-11,-0.2464274851083056,68.1716159915225
32.12,32.65,7.01,0.52,2.18,3.92685163795107e-05,3.5794334564040896e-11,0.2425204907959088,68.3125147511842,1.46061738803067e-07,6.6032659853296094e-12,-0.2664453048719148,71.6911301569153
30.85,71.47,4.73,0.38,1.72,7.8942456143553e-05,4.7468193867598004e-11,0.230220899741496,58.7921312412176,4.67140827503012e-05,2.31361658855422e-11,-0.247367628602279,67.4714063862189
31.59,78.84,6.5,0.95,1.76,7.14074695575207e-05,9.645993309045649e-11,0.2035270224609767,59.45156050038442,4.60687884381223e-05,2.5164718724511498e-11,-0.2226225580339518,65.91810812876042
31.06,27.0,5.83,0.22,1.52,3.76476697095545e-05,2.03878384223186e-11,0.2471171682823902,67.207239343786,2.22925705648481e-05,9.97268040694892e-12,-0.2608653775578397,65.65346141996368
19.41,37.5,6.38,1.13,2.13,3.44567392071366e-05,3.22654523185463e-10,0.1881258246087795,71.70576099843059,2.2619466335263e-05,1.84908427617763e-10,-0.2059562624372014,73.3755803987756
29.68,20.0,7.22,0.21,2.0,2.91429393446036e-05,2.07260386947624e-11,0.2479607479648979,67.72162909308379,1.73700803650638e-05,1.019465581802e-11,-0.2625296916416663,66.72403696116938
29.03,78.04,4.11,0.39,1.81,7.82495412003436e-05,4.75552298060239e-11,0.2298044473169023,58.3991407124799,4.54952947017126e-05,2.33597509639857e-11,-0.237107925102245,64.39179565840378
24.41,32.97,4.04,0.84,2.05,3.18546202625128e-05,2.9014281557429798e-11,0.245172146732624,68.4419817814875,1.96312611965795e-05,1.52165041712776e-11,-0.2566995388437467,68.43029145734958
31.55,49.77,7.19,0.32,1.65,6.7747500473936e-05,5.3285418596919194e-11,0.2265009899372864,55.60330890878959,4.17493657717268e-05,2.63479089806886e-11,-0.2469315140267493,67.99325146880119
24.12,56.4,6.23,0.21,1.95,8.05089650524707e-05,7.67548527943222e-11,0.2102892799387546,55.616735842305005,4.9597978343038e-05,4.0618089902044296e-11,-0.243603737960173,68.20072887837361
22.8,65.45,5.04,0.75,1.62,6.55586124832519e-05,9.14633678321974e-11,0.2066113155559088,58.8763032459719,4.17276100229922e-05,4.85393514186839e-11,-0.2386700358265833,64.1303794357592
24.73,79.51,5.88,0.66,1.89,8.8223789090571e-05,1.28954229038252e-10,0.1950520498078843,62.35081756369648,5.67966540715346e-05,6.8854383980707e-11,-0.2191113765678039,57.4775421419306
22.59,48.1,7.27,0.56,2.02,5.8420960691147e-05,1.47551522110299e-10,0.1966772023618299,65.03447846859889,3.79239218224773e-05,7.949008063304159e-11,-0.2217392660028531,62.05553134686959
32.03,24.0,5.23,0.68,1.69,2.60554770785385e-05,1.68794677758456e-11,0.2513239802151528,67.69905396924808,1.62761728202617e-05,8.27286422891456e-12,-0.2680318935314667,65.83791452528861
24.57,76.31,6.7,0.34,1.66,0.0001058701377036,1.21021207786989e-10,0.1948977854771489,61.1990441507429,6.82468090519339e-05,1.8810737249946897e-11,-0.2153434860751849,66.00218974477528
27.13,61.59,5.65,0.4,1.94,6.54177443018978e-05,6.407066977836669e-11,0.2176175818283714,52.494174530645616,4.09385342708904e-05,3.3339340627766197e-11,-0.2449251787113131,68.12519754941401
16.67,63.36,6.62,0.2,2.1,9.42606953433321e-05,2.92933049369662e-10,0.1817127748584345,67.62847336578182,5.93521017243137e-05,1.68396697584287e-10,-0.1954949263656537,66.85022494878717
30.81,40.0,4.0,0.93,1.73,3.35795129086802e-05,2.3667886185052897e-11,0.2462137040109515,67.8558093098606,2.06313207590799e-05,1.1645696900360299e-11,-0.2594547975312522,67.10665410338093
21.11,29.16,5.69,0.87,1.5,3.06296031388432e-05,6.55073236232313e-11,0.2331038965381712,62.348382431143015,1.96512613790434e-05,1.85382206750209e-11,-0.2501936756870666,61.49779103655328
15.06,29.24,6.03,1.0,1.91,3.22486800090743e-05,5.258143420469791e-10,0.1817294390762624,72.65154035341772,2.10500144895885e-05,3.21955300403304e-10,-0.1956153979038134,75.26453612852701
25.93,23.42,7.8,0.82,1.62,2.86008302410422e-05,5.04679736667079e-11,0.2428562199303241,64.9701376480836,1.71550678216581e-05,2.61691113069086e-11,-0.2517907170285464,70.26076151025778
18.42,73.49,5.2,0.59,1.96,7.25592259734722e-05,1.93669381054294e-10,0.1886382557414994,65.886852352542,4.54763128948907e-05,1.09682463365737e-10,-0.2059245903591953,63.80292783446612
28.1,40.78,6.28,0.9,1.92,3.81340083341332e-05,5.869735196665701e-11,0.2312226581077283,60.31306203238529,2.40952623936641e-05,3.06176709973582e-11,-0.2479461673437763,69.1768763064405
33.29,72.2,6.82,0.74,2.06,7.15203664027985e-05,8.184784915151029e-11,0.2085969983666363,57.16824662611242,4.63687502077408e-05,4.0949676685844596e-11,-0.2426335554955334,68.31824121983749
32.39,49.3,4.32,0.3,2.17,5.59431646542451e-05,2.8103256195046e-11,0.2433769635632849,67.55009382924948,3.21204063301641e-05,1.3610389107161798e-11,-0.2535952128009401,66.07438172415992
17.29,56.51,6.89,0.33,1.68,8.53689146942549e-05,2.48843815863504e-10,0.1847760936887058,67.2899162418475,5.58314158393547e-05,1.46270304119569e-10,-0.2107652658229451,67.97668445390012
23.78,66.4,5.96,1.15,1.83,5.81111299895509e-05,1.82976138985475e-10,0.1918755453689835,66.5576224882774,3.91990165101372e-05,1.00059819716478e-10,-0.2133719479452198,64.8180593126595
31.78,39.78,7.89,0.78,1.74,4.32064233570162e-05,5.88229415834426e-11,0.2298973840462614,59.0718236359386,2.77682968250662e-05,2.9486361346868e-11,-0.2398255312253118,68.2588630220828
34.15,31.38,6.83,0.98,2.03,2.98024609765961e-05,3.3620736404130295e-11,0.2439690233702331,68.7612912778769,1.96912536979342e-05,1.68863460969182e-11,-0.2554389230590406,69.30222086890628
25.31,67.31,7.61,0.64,1.98,7.99129028606687e-05,1.84213941304214e-10,0.189296335305698,65.77695775627839,5.35922275458705e-05,1.02243505033874e-10,-0.2111372806417195,62.100965376163
21.7,31.34,4.48,0.45,1.82,3.50814266649102e-05,3.23926381803708e-11,0.2313580984705909,49.8829772067714,2.05706165434136e-05,1.6771995651196198e-11,-0.2539563598797592,68.00296656795499
16.31,25.3,7.89,1.01,1.98,3.06800983602323e-05,7.63725576919187e-10,0.1787808802746965,73.51081610537679,2.05963758707212e-05,4.94813094721462e-10,-0.1908217842410933,76.61578498042601
26.57,65.96,5.88,0.74,1.95,6.25218573477989e-05,9.29094807552005e-11,0.2057150661336347,59.25574242813428,4.06514979612434e-05,4.9694192217863594e-11,-0.2368490198337124,62.5199284521773
26.84,47.55,6.33,1.09,2.11,4.01137653898897e-05,9.95735106463861e-11,0.2103890243888929,62.61749221557969,2.63394673227921e-05,5.2138188262709294e-11,-0.2437811727495247,69.02879994523
34.77,27.29,4.92,0.77,1.75,2.81736265334192e-05,1.65581116594404e-11,0.2514442858629468,67.59626328952872,1.4903490956268e-05,8.23810991363979e-12,-0.2681887345679584,66.43279176544709
32.93,49.5,7.27,0.48,1.61,6.44484654506352e-05,5.2869876218141e-11,0.2281086373894635,57.104600204921695,3.97186238246019e-05,2.6257573654339398e-11,-0.2463457154963743,68.0990223558953
26.21,31.52,7.74,0.22,2.01,4.3846676171655e-05,5.1805653344005596e-11,0.2347188512387742,63.25341576307189,2.63479253978084e-05,2.6987090805548097e-11,-0.2482289347855941,68.6530929415539
29.63,28.69,4.7,1.08,1.73,2.4031947201199e-05,2.2613714050641698e-11,0.2481971326889259,68.493466832552,1.52668355722993e-05,1.13035065550636e-11,-0.2630719953952323,68.4332485188556
28.79,46.69,6.36,0.35,2.12,5.56483871948511e-05,5.2512954130027293e-11,0.2293067328338222,58.203715149559606,3.39473094631305e-05,2.65847451026697e-11,-0.2463615445541871,68.14368341256721
21.6,64.41,5.23,0.91,2.11,5.91431013578558e-05,1.57290200818643e-10,0.1939843059979141,65.14002056646781,3.84040373248359e-05,8.454737206039649e-11,-0.2185005569395009,61.68660688593011
26.38,20.57,7.33,0.74,2.17,2.32175840066574e-05,3.60066534444945e-11,0.2445189521791069,69.27645558976292,1.43602262538348e-05,1.9418662548349197e-11,-0.2562163818075389,70.5059651390201
15.49,68.57,6.39,1.0,1.86,7.10974498645671e-05,1.6606775967681e-09,0.1507794715704295,72.59989609369963,4.73176344651106e-05,1.0227846279506201e-09,-0.1738132985168046,71.16528432317742
20.62,73.51,7.65,0.52,1.92,8.86221927572613e-05,4.16227391875356e-10,0.1776898365008593,68.77055951374,5.7104218749963e-05,2.29355299660164e-10,-0.1887914757362024,57.85326315302819
30.34,32.48,5.26,1.18,1.52,2.70403047955911e-05,2.9860159176252e-11,0.2451173465057929,68.69249103718431,1.78117680500749e-05,1.4991007395978598e-11,-0.2578075306338293,69.08016088779556
28.59,39.25,5.35,0.51,2.01,4.05495759558218e-05,3.5447114880799797e-11,0.2422007151646633,68.113818627723,2.49670127428633e-05,1.79452911109811e-11,-0.2522089828825343,67.97330327017501
15.76,63.54,5.9,0.37,1.63,8.56030658792742e-05,2.47140502053143e-10,0.1844715666611025,67.0175781206905,5.31074275419474e-05,1.44409085467311e-10,-0.1992047966573018,65.94878935553
24.04,62.6,5.13,1.2,1.9,5.17921151792272e-05,1.1849490636026101e-10,0.2026364234977137,63.30615113153332,3.4624570156835e-05,6.41837194201205e-11,-0.2313228658399277,59.275404755511296
21.66,21.74,7.05,0.3,2.1,3.30169700185558e-05,4.4580001602311896e-11,0.2416051150108111,68.6186396021243,1.91711757419561e-05,2.3741851355756496e-11,-0.2507131992273487,69.34170009856489
21.66,66.88,4.19,0.33,1.83,7.410923685819e-05,6.18776959699461e-11,0.2184135783010106,51.2404807275045,4.32346060476416e-05,3.175879709822e-11,-0.2451163121145691,67.95943685083192
24.95,52.12,7.87,0.27,1.85,8.12414213779016e-05,1.06041336950684e-10,0.2011799726075806,60.66494561166991,5.17777710903844e-05,5.7336081652509696e-11,-0.2290139175118451,55.5189671118633
21.63,28.14,7.8,1.19,1.74,2.94761570844951e-05,2.1286788064582501e-10,0.197520825385835,71.5020174173985,1.95654839170468e-05,4.9644003913273596e-11,-0.2162807569830794,73.5458417755188
19.85,58.79,4.49,0.7,1.53,5.47196022710173e-05,8.41148468075678e-11,0.2117110505247602,58.2046048205449,3.45832057350126e-05,4.5522973565269794e-11,-0.2423872135142235,68.4596435042392
31.87,74.6,7.82,0.69,1.71,8.05089628739523e-05,1.0986358865314401e-10,0.1991676686141198,60.842703710307504,5.1985885807103e-05,1.61391437496479e-11,-0.2192520785313923,65.90861170468901
33.99,62.38,5.7,0.77,2.1,5.86750204707693e-05,5.1939740812302395e-11,0.2293722225155743,58.24891598366358,3.85045254157269e-05,2.5705382631471797e-11,-0.2466042340601486,68.11094122268082
27.27,53.19,6.56,1.05,1.78,4.6751221986847e-05,1.01269483434907e-10,0.2074349578012332,61.91234480626429,3.04696425856076e-05,5.4411449725126893e-11,-0.2394267916470966,65.20756013189191
24.55,20.32,6.24,0.64,1.8,2.62809614993622e-05,2.8748928197183197e-11,0.2462972750587161,68.96985267001068,1.66515295178744e-05,1.5450007677157097e-11,-0.2585744643264096,69.53910327151982
19.35,56.96,5.57,1.18,1.8,4.87339297601293e-05,3.14455641539159e-10,0.1848086382732452,69.725576254431,3.292599743648e-05,1.81337722582653e-10,-0.200294142372038,70.2161178148378
25.98,48.49,6.19,0.34,1.86,6.7090642702135e-05,6.013153927335969e-11,0.2313787999688527,61.84771772823069,3.64116012234131e-05,3.06911857241405e-11,-0.2392094578048687,52.708262642366414
29.66,67.39,7.06,0.61,1.66,7.36678253204123e-05,8.96798608995536e-11,0.2051467599063098,58.17371616740419,4.64882018902817e-05,4.5464120616137497e-11,-0.241867131663993,68.2666485421157
15.44,48.31,5.71,0.98,1.86,5.01524995547491e-05,6.18289387908984e-10,0.177086133991913,70.9772216222504,3.31972147515981e-05,3.76837665924623e-10,-0.1884545815396543,72.54451051398571
34.53,50.66,6.15,0.42,1.95,6.44242341868959e-05,4.1127553543062393e-11,0.2405399645396804,67.977768205321,4.05980119696147e-05,2.00466463357198e-11,-0.2496035525704796,67.6356296155366
31.96,19.2,7.06,0.92,1.9,2.10388166284499e-05,2.1034832088298398e-11,0.2504129909400082,69.13546318747149,1.34977124385948e-05,1.04852838964548e-11,-0.2668941550717533,69.47793297276219
26.15,64.13,7.84,0.72,1.6,6.98946110628339e-05,1.62411289420508e-10,0.2088196608834224,81.9222324451461,4.45869100991544e-05,8.879588890262929e-11,-0.2133867277519124,62.45313561351409
19.16,57.01,6.23,0.52,2.2,6.26496043913818e-05,2.20096841800748e-10,0.1879267744965538,67.23449544721099,3.8916014779978e-05,1.22033094697777e-10,-0.2059049183353054,65.94667217027528
17.66,55.86,6.2,0.45,1.79,7.82701889078065e-05,2.05245888535097e-10,0.1886624135869958,66.61070693237738,4.21204030738155e-05,1.16587184455931e-10,-0.2064169968479043,65.14935680196149
15.7,62.97,4.62,0.39,2.14,7.16771653750878e-05,1.67509544323887e-10,0.1922599378369192,65.0790223525686,4.40112141388427e-05,9.46185068319034e-11,-0.2121967086943806,62.55108845708829
30.69,71.75,4.75,0.21,1.57,8.60121951576817e-05,4.58095340713266e-11,0.2310977741364258,59.5218118455928,5.11898040259428e-05,2.2324605541601297e-11,-0.2454405704928784,66.9433655276408
29.97,29.49,4.41,0.97,1.92,2.51044458614592e-05,2.07627965559385e-11,0.2488748204413436,68.1936123840507,1.56065033167796e-05,1.0348872315823001e-11,-0.2641389762096161,67.75706404163623
16.5,26.06,7.12,0.66,1.91,3.48539068707178e-05,2.34538477487191e-10,0.1950632278152965,71.13119574605481,2.27655570110602e-05,1.44098882112588e-10,-0.2167312130862785,72.740517468837
26.94,66.21,6.72,1.03,1.52,5.96668112032584e-05,1.32672923645139e-10,0.1972627876950283,63.74801017035611,3.86958213628302e-05,7.15107646963743e-11,-0.2226229230014432,60.1023016570883
27.47,61.68,7.81,1.0,1.54,5.816892626764e-05,1.61508221305196e-10,0.1938936471178764,65.7291549364861,3.8321169578187e-05,8.911252810363749e-11,-0.2163831261115905,63.70571655758789
23.05,60.15,5.51,0.91,1.71,5.82548813631033e-05,1.12054059899231e-10,0.2026387544674202,62.08871873748889,3.7817177019031e-05,6.169799441066879e-11,-0.2306271018103244,57.60919979570628
27.98,55.76,5.73,0.86,1.7,5.10910858206667e-05,6.635650142042639e-11,0.2200827484647685,54.43191894837848,3.28870099821757e-05,3.4284770776669395e-11,-0.2446426028308598,68.54844276603892
33.72,66.06,6.65,0.7,2.13,6.73385866423792e-05,6.947237117688619e-11,0.2152381817838254,54.57076319797899,4.31721045101861e-05,3.42747685927733e-11,-0.24402019398668,68.29773227408792
31.25,18.83,7.55,1.13,1.93,1.92366773025596e-05,2.5445081249276698e-11,0.2490723060366499,69.77113826850209,1.22738071731837e-05,1.2840686258966298e-11,-0.2648624016754434,70.99178592730799
27.25,18.5,4.95,1.14,1.56,1.61122462002187e-05,1.6772930156664698e-11,0.2546395171031082,69.19695164755271,1.04079507995415e-05,8.696665838558899e-12,-0.2723727830580555,69.17302580151521
33.07,38.91,7.96,0.96,1.51,3.93792852116786e-05,5.5908459379520294e-11,0.2341870612075155,62.9763475073431,2.61171013428396e-05,2.82466776324924e-11,-0.2488935100589524,69.2542115131727
16.09,58.57,6.05,0.41,1.66,7.83139611975784e-05,2.50096747444966e-10,0.1850902278201202,67.39775133872298,4.97135452817836e-05,1.51409784110852e-10,-0.1993230897055304,66.76174725272519
33.89,39.66,6.0,1.17,1.62,3.35192883657455e-05,3.7401783935801495e-11,0.2425741930479065,68.53589136438481,2.24276559340023e-05,1.87020966228641e-11,-0.2529318783027824,68.95258457281491
22.47,30.35,7.19,0.79,2.01,3.42824089095604e-05,1.04190088848452e-10,0.2139694190627075,64.5585133912894,2.25375564700332e-05,5.63315746123e-11,-0.243459268653123,69.6709150127956
19.88,18.01,5.49,0.34,1.84,2.14044998171288e-05,2.4565135423514798e-11,0.2479771430200527,68.67227669394099,1.30831511285931e-05,1.33024627531462e-11,-0.259794378964055,68.4009126972933
17.77,20.72,4.85,0.33,1.77,3.10219676475212e-05,2.9750307558363596e-11,0.2448180491073159,68.6027934797456,1.39613942757431e-05,1.623406970646e-11,-0.2567751544862565,68.8118429513544
22.34,28.28,4.98,0.28,2.04,3.50283927607253e-05,3.0867107424468296e-11,0.2438786912720909,68.13651942174897,2.07579702061944e-05,1.57839652411182e-11,-0.2548425337596155,67.81212671343891
22.33,72.83,4.86,1.11,1.93,6.06275336124733e-05,1.46059960595038e-10,0.195836409197916,64.48653341474319,3.93908371035261e-05,7.922951957994259e-11,-0.2201383205156588,61.299244854991
20.1,30.89,4.21,0.21,1.5,3.27598357517873e-05,2.6221309218219397e-11,0.2453754345003242,67.84626933067081,2.18904344527863e-05,1.3995944900624599e-11,-0.2546331234861596,66.56113119134216
31.64,21.53,7.2,0.67,1.75,2.6607193628096e-05,2.2995934657016397e-11,0.247944465921491,68.5472694399776,1.67140889381003e-05,1.13551527930897e-11,-0.2621088225930333,67.88142547883521
32.76,41.15,5.79,0.97,1.82,3.74873212273933e-05,3.78123317461207e-11,0.2421787160019336,68.38026813428903,2.42342876527279e-05,1.8844891980536398e-11,-0.2521436782589403,68.6074912140959
16.64,23.25,6.94,0.31,1.95,3.65778645200264e-05,9.397706598277719e-11,0.2181352713724213,63.205506540988914,2.28541552434139e-05,5.3835373380319e-11,-0.2446967770326948,69.48607643935428
34.63,28.84,7.25,0.9,2.05,2.92228110892204e-05,3.0518033254223496e-11,0.2448407853328673,68.7504272893125,1.93476890599472e-05,1.5667355122336798e-11,-0.2566752122210016,69.2230478445392
33.81,57.49,5.07,0.45,1.83,6.7502114435065e-05,3.73743361073228e-11,0.241061145211215,67.86497615686748,4.05578517457946e-05,1.8265613768986298e-11,-0.2502486105096978,67.24111192735802
26.68,24.66,6.82,0.56,2.16,2.80220568469837e-05,3.6050252228685096e-11,0.2459945453288438,71.27834522369258,1.74089486383709e-05,1.87832799282379e-11,-0.2544899300251313,69.40211040452802
24.86,31.3,6.44,0.9,1.75,3.43018471642266e-05,6.0559387848042e-11,0.2348425662063308,63.7901385782988,2.25613879208804e-05,3.35411870028497e-11,-0.2483575211325523,69.70758033264978
28.57,29.22,6.36,0.56,2.01,3.29708378871143e-05,3.36864252868714e-11,0.2433537751415225,68.43254176159012,2.00939895654429e-05,1.74577052123041e-11,-0.2543077614391241,68.7802529669983
25.67,70.68,5.85,0.99,1.71,6.77375223519082e-05,1.23906461719245e-10,0.1984119203838547,62.83091177272929,4.1349188760233e-05,6.67828146755065e-11,-0.224525950626389,58.53779165084119
31.45,52.01,7.32,0.87,1.67,5.14139636998908e-05,7.254722451821379e-11,0.2173533530809336,56.4119305211008,3.39165282080353e-05,3.64921993502792e-11,-0.2444736949056973,68.71108973830358
20.25,46.76,7.49,0.92,1.61,4.97846035976638e-05,3.83625429437834e-10,0.1823454890389192,70.3987816494699,3.29864768191902e-05,2.23684601465534e-10,-0.1963497669549415,71.3725142464905
25.01,56.17,5.45,1.0,2.18,5.12837606966925e-05,9.768496837687859e-11,0.2084039783420009,61.202519496684985,3.44132216494885e-05,5.3437719216710095e-11,-0.2404032932497425,66.03358686759451
23.23,37.22,4.18,1.15,1.67,3.16808833031058e-05,4.2675092109250596e-11,0.2420887201849907,68.6755885778578,2.02985720157428e-05,2.3062745999482002e-11,-0.2519400081190554,69.37619640748072
19.93,65.57,4.3,0.61,1.9,5.9842861946733e-05,8.906256899427739e-11,0.2087150420390549,58.69759841062439,3.73609802547252e-05,4.8734163584115e-11,-0.2408237196566166,67.4407421796799
34.49,77.31,6.57,0.93,1.59,7.12922130986299e-05,7.83935833844808e-11,0.20975183771513,56.4295257092447,4.75426347136764e-05,3.9281207077769096e-11,-0.2417821437776783,68.28389843164098
16.13,36.6,6.47,0.89,1.84,4.23317520116948e-05,4.84468708411462e-10,0.1813008600034922,71.64356046581969,2.78041741846028e-05,2.98329399551313e-10,-0.1944631449828403,73.69783850215602
26.67,69.04,4.05,0.52,2.08,5.99362764727545e-05,4.88863370556265e-11,0.2317373171570998,60.28389806077211,3.56998355143585e-05,2.4957722881186198e-11,-0.2472263101337035,67.78874833039339
27.72,59.6,7.88,0.93,2.2,5.53463250330367e-05,1.6852806281129501e-10,0.193759448642705,66.28595463427888,3.63464219280963e-05,9.3209702971407e-11,-0.2161715706914262,64.650057324115
26.36,78.82,7.07,1.07,2.05,6.80005803520724e-05,2.42317301794594e-10,0.2013739048928728,83.4998430026614,4.44476686978069e-05,1.33232353352189e-10,-0.202799674516605,66.6425300877583
25.17,29.0,7.47,1.16,1.68,2.95211640639652e-05,9.037090354375929e-11,0.2216876033009211,64.36528860422871,2.02148563547069e-05,5.262307675493969e-11,-0.2397409192420333,70.9024353218031
34.2,17.98,4.24,0.67,1.51,2.05586320221066e-05,8.81307899208741e-12,0.2649885215166498,65.38283539460151,1.21721227231768e-05,4.28708828954092e-12,-0.2907040436840042,60.632874332384205
16.07,40.42,6.45,1.15,1.63,4.18060506932069e-05,8.17698673254428e-10,0.1753645051725338,71.714330950936,2.82957463902043e-05,5.222951514111361e-10,-0.1855690011384441,73.7601826952819
29.94,52.8,7.68,1.0,1.85,4.88640468725594e-05,1.01843320590827e-10,0.2072320827253126,61.79071124257621,3.21508572856847e-05,5.2061175272724193e-11,-0.242287942348452,68.83739727237759
25.08,48.88,7.16,1.07,1.56,4.82969776072759e-05,1.46658462331089e-10,0.1988392831954041,66.01530981446288,3.3407244557188e-05,8.506730625608649e-11,-0.2229209133403459,64.74815963087869
25.13,40.36,6.95,0.53,1.78,5.30078352212412e-05,7.295590188903439e-11,0.2184744837949822,56.838370358155785,3.46336308270768e-05,3.9355202462498197e-11,-0.2451035592657974,68.7499928163286
18.46,72.77,4.75,0.29,1.82,7.59255880882011e-05,1.07600048918912e-10,0.1997741382379212,60.19265207504501,4.67984550256272e-05,5.8139279690230596e-11,-0.2249402733281511,53.745202120788704
28.53,45.14,6.38,0.43,1.93,5.19878084353625e-05,5.1678682558614e-11,0.231547993030047,75.27583741391538,3.23335903504729e-05,2.63140281601869e-11,-0.2475727447277179,68.2688042871658
18.47,26.83,4.24,0.44,1.84,2.2182020627442e-05,2.7660014907312697e-11,0.2453377212692316,68.3591793500746,1.59674353972175e-05,1.79311650861696e-11,-0.2545684794175052,68.68780146263312
21.87,52.41,7.83,0.74,2.11,5.98186465350089e-05,3.23490551382735e-10,0.1830071412644292,69.28579479696681,3.88961647846215e-05,1.91251486186088e-10,-0.1978247083404528,69.82513044201649
34.84,73.18,7.38,0.79,2.12,7.10269865042931e-05,8.72244353501859e-11,0.2066645765344257,58.3051920528275,4.21665927395763e-05,4.412692750680909e-11,-0.2422104094081438,68.37821728491822
24.16,72.91,5.19,0.9,1.91,6.85343200630115e-05,1.1375958291423e-10,0.2003803340364198,61.7112320543631,4.45020522427891e-05,6.14450383565519e-11,-0.2357537978190906,67.2147807485029
27.89,59.31,6.43,0.67,1.65,6.12160205931146e-05,7.85899121131307e-11,0.2113679740945426,56.80914896007173,3.89370099079361e-05,4.0988789702919096e-11,-0.2397317238299518,68.4005764537953
19.91,17.02,7.73,0.75,1.98,2.22637170450805e-05,7.197596207947519e-11,0.239124964916511,68.30159999580171,1.38059210976194e-05,4.03500799698694e-11,-0.2497121789231103,71.29418144946071
19.07,64.54,4.83,0.56,1.88,6.22487223737709e-05,1.18532983296889e-10,0.2000639350072928,62.15409527811519,3.90681321725952e-05,6.58727115893477e-11,-0.2240936253435913,57.43099322148051
15.95,42.98,6.39,1.12,1.72,4.48920750915025e-05,8.94093418665958e-10,0.1741120655874608,71.42199255348191,3.0001148917221e-05,5.625267506168791e-10,-0.1841135799341484,73.4266340670834
23.86,56.54,7.74,0.99,1.91,5.70972444474606e-05,2.75033907788687e-10,0.1858909201933265,68.9495060113382,3.8212085992212e-05,1.60711319942314e-10,-0.2024954650247789,69.3414930016488
23.25,67.1,5.8,0.47,2.03,7.79421816610371e-05,1.08368016766923e-10,0.2001187252886609,60.614838462108494,4.9231414497478e-05,5.7752992953513894e-11,-0.2277918020915008,54.5571818685697
32.41,54.93,7.02,0.25,1.53,7.92100131709533e-05,5.3064627477027095e-11,0.2248542674139275,54.04074323903241,4.95789285630082e-05,2.6139192443737397e-11,-0.2455204103334482,67.70225916726922
22.36,64.94,7.86,0.91,1.87,6.76128942108337e-05,3.99692190475159e-10,0.1797885129726275,69.41642991148689,4.47733978731058e-05,2.3260420050218003e-10,-0.1929130463242711,69.94869986535068
31.42,39.0,7.21,0.5,2.07,4.6504229171237e-05,4.6642391780597895e-11,0.2398693825355468,67.7988751375755,2.92639205163217e-05,2.34646484614992e-11,-0.2495478116226744,68.5400024124628
19.31,36.14,5.32,0.7,2.16,3.67381239775778e-05,9.78456235374766e-11,0.2142683642267835,62.9781941104805,2.27071725975156e-05,5.4682925460506395e-11,-0.2439253827279902,69.18156795246207
28.0,77.45,6.09,0.93,1.87,6.7763297555685e-05,1.15117956474574e-10,0.199039001645777,61.70396628007391,4.39518953794258e-05,5.985664532645109e-11,-0.2313809517338887,75.10203014756512
22.21,65.64,4.94,1.07,2.04,5.53722167422979e-05,1.37164266574435e-10,0.198215662650547,64.2531170949669,3.606663577731e-05,7.40407995586108e-11,-0.2243260667831014,60.87663956333692
25.6,76.71,4.27,0.65,1.58,8.4167869361166e-05,6.10284052864615e-11,0.2192114146757336,51.17691982306849,4.18996422519518e-05,3.1430104747282394e-11,-0.2441468163501836,67.9456359197777
21.54,79.56,5.5,0.74,2.02,8.03288965759395e-05,1.89604639565524e-10,0.2057655511022498,83.38969123868412,5.13526448303936e-05,1.02295902847835e-10,-0.2076623401914462,62.4513842069323
32.23,74.53,6.81,0.88,1.62,7.1140819113472e-05,8.99341325658287e-11,0.2055994750009162,58.52650919644597,4.61173558216228e-05,4.5246363023318195e-11,-0.2387895354407087,68.36771712983358
23.89,50.1,4.24,0.5,2.02,5.43863884979949e-05,4.3955987709923695e-11,0.2404978529990696,68.1065459048294,3.271137713842e-05,2.2215994056465196e-11,-0.2490926192683581,67.8601058793003
26.89,29.96,7.29,0.59,1.71,3.51707559960391e-05,4.8362237113616495e-11,0.2406537184221419,68.4764466571603,2.17825037023753e-05,2.5425777293565797e-11,-0.2500019118882122,69.22709822978068
18.52,28.08,5.01,1.18,1.57,2.43786785796505e-05,9.55022289224296e-11,0.2239360912018172,66.0440181538261,1.59465511760363e-05,5.570064573848519e-11,-0.2456794963285306,70.24342971448469
23.06,59.86,6.93,1.16,2.09,5.36303209385777e-05,3.20043298692773e-10,0.1840897414898963,69.5854663422663,3.61749709567461e-05,1.82733202980597e-10,-0.2001987099340153,70.17554940312101
26.73,57.13,4.26,1.05,2.2,4.26209680735422e-05,5.4013649239547004e-11,0.232672895378281,61.43025080847231,2.67514736118565e-05,2.8201417783043797e-11,-0.2478047128108541,68.6642150941513
29.47,31.94,7.26,0.47,1.74,4.0574181901758e-05,4.1268844723288493e-11,0.2412882032256599,68.28170539104428,2.49083855463341e-05,2.0549691805191298e-11,-0.2513527618276173,68.5908712474716
15.59,59.09,5.11,0.8,2.05,6.06122158885452e-05,3.73172712067841e-10,0.181485338920444,69.5297532943431,3.91460805338585e-05,2.32128095689808e-10,-0.1939232879154836,70.1986307668437
34.82,42.55,6.1,0.99,2.11,3.74142513189547e-05,3.8602219119975894e-11,0.2419840791129601,68.3880745747806,2.20094861582193e-05,1.928244727586e-11,-0.2519594730432382,68.7879847642719
20.43,39.12,5.94,0.31,2.1,4.73776411003679e-05,8.077955782921579e-11,0.2154975221908064,58.38549142319,2.97174339552573e-05,4.24110029315924e-11,-0.2434619385224019,68.71267954730298
23.96,35.72,7.37,0.83,2.05,3.99209001195419e-05,1.1633978825590301e-10,0.2082311413757687,65.07554286284689,2.61040229454332e-05,6.5251583086015e-11,-0.2416479913931458,69.065725817796
31.91,77.39,4.92,0.46,1.82,8.3974093610801e-05,5.2983022650794196e-11,0.2241333901908803,53.3493207229237,5.06254709887663e-05,2.5960394329549698e-11,-0.2453562893172117,67.58304378354471
15.79,16.19,4.36,0.97,1.57,1.77251915864207e-05,3.78529397108398e-11,0.2468775733855691,70.4136709803784,1.08966104181741e-05,2.3989569094903798e-11,-0.2577808930247214,72.28614301505279
31.96,59.63,6.85,0.77,1.65,6.09392276356182e-05,6.970124670469309e-11,0.2162077578365066,54.89090627176549,3.91211493659893e-05,3.49156107192311e-11,-0.2451842600128975,68.4153052404522
31.96,17.36,5.84,0.6,1.81,2.19803338791411e-05,1.3254578564903598e-11,0.2559542744331384,67.3373800306312,1.30278113842912e-05,6.48316950187588e-12,-0.2769711876588892,64.98516253518277
28.66,27.09,4.72,0.64,2.01,2.63275011236133e-05,2.0575592910127098e-11,0.2485995344591899,67.9827331044112,1.59150640364154e-05,1.04159041978839e-11,-0.2630042243574697,67.35543198387087
34.66,49.03,4.1,0.87,1.6,4.40071184792812e-05,2.5107640113664897e-11,0.2440671388572522,67.5840305725012,2.85137754556691e-05,1.241745614172e-11,-0.2567796302236118,66.67931356558867
34.66,35.33,5.17,0.62,2.06,3.78040999752721e-05,2.32471032721066e-11,0.2462903586992878,67.8329255329285,2.42614349848219e-05,1.1581737578605499e-11,-0.2583211966592621,66.39352141933183
30.14,70.99,7.02,0.98,2.19,6.17184296018994e-05,1.23256454741251e-10,0.1989968842305279,62.87497245027859,4.02914047963829e-05,6.25355283914833e-11,-0.2322790023891374,61.427701781064606
28.53,69.24,6.49,0.67,2.17,6.8613400512089e-05,1.00019631555809e-10,0.2026851171805377,60.00779546545018,4.3005954972544e-05,5.190495793410179e-11,-0.2333341923383488,59.34400093402448
21.67,60.4,7.32,0.52,1.67,7.65664530836405e-05,2.0631531011290101e-10,0.1871124486878324,66.33372485493868,4.84406834461477e-05,1.13687808967614e-10,-0.2058855465599194,64.14787120238039
28.02,66.32,6.23,1.03,1.91,5.60568269519558e-05,1.07883651049579e-10,0.2029346135768622,61.7271477036653,3.65650723690243e-05,5.66725087205458e-11,-0.2331725197436754,59.4370026717507
16.03,69.47,6.81,0.24,2.12,9.91332214522742e-05,4.69537060709609e-10,0.1763594741671468,68.8702424278475,6.22108178305831e-05,2.74676080832665e-10,-0.1871110808792796,68.94301144365991
22.36,21.39,6.93,0.61,1.94,2.73602246121467e-05,4.8309336278847693e-11,0.2419423606986596,69.0311524869196,1.73137675953197e-05,2.4430665264637298e-11,-0.252668389497562,70.07233992784958
30.51,62.09,5.43,1.16,1.65,4.96281926658246e-05,6.322015574676959e-11,0.2226960891258572,53.57780024689879,3.23859399996187e-05,3.2315978346839296e-11,-0.2463421903416833,68.6129253678521
33.51,72.52,7.92,1.08,1.56,6.50431145038639e-05,1.16379340166024e-10,0.2000745562212655,62.350523537197,4.29222486922437e-05,5.93512898800392e-11,-0.2300702412448239,56.8280872986279
19.1,44.73,6.17,0.92,1.56,4.51508506160454e-05,2.16066337712838e-10,0.1918306076510901,68.6749236994861,2.89845715762652e-05,1.24181340766526e-10,-0.2109715336740749,68.48343353491171
26.85,28.81,6.7,0.63,1.79,3.20539259769031e-05,4.0781061564635895e-11,0.2290730271279438,51.74985696261081,1.97857271775874e-05,2.1498136940282197e-11,-0.2520868501147919,69.21551336315362
16.46,59.94,6.84,0.57,1.85,7.71841111808808e-05,5.80298502930073e-10,0.1755740457687094,69.80157587531431,5.02513949085122e-05,3.46355833049919e-10,-0.1854753239982929,70.563452310251
26.79,48.36,7.8,0.97,2.17,4.62223649172468e-05,1.57505878158869e-10,0.1974323399725144,66.77210636066458,3.01371121884108e-05,4.6183179966774594e-11,-0.2231802476463627,70.0496719067776
29.28,38.04,5.17,0.73,1.97,3.65927198000229e-05,3.4316207164436797e-11,0.2427252639406524,68.23230908673631,2.27161364046433e-05,1.7007051251074198e-11,-0.2536813576534716,68.27302358136141
33.68,31.79,7.56,0.2,1.86,5.19661144764272e-05,3.1711144509750796e-11,0.2428267841331919,67.94905378342509,3.09308777406981e-05,1.55390079889481e-11,-0.2536097035439287,67.4744082693566
21.47,54.77,5.04,0.42,1.55,6.56930725714683e-05,6.92372090316068e-11,0.2153930767497477,54.0250462668731,3.91234866943316e-05,3.6104280956947394e-11,-0.244616512638048,68.22530747588631
16.36,57.02,5.01,0.95,1.53,5.88352032514001e-05,2.76659937061027e-10,0.1858012367009274,68.76862706800812,3.84921050444607e-05,1.6198187121075801e-10,-0.2014551836058009,68.691696356708
34.94,15.21,4.41,0.46,1.63,2.11583839544828e-05,7.30016711230968e-12,0.2698643544307031,62.975600207280216,8.96676269578684e-06,3.53277906057277e-12,-0.3000399248784419,57.738027688791576
17.11,31.4,7.9,1.16,1.88,3.53883298717308e-05,1.0707497354454301e-09,0.17400438939677,72.41513010027168,2.41069349014635e-05,7.267065044593181e-10,-0.1834916567835478,74.98525010274692
19.42,33.6,5.47,0.95,1.64,3.20082095486281e-05,1.04461380484151e-10,0.2147829743602026,64.81238560112071,2.09387756327143e-05,3.11259834335296e-11,-0.2339925756762232,65.9482775976018
19.57,34.5,5.93,0.72,1.83,3.63944175187646e-05,1.10196838381078e-10,0.2096460744595543,68.84513975167269,2.38323474629782e-05,6.06486338013139e-11,-0.2421716395302636,69.2141740992061
31.9,64.87,5.77,0.65,1.94,6.64301700058571e-05,5.784419318673029e-11,0.2226329574587712,52.1691210310041,4.18629747139886e-05,2.86668672922705e-11,-0.2462963218113192,68.11555642509009
25.77,54.1,5.04,0.81,2.05,5.40368424485372e-05,6.32524220352239e-11,0.223218302915653,53.6363495306571,3.02459139275569e-05,3.33158912815405e-11,-0.2460649563282543,68.59371716582969
18.85,16.3,5.67,0.48,1.56,1.91505161385526e-05,2.6094829632187397e-11,0.2482971815837131,69.19297548634951,1.21789771843864e-05,1.3614136506950799e-11,-0.2595104353101662,67.9352050231265
19.45,47.79,7.77,0.71,1.82,5.73012180087218e-05,4.37023976612006e-10,0.1800471681443025,70.2655526056495,3.56646995054729e-05,2.46341817861857e-10,-0.1935890329544252,71.19351834242529
18.88,26.39,6.25,0.26,1.92,3.29347554186032e-05,5.88517117231601e-11,0.2356592192938114,64.4288251137499,2.14143756527441e-05,3.07614444765906e-11,-0.2481204037007288,69.1015128773079
18.88,49.67,4.9,1.17,2.12,4.11292894219982e-05,2.15245049778907e-10,0.1929804339276007,69.0777551194787,2.63849395787241e-05,1.24857665775754e-10,-0.2134813740405027,68.9427986357724
30.83,48.59,4.18,0.48,1.79,4.97753264927996e-05,2.79919836014345e-11,0.2467156693465356,70.79109396574171,2.90542116927292e-05,1.3746033471062e-11,-0.2539050712568605,66.33692213827771
21.77,23.99,7.45,0.28,1.57,3.80967070654222e-05,4.723459912216119e-11,0.2407069508542381,68.4008311874041,2.32709665147583e-05,2.50498519892136e-11,-0.2498218444013444,68.91682630403199
24.68,56.66,7.99,0.89,1.56,6.21249210715158e-05,2.14781629098736e-10,0.1889679059913079,67.54344441328278,4.18703694874283e-05,1.2238819010206101e-10,-0.2077687921231756,66.9070932098913
22.93,58.17,4.54,0.32,2.12,6.49503644556587e-05,5.6046723085815095e-11,0.2249018017923026,54.197887258234296,3.93076959536489e-05,2.9176983006524296e-11,-0.2461160088016974,68.00400336315529
22.4,44.1,6.63,0.97,2.15,4.28552470043778e-05,1.7466459128696e-10,0.1967028794508187,67.71132948546781,2.81767295654244e-05,9.690912309499169e-11,-0.2223581341474993,66.54948780723
22.4,79.81,7.14,0.6,2.16,8.98450920136922e-05,2.88773701167226e-10,0.1816734228555018,67.56279410136482,5.82608086110709e-05,1.5838287287392002e-10,-0.1967267616884114,66.2979085848645
15.21,41.63,7.92,0.93,1.53,4.98637813134651e-05,1.97120458560913e-09,0.1507868315493318,77.57481954396583,3.35879462112887e-05,1.32775321337404e-09,-0.1741597652379048,80.66522628236234
20.51,54.22,7.02,0.98,2.18,5.25192481576479e-05,4.93943187728391e-10,0.1788030487377245,70.5321353791127,3.47976496615193e-05,2.67919010746488e-10,-0.1923187271006107,71.5729187934207
27.72,67.99,5.8,0.23,1.69,8.12750441033673e-05,6.41806033374337e-11,0.2152761060606003,51.826869941702185,4.95559828305183e-05,3.2737777142078595e-11,-0.2445509378563404,67.91707240135992
29.36,21.75,4.09,0.41,1.58,1.82943945153869e-05,1.1853898579624299e-11,0.2559793158853061,65.6751000882565,1.36848967054764e-05,5.76139773125431e-12,-0.2770942977340698,61.59428700591249
16.61,49.46,6.73,1.05,2.06,5.19284023596987e-05,1.19422610107854e-09,0.1709403314895245,72.37569709243044,3.53033612683615e-05,7.47306550933371e-10,-0.1795951192766699,72.53642324656491
19.98,61.45,5.69,0.47,1.78,6.74562061454132e-05,1.31585087435375e-10,0.1968806330524136,63.07135918315552,4.29089115815724e-05,7.145484953078259e-11,-0.221202084628148,57.74362147186071
34.17,29.5,7.88,0.23,2.15,4.59998894850899e-05,3.08160930571934e-11,0.2433428003277539,68.05460794253432,2.88993234316177e-05,7.800370469659e-12,-0.2585107560194828,68.32492705461202
22.89,76.3,5.82,0.45,2.1,8.91383776185224e-05,1.30661449033817e-10,0.1944601834698153,62.2612349916167,5.57425099924388e-05,6.936192130149279e-11,-0.2198340410982174,56.41305361238438
21.87,66.44,4.69,0.95,1.77,5.94307693670031e-05,1.1182025296258001e-10,0.2017097835852684,61.74739564034809,3.80818761584573e-05,6.02821796999757e-11,-0.2300267991614933,56.661023748429685
26.13,39.72,5.92,0.76,1.79,3.94265541029166e-05,5.51015880195297e-11,0.2372036204122292,64.8903379830169,2.53836551599809e-05,2.9183246736803695e-11,-0.2480651253331153,68.96642087916732
34.84,39.19,6.93,0.85,1.77,3.97341369725935e-05,3.91656403966329e-11,0.2417674183595157,68.3468566354718,2.33653211482404e-05,1.96885973298367e-11,-0.251436932669075,68.69603615064862
34.84,64.29,6.83,0.27,1.65,9.66575196943747e-05,5.4942445738472396e-11,0.2219206678252799,51.36464554058198,6.60345179317261e-07,2.7272679461298897e-11,-0.2420077950451448,67.403864044741
18.22,34.99,6.98,0.71,1.86,3.9888475467264e-05,2.43403176569689e-10,0.1914187887097344,70.02284073689238,2.49868741932675e-05,1.40605868151707e-10,-0.2106182529134467,70.7139845548145
25.53,38.24,6.98,0.77,1.62,4.54233195845613e-05,7.639804854023149e-11,0.2193087047292213,58.58676085429087,2.56540336566741e-05,4.0909043691700494e-11,-0.2454876614581809,69.1031471214539
33.31,69.55,6.51,0.96,2.09,6.03452214841789e-05,7.969177043376189e-11,0.2114103002169374,57.33077162878472,3.9743130752344e-05,3.99741214155283e-11,-0.243213775193718,68.48937010183381
28.56,60.53,6.6,0.48,1.52,6.94201115024413e-05,7.227045588871689e-11,0.2125709126437544,54.80443607450972,4.43999478503954e-05,3.65669203068125e-11,-0.2442611833244036,68.1827489977056
20.44,22.47,5.37,0.92,1.68,2.25895419770257e-05,4.8026747179193297e-11,0.2427605167705725,69.4102375340942,1.445064435205e-05,2.6626599634094796e-11,-0.2521429470581057,70.80539715068018
21.89,48.79,7.21,1.18,2.0,4.52627037555059e-05,3.54783425843256e-10,0.1842458733521169,70.567157568516,3.02296873178215e-05,1.12359956526927e-10,-0.2007327516589272,71.90690219052611
25.62,17.83,5.11,0.6,2.06,2.32488334501464e-05,1.6412742369149e-11,0.253179428202738,68.08885009242918,1.11488269122495e-05,8.6194544863974e-12,-0.270216748010042,67.72164657475376
17.98,67.91,7.28,0.51,1.59,1.3326316763618e-06,4.49872852843865e-10,0.1837672764699726,75.6846324358363,5.25542885446634e-05,2.51780527207415e-10,-0.1884712224704185,68.9475985970448
17.03,64.07,7.51,0.26,1.54,0.0001039202679605,3.6267435274556004e-10,0.1788761840512607,68.24710317215562,6.68336680865332e-05,2.071099540577e-10,-0.1928968135359683,64.8689833678826
28.72,52.29,4.03,0.6,1.58,4.88449782055812e-05,3.1585809029167095e-11,0.2425974237376641,67.78008276208419,2.91963861507137e-05,5.7729154205413295e-12,-0.2494807147404928,65.8053103043976
28.72,17.67,5.65,0.78,1.5,1.92568053813082e-05,1.58237217174308e-11,0.2539524339430183,68.3011343049405,1.1767696942542e-05,7.80447253576532e-12,-0.2727951690253408,67.07204078256198
26.82,47.89,4.4,0.22,2.02,4.80600481515079e-05,3.3466693268452394e-11,0.2321599613516961,48.42643688915038,2.82686183582742e-05,1.6806003289731297e-11,-0.2513903707368155,66.97111647383092
23.34,25.0,4.9,0.35,2.15,3.07258115585596e-05,2.5569531265489097e-11,0.2461948122341754,68.17447225320328,1.81601451855453e-05,1.3246766459154198e-11,-0.2584255516294087,67.76346178757733
23.34,62.9,6.63,0.2,1.71,9.05381944589944e-05,9.817971419712389e-11,0.2011913814682912,58.925138890804114,5.72030826609826e-05,5.08602019047481e-11,-0.2304404400667031,56.53379683584373
23.76,33.91,4.18,0.32,1.8,4.09624586635485e-05,2.5497803756976796e-11,0.2450379899093016,67.64613294505628,2.39232903429553e-05,1.3092897889309099e-11,-0.2562062269146991,66.63097500251128
23.76,17.07,6.11,1.05,2.07,1.82556256539539e-05,3.15095014555821e-11,0.2477098830739624,70.1630884768232,1.18517185461648e-05,1.6802914865423797e-11,-0.2616474380221968,71.85524061889201
21.43,24.3,7.9,0.42,1.94,3.57330915923821e-05,7.172811064488739e-11,0.2263176941282597,58.8624203140313,2.16160945292761e-05,4.24740985532538e-11,-0.2453323141831558,69.67323680182
23.94,49.72,7.88,0.39,1.59,7.0478856038258e-05,1.19351074989013e-10,0.1993596980508631,62.36031503698369,4.60424495266803e-05,6.45283576057725e-11,-0.2260250485241486,57.74055522502
25.34,58.52,6.09,0.47,1.9,7.6049167254869e-05,8.09479755997881e-11,0.209687624314159,56.96719150726939,4.81698317103309e-05,4.3717932378703e-11,-0.2428205933631951,67.75997361269029
24.84,41.25,6.95,0.54,2.2,5.04986063596784e-05,8.68167905842668e-11,0.2129799450243118,59.89720487480111,3.33311446884746e-05,4.7792404541301295e-11,-0.2439734550255419,68.82890993900412
23.68,39.8,4.81,0.41,1.62,4.84947056861686e-05,3.7804998102253e-11,0.2415967984061455,68.0586176171696,2.93207693289269e-05,1.9387722052858e-11,-0.250803284382474,67.73644134700832
24.49,15.89,5.05,0.64,1.52,2.0928244991435e-05,1.4232421026886799e-11,0.2559153634911041,67.9096689644203,1.23089299372599e-05,7.68959013528079e-12,-0.2734704595307792,67.0481881461109
22.2,25.7,7.98,0.24,2.15,3.91371511554062e-05,6.3577851055089e-11,0.2295174926348204,58.87633862261982,2.40661871617245e-05,3.4673479100161e-11,-0.2473336530834843,69.24206095513499
21.12,72.83,6.02,0.78,2.1,6.82273745872973e-05,1.9494174855787002e-10,0.2007819369037452,68.6522887163326,4.65168418069462e-05,1.39635949443924e-10,-0.2009954334565111,66.08793715130862
16.1,21.52,6.91,0.8,1.97,2.69959320325498e-05,2.1597047937969901e-10,0.2003639331322886,72.4864973473951,1.81532853246625e-05,1.3480559785798901e-10,-0.2223941842596207,75.02409086826923
28.24,58.82,7.04,0.27,2.04,7.37581587086531e-05,7.808029130675889e-11,0.2092766878695466,55.9814393582429,4.48786911999306e-05,3.9870155301336694e-11,-0.2436605720148325,68.19729542855649
29.81,72.59,4.99,0.56,1.97,7.06039528111077e-05,5.7858079815749394e-11,0.2212611457865852,50.85742638241081,4.33409972219221e-05,2.8747485192708e-11,-0.2356137256991358,66.20720136404479
19.91,33.37,5.1,0.95,1.95,3.05621102714697e-05,8.845548769946289e-11,0.2210517266952252,62.84473710731389,1.97011937435224e-05,4.9437914638618004e-11,-0.2444556128280357,69.7637414331573
25.75,44.14,7.38,0.53,1.71,5.97473365452134e-05,8.48629957505863e-11,0.2114495876734604,58.90328773511719,3.23662096006931e-05,4.5097855319825895e-11,-0.2438877214434723,68.64290929913238
34.08,18.83,6.48,1.14,1.85,1.83428377314403e-05,1.7065856595222e-11,0.2539063598956305,69.19986071150578,1.2188521745435e-05,8.56639816974577e-12,-0.2726370610519764,68.93517840793339
34.08,65.87,4.15,0.76,2.19,5.8670852060044e-05,3.66442153454122e-11,0.2413850769628453,67.91534805618952,3.64592365626586e-05,1.80350342806212e-11,-0.2500852241258971,67.2649027262245
32.39,49.39,4.41,0.5,1.73,5.31564565565563e-05,2.87067734630826e-11,0.2433194129415989,67.6581079347765,3.15513862895157e-05,1.3882626304724898e-11,-0.2535379177375408,66.33533475926662
20.34,26.35,5.34,0.5,1.53,2.97764446523021e-05,3.92511280037339e-11,0.2427608273767328,68.6512142600263,1.87333245788518e-05,2.1563372417642098e-11,-0.2514113116997967,68.98281738481948
34.91,75.12,6.22,0.48,1.96,9.01533602772093e-05,6.20912212913382e-11,0.2167073863237466,51.415799252980094,4.68164178825525e-05,3.07340528720645e-11,-0.2451843938840593,67.9747031134178
27.6,77.17,7.83,1.19,1.86,6.51564739879757e-05,2.71255266476196e-10,0.1843598022538299,68.26242500423268,4.3022797301182e-05,1.51897696181879e-10,-0.2008238370526694,68.01004665842991
18.97,66.9,5.53,0.35,1.55,7.59326720238633e-05,1.25159431566863e-10,0.196405777130065,62.036691291557474,4.81102876446838e-05,6.85190702253945e-11,-0.2188875588656673,57.02554878867919
20.05,75.8,5.99,0.26,1.93,9.24884092449188e-05,1.5636007306535701e-10,0.1904008417813612,63.6734098345236,5.79417565812115e-05,8.56260631273578e-11,-0.2102529162680228,59.13965619995962
33.24,78.53,7.11,0.42,1.66,8.9111247184705e-05,7.445699223948589e-11,0.2106202442527577,53.64248270289168,6.25464370928352e-05,4.0455059995273794e-11,-0.240858799825939,65.7453983089952
19.49,26.74,5.26,0.9,1.93,2.57751735261799e-05,6.88354420901064e-11,0.2352833385517903,64.5271270317854,1.63876044125327e-05,3.82907852560069e-11,-0.2475567384840492,70.3618300400759
25.29,70.48,4.19,0.86,1.66,6.72578675953869e-05,6.154454277154319e-11,0.2212893809614789,52.05053041206331,4.33055510416338e-05,3.2408590391300595e-11,-0.2454695361895804,68.20245000163338
15.03,60.84,7.63,0.96,2.05,6.88071201899935e-05,5.999233799719321e-09,0.1139033277149014,72.10098052264854,4.59006639040596e-05,4.03106013679077e-09,-0.126624507663627,77.1956750440098
16.16,59.15,7.63,0.94,1.87,6.64519482879076e-05,2.3711830938184803e-09,0.1388929218864197,74.36244909517083,4.54255366842115e-05,1.5132799026772602e-09,-0.1637818688504988,79.95546317777395
27.56,79.44,5.63,1.04,1.97,6.45646409413255e-05,1.1427503712374501e-10,0.1997716538688017,61.7724247174658,4.16915544673952e-05,5.96799769893918e-11,-0.2279315280510113,56.1744369037159
22.73,20.43,4.46,0.35,1.59,2.50530372276222e-05,1.66145538334586e-11,0.2514685722397094,67.26913747270413,1.48603462723501e-05,8.57412136743121e-12,-0.266964293880705,65.70426876291896
30.11,52.92,7.84,0.83,1.83,5.35668430326624e-05,9.35976601821703e-11,0.2084682105353717,60.25334666107129,3.49330203127599e-05,4.77990067457874e-11,-0.2436052548248372,68.65673974154599
15.41,72.75,6.67,0.73,2.19,8.21126528193317e-05,1.56268810492967e-09,0.1517310528423837,71.29049571346155,5.37156019990452e-05,9.77634625824277e-10,-0.1747302060392007,70.765489098288
15.34,55.66,7.65,0.66,2.08,6.86386182699984e-05,1.8439225583421402e-09,0.14795987826826,73.8237421910078,4.57340491137415e-05,1.13804488079165e-09,-0.1743118409948742,74.05702825318741
15.34,19.73,6.28,0.75,1.72,2.5261110331504e-05,1.3744776040819401e-10,0.2139333807063117,70.42890205263829,1.62469786293647e-05,7.711422668935519e-11,-0.2439538433850045,70.2376420647384
32.64,55.45,6.39,0.52,2.09,6.31662937950213e-05,5.3488380013596597e-11,0.2274184594884319,56.48140832268009,3.96283679267502e-05,2.6383593248851397e-11,-0.2471665941816391,68.11343694961661
33.1,58.55,5.33,0.71,2.01,5.72926969791848e-05,4.5206272766637097e-11,0.2375789323256029,65.57726991988899,3.61029649462851e-05,2.23927850252458e-11,-0.2479761052455447,67.89455625039909
26.09,73.42,7.66,0.76,1.62,7.71875340036811e-05,1.9022220417580902e-10,0.1882424014735024,65.8471478260106,4.9102136565828e-05,1.03977343284851e-10,-0.2073103788704306,63.741665301389
31.66,17.31,6.66,0.85,2.05,1.92760524131598e-05,1.7114790771821898e-11,0.2533178478674753,68.8420381002409,1.1989714148023e-05,8.50210803545813e-12,-0.2722681415869414,68.9071155504442
25.05,73.99,5.01,0.53,2.02,8.32983708194516e-05,8.01969367155834e-11,0.208546683236629,56.3050317315687,5.31581863098795e-05,4.2324287616452e-11,-0.241871386180645,66.7801536906388
17.29,65.8,5.62,0.72,1.96,7.49345804787968e-05,3.33432686553761e-10,0.1816037930984324,68.72888707894198,4.94818219511334e-05,1.95325874559765e-10,-0.1950708942135273,68.6806552263082
26.96,40.04,6.16,0.49,1.95,4.42134262449343e-05,4.92654875318418e-11,0.2365888500206426,64.8703515987642,2.69252411851305e-05,2.5847719852629297e-11,-0.2484274751577202,68.550087244167
19.65,39.29,6.4,0.32,1.99,4.83244344926637e-05,1.04276226725149e-10,0.2069904591998487,61.9356425553691,2.9875882389136e-05,5.551557530597329e-11,-0.2401418831753528,67.16960973249009
33.54,70.64,5.24,0.55,1.98,7.53962201922471e-05,5.0591568919179696e-11,0.2279578413874261,56.840310465579805,4.65156320176856e-05,2.49327987312767e-11,-0.2460760945096803,67.69518866110519
30.95,31.0,5.0,0.4,1.7,3.55764479227877e-05,2.1088203811323798e-11,0.2470335789767754,67.42875386010319,2.12418156661963e-05,1.03193557692634e-11,-0.2607197852171788,66.0847711286556
30.29,67.45,4.7,0.99,2.11,5.3602458255311e-05,5.5960855033472596e-11,0.2268278208023145,56.027747447314205,3.39977129310899e-05,2.79378098332008e-11,-0.2471308272869753,68.32541009259721
30.38,17.99,4.07,0.34,2.13,2.03635432465555e-05,9.5973039708212e-12,0.2694760964732043,59.8722449064171,1.11718004875397e-05,4.6288334504738894e-12,-0.2860871752438048,60.34755645199777
23.46,52.55,4.68,0.84,1.51,5.13470396009004e-05,5.99673791231687e-11,0.2259876456093549,55.40430555949838,3.2669049052027e-05,3.2268366537422296e-11,-0.246314540905356,68.52432799637742
23.46,40.21,7.4,1.1,1.86,3.95271704399167e-05,1.90148798160179e-10,0.196346419741119,68.97227419146049,2.64610928410879e-05,1.08280786654264e-10,-0.2209127862696444,68.96870096104729
21.23,39.84,6.86,0.92,2.0,4.09462873751874e-05,2.20983316324439e-10,0.1924357622872521,69.38910861141369,2.66694400499587e-05,1.1839501319142002e-10,-0.2155116999703343,69.02757710888038
34.86,61.21,4.83,0.2,2.08,8.47502759810333e-05,3.5483013742886395e-11,0.2412033441742976,67.72539698077179,3.6680476227289e-05,1.72766202580604e-11,-0.2503446753406963,66.8277319316155
23.78,35.96,6.97,0.5,2.18,4.55729144214915e-05,8.064163093139479e-11,0.2175114967909675,59.2990685928213,2.90852248716234e-05,4.3972209364144693e-11,-0.2449602030126939,69.03332216745409
33.42,29.95,5.64,0.7,2.05,3.18290310264159e-05,2.3481095955904897e-11,0.2468448643736457,68.170291494794,2.00313343709701e-05,1.1601701858543699e-11,-0.260201748165348,67.46981562905712
15.37,18.13,6.4,0.69,2.04,2.31940773433498e-05,1.22923136486867e-10,0.218695849824881,69.9744096860056,1.50996610145732e-05,7.436856923020279e-11,-0.2446415768316117,70.5493489536512
22.07,42.06,7.94,1.01,2.08,4.246294214163e-05,3.2152887765096004e-10,0.1863570365047882,70.68137112400619,2.84305631741666e-05,1.8977590835194201e-10,-0.2037667745883411,72.19260305765751
20.68,15.03,4.59,0.43,1.76,1.65825815685222e-05,1.4649846560049e-11,0.256116553799886,68.01386701104201,1.02022014903258e-05,7.96191932037943e-12,-0.2728306224532022,67.11996237819822
19.0,64.34,7.82,0.88,2.06,6.76101503719694e-05,1.12855978079512e-09,0.1703770661132644,71.09559153846477,4.42134566300068e-05,6.48132186855854e-10,-0.1791478815886549,71.43745284344182
19.0,55.39,7.83,1.01,1.67,5.73707082897173e-05,9.65025745025373e-10,0.172149226387533,70.5888688109433,3.79624770971995e-05,5.6128216837817e-10,-0.1817465404978799,72.0918061947172
22.1,78.03,5.86,1.12,1.92,6.77584114608512e-05,2.75677552325629e-10,0.1840097034188137,68.0491977327263,4.49786995601309e-05,1.48748048577482e-10,-0.2011727214413084,66.9976692768151
32.3,45.47,6.68,0.99,1.85,4.19885199764397e-05,5.4459485386947e-11,0.2333242400814804,62.0882369648012,2.70602908093359e-05,2.75920201754835e-11,-0.2477438840446252,68.98582711696457
33.66,58.81,5.27,1.0,1.61,5.05120338074573e-05,4.4587704580189894e-11,0.239893444963099,67.7097342026391,3.31765064751846e-05,6.38918237640434e-12,-0.2466618517332268,55.983666588192094
33.66,79.54,5.31,0.8,1.96,7.3441250888177e-05,6.158505827922189e-11,0.2187014380914693,51.66285881081711,4.69613556667411e-05,3.04681889103476e-11,-0.2445257138723239,68.02911952342791
34.89,53.04,5.35,0.49,1.56,6.54103641584058e-05,3.4504954407232196e-11,0.2416819180053301,67.8232823596224,3.26544700221741e-05,1.70936268240527e-11,-0.2512696592331737,67.24128775545229
22.02,64.57,6.75,0.4,1.54,8.23119731059007e-05,1.31849438898114e-10,0.194705673770788,62.46719624309091,5.32485756208984e-05,7.092686987386979e-11,-0.2183859759964417,57.849743378995285
28.12,59.89,4.13,0.7,1.64,5.21352769286766e-05,3.9596454247605097e-11,0.2409283572107187,67.9793734112668,3.18526490052986e-05,1.99552364557179e-11,-0.2497385672982141,67.59416141958538
31.57,24.84,6.43,0.79,2.17,2.57393293838338e-05,2.5485487312866197e-11,0.246982372236061,68.7360771571357,1.64641583019012e-05,1.2999239864450198e-11,-0.2607548973639374,69.08089118235242
33.15,56.23,7.43,0.3,1.99,7.79453097182166e-05,6.113372209151969e-11,0.2309896726120838,63.42297293781751,4.829986608645e-05,3.00267091806147e-11,-0.2446560641308846,68.0112354505317
22.43,16.93,4.09,1.02,1.7,1.59211771772071e-05,1.5982343237709598e-11,0.2559429634387876,69.02981574143938,9.91853148243376e-06,8.78138559284047e-12,-0.274024289127308,69.39734065435246
27.59,54.94,4.38,0.58,2.12,4.84829374175344e-05,4.14727305588005e-11,0.24076939173198,68.0541075233061,2.98367840174421e-05,2.1148534311538597e-11,-0.2494852261614351,67.83950621305598
25.69,69.09,7.03,0.88,2.03,7.01518889969672e-05,1.87314987944206e-10,0.1898500962894362,66.21283787816968,4.20037423321448e-05,1.01727773881019e-10,-0.2103204184729092,64.32595175859241
15.72,21.82,4.43,0.23,1.97,2.79661239885125e-05,3.23815166597459e-11,0.2446194490764037,68.53941755208339,1.66013212677946e-05,1.8777377142451297e-11,-0.2546733008179337,68.84779029944121
33.35,43.37,4.53,1.16,1.82,3.38397527282426e-05,2.85142187954307e-11,0.2445994183898092,68.2398239143559,2.2137884232825e-05,1.4208085169467198e-11,-0.2566107080468514,68.07431639271496
20.85,37.27,6.79,1.13,1.52,3.69220960867956e-05,2.24374865901871e-10,0.1936859659850989,70.13519689785221,2.43131490350852e-05,1.23614869807193e-10,-0.2163720642143502,70.38050577758261
17.9,20.84,4.88,0.33,2.08,2.64758305796679e-05,3.09578866204526e-11,0.2363754784368551,53.88223547538901,1.44383073300139e-05,1.71695977599885e-11,-0.2562955834941313,69.07532818435999
19.23,26.67,4.79,0.75,1.79,2.53638992256013e-05,4.75130743726427e-11,0.2310253972501252,50.9510275078404,1.61453587649691e-05,2.6637681995095098e-11,-0.2513181266084628,69.91820360868941
21.56,28.22,8.0,0.49,1.76,4.03828440991616e-05,9.645274944196279e-11,0.2129788551326164,62.63920970557932,2.52470704015645e-05,5.4960531384511696e-11,-0.2428192976759008,69.2869346671808
17.21,38.32,6.31,0.82,1.53,4.66954067187304e-05,2.44457138171677e-10,0.1906296021293568,69.61801061045571,3.13220111151204e-05,1.49621262627951e-10,-0.2080236132065339,70.3854655396596
25.15,76.7,7.91,1.11,2.19,7.01266072629708e-05,4.45472106465257e-10,0.1783441131250181,69.60994741907521,4.81406887488498e-05,2.71017794026641e-10,-0.1901684658605351,70.4647071904676
23.24,27.93,7.52,0.47,1.86,3.90494748661245e-05,6.216774291400209e-11,0.2310300554076702,60.26131035410548,2.44999401219587e-05,3.39997772990479e-11,-0.2475746701191743,69.3297731760616
21.15,22.12,4.56,0.25,1.73,2.60063331106071e-05,2.0214110391350197e-11,0.2487195505903323,67.6558509315025,1.58507356215013e-05,1.0361327567948298e-11,-0.2619951383107965,66.38912876124151
16.0,41.08,5.09,0.63,2.13,4.59411996550425e-05,1.77373489482534e-10,0.1965945991648878,67.62328299124381,2.91536457889586e-05,1.03629649783898e-10,-0.2181497585634542,66.93515877058309
23.08,48.24,6.09,0.68,1.65,5.48742025764447e-05,9.020221308154119e-11,0.209949634470861,59.6488931250303,3.53375123724349e-05,4.86802650438146e-11,-0.2434740760902392,68.62612841487677
32.41,61.62,5.27,0.64,1.73,6.33889553630265e-05,4.6290586024827004e-11,0.2346431974349917,62.88623711658911,3.95063105730454e-05,2.26442452635616e-11,-0.2473848264855454,67.69765572926711
30.44,54.58,6.01,1.01,1.69,4.81900223848755e-05,6.16306668721956e-11,0.2244436842045119,54.041378353569705,3.1191746078365e-05,3.1519934194299497e-11,-0.2467080394936667,68.68093971939052
30.44,40.96,5.69,0.57,1.73,4.41230910592524e-05,3.61842365041855e-11,0.2419230724666579,68.0803734656913,2.73562851239429e-05,1.7859871032975e-11,-0.2521287391503297,67.89109526961238
20.08,71.92,4.33,0.35,2.08,7.06927442673642e-05,8.51553111230198e-11,0.2077289923839984,57.3095283567624,4.33143366733633e-05,4.5586403077378196e-11,-0.2405437696655207,67.00677739612802
24.29,35.06,4.86,0.65,1.95,3.82541802389378e-05,3.8009336718582394e-11,0.2423261093372397,68.38611477506821,2.40589310891213e-05,1.99715052211028e-11,-0.2521280353916835,68.55439634428329
21.63,34.25,5.21,0.93,1.62,3.45487664482647e-05,6.57804640511521e-11,0.2293676303199793,58.85555302639872,2.16128018966949e-05,3.5398269387895696e-11,-0.2474670107001276,69.48326612897459
23.44,26.49,6.57,0.5,1.78,3.59023444791113e-05,4.47375843575965e-11,0.2414935083649005,68.58044838387801,2.23129985775436e-05,2.2896714065170797e-11,-0.2513327702346352,69.07781397063528
31.6,46.36,7.99,0.47,1.98,5.79918101571856e-05,6.46434088550315e-11,0.2208012058509401,53.8512785450247,3.64785031334826e-05,3.2316837153956595e-11,-0.2367398877065668,67.70008143477598
33.22,66.27,5.51,0.67,2.19,6.53233400229778e-05,5.4162110216779004e-11,0.2261405215715652,55.3106793526342,4.12692316644027e-05,2.6802326992427097e-11,-0.2459367696035945,68.0211634369087
29.21,20.92,4.33,0.29,1.81,2.49140137057971e-05,1.24281160906894e-11,0.2552865704338031,65.94092504127941,1.39337693712847e-05,6.08384281799964e-12,-0.276099180920874,61.52520776655768
34.81,74.26,6.58,0.66,2.17,7.71605814654032e-05,7.124016897852689e-11,0.212605337651037,54.6088702005679,4.2918311989245e-05,3.5641354931903894e-11,-0.2444800263621112,68.2162941954334
26.97,50.59,6.46,0.31,2.02,6.00098724357212e-05,6.3325193655746e-11,0.216575038177193,49.88857489172882,3.67114448602422e-05,3.2599362092535295e-11,-0.2453789700428231,68.23276312612542
30.79,77.57,5.19,0.54,1.69,8.14139297724199e-05,6.01129749291022e-11,0.2182087897057149,50.53749043249059,4.97929156318462e-05,2.96376463046112e-11,-0.2454328698607869,67.8845804984699
31.21,37.83,4.83,0.9,1.9,3.35583572435887e-05,2.8221782704067298e-11,0.2446879902536103,68.19967134197488,2.10574138341973e-05,1.4208630752163298e-11,-0.2567994251541444,68.08153408356418
17.76,59.55,4.04,0.78,2.14,6.0428688847873e-05,1.1756504833062e-10,0.2032533771811648,62.9392750728181,3.08045070173652e-05,6.519665811714029e-11,-0.2300909353090087,58.8508261030272
27.85,56.01,6.8,0.44,1.93,6.45661224463654e-05,7.62066548916555e-11,0.2118261866587063,56.08442158259302,3.95536245171499e-05,3.9518455106347e-11,-0.2440257977143531,68.3204475061997
24.51,25.89,7.68,1.14,1.86,2.71763935416822e-05,9.398291729518401e-11,0.2225841905502339,65.72812864122751,1.80987414691022e-05,5.3586010460558393e-11,-0.2453035786714012,70.6008999164833
34.57,44.85,6.13,0.8,2.2,4.3647784755587e-05,4.01835734650604e-11,0.2413398956371552,68.23297842636708,2.86930079966631e-05,2.00679291205041e-11,-0.2504767717270789,68.3164275109495
34.33,60.82,7.87,1.02,1.81,5.55423976940701e-05,8.98001011137874e-11,0.2092993104663992,59.83105037676281,3.69602015097987e-05,4.5383661899801095e-11,-0.2427906547307751,68.70847357010528
29.19,55.86,5.87,0.84,1.56,5.46972965844376e-05,6.20898388811911e-11,0.2214828098184218,52.7582474723364,3.44673631109232e-05,3.13265722347518e-11,-0.2461505116670516,68.43556239194801
22.52,53.93,6.67,0.28,1.84,7.32295076376975e-05,9.854576328731509e-11,0.2031346593163292,59.51160136368549,4.5561767282447e-05,5.1939880956862595e-11,-0.2335889058777102,59.54050977951711
27.96,56.47,6.41,1.03,2.18,4.82102098901216e-05,1.01738420658123e-10,0.2069242059142438,61.81602465088498,3.11145725143997e-05,2.7864390493200096e-11,-0.2404217854140422,68.87950451631907
27.96,25.59,7.36,0.33,1.86,3.37535143077419e-05,3.26217664177391e-11,0.2434279585609273,68.31957010261449,2.09273882829324e-05,1.66863539866433e-11,-0.2537170043812699,68.28089277470679
19.85,48.49,4.05,0.78,1.52,4.18848864488797e-05,5.8665122264661e-11,0.2310695147943044,60.10894961472779,2.70262524230358e-05,3.26467429032726e-11,-0.2446830329663085,68.6277748449646
24.1,53.43,4.06,0.58,1.67,5.72361848184479e-05,4.19638317325983e-11,0.2406850083610328,68.04734985584349,3.44211881347624e-05,2.1763373310478798e-11,-0.2491154150123894,67.7605268489791
25.55,45.03,7.18,1.12,2.11,4.26106010474327e-05,1.5715576813660802e-10,0.1992421909700934,67.3969740932853,2.61152860566419e-05,8.696805465860989e-11,-0.2254964682221784,66.56035836323548
18.65,76.77,7.24,0.4,1.81,9.61122576365557e-05,4.03185334329972e-10,0.1767215649053016,68.3659033784979,5.95636323919582e-05,2.26143321284627e-10,-0.1888638040717544,67.9336076301008
31.77,51.25,6.78,1.12,2.14,4.26743624866499e-05,7.3436087077417e-11,0.2200316349904242,57.63887512567021,2.81032711339142e-05,3.7605597052121295e-11,-0.2460368197369458,69.0703554341174
17.88,33.2,7.11,1.06,1.77,3.75161745077864e-05,4.65408862180971e-10,0.1829805461998311,72.35374520293058,2.25954491984987e-05,2.72599316247098e-10,-0.1981949383671672,74.74018430350681
32.88,58.27,6.54,0.45,1.64,7.28643700899565e-05,5.426210075871509e-11,0.2249761245176309,54.21668439861932,4.58893335964825e-05,2.6680781444983698e-11,-0.2456735478677304,67.88451823798741
27.12,32.68,4.93,0.39,1.7,3.40298338745595e-05,2.5881750203665797e-11,0.2450733706696985,67.82983657469521,2.07863011927495e-05,1.3136558502473199e-11,-0.2564772732690052,67.05073250462462
34.51,52.65,5.6,1.1,2.14,4.25612392093437e-05,4.58889553138728e-11,0.240469140012019,68.2597471663193,2.87068564825973e-05,2.2724741529023897e-11,-0.2491895382721289,68.562829312068
28.54,20.48,6.29,0.75,1.91,2.20293687762764e-05,2.2557422109645297e-11,0.2488329947724052,68.824195628569,1.35865947097973e-05,1.15644437477998e-11,-0.2632794885627663,68.86795419148677
28.61,24.1,4.69,0.67,1.65,2.37442898420635e-05,1.74111778258203e-11,0.2510779964755412,67.76451999286728,1.47402279360979e-05,8.556010145773199e-12,-0.2673941772543786,66.47411840937029
24.75,73.74,6.44,0.95,2.1,6.98425973733357e-05,1.99892828723933e-10,0.1886965547995167,66.54681234800049,4.67530118399639e-05,1.09969707529079e-10,-0.2080131190588671,64.86832330342271
23.57,26.94,7.57,0.36,1.66,4.08050165267667e-05,5.078208229238909e-11,0.2396423076024509,67.7942885055175,2.55153630282515e-05,2.7152426007575397e-11,-0.2490494094633903,68.97875084862099
33.86,41.74,5.27,0.28,1.94,5.58968394384266e-05,2.75330412442807e-11,0.2436836692656489,67.60705643601952,3.23920483433925e-05,1.3413685057073399e-11,-0.2546889104200124,66.4871100391623
29.56,28.4,7.77,0.5,1.59,3.63730031831166e-05,3.83313352987569e-11,0.2412026150036428,68.4144174726839,2.28066813513687e-05,1.9194734005989298e-11,-0.2521590933727813,68.65563740034291
31.65,50.26,7.26,0.82,2.01,4.94421494744877e-05,6.972860092821749e-11,0.2195786771243301,55.9042951342065,3.21895133683687e-05,3.5329290305898195e-11,-0.2459077414400644,68.77634541326138
27.45,44.64,5.88,0.85,1.69,4.20364890564819e-05,5.63096796527201e-11,0.2309139737914921,59.90235056010648,2.71718177699978e-05,2.9605833140256396e-11,-0.2476026565663024,68.83470698744249
29.17,60.71,7.12,1.07,2.01,5.32611740173163e-05,1.26263468637635e-10,0.1998371922855395,63.857915213788615,3.47051305043037e-05,6.572405429468579e-11,-0.228937026963383,59.80747703377981
20.77,15.54,5.98,0.94,1.66,1.74065489110139e-05,3.3040033127615095e-11,0.2474170224720524,70.2104503171867,1.10119329838123e-05,1.78091437495745e-11,-0.2601931274673209,71.84601076119095
16.4,19.19,6.65,0.9,2.13,2.34870639650839e-05,1.8689758556872102e-10,0.2064656326315839,73.2171156373464,1.60432202038573e-05,3.7486057966268e-11,-0.2324763826047033,71.761428876636
19.06,38.43,7.52,0.84,1.9,4.20853740684913e-05,3.92947039930871e-10,0.1836078195619253,71.2370844997064,2.74517096891133e-05,2.28675171184725e-10,-0.1986529844921344,72.7723699809999
15.69,54.3,6.6,0.42,1.86,7.21354928676854e-05,3.92551483402136e-10,0.1798392457269929,69.1898772847278,4.66792588545324e-05,2.3596755590234003e-10,-0.1921327507681948,69.594883217748
22.58,41.8,5.04,1.17,1.89,3.58059280593548e-05,8.530052037585149e-11,0.219132759847457,61.204461923763695,2.33512262444489e-05,4.7204186110487195e-11,-0.245269597756306,69.4038451795203
22.58,71.43,4.24,0.97,1.94,6.04618597511744e-05,9.10290703664942e-11,0.2108966818217112,58.52156100569661,3.85382548664308e-05,4.8677575851618794e-11,-0.2407489422824187,66.0731635745658
31.12,61.76,6.99,0.84,1.98,5.91132132084404e-05,8.568367871670449e-11,0.2095792235114463,58.502719097779405,3.82306689477538e-05,4.3260948934613595e-11,-0.2438781711711711,68.51122964476811
17.45,75.89,6.82,1.1,1.74,7.7695428184944e-05,1.44609591097318e-09,0.1557251690297814,71.4489727596908,5.38989000856387e-05,9.33029850380806e-10,-0.1752627315845703,70.93006351251181
30.16,78.64,6.16,0.64,1.57,8.26494037556196e-05,8.19433074291561e-11,0.2066118533952197,56.404798509613606,5.27831192113589e-05,4.1079213975154493e-11,-0.2423720186145027,67.18212363439949
24.94,56.86,6.32,0.59,1.64,7.0397448002453e-05,8.907707369609739e-11,0.2072804975785508,58.65478995499448,4.5128556267993e-05,4.90702808643129e-11,-0.2404620650120849,67.151692342618
29.24,43.62,5.37,1.19,2.05,3.47145320440471e-05,5.27143866250243e-11,0.2377852766756751,66.18599022978869,2.28481414045058e-05,2.6612701097566096e-11,-0.2487976749627619,69.29294352487128
28.2,49.24,6.1,0.44,1.63,5.63601250556637e-05,5.1271745295559795e-11,0.2176684414375795,62.75191569140498,3.56816112562468e-05,2.62303117195464e-11,-0.2471920388355323,68.0861708765452
25.93,31.58,5.59,0.37,1.61,4.36260845570207e-05,3.12338391723471e-11,0.2493998339178614,74.0882441632294,2.20962304433184e-05,1.6082768849626798e-11,-0.2537602453418525,67.73257711092847
24.91,50.36,7.97,0.72,1.84,5.97679908246407e-05,1.62148626265792e-10,0.1947047180874431,65.98771328555131,3.999491632912e-05,9.214643446136329e-11,-0.2180204540681086,63.88468897289151
24.07,41.45,4.43,0.23,1.73,5.33661130292312e-05,3.2243621259415595e-11,0.2424765846175114,67.78020293526149,3.10213393764458e-05,1.6463960321879097e-11,-0.2512434805360904,66.77907327971522
28.67,58.91,5.95,0.98,1.74,5.17549640392836e-05,7.78802256996243e-11,0.2138443299650476,57.3899738195435,3.38095545724594e-05,4.0098439788736094e-11,-0.2445394799922414,68.5992890934701
16.42,40.26,7.44,0.26,2.2,6.02156528843919e-05,3.45675908978216e-10,0.1830127076099398,69.665960089277,3.87307724264798e-05,2.01038591870384e-10,-0.1980424087942202,70.08172410331889
16.42,38.39,4.02,0.85,1.7,3.89627722260434e-05,8.38848744829098e-11,0.2209036437140756,60.92984665129039,2.4136938635999e-05,4.77936525254951e-11,-0.2450919920843603,69.2801514729059
26.71,42.85,6.42,1.1,1.54,3.93818499007025e-05,7.88539660403224e-11,0.218837302317357,59.457796044267816,2.47708351006849e-05,4.2321949228393094e-11,-0.2453854800101365,69.18913255476899
17.15,52.48,5.18,0.63,1.63,6.27400490175907e-05,1.45934606919703e-10,0.1970198619273208,64.7724427187526,4.10329437065004e-05,8.487133264405139e-11,-0.2196386566708612,61.72122792059898
20.75,70.61,4.22,0.71,2.05,6.30628763070787e-05,9.758277939540519e-11,0.2054209690693011,59.84344594971361,3.88403816726597e-05,5.192512876003529e-11,-0.2372191515888618,64.23707845628182
30.91,47.35,6.08,0.5,2.19,5.36423947688171e-05,4.62282321185167e-11,0.2371895148353701,65.26215372063879,3.28364699718605e-05,2.2881468690419698e-11,-0.2442893173368618,53.93761392357219
30.21,63.82,4.95,0.55,1.55,6.58826527378492e-05,4.68263449757837e-11,0.2327388298710607,61.12163663239001,4.02942793864071e-05,2.30292881905274e-11,-0.2451678392078139,67.30234231297061
25.01,43.21,5.15,0.71,1.95,4.61208506410871e-05,5.11168458112248e-11,0.2365092684767499,64.8779914968231,2.99587926066186e-05,2.7514783099388797e-11,-0.2481677371520774,68.66598358144878
23.84,23.93,6.96,0.91,1.95,2.73291091259235e-05,5.6579030280172396e-11,0.240888693316258,69.0220610615542,1.77786654910038e-05,3.10195582801266e-11,-0.2506630549170111,70.47864020560287
20.54,41.05,5.07,0.81,1.6,3.96863522050241e-05,7.811934153862101e-11,0.2199704134246494,58.8995916644148,2.54433641561017e-05,4.2603545751905094e-11,-0.2441197990397141,69.05130308088029
26.16,15.11,7.53,1.02,2.13,1.6826702295697e-05,2.98020141512708e-11,0.2477550020819286,60.4734273318148,1.04065082797891e-05,1.57647080558789e-11,-0.2634070075759257,72.38191484877743
26.16,66.2,4.62,0.3,1.76,6.76961678761781e-05,5.151035222478339e-11,0.2269680315521649,55.93737564227141,4.04791860048756e-05,2.61123263349828e-11,-0.2415723352205487,60.91697964255788
30.64,17.25,4.74,1.0,1.54,1.62529762666995e-05,1.1601457416899299e-11,0.2602933365925286,67.73487252689291,1.02918804099091e-05,5.7161511412095996e-12,-0.283712422461878,65.9169153150986
29.67,26.82,6.11,0.58,1.78,3.10736498607031e-05,2.5431180762238797e-11,0.2458856203057874,68.1586332341017,1.91140691821165e-05,1.2808039954815799e-11,-0.2584467900226752,67.71189872570568
18.11,27.71,6.71,0.32,1.74,3.69917393612946e-05,8.0153052412389e-11,0.2203022154198797,59.7470507886258,2.24645540868335e-05,4.40743918588016e-11,-0.2452746522785196,69.17269601282291
34.49,32.25,5.63,0.27,1.91,4.6924679568509e-05,2.20894962991887e-11,0.2462516460516006,67.41985857702402,2.77545673322084e-05,1.0784721218917598e-11,-0.2591003826187508,65.98714343799028
25.24,47.49,7.24,0.32,2.07,6.99602494515263e-05,8.481541962408069e-11,0.2093188055000241,58.1022247608845,4.46892265078228e-05,4.64617293185346e-11,-0.242157390032962,67.30215446921179
17.71,33.47,4.97,0.69,1.71,4.09411377501433e-05,8.08682914042923e-11,0.2217312944403475,60.3512136724213,2.10023624562816e-05,4.45107661055888e-11,-0.245570044505603,69.32722265984759
24.32,49.57,4.25,0.56,1.62,5.57047889970865e-05,4.0006042302352494e-11,0.2410333202280982,68.03387930228011,3.32883099169993e-05,2.0773763595234898e-11,-0.2496909178355833,67.72921869607632
26.77,31.86,7.24,0.44,2.04,3.85340041895642e-05,5.083997052562049e-11,0.2368851939362472,68.45110204319812,2.35859083471576e-05,2.6087407096997796e-11,-0.2414505979130644,67.94889517704277
20.45,35.81,5.57,1.15,1.69,3.25294395634895e-05,1.30282886377624e-10,0.2077445209150644,67.0971495646063,2.13791132898197e-05,7.46825727211652e-11,-0.2376763933281654,65.7505040925652
21.11,78.81,7.47,0.8,2.01,8.30400943841726e-05,6.24224178573983e-10,0.1741442967450375,69.5353866722249,5.46409231158224e-05,3.35409886992848e-10,-0.18444146086804,69.9702457198704
32.42,55.02,4.08,1.0,1.57,4.57523758618655e-05,3.15501506836464e-11,0.242894273400517,67.94367673945662,2.87234507177324e-05,1.5541993047079898e-11,-0.252911718923916,67.2558782297063
21.7,29.21,7.29,1.0,1.54,3.21253155578953e-05,1.30665213499485e-10,0.2074599862600309,67.42251519359368,2.09966307791091e-05,7.484648120615189e-11,-0.2390126840874033,67.04410191132001
24.54,49.84,4.49,0.4,1.78,6.00671968379879e-05,4.19668911390371e-11,0.2405985220501491,68.02042633149019,3.58542661099139e-05,2.12408145629772e-11,-0.2490879872361206,67.60741047762842
19.03,63.11,7.53,0.72,2.1,6.93964890476389e-05,7.06951918823653e-10,0.1739734709698692,70.0895507481947,4.46829271162336e-05,4.04481367295951e-10,-0.183589367917987,71.10287155011099
26.68,41.14,6.24,1.06,1.79,3.75814060738028e-05,7.369894023652701e-11,0.2224256955683669,58.64937194678008,2.32687395245413e-05,3.96545727930713e-11,-0.2461425872833727,69.34118431975372
18.02,54.42,5.84,0.92,1.65,5.84265876719436e-05,2.9640813858667e-10,0.2004278256134915,67.3155349622655,3.51348708375887e-05,1.69879118852783e-10,-0.2008594371054005,69.1636755568058
20.31,67.01,6.02,1.19,1.55,5.88043505663789e-05,3.80217145129513e-10,0.1807620666126413,69.5210493826578,3.91696950481621e-05,2.1085374138187e-10,-0.1945709753325136,69.5857831684721
17.69,62.14,6.74,0.81,1.52,7.45091849703461e-05,5.1092457746195e-10,0.1769537918123021,69.74886931917142,4.25454370291419e-05,2.97363132571484e-10,-0.188353881337353,70.45309970458831
22.45,30.12,5.65,0.28,1.91,3.91200805985811e-05,3.8656107673257093e-11,0.2418954847931049,68.2408404277138,2.37979956820695e-05,1.0485805671176799e-11,-0.2456751286628497,58.44964999340282
26.05,32.18,7.59,0.48,1.54,4.11342840516751e-05,5.572575870866979e-11,0.2326823177110952,61.542516481774726,2.52027306314292e-05,2.94360051986458e-11,-0.247930207962244,68.958102158269
33.11,60.45,4.81,0.56,2.2,6.1471666622232e-05,3.9972373534360393e-11,0.2407257967484898,67.95239864930069,3.76082426716933e-05,1.98507518289538e-11,-0.2488695283359011,67.44572275505828
25.65,48.28,7.39,1.09,1.93,4.66793423920065e-05,1.7007323823269002e-10,0.1963970210054433,67.1578398710867,2.87843307379421e-05,3.09444304097026e-11,-0.2151142677018166,69.25626510433771
31.42,61.9,6.78,0.57,1.77,6.90160964176529e-05,6.8438346281676e-11,0.2151382788751413,53.95118116620662,4.36008325297093e-05,3.45776654287263e-11,-0.2448784452447154,68.24562885008598
32.9,59.04,7.56,1.18,1.62,5.02361490775531e-05,9.36682127638861e-11,0.2092666698027034,60.74241933090468,3.35918941876203e-05,4.7121711816532194e-11,-0.2438390294310055,68.75527104904508
32.9,64.23,7.08,0.91,2.17,5.85720331764323e-05,8.51500632020466e-11,0.2120111496045241,56.89094522436861,3.82025168188267e-05,4.29461681106571e-11,-0.2264158850983701,63.87452450988321
19.05,78.95,6.67,0.57,1.53,9.14317058337656e-05,3.31051135998745e-10,0.1798139282749753,67.9552723884,5.77044064286851e-05,1.85534236648123e-10,-0.1924669346062378,66.9932890338893
29.9,27.95,7.6,0.54,2.02,3.39100778783906e-05,3.8451019809967094e-11,0.2424223889141167,68.51731693285187,2.12469117036734e-05,1.87271102339117e-11,-0.253622212172556,68.93903759922648
29.9,58.1,7.26,0.48,1.66,6.92917684162495e-05,7.37713496276858e-11,0.2122578417089797,55.232726493992025,4.31675087005334e-05,3.69201072174068e-11,-0.2433489050844581,68.2494536700963
27.23,66.06,5.87,0.24,1.82,7.74953812902984e-05,6.682948837305939e-11,0.214108684118395,52.7968746954317,4.79135600648847e-05,3.44055564790825e-11,-0.2443094987381784,67.99477642112389
20.23,63.23,5.56,1.05,1.93,5.59120815724903e-05,2.60681289092594e-10,0.1862274971319454,68.46248475403898,3.72393953346777e-05,1.4727711770751101e-10,-0.2031034221481022,67.84432103356342
25.99,72.11,5.86,0.46,2.11,8.6596122433199e-05,9.466694748816469e-11,0.221240651450784,77.1301997500361,4.84323627331322e-05,4.9391677998814394e-11,-0.2332412697474218,59.1084548131115
30.35,77.4,7.33,0.84,2.11,7.28081809152705e-05,1.3141679317517002e-10,0.1958471099135819,62.96534009929661,4.72738722338805e-05,6.69832982669052e-11,-0.2227833864762742,57.91515720944129
25.96,75.27,4.7,0.32,1.56,9.97308193424828e-05,5.94554506729278e-11,0.2298452158558346,61.53528867012978,4.80867340786098e-05,3.0220502723861494e-11,-0.2450460692068806,67.79114719067661
33.0,74.9,6.48,0.67,1.98,7.75909878924597e-05,7.70595135192875e-11,0.2097202677926839,55.86691728863702,4.92294139157288e-05,3.8338311296437195e-11,-0.2301072223101667,66.86177191906101
29.87,41.31,5.49,0.28,1.72,4.94303661758602e-05,3.2718083640916395e-11,0.242236139210607,67.8012186726572,3.01234112698878e-05,1.6012211027374597e-11,-0.2510087682161316,66.6623244833879
28.81,22.33,7.97,0.21,1.57,3.51822546545517e-05,2.71419029315635e-11,0.2448214102665245,68.0580582488044,2.08436244184563e-05,1.3674671640131598e-11,-0.2561666959408264,67.42346877989003
31.04,22.58,6.69,0.7,1.94,2.58339561006244e-05,2.3902813609804696e-11,0.2476550283782038,68.6376255716937,1.59626390676243e-05,1.1596661527627499e-11,-0.277497865426914,68.87502989305783
22.27,41.71,7.38,0.73,1.89,4.75242386648751e-05,1.58399750389948e-10,0.1976743037017117,66.55026957505473,3.1007098848502e-05,8.7824441815681e-11,-0.2240520760260788,64.5649096389852
24.81,52.22,7.74,1.08,2.08,5.02359079313896e-05,2.52347995295472e-10,0.1883922146375311,69.21320602129661,3.3908614864705e-05,1.48732211678466e-10,-0.2063583213586481,69.837329586479
31.23,43.79,7.8,0.99,1.76,4.19341937437832e-05,7.555671464412589e-11,0.2198739483486392,58.43358251137917,2.74099632037703e-05,3.8765363274124396e-11,-0.2460171041751759,69.1696500321189
20.13,36.74,4.38,0.76,1.97,3.31497292156648e-05,5.5150193179630296e-11,0.2392892581210605,67.6476658458599,2.06945540821448e-05,3.01020909404274e-11,-0.2476868652830153,69.20899980198541
19.2,18.68,7.58,0.96,2.01,2.14719513952001e-05,1.25867473455281e-10,0.2129485737483142,64.91950969751939,1.39506189791097e-05,7.26645495215005e-11,-0.2431342986232335,71.19115769466028
21.44,27.06,7.46,1.16,1.83,2.75236267245826e-05,1.80800280126991e-10,0.2019475294348526,70.98630699147732,1.86165131572604e-05,1.02356670113654e-10,-0.230481957001906,72.1778282471916
21.34,72.36,5.61,1.15,1.54,6.37983847254504e-05,2.49083020179597e-10,0.1854919452634635,67.7452824048568,4.25148765850627e-05,1.39836268225141e-10,-0.2023676712303281,66.691243193609
17.66,46.71,5.42,1.17,2.14,4.43102623536444e-05,4.03371679638288e-10,0.1830748702349841,71.12091195793528,2.57735367437126e-05,2.27872080423664e-10,-0.1988880737110138,72.6654362206994
29.02,40.12,6.2,0.44,2.05,4.6500692531302e-05,4.3676489702003293e-11,0.2405635992263749,68.14505088140909,2.81393993434396e-05,2.18691034455709e-11,-0.2481740322161075,68.07397232761141
29.5,55.05,6.35,1.08,1.98,4.69460842026655e-05,8.4024691158578e-11,0.2128461105878438,59.1969472842577,3.04155887571196e-05,4.3346544961978695e-11,-0.2434370398936122,68.85965620734672
30.57,19.08,6.1,0.29,2.02,2.6028046862453e-05,1.57061471456979e-11,0.2519942821454839,67.19953415641933,1.54517700989197e-05,7.6891496346888e-12,-0.2693686837330091,65.3803400218784
34.03,39.05,5.81,0.98,1.53,3.66704864616832e-05,3.26270721515621e-11,0.2433720096905025,68.34098500804569,2.37966171437089e-05,1.63129276857427e-11,-0.2540206338892161,68.31883648772887
15.64,72.19,6.06,0.81,1.77,7.90958846687058e-05,8.41283918716801e-10,0.172185185813783,69.89933345999741,5.25995033362888e-05,5.05241832510949e-10,-0.1809815485911671,70.7849694147237
24.21,66.73,6.94,0.43,1.96,8.58940002841969e-05,1.3375917050929002e-10,0.1945334745541582,62.79474906849949,5.47464898215261e-05,7.21839490002449e-11,-0.2180330937505812,58.4318823030486
15.05,60.9,7.01,0.73,1.82,7.4119744800015e-05,1.6700026301827301e-09,0.1485490869009825,71.53855154419008,4.82641806895204e-05,1.0688878320876e-09,-0.1739585276530088,72.36148364461089
23.26,55.56,7.21,0.55,1.71,6.96453472094853e-05,1.37970212759074e-10,0.1960634346161271,63.7531170511563,4.47960244397866e-05,7.51311124126908e-11,-0.2202952128733028,60.1610182732831
28.06,33.07,5.79,1.09,2.09,2.81204964853018e-05,4.5419904172368296e-11,0.241782988475855,68.81626766712301,1.81896419485771e-05,2.3613008197039897e-11,-0.252241510645205,69.9074369563035
15.51,44.59,6.53,0.83,2.0,5.08156550310023e-05,7.88446454385424e-10,0.1748023351598331,71.1170510516442,3.31292156518549e-05,5.02431647634131e-10,-0.1842858232413317,63.87398790653279
19.38,16.59,4.37,0.33,2.03,1.72540969673359e-05,1.6764834421464598e-11,0.2612527196021706,56.529567429139725,1.03224863574117e-05,9.002732713658389e-12,-0.2687053022806978,66.77702986595288
28.97,33.67,5.94,0.38,2.15,3.97389675781674e-05,3.3634940721732196e-11,0.2316645283486254,66.4403536894494,2.4313605387283e-05,1.70030326979596e-11,-0.2532053560220887,67.99804008310392
33.64,45.0,6.99,0.26,1.92,6.56803034283653e-05,4.2689341643257e-11,0.2399421288872397,67.64026301342571,3.94708995315054e-05,2.09363687638576e-11,-0.2483598058911089,67.61977346060921
27.62,47.17,5.29,0.41,1.76,4.99886565419111e-05,4.13166486496585e-11,0.2406986884625588,68.0243128908479,3.1240786430122e-05,2.1013137756373198e-11,-0.2493456666140931,67.758113695659
16.52,44.53,4.66,0.22,1.82,5.74798472694131e-05,7.292555046434249e-11,0.2173336818895997,55.84264792661181,3.51419255075593e-05,3.9809240840666096e-11,-0.244516358424361,68.43292735944462
31.46,72.42,5.72,0.33,1.91,8.59292172490353e-05,6.02579974865992e-11,0.217829170603187,50.52930438935738,5.24247276679684e-05,2.9549569742678e-11,-0.2306744284088348,59.50266010311478
30.88,51.77,5.44,0.88,2.0,4.6296560317414e-05,4.78481470508946e-11,0.2373680706053136,65.5196015549622,2.97679153856526e-05,2.3868384851395697e-11,-0.2491110589010398,68.42816711934918
26.92,59.82,7.17,1.15,2.04,5.11409587942363e-05,1.78216085119084e-10,0.1933171366497163,66.98072872478322,3.31852729999529e-05,9.8651468598686e-11,-0.2155028382126008,65.7566855765298
25.14,55.24,4.17,0.51,2.16,6.07053387305044e-05,4.46277415835417e-11,0.2396386430769739,67.44285116194321,3.73625144996989e-05,2.3203171078079197e-11,-0.2484503242129936,67.85672840816981
28.04,53.2,4.3,0.33,1.77,5.30668113573689e-05,3.41502383364474e-11,0.2418533546945574,67.79124039360651,3.19841449192146e-05,1.7170449653787e-11,-0.2501729820739855,66.79008493500719
15.89,16.76,4.58,0.54,1.81,2.02787321532099e-05,3.2818643703597e-11,0.2468219123217003,69.6359253598571,1.24755029249967e-05,1.7089460406250297e-11,-0.2592763454372737,70.22230334471038
17.82,53.77,6.04,0.67,1.89,6.70231883812071e-05,2.60238364147107e-10,0.2023877387820522,84.59964199980762,3.54757086341887e-05,7.77153602738798e-11,-0.2166771618095629,69.52341656752539
20.66,54.6,4.0,0.53,1.92,5.16449670867116e-05,5.6915360660209895e-11,0.2281805558646833,57.3121906436089,3.14475139535731e-05,2.9920266221947496e-11,-0.24549729140285,68.20641574177851
16.23,36.32,4.16,0.97,2.09,3.4181629695395e-05,1.22429982906622e-10,0.2106721681568148,66.48468203392521,2.19246515679109e-05,7.160261332826009e-11,-0.2395118577972545,65.97513838799051
22.49,61.26,4.59,1.05,1.71,5.27245037692589e-05,9.055934600664e-11,0.2099885200246293,59.6440108782087,3.40426307312686e-05,4.955013949184859e-11,-0.2429537753424328,68.18592645147677
28.31,43.82,4.82,0.97,1.61,1.35260349409441e-05,3.87580211187238e-11,0.2418364837435995,68.2899176408947,2.37038995204609e-05,5.48307805626865e-12,-0.2455231331333078,64.09325723439913
26.93,19.0,5.23,0.68,1.69,1.91579368221406e-05,1.69980650269551e-11,0.252789275527915,68.33423088880363,1.19090807788165e-05,8.47663045412681e-12,-0.2694414917259945,67.25004763421283
32.54,71.54,6.4,1.14,1.65,5.90778066662205e-05,8.573176317497659e-11,0.2092417352255749,58.53127994161592,3.89367677644896e-05,4.2990970096428395e-11,-0.2427768409948951,68.5238773021243
18.54,29.49,6.37,0.66,1.95,3.31816665425976e-05,1.25208129932027e-10,0.20858855704097,66.55282190173712,2.04861605416005e-05,7.146180888299549e-11,-0.2375585925328753,65.1139939343765
25.37,38.89,6.62,0.46,2.01,5.20100990904901e-05,6.164149937777629e-11,0.225773207275654,55.29846586874021,3.38391599241079e-05,3.3186950997605094e-11,-0.2445098826158128,68.7011652727929
33.79,78.83,6.46,0.65,2.11,8.22346608835537e-05,7.828576665807419e-11,0.2086604027404973,56.006854842289286,5.22802166488915e-05,3.8938929053729e-11,-0.2394686733218556,68.09988334404069
33.77,26.52,4.2,0.35,2.04,3.27485626787918e-05,1.35117191703888e-11,0.2536332142669236,66.21974428473959,1.81777749053292e-05,2.38479561146081e-12,-0.2820118048702672,68.5958506746779
18.07,21.97,4.27,1.06,2.18,2.10006117174978e-05,5.1930976769078e-11,0.2474558441714653,74.1724511733392,1.18140685574069e-05,2.94685731391472e-11,-0.2523915186945256,71.78436671231259
17.25,75.13,4.03,0.62,1.68,8.3300689772646e-05,1.16101795292139e-10,0.2027028397340053,58.17334464214841,5.16299725118973e-05,6.548340361433949e-11,-0.223051138811534,56.62979043847308
33.04,51.06,6.87,0.46,2.19,6.15089978724267e-05,5.297140458840769e-11,0.2285185831484869,57.4951428274321,3.83935915159491e-05,2.6369876889625797e-11,-0.2464319905310106,68.14886970030717
15.62,24.14,5.18,0.42,2.1,3.06616024102926e-05,7.289638301212909e-11,0.2312871418804493,60.8800436477121,1.84886583215735e-05,4.0524375923542596e-11,-0.2465332542694403,69.88895298968642
34.35,23.28,6.44,1.04,2.19,2.19536711606892e-05,2.1687319733401297e-11,0.2496702976949141,69.0524797126241,1.4715520988161e-05,1.0759338216742699e-11,-0.2652332982044134,68.94537356327538
19.14,70.96,4.39,0.8,1.88,6.08464392162807e-05,1.31466068564106e-10,0.1981863563728983,63.39575219103141,3.84303456567363e-05,7.41254176592072e-11,-0.2204821402870441,59.63062785705062
32.97,18.44,4.16,1.06,1.76,1.66570664069686e-05,1.0030574399320299e-11,0.2635450381394253,67.13619028668832,1.02806967570179e-05,4.90669764724255e-12,-0.2901651672747521,63.7125814239029
18.18,76.4,5.74,1.12,2.11,6.60512137330638e-05,7.05798340973551e-10,0.1739992045442067,70.0808228544057,4.25019197624527e-05,4.02665602938859e-10,-0.1805457738644356,71.04105661692101
26.01,72.92,5.39,0.62,1.74,8.08266266962675e-05,8.329915442571939e-11,0.207293313552351,56.98065893193971,4.45052008661675e-05,4.3569930645872196e-11,-0.2404345733655165,65.5256338215118
16.74,77.74,4.06,1.11,2.08,6.71828927166015e-05,2.95038864596871e-10,0.1840099129894197,68.6023846168281,4.37137898238217e-05,1.73806907783498e-10,-0.1983678654780273,68.4103191020766
17.78,44.51,5.39,1.08,1.99,4.46690048252267e-05,2.86464845309361e-10,0.1880807921240601,70.2883994171339,2.65189464391115e-05,4.9478990209646295e-11,-0.2176381851833054,67.2781262607027
15.48,68.95,4.44,0.76,1.54,7.07782871931379e-05,2.14646762985145e-10,0.1880359254292414,66.77003643422681,4.45762932282244e-05,1.23729145069365e-10,-0.2050504697451149,65.44551917319441
23.02,25.45,4.48,0.88,1.75,2.51054617886485e-05,2.71162787943257e-11,0.2466966271248205,68.78125852330338,1.56551183009127e-05,1.4444923406055099e-11,-0.2592987647343356,69.134067047505
24.61,38.98,4.12,0.43,1.83,4.58069975947187e-05,1.05359186270367e-11,0.2318017055500652,48.218173756085726,2.6948583347583e-05,1.4821286842453898e-11,-0.2530014519999486,66.58983941477831
34.29,72.29,5.78,0.68,1.64,7.64190155735759e-05,5.7099685426574296e-11,0.2220066929150517,51.54754663363981,4.83988888971878e-05,2.8280806984824398e-11,-0.2450406697461195,67.92193452800917
23.48,67.33,5.49,0.31,2.1,8.22719054441254e-05,8.723546485336169e-11,0.2055848711092572,57.4858703701496,5.06221225930688e-05,4.582045447946689e-11,-0.2374073543382861,62.80013418751471
15.19,51.64,6.5,0.63,1.92,6.33449930217084e-05,7.37404666199993e-10,0.1738934941380403,70.25328522641551,4.12070541020304e-05,4.53347386340807e-10,-0.1834264683919526,71.45965669429809
17.79,28.07,6.85,1.2,1.6,3.0678736073781e-05,3.33821788324037e-10,0.1901555415448579,73.09729502437999,1.83612871285899e-05,2.02398696715832e-10,-0.2080213701689086,75.84558412305189
25.73,37.93,4.75,0.86,2.03,3.78913957911679e-05,4.0027841976453895e-11,0.2420378873989887,68.45920608319392,2.03065449930165e-05,2.1132282435113098e-11,-0.2519124540724957,68.93520081715637
33.39,15.6,4.8,0.97,1.93,1.54873775128063e-05,9.48338603428275e-12,0.2655874531897238,67.30632508561493,9.67304781935877e-06,4.66838883284176e-12,-0.2935530567268375,63.839230647675606
17.96,46.14,5.07,1.11,1.94,3.03208218216697e-07,2.32281621341384e-10,0.2094399798426895,87.23654580412179,2.59603158483883e-05,1.32349123107374e-10,-0.2116461924613905,69.8313655743992
24.43,79.03,5.71,0.63,1.98,8.76703836020521e-05,1.23757635182678e-10,0.1960306499361948,61.921782955441095,5.59787793221499e-05,6.58802095601015e-11,-0.2208541497556881,56.69979259258378
20.19,25.6,4.61,0.62,1.8,2.5530216909264e-05,3.3008034241626003e-11,0.244717883106094,68.79964883245418,1.6064757738672e-05,1.79311475194564e-11,-0.2546632857543029,69.05939220509491
31.86,59.12,5.44,0.24,1.71,7.60376390113298e-05,4.2926441197548096e-11,0.2366228619711986,64.53928608916931,4.5127704694943e-05,2.1101166023897598e-11,-0.2474000551534393,67.20193416530878
26.64,50.99,5.64,0.24,2.17,5.7172804028885e-05,5.2370408104676397e-11,0.2283898963952341,57.3232295343136,3.4625944326925e-05,2.6820126592213597e-11,-0.2468040700746248,67.9809225722747
18.76,28.17,5.71,0.79,2.18,2.83359512205197e-05,1.08376605193526e-10,0.2157204723338003,66.12776522194788,1.78604287365267e-05,5.97433750623586e-11,-0.2314439435631384,71.15240070350113
27.25,41.35,7.17,0.59,1.86,4.59512415418732e-05,6.89377651565732e-11,0.2207973016344057,55.989835759873294,2.88348935727014e-05,3.6345249398308e-11,-0.2457449847272464,68.82004386071749
23.65,57.39,4.74,0.53,2.16,6.1194203427804e-05,6.34679183986148e-11,0.2208941237389961,52.89780470293493,3.76409836438578e-05,3.351904112934e-11,-0.2454726701018865,68.30617640826681
33.18,51.71,6.56,0.89,1.71,4.97449570863594e-05,5.4180365059530694e-11,0.2301595935702844,59.10447026713009,3.24931982280792e-05,2.7157008177350297e-11,-0.2469181155129677,68.5385054987609
30.28,22.94,6.89,0.36,1.89,3.03773807560935e-05,2.2823840294428398e-11,0.2469038835262543,67.94902136093442,1.86741885245849e-05,1.1337813259619e-11,-0.2770609076430867,83.76992013655132
19.82,28.39,6.3,0.73,1.85,3.15923781579948e-05,9.38668156780958e-11,0.2185780724182589,63.66525506657752,1.97554812159948e-05,5.3118896539298097e-11,-0.2448461747193593,69.6189803091302
29.42,62.6,7.22,1.18,1.88,5.24406817735393e-05,1.37918230075794e-10,0.1980374427591005,64.73843172021732,3.48716249806625e-05,7.201030385065069e-11,-0.2272048685488132,60.623446505061686
29.42,65.53,6.4,0.36,1.9,7.94481418646261e-05,7.16597484832319e-11,0.2112340745011561,54.170682665322325,4.83026420154427e-05,3.55678171927577e-11,-0.2454677631060852,65.04961319863969
25.79,62.05,7.85,0.49,1.8,8.33972521029109e-05,1.4124542130838101e-10,0.1940680350913608,63.632796176644,4.71392884464003e-05,7.687466062661019e-11,-0.2170244538273116,60.07587272597348
16.51,42.41,7.62,0.61,2.11,5.5562507717366e-05,7.63400285284644e-10,0.1748605877047021,71.00298466808609,3.6682987158769e-05,4.75147570231525e-10,-0.1839234442270673,72.9005789655786
20.88,65.12,6.96,1.0,1.74,6.35533527712328e-05,4.5890178656918006e-10,0.1783057695808823,69.75500437737959,4.20951654379096e-05,2.5033497878938003e-10,-0.1910154019463192,70.18397839394939
34.75,34.0,7.66,0.86,2.1,3.50624628227483e-05,4.06402153908371e-11,0.2419886713814046,68.57647245440829,2.07435152854587e-05,2.05281894675773e-11,-0.2521644478712524,69.34503652975232
19.99,43.14,7.43,0.86,1.95,4.58260598783582e-05,3.76929372239175e-10,0.1811671792540961,66.51321612075999,3.01562735766997e-05,2.14303351062622e-10,-0.1985721698001912,71.8787159387825
28.18,19.14,5.3,1.18,1.56,1.69227869520454e-05,1.83022722136436e-11,0.2531930110104877,69.3270778826158,1.08126852905141e-05,9.45662477479727e-12,-0.2705082453463337,69.41107559483503
21.57,49.17,7.87,1.0,2.04,5.13076461825424e-05,4.78797686673842e-10,0.179270231921118,70.6473747056296,3.37288964587611e-05,2.87833556338159e-10,-0.1919705332371115,72.28234350295989
22.21,22.27,4.77,0.29,1.69,2.78470419458079e-05,2.0396996271461597e-11,0.2483107058355636,67.59588630140121,1.68281102205843e-05,2.96148903862744e-12,-0.261689799034125,65.56330792943729
28.36,50.51,5.22,0.31,1.76,5.62737376868536e-05,4.0749153537357396e-11,0.2340766200070601,64.1641599018625,3.43389053172072e-05,2.0454410570900598e-11,-0.2491373392639374,67.48924857228852
18.34,61.34,4.91,0.3,1.75,6.57772037086111e-05,9.460466379134209e-11,0.204759094083198,58.95291809039671,4.04187477010785e-05,5.19494991324902e-11,-0.2324775749949388,58.48400459264489
18.34,69.32,7.54,0.59,1.82,8.17316440722695e-05,6.26310111195461e-10,0.1742983671548114,69.6074263210673,5.17316778199041e-05,3.6272212923791803e-10,-0.1842350658892579,70.1958793895262
33.83,53.35,6.61,0.89,1.79,5.1422928812456e-05,5.5131034451067e-11,0.2309659723374902,61.2091322239113,3.3707503642229e-05,2.75354249665667e-11,-0.2466513093396021,68.49298042165772
33.58,32.04,6.71,1.16,1.84,2.84107307130713e-05,3.61468035683479e-11,0.2435763240095125,68.8748756690177,1.88007361724727e-05,1.82336503030759e-11,-0.2548490781669608,69.65882494249898
33.58,30.92,4.35,1.05,1.75,2.62603840185561e-05,1.8165351664567898e-11,0.2639402319297443,63.65997337186441,1.67802725331474e-05,3.30049184146692e-12,-0.2690826236020418,68.84828545588483
23.55,32.65,7.19,0.37,1.52,4.80128818539655e-05,5.86830810527069e-11,0.2191731956037248,47.7801563844108,3.00319771286032e-05,3.1603519698733295e-11,-0.2470305220380572,68.76587448904759
27.49,64.95,6.81,0.86,1.63,6.21208569468071e-05,1.11886910870828e-10,0.2008838752083001,61.77541773400508,4.00618517988287e-05,5.991744957556639e-11,-0.2199369043873093,67.139903384139
24.99,74.38,5.01,0.58,1.62,8.58232308024638e-05,7.72757368875755e-11,0.2094597229584749,55.600053928738205,5.38927573294972e-05,4.0588069730094394e-11,-0.2434658636395411,68.15195233864569
21.06,43.49,6.91,0.51,1.93,5.27654310253047e-05,1.46143802373907e-10,0.197600503807048,65.28416193001269,3.31422160394008e-05,7.791700395757359e-11,-0.2244321030545074,61.668300363516586
26.27,48.66,4.56,0.59,1.87,4.47490465336669e-05,4.05773791579783e-11,0.2410412077628686,68.09361394576361,2.6919322525086e-05,2.0913568914444797e-11,-0.2498947581885005,67.94267676539489
21.26,67.78,5.72,0.52,1.84,7.61414172893166e-05,1.40122825182064e-10,0.1941939259645585,63.304528424353606,4.7590153993258e-05,7.371010259686909e-11,-0.2187620418667398,57.96380177295482
21.26,34.23,5.26,0.37,1.88,4.11470280246844e-05,4.78578496139329e-11,0.2403980181397421,68.28992338800718,2.45841535598052e-05,2.49880013992001e-11,-0.2482225883595299,68.48379291542439
21.97,26.12,4.32,0.34,2.03,2.89164518233276e-05,2.3542135956674398e-11,0.2467396463462633,67.86219197263871,1.7169499332894e-05,1.2234336320667001e-11,-0.2593652042148233,67.19585763320998
22.77,65.23,5.23,0.65,1.78,6.78445127692161e-05,9.518270030407589e-11,0.2050043262639659,59.30583693377109,4.30093107861278e-05,5.0714830914088694e-11,-0.2358620976378547,61.6113455739381
24.78,21.31,7.18,1.01,1.73,2.40120684760081e-05,4.8509980816677393e-11,0.2425120484735107,69.40130661745161,1.59697286610277e-05,2.7857846439933397e-11,-0.2528046602050839,71.07140181889932
18.75,38.83,6.82,0.33,1.66,4.95608851399288e-05,1.20881669414674e-10,0.2025711317640306,63.50026719964041,3.14320205550502e-05,6.68495593850863e-11,-0.2290266130982088,59.71975367037899
19.55,48.2,6.76,0.45,1.91,5.92128473660862e-05,1.76873736810841e-10,0.192580705078058,66.2466058651558,3.62276609974387e-05,9.736959867214979e-11,-0.2134568340843269,64.25449197181668
19.31,16.32,4.6,0.68,1.57,1.62809537809909e-05,2.0179212297780897e-11,0.2523438934508908,69.27180756163531,1.00366310113441e-05,1.0858076092766399e-11,-0.2668302659200308,69.03425734630339
17.57,63.76,5.66,1.17,1.56,6.21549787031321e-05,5.05032198007577e-10,0.1779040484561429,70.1493805052674,4.29055950468055e-05,3.1418873739664403e-10,-0.1888382407243656,71.15180825820892
23.9,55.36,7.87,0.72,1.72,6.52496376012039e-05,1.90604579790774e-10,0.1906279359417066,66.6417318784365,4.29826470794984e-05,1.0932786289395201e-10,-0.2101160542479233,65.5009035185683
32.5,32.61,4.29,0.67,2.16,3.17240937364903e-05,1.9069065707508598e-11,0.2489009233783938,67.53756577458451,1.93572299798128e-05,9.36440912015955e-12,-0.2636857567154361,65.81283376663689
20.83,58.0,5.85,0.41,2.0,6.73167626713377e-05,1.21475115002069e-10,0.1987250875865962,62.299629071488006,4.22996531971437e-05,6.55907532045785e-11,-0.2254002502890784,56.48888512025671
17.07,31.93,7.34,0.54,1.99,4.47398217918273e-05,2.85311659797078e-10,0.1887098362646418,70.553517382728,2.99290589610267e-05,1.75465258666654e-10,-0.2051405477446173,71.80586917279189
28.17,52.35,6.06,0.65,1.6,5.47222900863759e-05,5.90498517342878e-11,0.2240321974180246,53.5410185824591,3.46213606492346e-05,3.1062720291634e-11,-0.2451505676426246,68.36274144215932
21.99,59.3,5.68,1.03,1.73,5.48264906104494e-05,1.59365223046295e-10,0.1952461252248695,65.64522295515022,3.60388506167652e-05,8.69363324141457e-11,-0.2203275669240487,62.76999559600371
29.16,16.67,6.12,1.16,2.05,1.63862749470111e-05,1.9313777919021198e-11,0.2530360485180914,69.82351377012053,1.03661190919374e-05,9.71789723963841e-12,-0.2717473544695956,70.82728516402639
30.39,37.34,7.44,0.54,1.61,4.57690300532857e-05,4.7339089848247e-11,0.2392100567812808,67.2169496169,2.84062541733676e-05,2.40296028491614e-11,-0.2494109751229762,68.6056757861605
22.11,18.61,4.11,0.9,1.55,1.79820646834828e-05,1.7407116218783e-11,0.2534965893452278,68.67971790749309,1.10606635918986e-05,9.147691137192259e-12,-0.2705590589723679,68.41456731206073
18.43,28.89,5.85,0.91,1.96,2.68414228159274e-05,8.99759061431461e-11,0.2296616135425678,63.33930734034301,1.83207968853398e-05,7.773873870453929e-11,-0.2405919376597917,69.8002329870159
29.39,40.54,6.27,0.31,2.05,5.067738329765e-05,4.1894150007977196e-11,0.2406234603247311,68.0490670875186,3.00448306981579e-05,2.0802344826337797e-11,-0.2498747087393655,67.9570070218398
22.81,24.75,6.58,0.85,2.1,2.74128134021488e-05,6.18953931065691e-11,0.2394401198739891,68.1432380842209,1.76728556907238e-05,3.40242955978784e-11,-0.2497221471154599,70.41874043087859
34.37,37.7,4.2,0.84,1.6,3.59775516163688e-05,1.98837062319379e-11,0.2480158152127785,67.4849086581488,2.25698490960706e-05,9.779869031724019e-12,-0.2619372495993723,65.77723653690562
29.58,45.84,5.97,1.16,1.84,3.79657730212479e-05,5.926281550840459e-11,0.2308463908867611,59.964360967837,2.46020298780209e-05,2.9999587808565695e-11,-0.2482405869846014,69.16503420498971
34.43,54.89,6.55,1.09,1.9,4.66568179097429e-05,5.9012933290336e-11,0.2271850325773916,56.54055779683739,3.13109664805497e-05,2.96072050535318e-11,-0.2464311671318139,68.75331256315631
26.2,64.85,4.34,1.11,2.11,4.7995652810788e-05,6.783718834335559e-11,0.2204963137742406,55.08721518248549,3.03531126415876e-05,1.3400935987447899e-11,-0.2491702478219137,68.50271181515319
28.52,47.41,6.41,0.73,2.14,4.71293190755332e-05,6.60245060214949e-11,0.221993862798792,54.95711047277268,2.96499162797076e-05,9.54887471274682e-12,-0.2336002382302486,63.4566886554809
29.55,59.73,6.17,0.91,2.1,5.26187527573281e-05,7.8241970557368e-11,0.2140834141168599,67.33211092719971,3.39416704222012e-05,3.9320320733021096e-11,-0.2447772185294704,68.6054006120441
19.39,64.1,5.11,0.76,1.88,5.92417164251898e-05,1.59064701211302e-10,0.1943124794731673,65.22102194174889,3.8308373160226e-05,9.139124088300279e-11,-0.2139638871543941,62.83119556380701
27.69,55.11,6.94,0.82,1.89,5.36200916216399e-05,9.7349493064463e-11,0.2067272004127795,60.7359576123129,3.42708486112795e-05,5.263997424162369e-11,-0.238190488781979,63.94768717986008
33.72,72.88,5.29,0.52,1.97,7.94952346736517e-05,5.20937234898531e-11,0.225986349702251,55.05882134102291,4.88899988353114e-05,2.5659743128320198e-11,-0.2466867586210805,67.77773464435039
31.72,74.63,7.81,0.39,1.59,9.87141846817582e-05,9.49426113219232e-11,0.2011457808697265,58.3916785300968,6.16315734197663e-05,4.751364923414039e-11,-0.232741565817327,58.54659223986239
34.15,26.2,6.27,0.78,1.58,3.01421390312969e-05,2.16112387638172e-11,0.2480257140366201,68.19797486697301,1.90414442350448e-05,1.07792109559131e-11,-0.2624810097133156,67.78328466497621
17.51,36.83,4.04,0.99,1.87,3.61245983910608e-05,8.10649543786941e-11,0.2242499902443721,61.16367444930368,2.35500332510211e-05,4.70255942829744e-11,-0.245655469952091,69.525054314175
16.69,42.93,5.08,1.09,1.92,4.14376580704657e-05,2.9081568907562005e-10,0.1884346765043702,70.57972611635421,2.74824233425224e-05,1.7304592976928902e-10,-0.2054924479752151,71.6895313794381
31.62,51.92,5.73,0.34,1.84,6.30460663303672e-05,4.2045072853251495e-11,0.2402843947683085,67.91099253892041,3.83779762367535e-05,2.0457574117125897e-11,-0.2491657789294848,67.5261077496832
31.17,25.23,4.76,0.63,2.0,2.60735972329153e-05,1.68590861865472e-11,0.2512484950359907,67.59349632617231,1.56182621305066e-05,8.407929397770249e-12,-0.2678487406079364,66.34340990787499
21.38,48.09,4.27,0.94,1.64,4.29226897916957e-05,6.598291768534779e-11,0.224426775480746,55.16004529150981,2.68569684188497e-05,3.47943724303439e-11,-0.2463282264653472,68.8314207339053
26.3,15.49,4.24,1.14,1.7,1.393420185347e-05,1.1808192005006001e-11,0.2623427109632407,68.7753310127664,7.84690212177031e-06,6.15539324839913e-12,-0.2848657527185447,68.12066102113079
22.96,40.62,4.42,0.41,1.61,4.63769807694702e-05,3.5758853309222497e-11,0.2419857609626986,67.99962140556862,2.79435890451262e-05,1.8260225398617598e-11,-0.251471891600103,67.56826724310064
23.06,62.83,5.91,1.05,1.64,5.86470482381713e-05,1.58449827820571e-10,0.1946189306803947,65.4430789265008,3.87419296410314e-05,8.82869907560232e-11,-0.2172737108200121,63.2564453825184
32.06,18.71,5.29,0.4,2.02,2.26117505457773e-05,1.26693124542877e-11,0.2560423762243411,66.71612694004911,1.40660593541905e-05,6.12308441876289e-12,-0.276839669394547,63.302139927996606
28.0,50.06,5.32,1.03,1.96,4.12738816480378e-05,5.88043173260705e-11,0.2291108469933938,58.32276302971229,2.69703816419508e-05,3.06061658130072e-11,-0.247378752404472,68.87920344023948
29.3,51.57,7.53,0.54,2.14,5.88698094994243e-05,8.543188695233659e-11,0.2112124424968691,65.2012138530319,3.72712040799622e-05,4.274024588709e-11,-0.2438933861242608,68.50023259882693
31.37,17.12,4.96,0.36,2.07,2.08419129498528e-05,1.0915691253308e-11,0.2590997238066495,66.06361566850957,1.2469457589093e-05,5.26215113326262e-12,-0.2823247280267801,61.571028020909495
21.95,25.39,7.41,0.37,1.99,3.59284419537739e-05,6.02923388128185e-11,0.233919831670605,62.87232860304021,2.2079108969422e-05,3.1836373275169e-11,-0.2484049083758202,69.39222826307508
34.45,62.25,5.59,0.77,1.93,6.05097738553016e-05,4.8948563569415095e-11,0.2323382248101933,60.87937212343422,3.91094658481265e-05,2.3999281221107297e-11,-0.2471317388682029,67.96826572488169
27.8,76.44,6.59,0.47,1.87,8.48964806703245e-05,1.01772000910142e-10,0.1999317194981339,59.4771453595529,5.24148096912049e-05,5.2757334782179195e-11,-0.2303250693910331,57.85025963900048
30.9,25.28,5.02,0.83,1.9,2.4511608035144e-05,1.8860202470633e-11,0.2502416835481838,68.13419129701323,1.52101097798586e-05,9.545983318380719e-12,-0.2661493727872983,67.63148171833619
24.36,16.4,4.04,0.51,1.68,2.00317075008113e-05,1.1047535422853899e-11,0.2604265041655342,66.57879288424002,1.16914014495646e-05,5.769472927577599e-12,-0.2808299453506076,63.97380745537293
24.41,26.99,7.4,1.16,1.81,2.73274417286977e-05,9.35761818153132e-11,0.2223579028688757,65.45995266282839,1.84213930834114e-05,5.2315113237984596e-11,-0.2462211116463326,70.37147771914209
32.38,77.93,6.26,0.95,2.01,6.78176949698247e-05,8.806422203710069e-11,0.2066823289366076,58.36034813849519,4.41636027076171e-05,4.4333600566206694e-11,-0.2421980327605458,67.2323781769403
32.34,62.5,7.94,0.62,1.66,7.35093970492526e-05,8.64227883579429e-11,0.2071618451640549,58.04783920404768,4.5862553507214e-05,4.3416568339931294e-11,-0.2423369727967224,68.36268699606069
18.27,25.14,6.42,0.75,1.58,2.82925006321265e-05,9.858181743688619e-11,0.2190629038308481,65.0587934784827,1.8045544179468e-05,5.7716524981029594e-11,-0.2447274386980208,69.82026429366469
34.13,52.14,6.39,0.64,1.9,5.65658443510497e-05,4.7600237639885e-11,0.234930054185151,63.23863403112351,3.67025611616613e-05,2.34420434182059e-11,-0.2476610440403517,68.0606308667914
24.64,65.63,4.91,0.68,2.06,6.71115420138109e-05,7.751599933734119e-11,0.2122186014372586,56.44816378669529,4.29061297171959e-05,4.12600700441108e-11,-0.2438963444095004,68.35487165388591
31.47,78.44,4.93,1.08,1.58,4.31432765585275e-05,6.31742874768037e-11,0.2191658650811811,52.54303118706522,4.11204908727474e-05,3.1676104669416895e-11,-0.2456153199087161,68.22902651054748
17.72,73.63,5.71,0.41,2.09,9.71613909251314e-05,2.4435161211945803e-10,0.1841371477471258,66.8486017353355,5.1285773579661e-05,1.37062630904016e-10,-0.1997705399674128,65.06360495357902
21.9,37.14,5.7,0.45,1.65,4.49613953155324e-05,5.5909924451172397e-11,0.2314045329999892,60.306574390311006,2.79101972252241e-05,2.91136365490382e-11,-0.2475836429173706,68.61188918022567
21.6,16.83,7.19,1.18,2.16,1.91010445395164e-05,7.358270119852169e-11,0.2405031611526285,69.68717059415938,1.19719426090798e-05,4.0609796782434194e-11,-0.250651399963417,72.54283550510762
24.59,22.66,4.12,0.57,1.66,2.67697644425133e-05,1.6151841099567197e-11,0.2522455437990627,67.43935425824532,1.55373350889618e-05,8.32860452739229e-12,-0.2679087416788,65.86668841725162
15.57,30.76,4.5,0.56,1.88,3.4470956857833e-05,7.59666246982389e-11,0.2263917184983147,59.74404602282687,2.13102577025459e-05,4.35730613082785e-11,-0.2461374625030885,69.4564619048155
33.46,29.59,5.73,0.98,2.16,2.69898858674109e-05,2.5809040591978e-11,0.2466802035907919,68.6940507425681,1.75412316752832e-05,1.2755783821349899e-11,-0.260171473200251,68.66155068381843
33.46,72.98,7.61,0.86,1.83,7.03062246521272e-05,1.01479026338342e-10,0.2025886254871021,60.39683096220031,4.62067484422001e-05,5.11724181690589e-11,-0.2348832633777956,60.76773376497452
28.99,32.94,7.06,0.83,1.66,3.45498890865937e-05,4.96816030323426e-11,0.2405042924507518,68.49496117927362,2.21620188277568e-05,2.5218545472502198e-11,-0.2503235554869858,69.37615389134582
32.14,56.97,4.96,0.8,1.66,5.319307620166e-05,4.0982077618477393e-11,0.2407351508517046,68.0319253834386,3.35962223588207e-05,2.0323165430474002e-11,-0.2433439763853032,65.82972377331659
34.42,18.57,5.62,0.79,1.8,2.03539476633732e-05,1.28771989477208e-11,0.2571298158441794,67.67424589528406,1.32551006631368e-05,6.33786872691387e-12,-0.277917869860607,65.87646459775901
20.64,23.06,5.09,0.47,2.15,2.5343215918776e-05,3.2957539706299795e-11,0.2448168207240835,68.8359278807561,1.56561218815952e-05,1.8385905047341697e-11,-0.2547512681202248,69.28689023881482
15.15,33.93,4.37,0.21,1.78,4.28660107778972e-05,5.5785918206461694e-11,0.233503212762923,62.23714639965999,2.54118823029368e-05,3.0839695914183e-11,-0.2472169307903679,68.57535770797871
17.39,34.57,6.28,0.83,1.74,4.15986843109843e-05,2.27820669030663e-10,0.1932969041231532,69.9733084725548,2.79166780114763e-05,1.39429779477164e-10,-0.2128020759366145,70.80075400108818
30.09,47.06,4.14,0.49,1.82,4.71064888759313e-05,2.7620127097048196e-11,0.2436479073001073,67.5755629391189,2.76021227062718e-05,1.3474415162361299e-11,-0.254213514777277,66.23339722400628
17.55,29.29,5.94,1.14,1.85,3.05759886655714e-05,2.38034147388523e-10,0.196232573244291,72.02188153654129,2.10546506545986e-05,1.46949769645639e-10,-0.2163187441178354,74.05959223222477
16.71,49.34,5.69,0.86,1.53,5.60098303237762e-05,2.86764678709974e-10,0.1858974744636266,69.2250180616951,3.64932677733869e-05,1.662431434946e-10,-0.2019610162686316,69.40685923886092
15.96,27.51,6.9,0.87,1.83,3.34549480574959e-05,3.71401564377231e-10,0.1873955171826383,72.5782720392695,2.20614405378738e-05,2.2985842018599002e-10,-0.2036094884705052,75.05454154359609
28.86,38.19,7.23,0.37,1.99,4.82260837063918e-05,5.120839200204869e-11,0.2331909049580309,61.79336663313051,2.92425917864598e-05,2.63032502364593e-11,-0.2481462267918841,68.5300875442954
34.79,36.6,5.78,0.44,1.78,4.77441083342023e-05,2.6217123882316e-11,0.2445658075730707,67.7673425285539,2.37218089374072e-05,1.2868189891774298e-11,-0.2564790844875555,67.01362623109841
28.93,77.6,4.17,0.61,1.85,7.06830916714054e-05,5.1213117846186095e-11,0.2269315292522633,55.892027138797374,4.23397734096741e-05,2.54458325200107e-11,-0.2467652022025596,67.7281863105705
23.19,57.8,6.55,1.1,2.0,5.26096385660843e-05,2.24461690153697e-10,0.1895214170474902,68.2035203247823,3.56880555884515e-05,1.22144782075266e-10,-0.2105341843233173,67.20207556118199
33.03,27.33,5.48,0.62,2.15,3.00247063249143e-05,2.0388709278547098e-11,0.2485208051896828,67.96502888766639,1.85227947914825e-05,1.0259890303360198e-11,-0.2629293623521188,66.99958558741939
33.92,16.0,4.22,0.34,1.65,2.25659375578472e-05,7.51467955038698e-12,0.268328024373741,63.39049617476028,1.22513180411066e-05,3.68348353974123e-12,-0.3012587513329963,61.734537635160486
24.09,16.49,7.79,1.04,1.62,1.99285820847126e-05,4.1251777167612097e-11,0.2448134820845831,69.9871120512624,1.32482016451495e-05,2.3768861457852897e-11,-0.25542160658497,72.09198233356379
18.13,65.31,6.0,0.6,1.64,7.16521036956205e-05,2.37779432561629e-10,0.1857739298295416,67.21666687737121,4.57846791891354e-05,1.38571184159625e-10,-0.2008748867047846,66.17793264038899
15.13,18.3,6.15,1.06,1.51,2.21674328255077e-05,1.81930598638073e-10,0.2074090492777314,73.32319177754451,1.4222856340958e-05,1.12923521719702e-10,-0.2328260706460848,76.22372619381999
28.22,72.0,5.22,0.25,1.67,8.1662434377886e-05,5.82659274825722e-11,0.219081669502884,49.6144589893924,4.93929014766797e-05,2.91491321569231e-11,-0.238354121236915,66.9291120605206
30.33,58.33,6.25,0.3,1.69,7.30703472901064e-05,5.4656862269959e-11,0.2235740145005576,52.9006402386987,4.526012030659e-05,2.7089376622203097e-11,-0.2463259207600335,67.85317414869932
28.75,23.36,6.9,0.29,1.61,3.18681351270883e-05,2.4654744032947e-11,0.2459020006950313,67.97327040149071,1.95948146880315e-05,1.23925352149503e-11,-0.2584759506008076,67.43131345477529
29.86,69.65,4.85,0.33,2.17,7.35447440692942e-05,5.14551493343198e-11,0.2264319330599036,55.4319973932072,4.39148412866409e-05,2.5262036197746696e-11,-0.2467880613410796,67.67763184439632
15.77,21.63,7.78,0.73,1.58,3.00108464401347e-05,2.7439766644190903e-10,0.194205122280374,72.70937681758421,2.00989535457674e-05,1.68621196685077e-10,-0.2139832914613077,75.30705795798761
23.7,25.49,5.23,0.88,1.52,2.69623262865277e-05,3.16602607386662e-11,0.24505510113738,68.8690729982177,1.71866697381699e-05,1.74458019528555e-11,-0.2562931637225072,69.4943390738977
27.29,46.53,4.94,0.83,1.75,4.11945758170745e-05,4.4421957480751794e-11,0.2406855190637722,68.2314846860593,2.60194161573089e-05,2.3044857638277296e-11,-0.2496109725280533,68.45712428397161
27.01,69.77,6.85,0.51,2.13,7.57069082934916e-05,1.15952926632681e-10,0.1978895933300681,61.46607146482269,4.67119692665339e-05,6.118119659620669e-11,-0.2243433714539955,55.86838389301238
18.61,72.01,6.99,0.97,1.52,7.24721911630017e-05,7.59220412034471e-10,0.1730627900879615,69.94080602247008,4.71494285445184e-05,4.42352289261104e-10,-0.1824905364343349,70.8247243485022
26.53,77.82,4.48,1.04,2.09,5.89628111601253e-05,8.12835776302048e-11,0.21072076775912,57.37112898048649,3.7137814866227e-05,4.28959866425927e-11,-0.2436865699660282,68.39568198475129
32.22,75.68,6.14,0.75,1.8,7.45943113443376e-05,7.516647650720689e-11,0.2108201812971632,55.46452759537409,4.81439379257232e-05,3.7426899044006e-11,-0.2420053895873509,68.18428759201842
23.37,74.28,4.73,0.61,1.7,7.70094536549587e-05,8.199904506921979e-11,0.2081104482133573,56.67158115566351,4.8417829228413e-05,4.3163659568871897e-11,-0.2414687919612277,66.44651697078541
30.13,53.81,7.55,1.05,2.07,4.78849468457004e-05,1.06105976459464e-10,0.206525031715436,62.454314740061214,3.10495816754022e-05,5.5723413607435e-11,-0.2401683572899758,65.93762575787291
27.07,20.14,6.46,0.36,1.6,2.51673172698816e-05,2.08183263097385e-11,0.2484654980230441,67.99266236383019,1.60223176982176e-05,1.0585200912366598e-11,-0.2623308870685475,67.25093419817621
16.02,45.4,7.28,0.84,2.04,5.3356922376341e-05,1.23744957477239e-09,0.1706930289764913,74.10183288357301,3.55018097276787e-05,8.12172698591913e-10,-0.1778814894518537,72.5995863187304
19.12,63.63,4.95,0.55,2.03,6.20712839190264e-05,1.28590734742901e-10,0.1981796198864337,63.04251937676922,3.87902904908237e-05,7.158588314132549e-11,-0.2212790101059738,58.95725300100733
23.69,43.34,5.1,0.78,1.9,4.37231347692862e-05,5.8827049145807e-11,0.2301574561960643,59.28260398174668,2.80031227038208e-05,3.2136821195943e-11,-0.2471386007807728,68.8798015464178
25.45,30.43,7.54,0.84,1.76,3.57115372014289e-05,7.594156325216489e-11,0.2245524947378166,60.297782871192695,2.40238324808767e-05,4.2197792718970595e-11,-0.2464406683273327,69.6857907283307
22.84,37.8,7.73,0.41,1.81,5.2441045497525e-05,1.00197982464509e-10,0.2079680587017423,61.52173100521557,3.34668116941382e-05,5.46328743281514e-11,-0.2402189110155289,65.90641841943217
32.58,19.62,5.51,0.97,1.5,1.98830713885849e-05,1.4484800873595001e-11,0.255347520136237,68.17464018345181,1.2452714078159e-05,7.383135406949369e-12,-0.2749084468799621,67.03137822015518
29.97,29.12,5.46,0.95,1.72,2.70684573747523e-05,2.7009989083860397e-11,0.2460076512472711,68.57113763892039,1.71967225648155e-05,1.34799969487095e-11,-0.259403684575007,68.75952568639602
34.19,33.14,6.54,0.21,1.59,5.12550485890621e-05,2.6717153571173496e-11,0.2441575082441451,67.6675421195419,3.1957009340982e-05,1.29764222256986e-11,-0.2556117242135364,66.60365761608631
27.02,65.76,4.62,0.71,1.8,5.7439001522693e-05,5.650870034968589e-11,0.2251017985522413,54.42557019145949,3.56903936967781e-05,2.9190659510251696e-11,-0.2462231198376212,68.1370673944979
26.65,39.5,7.32,0.66,2.04,9.6418905068648e-06,7.909256099947519e-11,0.217242018191779,58.9752873242527,2.70585781808091e-05,4.2493151084029495e-11,-0.2450299381125788,69.01799883419302
28.46,25.97,7.29,1.06,2.04,2.48521489405961e-05,4.8564921148298396e-11,0.2419472459358619,69.14687373366948,1.63756362252402e-05,1.32552683027113e-11,-0.2545616570049403,70.55474121778774
29.79,39.01,7.47,0.58,1.75,4.51383591471966e-05,5.38919934938246e-11,0.2323207473629403,61.09959695472442,2.85323739158245e-05,2.7424985421521297e-11,-0.2482019565291361,68.72699303404458
27.11,17.99,6.24,1.06,2.13,1.74997950802466e-05,2.4824630774553296e-11,0.2496458899988907,69.8536522755355,1.07502710444471e-05,1.3059150986195298e-11,-0.2651082812856048,71.30169986147381
33.85,56.32,4.07,0.25,1.66,7.43906611722578e-05,2.7129772443968e-11,0.2433534614891408,67.3299448971975,4.05819412375303e-05,6.74446472434797e-12,-0.2533775743266765,65.61569054504061
22.47,69.99,7.57,0.46,1.52,9.14908329047645e-05,1.9853686084077601e-10,0.1866917648355104,65.6098922502866,5.87399609138352e-05,1.07907432013031e-10,-0.2049700174061871,63.23107134469888
23.15,52.78,4.06,0.9,2.14,4.62816336261301e-05,5.6425981925804497e-11,0.2311739865485048,60.11436599681519,2.87659007026039e-05,2.99775653732272e-11,-0.2473999040319064,68.6593887156857
15.83,23.73,6.33,1.17,2.19,2.47334604397464e-05,4.67410383358277e-10,0.1869631735228812,74.6085514424551,1.66926881533733e-05,2.91661302567457e-10,-0.2033386587078016,78.2614290250806
16.63,16.96,5.13,0.72,1.98,2.06228202645081e-05,4.5968757446223794e-11,0.2442315511159088,69.94572001737731,1.305960950228e-05,2.8212427610805297e-11,-0.2541014453659601,71.51832595223087
20.8,34.74,7.91,0.77,1.73,4.14016170171417e-05,2.35012644215285e-10,0.1918401116136243,69.8828754516662,2.68066911969002e-05,6.921671877725309e-11,-0.2103475044525704,71.1102230247499
16.12,77.92,7.95,0.97,2.09,8.4860936164543e-05,5.6332346949315e-09,0.114440992300236,71.67237388332495,5.79506943604975e-05,3.77656658626013e-09,-0.1271300585612208,75.89294047739745
16.12,28.78,5.48,0.44,1.68,3.79547948932086e-05,8.511578590469519e-11,0.2199427630108355,61.06467015092842,2.36708423981223e-05,4.87137278935428e-11,-0.2449284254077786,69.274058341799
21.37,36.11,4.84,0.43,1.54,4.14015388488309e-05,4.121257567845009e-11,0.2412117659573999,68.1837603585318,2.5186138848346e-05,2.17351642258439e-11,-0.2444318532633731,60.55795419764631
29.62,23.54,5.47,0.25,1.87,2.95940733067472e-05,1.7793551471813e-11,0.2493424414949825,67.09587399445618,1.75744586585131e-05,8.71705175796001e-12,-0.2647301362463635,64.9447730958829
23.72,59.49,6.64,0.23,2.06,8.27479137311452e-05,9.94711531936965e-11,0.2018888189263597,59.4262113780207,5.15981514659722e-05,5.28266184124724e-11,-0.2309363364859219,57.09796053766872
23.6,48.87,7.49,0.67,2.14,5.6432552094403e-05,1.68836442352819e-10,0.1943973888080417,66.38615169338999,3.69475917425631e-05,2.7349582976659496e-11,-0.2133819091655895,68.78628414951999
29.13,64.18,7.03,0.42,1.63,7.98431937018854e-05,8.158621793217759e-11,0.2068294426752704,56.49229380527751,4.9042410198541e-05,4.11121746618561e-11,-0.2422368878240036,68.16871471409769
16.65,40.76,7.97,0.91,2.03,4.86028533490661e-05,1.54827653352561e-09,0.1632015842441095,78.52265287599892,3.25458822060215e-05,1.01972320106349e-09,-0.1769862510631761,72.62974547086108
32.09,21.9,7.96,1.02,1.54,2.33788954489591e-05,2.8924058264452597e-11,0.2404568451702986,62.90634698553321,1.55882219402704e-05,1.4719333324446397e-11,-0.2601564797730436,70.16045092700674
21.52,27.48,4.29,0.94,1.85,2.61944978599555e-05,3.60962275951683e-11,0.2439824301496158,68.92447520335249,1.56766033697952e-05,1.9140412786281197e-11,-0.2553835942496969,69.7751470242846
32.99,40.7,6.89,0.86,1.59,4.13450115061644e-05,4.4682518730152495e-11,0.2407770638980582,68.3127027113024,2.67624007083721e-05,2.25475645806602e-11,-0.2497109296710886,68.75295234996389
23.31,64.63,4.31,0.49,2.12,6.72338880655165e-05,6.20012314429646e-11,0.2205260231166588,51.95672003436502,4.0729994878824e-05,3.24004317639203e-11,-0.2454081476092254,68.14539495818912
15.0,70.1,4.79,0.43,1.99,8.00397725492398e-05,2.5093897193917603e-10,0.1841179827533933,67.0523419551656,4.93525183486852e-05,1.4423146819559101e-10,-0.1990411625587256,65.89651762485168
16.27,78.21,6.92,0.21,1.87,0.000116097374678,4.37562641563863e-10,0.1763081760552473,68.41746210578209,7.39528840060981e-05,2.56130778673251e-10,-0.1868116061115067,68.17189396225812
19.63,79.34,5.96,0.7,1.81,8.21418431935146e-05,2.86852014694219e-10,0.1821277615446281,67.669734766943,5.32774277544298e-05,1.59238295635024e-10,-0.1964702485201709,66.3786654109273
27.51,18.08,5.11,1.03,2.09,1.65886075823004e-05,1.71331623174234e-11,0.2542178994004935,69.15223637933902,1.01636192512713e-05,9.199147582548339e-12,-0.2717378630963037,69.6944170401664
26.22,24.38,4.07,1.11,1.64,1.93799794046277e-05,1.8966038407250003e-11,0.2632783275632353,80.35566723506543,1.20004807257497e-05,9.786697045985879e-12,-0.2675006965471602,68.55620911028049
25.58,63.04,4.31,0.98,1.55,5.78083178490487e-05,5.836695617336779e-11,0.2256689702748172,55.0396311478728,3.17361273799132e-05,3.0507090336594196e-11,-0.246419729555147,68.3873396315301
32.81,77.22,4.25,0.49,1.92,8.10968989349668e-05,4.3378521953265e-11,0.235985756425742,63.96780253924658,4.74106055612966e-05,2.11272010586e-11,-0.2473172102228558,67.1743589904635
18.45,36.99,6.84,0.59,1.68,4.35794058287696e-05,1.79625440347822e-10,0.1957459037870021,67.7551059877089,2.73522967285172e-05,1.02225796521748e-10,-0.2175470003255588,66.97954337462988
32.73,50.13,7.23,0.41,2.09,6.33536171925234e-05,5.5425518442648496e-11,0.2259588944657096,55.20133147101419,3.91966367799246e-05,2.7783223627503396e-11,-0.2450037694695237,68.13743991157942
27.76,56.1,7.89,0.8,1.63,5.80993605432149e-05,1.24400176624728e-10,0.1995490232303339,63.3942956325732,3.8054872606568e-05,6.63643860578722e-11,-0.2267388858668897,59.29353338762089
15.67,42.61,6.72,0.21,2.09,6.07794793998952e-05,2.47412520604334e-10,0.1872377848848767,68.10717763158739,3.8863145951011e-05,1.45613555356532e-10,-0.2038337651137095,67.87087858076288
33.6,26.89,4.55,0.33,1.63,3.47776954165848e-05,1.4536104812508499e-11,0.2520820635948541,66.36034881704909,1.99906424197292e-05,7.050965109462339e-12,-0.2691223470552571,63.50517465978731
29.47,31.49,4.72,1.09,1.87,2.59680701144946e-05,2.6726159282664098e-11,0.2461482708185474,68.6054862366522,1.65351329949912e-05,1.33711937943011e-11,-0.2595616661904887,68.81601581764022
20.9,15.4,6.01,0.89,1.8,1.7453931869164e-05,3.1818596976628e-11,0.24774312531055,70.16567650909691,1.09405204550202e-05,1.74311711656146e-11,-0.2605128809641535,71.80990679310966
20.79,60.24,6.07,0.8,2.13,5.93867006790028e-05,2.36395108664902e-10,0.187254055035549,67.8441424246286,3.84815150998497e-05,1.2658846261838001e-10,-0.2062281981507928,66.38176798162901
30.53,20.99,7.69,1.2,1.77,2.03814100500774e-05,3.2584158553520794e-11,0.2462082723516965,69.67777406601122,1.34733406742607e-05,1.6834310448549497e-11,-0.2595885769755785,71.19844920839793
32.01,41.58,6.87,1.17,1.8,3.56161116363256e-05,5.7788618937015004e-11,0.2341815600517306,63.05290568111121,2.35169071857815e-05,2.8955476628631e-11,-0.2490859804778097,69.4567839213315
25.5,35.72,6.79,0.21,1.65,5.95214842308664e-05,4.6468596426936593e-11,0.2379004012528499,65.93608506256479,3.75781310402035e-05,2.4604501998683098e-11,-0.248203869547254,68.1065571351121
29.65,29.92,6.53,0.85,1.87,2.99614255511385e-05,3.6548480017366897e-11,0.243122918125386,68.64837303494181,8.06482938545544e-06,1.8349374339678297e-11,-0.2547025489342986,69.30497658964671
29.53,29.31,6.09,0.55,2.13,3.2690336259388e-05,2.99194030072082e-11,0.2442996623160275,68.29065642516782,1.9826459132869e-05,1.4882625256078798e-11,-0.2564749329802973,68.31765222566268
15.75,23.03,8.0,0.56,2.15,3.27867413469506e-05,3.58929525894291e-10,0.1885988786558828,72.8338120879689,2.15641611176599e-05,2.15050673849284e-10,-0.2065193616214282,75.50461907624259
24.26,43.25,5.99,0.47,1.7,5.55941900187444e-05,5.905352810151959e-11,0.2260330554506472,55.41567820189139,3.45306467695818e-05,3.17229777390028e-11,-0.2463249062956288,68.47922620972341
19.7,19.53,6.31,0.62,2.05,2.25314122862856e-05,5.4014016731114895e-11,0.2418786128107075,69.3555071566303,1.38523484560186e-05,3.0019093463024e-11,-0.2509310309242171,70.8631252304977
29.08,24.72,6.75,1.08,1.87,2.39531035185723e-05,3.64776986281998e-11,0.2441689848455643,69.2084804114908,1.52952293035972e-05,1.8612661066753797e-11,-0.254360722193727,70.11934585325741
19.9,63.72,4.64,0.66,2.17,5.82980980443831e-05,1.16548832938344e-10,0.2015363468450213,62.30536942882972,3.6737835724376e-05,6.43726206182516e-11,-0.228550584548101,56.726978686800905
16.26,75.64,7.36,0.21,1.74,0.0001152065795364,4.97346131210836e-10,0.1752142571896934,68.71942341615531,7.45560874948422e-05,2.92248023909377e-10,-0.1840922041744943,68.47592728134718
24.69,27.74,7.68,0.67,1.55,3.67293155883426e-05,6.2563135473152e-11,0.2325474600756717,61.72533700555141,2.40875451557057e-05,3.3275793822639095e-11,-0.2481341568385734,69.55643403356979
19.61,66.75,4.46,0.93,1.51,5.69097941471252e-05,1.20845123148675e-10,0.2010605841647149,62.84792545546389,3.65342024576833e-05,6.76202668809945e-11,-0.226666902677767,57.739879126800616
34.56,57.56,7.66,0.81,1.91,5.81293656071446e-05,7.20064098077638e-11,0.2159801643380671,55.99845030462772,3.88645069311881e-05,3.62925821257466e-11,-0.2441310900095564,68.56663705294471
26.44,21.89,7.7,0.79,2.11,2.50328462939477e-05,4.35400898373288e-11,0.2307160471466201,53.24527315035371,1.5261725552441e-05,2.45420837800063e-11,-0.2533522656361304,70.68545326869949
18.01,34.13,6.22,0.79,1.54,5.6044890983008e-06,1.62058865362162e-10,0.2069457454363029,69.7505975665216,2.36665600050269e-05,9.329805455434329e-11,-0.2240037010421104,67.37501542278979
15.54,45.22,6.95,0.6,1.57,5.90121214669627e-05,4.98820977861802e-10,0.1786044505056024,70.3554007820032,3.81330923600884e-05,3.05458158210171e-10,-0.190324908878625,71.51270859986859
15.81,56.75,6.21,0.66,1.66,6.97538028238121e-05,4.48011559663762e-10,0.1787502941138487,69.66844444707341,4.49495852909401e-05,2.77778437413451e-10,-0.1899061817018043,70.35071716772198
21.75,67.48,5.34,1.19,1.72,5.77899290793136e-05,2.03750392420287e-10,0.1894761237463091,67.0305775801395,3.80825661019925e-05,1.1217100746168001e-10,-0.2100009270841467,65.3118676248838
24.17,36.85,4.44,1.07,1.84,3.26215820709684e-05,4.2425779908461895e-11,0.2420476364255415,68.65132350180662,2.12255644017141e-05,2.2878260646698798e-11,-0.2518105755799548,69.300942308058
34.54,63.41,6.13,0.92,1.88,5.77420279732906e-05,5.83440588725682e-11,0.2241131753203208,53.60683343815278,3.8458544407047e-05,2.8942563193857197e-11,-0.2457005966378822,68.31817447524483
30.97,37.38,7.61,1.18,2.19,3.23625243614084e-05,7.203267707467179e-11,0.227271948411106,59.451057522904414,2.1208219979358e-05,3.7266001872071494e-11,-0.2477877826504446,69.91273602145631
27.47,38.61,7.21,0.9,1.95,3.80933737495833e-05,7.879675780947949e-11,0.2198804580186149,59.80647863328448,2.42519701952136e-05,4.17151248603136e-11,-0.2429571166161136,69.5186384643739
25.42,61.53,4.24,1.13,1.68,5.18402929000584e-05,6.04563333285869e-11,0.2258129882289835,55.2690052766035,3.45683105974686e-05,3.2769745451932895e-11,-0.2462038043213753,68.5631416854284
21.78,73.93,7.7,0.36,2.17,9.696838231817e-05,2.9663460261344903e-10,0.1807289284193855,67.50262615141231,6.12939891234762e-05,1.6450869983117002e-10,-0.1947992186713567,66.29809076833808
17.36,43.56,7.36,0.41,2.01,6.34133144326996e-05,3.25901370691361e-10,0.1836026023911789,69.44924225044801,4.21842570706241e-05,1.93190822088879e-10,-0.1982941046570215,69.96865261378998
32.28,61.06,4.35,0.96,1.62,5.11344333045933e-05,3.8037701872866395e-11,0.2412740951209088,68.0047112497581,3.24845928122886e-05,1.8927056136599197e-11,-0.2499976029367686,67.61395914700039
33.44,68.99,7.84,0.59,1.92,7.96440861456383e-05,8.941768553893039e-11,0.205121212241029,58.30296388409839,5.02594188348804e-05,4.4852586165955294e-11,-0.241930210833584,68.29194658369678
30.59,79.21,5.58,1.13,2.03,6.1685237575588e-05,9.0138134028945e-11,0.2069520331866491,58.86082779452048,4.07429002943255e-05,4.5226923299726e-11,-0.2428654695449809,67.89394267316528
28.45,77.66,5.21,0.74,1.89,7.03016692317729e-05,7.59971946581748e-11,0.2105520356848926,55.56209097697931,4.45259778881985e-05,3.9181879864751795e-11,-0.2427188374218008,68.1996915627858
27.39,30.62,6.18,0.72,1.82,3.17820756212275e-05,3.8205031065617495e-11,0.2425613359827511,68.56366083558079,1.97186505612601e-05,1.9907150208230197e-11,-0.2534946146028113,60.4925745297403
17.0,77.13,4.55,1.07,2.17,6.86252997814517e-05,4.00016296820879e-10,0.1798178729220689,69.37297103645102,4.57160501578645e-05,2.37972546771819e-10,-0.192120169257086,69.7413236065688
30.54,34.89,6.34,0.66,2.02,3.70186810808708e-05,3.74095151843657e-11,0.2422397110484441,68.34087741623709,2.31572430673436e-05,1.87062853864725e-11,-0.2515886322139305,68.40225535386132
18.23,47.91,6.19,1.13,2.18,4.32380599954391e-05,5.58248319175586e-10,0.1787761065303614,71.35228016112461,2.80383559188504e-05,3.24170061499235e-10,-0.1916692613402435,73.09159366188122
25.31,46.94,7.2,0.79,2.19,5.09734883384589e-05,1.28857093250691e-10,0.2015226470954235,64.71617623395639,3.44473154746417e-05,7.240070812999959e-11,-0.2284413357969177,62.2593662928504
26.36,42.02,4.28,0.43,1.63,3.97911631225451e-05,2.9007346520308597e-11,0.2436156724942899,67.78436049095541,2.44459384715884e-05,1.4817896564255698e-11,-0.2538112720640077,66.98046326511681
26.36,55.9,4.71,0.56,1.75,5.28825562851742e-05,4.7694564631511494e-11,0.2348157038217771,63.112239351868496,3.2332938791343e-05,2.4591263045641e-11,-0.24778033097074,67.97337734587772
18.94,29.4,6.08,0.47,1.97,3.41478998676909e-05,8.11154875424441e-11,0.2243603390441194,58.151338092928384,2.19516564516539e-05,4.4909514310805296e-11,-0.2444915841662553,69.4060193123775
15.09,67.8,5.95,1.12,1.66,6.81902620663909e-05,1.76451652678259e-09,0.1469099942664394,72.07700493201227,4.55914824332471e-05,1.0941716449042e-09,-0.1738573955023279,73.454811662247
19.76,35.63,6.05,0.71,1.61,3.85790264688982e-05,1.03322012710965e-10,0.2116349051450078,63.37268006450558,2.50410852491718e-05,5.87652257634617e-11,-0.2421325880235281,69.10202723086489
22.3,73.19,4.64,0.39,1.55,8.22245291580619e-05,7.29933049372012e-11,0.2109454241448971,54.30597798385398,5.05247680328427e-05,3.77046883929821e-11,-0.2438352934094797,68.06603323218441
17.58,46.45,7.22,1.03,1.54,5.25355537758917e-05,7.49964735313839e-10,0.1751943279576626,71.126513981788,3.6252546503707e-05,4.98083521113297e-10,-0.1845228514275597,72.7959217151077
23.14,27.67,5.67,0.79,1.92,2.99367307021744e-05,4.728772819988719e-11,0.2416397499393506,68.82068522291321,1.92611338963074e-05,2.4776508701939297e-11,-0.2517491697529266,69.751419235974
21.94,21.22,5.55,0.79,1.65,2.34076028874096e-05,3.2520419485208797e-11,0.242008302958532,68.97518308635051,1.44272983012792e-05,1.7152012575111798e-11,-0.2576428945229238,69.88344937360982
21.71,68.62,7.78,1.06,1.94,2.67525516158784e-06,6.878340941556701e-10,0.1651082270577476,57.01429823093471,4.46986887522974e-05,4.30080415229326e-10,-0.1835554430800265,71.24767961851481
17.64,73.63,7.05,0.95,1.73,8.11474606001211e-05,1.1549110023449702e-09,0.1665724153029738,69.82904006630808,4.82760487047142e-05,6.78481894232419e-10,-0.1780279897903404,70.99982785937111
17.64,54.18,6.19,0.29,1.89,8.09344171778543e-05,1.64421670754988e-10,0.1922108723111394,64.94152858004959,4.21418452247766e-05,9.211701305301401e-11,-0.2123617524302808,62.3272194577138
22.13,79.27,5.8,0.27,1.55,0.0001044313110719,1.08807241975543e-10,0.1968867889506996,59.69416437466332,6.35066672967032e-05,5.6979080660035896e-11,-0.2230012281110201,52.686929917694194
24.05,62.69,7.31,0.53,1.86,7.82745962413388e-05,1.55771960571103e-10,0.1924123402589221,64.46654233904609,5.05578281483142e-05,8.564970432196379e-11,-0.2149992984983869,60.85235527893598
26.88,33.58,7.63,0.27,1.59,4.63013331214579e-05,4.9477846525428e-11,0.2356236506107604,63.9825472901194,2.83574295401047e-05,2.54415441755421e-11,-0.2483673092961382,68.44448588551091
19.94,47.74,6.02,0.67,2.07,5.15957967458324e-05,1.63261631668005e-10,0.1957547335187851,66.2872901888929,3.20228016868593e-05,8.9666827561941e-11,-0.2211977269247587,63.2019912073411
22.68,50.91,7.07,0.37,1.6,6.88744895875384e-05,1.04321572954563e-10,0.2024196878694605,60.54874083693648,4.37827278739714e-05,5.6265596111509195e-11,-0.2313458102485421,57.64631674062759
21.48,76.84,4.12,0.45,1.77,8.06734608967539e-05,7.40417671685615e-11,0.210581610856297,54.54897753712931,4.77858792225923e-05,3.8230322977927395e-11,-0.2437934059049257,68.08696635537501
21.2,52.02,7.12,0.99,1.71,5.2910802501688e-05,3.4838264706504103e-10,0.1828866051733148,69.8502016813321,3.50628056554528e-05,1.84823244607036e-10,-0.1995105385628545,70.09998539757059
18.41,28.29,5.57,0.99,2.08,2.68911522901412e-05,1.31488819672851e-10,0.2110844765616053,68.62818922172431,1.69587182451224e-05,7.48631999779167e-11,-0.2416358129711539,68.31644854454153
17.35,35.6,7.89,1.18,2.03,3.82557411660494e-05,1.4435382726949901e-09,0.1706733078696064,80.3754334254215,2.67632708399384e-05,9.83229677315684e-10,-0.1791574498017492,70.58807892500839
22.99,51.11,5.32,0.88,1.51,4.98587469381781e-05,8.053077917295249e-11,0.214559879814575,58.130519994849614,3.25092131246003e-05,4.4427763919388e-11,-0.2442083259547758,68.6952007037141
19.26,16.11,7.0,0.75,1.67,2.09394999108247e-05,5.0688814219090393e-11,0.2429590003024523,69.7290167038401,1.27019117683999e-05,2.8800226066136697e-11,-0.2533295602404345,71.50076284819062
19.26,20.78,6.03,0.31,1.94,2.55935879251027e-05,3.76410352118118e-11,0.2435308789365365,68.81721900711598,1.60802193174627e-05,2.04873283973637e-11,-0.253493901841827,69.28057371224702
32.71,21.61,6.07,0.35,1.83,3.0743995983216e-05,1.65188951795094e-11,0.2509719999545294,67.2736918426754,1.78865213091698e-05,8.21484900503304e-12,-0.267298111794134,65.29801781838019
22.85,17.74,6.7,0.52,2.17,2.36204079269425e-05,3.16424066801482e-11,0.2458349133567749,69.1909709376291,1.45836047644305e-05,1.6791311112327497e-11,-0.2574728137964553,69.89484286925152
16.21,73.84,7.48,0.82,1.97,8.45625410204193e-05,2.3393986845660704e-09,0.1358933752945165,72.04458498930298,5.71774981536392e-05,1.4882212853077202e-09,-0.1607822113045085,76.47155838041985
31.19,32.81,5.75,0.61,2.03,3.60200356264921e-05,2.8913559778769398e-11,0.2443546819455061,68.1749342509629,2.23217698536917e-05,1.4322346322321e-11,-0.2563616069181273,67.94843379359061
24.56,65.64,4.51,0.3,1.89,8.04230437960969e-05,5.5136466667702296e-11,0.2277336135569391,59.43892487036262,4.7887983135182e-05,2.8173232827334697e-11,-0.2459111923351629,67.7963703314796
22.34,68.86,5.57,0.29,2.02,8.33617614376456e-05,9.807262697489201e-11,0.2017196002346731,58.957310137239816,5.13530056691276e-05,5.12733241353499e-11,-0.2381643530305005,67.04278387160079
18.31,51.5,7.49,0.63,1.88,6.05953329091017e-05,4.63207160348903e-10,0.178818614407097,70.042555579174,3.86208141969133e-05,2.6684335779051803e-10,-0.1914070126450599,70.8729379703639
26.33,49.98,5.21,1.1,1.78,4.16119549209575e-05,6.640129063433239e-11,0.2241618020635533,55.716453197206086,2.6321813307203e-05,3.5477249645071196e-11,-0.2463068611529829,68.9703278911338
24.88,24.61,4.57,0.24,2.0,3.01373958430704e-05,1.8789735127076597e-11,0.2490138108018379,67.3014590602854,1.92142608015734e-05,9.64092304093585e-12,-0.2626663813599507,65.73150924868948
34.4,25.04,5.28,1.07,1.62,2.277608772256e-05,1.7448516617495198e-11,0.2519562529992637,68.40487464873182,1.49922793073581e-05,8.65509589801542e-12,-0.2689925037096818,67.34644260758222
22.97,65.06,7.35,0.77,1.78,7.13455746473765e-05,2.36628963102718e-10,0.1860454158914316,67.36744546249258,4.68356634043236e-05,1.34965569503943e-10,-0.2029593220859161,66.5664857780493
17.54,39.67,4.52,1.11,2.19,3.65932228468023e-05,1.66051329469163e-10,0.2014560146305222,68.74129423149012,2.47142905416407e-05,9.748573862448539e-11,-0.2334897382339917,69.89251268031288
30.63,79.13,4.61,0.21,1.92,9.01341668799829e-05,5.0673805838126394e-11,0.2252717264294162,54.299195290853504,5.27679916529114e-05,2.4655815160519396e-11,-0.2464870186716498,67.4315169228887
27.52,35.11,7.7,1.04,1.83,3.36163611141506e-05,8.717715794364259e-11,0.2188197695919362,62.3763497930746,2.2120546306041e-05,2.4642214247529398e-11,-0.2382001230506029,65.35273992643509
16.59,20.12,6.03,0.51,1.96,2.89205377146954e-05,7.172282852265689e-11,0.2350077265316803,64.36949610807741,1.78078704269317e-05,4.0010536331302294e-11,-0.2483309930933119,70.29241530485051
15.88,50.7,7.45,0.5,1.71,6.99575895706824e-05,6.31750728889544e-10,0.1753640897522034,70.16754041549682,4.54327281712749e-05,3.94805307349947e-10,-0.1852032858446426,71.23201924788421
22.61,53.72,5.03,0.2,2.19,6.5364315964262e-05,5.943579808032219e-11,0.2220252188597391,51.631102528605616,3.94372046031572e-05,3.0830081341149395e-11,-0.2456931172586644,68.05540001152502
33.74,73.25,7.91,0.43,1.71,9.63386483830022e-05,8.78857511918839e-11,0.2038943066353838,57.527169384039205,6.0328356923577e-05,4.3776138035066096e-11,-0.2402375605096932,66.66924290951349
33.13,69.17,6.45,1.0,2.15,5.83453219826951e-05,8.116589128537129e-11,0.2112547337805303,57.7727138656366,3.86234791077629e-05,4.0612291045913e-11,-0.2442488522263326,68.5058151682742
21.09,55.2,5.33,0.8,1.95,5.35151254170332e-05,1.27104950470806e-10,0.2003508148079206,63.710860101701904,3.4377705487066e-05,6.817389258771209e-11,-0.2285493894300038,58.792934199228206
17.13,46.07,4.72,0.75,1.87,5.07230164410788e-05,1.28918638651068e-10,0.2029983314593408,64.70643665339979,3.28251876010651e-05,2.2336288271922198e-11,-0.2296304176726897,61.55398125459202
34.95,17.16,7.35,0.51,2.12,2.47488773804642e-05,1.5238536851089e-11,0.2536577237247734,67.8834951891206,1.26018212357485e-05,7.64818707358104e-12,-0.2725805760365,67.29722978820487
15.95,71.04,5.61,0.72,1.59,7.98919706140949e-05,4.15281158534684e-10,0.1785125329016256,69.02046691376391,5.20046179307748e-05,2.4899750545899903e-10,-0.1898647177608692,69.19571774333089
33.37,57.15,6.57,1.0,1.82,5.10262092712916e-05,6.305029451139029e-11,0.2227957185890245,53.7964452025892,3.38533000554915e-05,3.16076665564125e-11,-0.2455172318980921,68.6241620360501
32.27,31.17,6.28,1.02,2.08,2.84031776580112e-05,3.3533276164477004e-11,0.24413516789778,68.80101763574939,1.83637376725296e-05,1.6772031956692698e-11,-0.2564008995854157,69.48811560125428
32.83,19.36,4.21,0.3,1.77,2.54691199428645e-05,9.591684263282489e-12,0.2609008022343539,64.67010475428032,1.35870870156276e-05,1.42384377881314e-12,-0.2840433754869274,68.09408030657777
34.99,51.88,4.34,0.59,1.52,5.77399568646886e-05,2.6643908734106898e-11,0.2439189213816549,67.52699985783211,2.78315361279656e-05,1.3036537209109699e-11,-0.255060441849545,66.41470535467192
34.0,16.2,6.36,0.41,1.84,2.46080601021831e-05,1.2130295985457899e-11,0.2570990353134893,66.73952972867784,1.4533389734684e-05,6.0289880228114794e-12,-0.2779381101570597,64.4656394560378
24.24,76.14,6.93,1.13,1.94,6.90174394643572e-05,3.1430287061311703e-10,0.1823481865748019,68.6781407234414,4.63825663531438e-05,1.8165948502042301e-10,-0.1969485384862226,68.7459528550397
28.29,53.22,5.15,0.96,1.73,4.50060283622828e-05,5.4245511200285294e-11,0.2310624331980191,59.93658905249702,2.8873567335537e-05,2.75444246831944e-11,-0.2477271691101864,68.55653679876222
27.65,70.38,4.77,0.84,2.18,5.77345389973761e-05,6.84159275806417e-11,0.2170422782583283,54.3546659551068,3.65593441148643e-05,3.54565937842178e-11,-0.2439191948296157,68.3429032546474
27.16,75.77,7.15,0.65,1.52,8.21672400462733e-05,1.32586825976318e-10,0.1941053978134883,62.6433609421328,5.15536357938627e-05,6.992155159531209e-11,-0.2179798281757368,57.88239982974211
32.7,68.69,4.45,0.79,1.96,6.09818140922336e-05,4.33663418195187e-11,0.2390044621403583,66.79640301709661,3.8224047586389e-05,2.14823963296896e-11,-0.2480444026223738,67.63379946674807
25.09,79.94,6.55,0.26,2.03,0.0001136458075436,1.20670348928911e-10,0.1945672663420043,61.05667058631831,7.20324055189307e-05,6.406278982927259e-11,-0.2184051657642144,55.19808364010309
34.1,32.54,6.66,0.28,2.06,4.62190179847958e-05,2.8269578792880698e-11,0.2439311957467857,67.88728407893971,2.8481192300479e-05,1.38660981561845e-11,-0.2521934225645145,64.27789549405819
20.69,74.53,5.75,0.33,1.78,8.85761570718325e-05,1.3425012142077001e-10,0.193625776412076,62.392424538814026,5.55339191648156e-05,7.175686193560589e-11,-0.2167395425281936,56.52083976468381
27.71,40.9,5.31,0.43,2.15,4.20145540715964e-05,3.83397178754646e-11,0.2415757513261532,68.1255467492638,2.58669175618194e-05,1.9498823384306697e-11,-0.2510273095131291,68.00630958045461
21.53,56.17,6.98,0.8,2.0,6.07119977310638e-05,2.66665663326989e-10,0.1851799879166163,68.38503544011459,3.90871052034125e-05,1.53204445504159e-10,-0.2017614486627077,68.0570769106367
22.91,71.16,5.25,0.24,2.06,8.73102469815047e-05,8.51640729984315e-11,0.2054069491880125,56.8160490927182,5.27686919489987e-05,4.4176721268388796e-11,-0.2378818964100346,63.148208781401785
29.33,40.01,4.33,0.26,1.53,4.53411967369696e-05,2.3705907736459e-11,0.2448341885289642,67.18089945912797,2.67708729870171e-05,1.1523242480741198e-11,-0.2567853043519497,65.56988747565768
26.74,67.54,5.12,1.13,1.72,5.34180259484146e-05,8.660406380761579e-11,0.2099897232426423,58.873627394498,3.43385347058376e-05,4.5886317683768196e-11,-0.2435379929932402,68.527499415708
17.04,30.71,4.39,0.23,1.73,4.19427916044316e-05,3.92087141561549e-11,0.2420340187956747,68.28676247823311,2.47763144619296e-05,2.1364343553995e-11,-0.2507646428520117,68.14580716724062
18.6,39.42,5.46,0.88,1.79,3.79148769448455e-05,1.4313081130045801e-10,0.2026420060672575,66.72489665031098,2.45525701017466e-05,8.14674024616269e-11,-0.2280633982427782,65.2141782889262
19.35,35.87,5.96,0.7,1.92,3.78618779199444e-05,1.20387382044619e-10,0.2072877540811056,65.1936956208699,2.3775796190628e-05,6.847621936183519e-11,-0.2351415074693592,62.80953536552819
33.26,34.08,5.16,1.02,2.16,2.93661502160509e-05,2.6523114645165196e-11,0.2459430497564461,68.48808677026089,1.88866252050525e-05,1.3182303382852098e-11,-0.2587623247549659,68.3435851573678
18.37,38.56,4.12,1.06,1.7,3.14168016573738e-05,4.077080814214049e-11,0.2227418220246656,61.85671796057912,1.95500730514906e-05,4.4311023089773e-11,-0.2459719389995711,69.526985452383
22.7,41.86,5.45,0.36,1.86,5.10461128383537e-05,5.34373932725029e-11,0.2311139105275811,59.920727441144685,3.12268583703915e-05,2.7854530015759197e-11,-0.2473553863580815,68.31416238092888
15.79,51.82,5.5,0.9,1.75,5.39206476181678e-05,4.11828921564763e-10,0.1810648069048132,70.1653722927567,3.57281722028429e-05,2.45012829382124e-10,-0.1943302611677719,71.07568601354221
16.49,67.67,7.94,0.78,1.62,8.40644500305492e-05,1.7988333080297302e-09,0.1460679965013455,72.01699153771595,5.6303788785935e-05,1.17608373579624e-09,-0.1718500846292825,76.01023007645114
26.38,37.95,7.19,0.93,1.76,3.74354208491303e-05,8.609649551590649e-11,0.2168209165798631,61.25912887484781,2.38556357127943e-05,4.6472992862330396e-11,-0.2449784184911897,69.30346334455781
26.41,68.1,5.38,0.4,1.56,7.34342431634707e-05,6.57580175881301e-11,0.2152962853775945,52.6042714051038,4.50709384650397e-05,3.3843325180414e-11,-0.244525871097818,68.01603445420562
17.49,69.36,5.16,0.82,1.79,7.4121296769387e-05,2.70176723472013e-10,0.1844494803836409,67.9803424100713,4.98854096509979e-05,1.6079571904167901e-10,-0.1987407716085041,67.50935746528961
28.37,47.99,5.54,0.63,1.98,4.81216429675155e-05,4.8822944451051e-11,0.2343529127710943,68.10855046737899,3.02233105541505e-05,2.5130869129304e-11,-0.2465282123538316,68.22284835545712
31.54,74.06,7.9,0.58,1.93,8.38661280558094e-05,1.11116218335244e-10,0.1986168287677882,60.86648593101268,5.28726680259534e-05,5.6162476831097394e-11,-0.2278854229989147,54.41184891301052
27.91,50.65,6.37,1.11,1.68,4.32650963768288e-05,8.533297080095489e-11,0.2139597367483743,59.931620135682486,2.8256180394908e-05,4.5854140433517004e-11,-0.243323194308029,68.99738097815641
30.94,74.55,4.88,0.5,2.12,7.45708041129633e-05,5.47862241294963e-11,0.2235220600709335,52.85687006382811,4.57072687202029e-05,2.69767065016988e-11,-0.2463221836926951,67.82641862094519
17.42,20.6,4.67,0.7,1.77,2.60994424661784e-05,3.9052459824249797e-11,0.2444722250944833,69.3717472763796,1.59618907232869e-05,2.1292853664603198e-11,-0.2551801631409611,70.1763643555888
34.28,23.24,7.32,0.29,2.18,3.5804399265864e-05,2.18937244650517e-11,0.2473635685851067,67.9271729425307,2.22005891605843e-05,1.0554479810447199e-11,-0.2614728465286166,66.90396404381576
29.31,70.76,7.31,1.04,1.93,6.21053775687088e-05,1.516379476997e-10,0.1939771556964141,64.8383489275231,4.07634628996805e-05,7.869663132673369e-11,-0.2189120687271228,61.46401379243949
16.28,53.01,7.13,0.7,1.56,6.70721008675756e-05,6.74789879540493e-10,0.1748550418908581,70.28492328115719,4.4748055657133e-05,2.23426095314544e-10,-0.1839093958644364,71.5344264034996
21.4,58.63,7.86,0.57,1.82,7.30179461253885e-05,2.82879086077914e-10,0.1831959151920561,68.11282896224341,4.6684367847405e-05,1.65745323148124e-10,-0.197926555326552,67.72195760003652
15.11,50.18,5.38,0.45,1.72,6.23918014071663e-05,2.0500739294467003e-10,0.1893887838702918,66.81583550968728,3.89542894539073e-05,1.23367005185932e-10,-0.2060514328324848,65.95182621002982
31.51,64.43,6.28,0.87,1.96,5.94969046188339e-05,7.31173316222752e-11,0.2146018030936038,55.76172697604251,3.81197666393726e-05,3.6277546803401194e-11,-0.2449592900455635,68.44343115316728
29.01,45.13,7.54,0.4,1.51,5.93498472900927e-05,6.204797630627789e-11,0.2209158921600763,52.62730271367938,3.66628464981425e-05,3.1360554710439e-11,-0.2459508009525621,68.35420636271422
33.53,15.29,5.25,0.56,2.14,1.91960076942372e-05,9.74885536561274e-12,0.2664803452295199,52.820032764132606,1.13623450954846e-05,4.7689371282663396e-12,-0.2881885658590148,62.98407921133551
30.75,38.12,7.64,0.91,1.88,3.75484099850808e-05,6.16875805634159e-11,0.2301907582673384,59.4713531038395,2.45596827039017e-05,3.14706207383294e-11,-0.2481677219455187,69.3707070122028
25.4,36.48,7.59,0.74,1.72,4.41031778759518e-05,8.991086344026619e-11,0.2143940088694667,61.4412823811796,2.98892806575887e-05,4.9966173224522096e-11,-0.2442215890346028,69.10096389600743
31.08,23.49,6.57,0.53,2.15,2.84278567070925e-05,2.34758154874396e-11,0.2472859752165428,68.3332229895963,1.72686881862559e-05,1.16067565736441e-11,-0.2615693079428098,68.12068389880122
17.46,53.39,6.76,0.22,1.69,8.67112246318881e-05,1.78564680432844e-10,0.1900815437886161,65.34866132835751,5.57459985737299e-05,1.03033373035536e-10,-0.2081329166450998,63.218884706413405
34.73,24.55,7.1,0.94,1.92,2.56913639105099e-05,2.4554009516847598e-11,0.247558227637126,68.85638595643061,1.69133027623419e-05,1.2732191472096299e-11,-0.2612111285677188,69.17394964859227
22.15,51.31,6.0,1.15,1.94,4.62050425587175e-05,1.83302542506151e-10,0.1947253517174287,67.58343126251148,3.01239761751708e-05,1.01771900584962e-10,-0.2187955227465631,66.2183641391486
27.87,19.35,4.26,0.75,1.84,1.75210130314323e-05,1.26225174529882e-11,0.2577521983890469,67.37700295990379,1.05573402208156e-05,6.39913150898022e-12,-0.2779599776896267,64.91012260039281
24.02,27.17,7.42,0.61,1.97,3.47479097033361e-05,6.186256483920769e-11,0.233696683389745,62.76641251088871,2.25514685596604e-05,3.5268441033639196e-11,-0.2479405862120622,69.6911601135001
27.14,62.58,5.81,1.09,2.08,5.06377835527822e-05,1.0418425107995501e-10,0.2052006619050979,61.752221370877,3.25823066489673e-05,5.4784235676261095e-11,-0.2369055156572561,62.85151625436
16.97,73.15,6.75,0.89,1.68,8.20198066648667e-05,1.0288482610590601e-09,0.1705960461374386,69.88477281764429,5.56474305274061e-05,6.35681208591687e-10,-0.1784728374362813,70.85950556552801
23.17,34.86,4.77,0.35,1.75,4.2645516858983e-05,3.32557691473428e-11,0.2427262293121067,68.01001007345478,2.55725108760267e-05,1.7089759781683898e-11,-0.2527143414336926,67.59777513296208
19.79,18.38,5.32,0.96,1.76,1.81775001579438e-05,4.01314853325526e-11,0.2454058126769021,70.04227718746931,1.14962668685797e-05,2.2888471700745498e-11,-0.2559599082085682,71.66973716841957
30.68,18.92,5.55,1.1,1.6,1.77713401919868e-05,1.66340932627624e-11,0.254199924244902,68.9726795692491,1.13647016528842e-05,8.28279073082132e-12,-0.2734055229719988,68.88851552767633
19.87,20.53,7.26,0.21,2.05,2.94119898948161e-05,4.867102420475769e-11,0.2413381619910149,68.74058186321422,1.78169826131937e-05,2.6315629861655497e-11,-0.2493773344560464,61.96811359783741
20.3,53.54,6.25,0.6,1.74,6.00029866196473e-05,1.58156587313285e-10,0.1943735959256465,65.2639179476954,3.81100871591846e-05,2.78517457932695e-11,-0.2129675907513613,67.71311480796768
18.04,63.03,6.64,0.74,2.06,7.20199049911506e-05,5.36119070131156e-10,0.1822499181793648,75.5600372762162,4.20835740345445e-05,3.00036147909596e-10,-0.1883243576877169,70.53799126487041
30.62,78.26,7.95,0.27,1.69,0.0001081006528604,1.05243375788402e-10,0.197508126431574,59.4224996487949,6.73118684456918e-05,1.5121685041803697e-11,-0.2187251605594446,53.75477662590799
25.04,38.7,4.23,1.15,1.59,3.37109367828529e-05,3.78093248358261e-11,0.2427895533643895,68.57935533888832,2.20611167476017e-05,2.0414803794610797e-11,-0.2527852712192582,69.04488203884901
23.2,18.46,6.61,0.64,1.67,2.37385530676729e-05,2.9588523911189895e-11,0.2461845992978829,69.04427419420128,1.54638760470516e-05,1.5758398220673397e-11,-0.2586656093146266,69.68968354641711
25.57,79.72,4.15,1.15,1.99,6.40618871719454e-05,8.19713071266552e-11,0.2109708040919223,57.578146280095694,3.66071188275149e-05,4.3810868519543495e-11,-0.2436572856247516,68.4315312587927
34.06,56.88,6.07,0.81,1.89,5.50667209872351e-05,5.0782351053989896e-11,0.2316701169107711,60.35232097455251,3.626665888443e-05,2.5374038238991598e-11,-0.2470186525493154,68.22664393912919
32.25,79.9,6.82,0.87,2.02,7.35694933296437e-05,1.02746287469471e-10,0.201525539271781,60.2275227145819,4.80517329073053e-05,2.6659565347019498e-11,-0.2224756292992037,60.3202226369991
34.31,57.24,4.1,0.39,2.13,6.52753244322549e-05,2.90948564227034e-11,0.2429787104454039,67.56048225308301,3.78575411965327e-05,1.4105115532942599e-11,-0.2526998013805115,66.0936143595226
24.23,20.31,4.46,0.22,1.98,2.79492506924699e-05,1.52734328411845e-11,0.2523325743614082,66.8153607429556,1.55429885761867e-05,7.88571949105656e-12,-0.2683562070433644,64.87749030445339
24.48,22.9,5.45,0.83,1.83,2.53932536019652e-05,2.93235805080326e-11,0.2461969128324289,69.0337731563847,1.61628092376926e-05,1.57510380100507e-11,-0.2580003713008708,69.57804224324506
31.84,32.42,4.63,0.43,2.17,3.53710421107759e-05,2.05284155372666e-11,0.2474898239141174,53.24595227747689,2.11895846860147e-05,2.84777633348172e-12,-0.2621817790845954,61.048704240144886
30.48,25.83,7.58,0.3,1.81,3.66448578524854e-05,2.90153202577711e-11,0.2442186849178259,68.12017258390237,2.25281416102471e-05,1.4357094437125398e-11,-0.2560051908870367,67.79463527884322
22.17,69.81,5.36,0.81,2.06,6.66329883938907e-05,1.44503894787363e-10,0.1950218761554988,64.02866797792959,4.28667146887279e-05,7.71474141085594e-11,-0.2193767048101128,60.346265378775385
32.59,32.34,6.2,0.37,2.2,4.16977144617742e-05,2.8217653008602497e-11,0.2414254865242198,67.7241841171678,2.50415320913259e-05,1.3843006226358499e-11,-0.2555074415127454,67.27958663894252
15.22,33.28,6.49,1.2,1.64,3.51323497583069e-05,9.158839207515891e-10,0.1752413690151483,72.2942847160516,2.34853693070413e-05,5.86450798746631e-10,-0.1858773305098138,74.8458964428721
31.07,66.49,6.15,0.25,1.81,8.49745884174117e-05,5.95741036321237e-11,0.218279878203277,50.25784946007228,5.202492808259e-05,2.93727305825579e-11,-0.2454181977573969,67.8430500671863
28.77,69.72,4.26,0.37,1.55,7.16118528344027e-05,4.3179847800704495e-11,0.2365546639795422,64.4810204942378,4.2698490996636e-05,2.13696743497775e-11,-0.2471033282372599,67.13184423644178
30.02,42.32,7.62,1.05,2.07,3.87515311477468e-05,8.314507912345459e-11,0.21807186049015,60.462229734206616,2.49964042707535e-05,4.2807971674766895e-11,-0.2457170258662076,69.3573200105696
27.36,75.51,4.89,0.49,1.51,7.52190856322567e-05,6.1325292493732e-11,0.2178068152834154,51.027940096765896,4.60667739952478e-05,1.595063409691e-11,-0.2476338794359771,67.99654479712139
16.82,32.38,7.16,1.19,2.11,3.44021435012221e-05,1.05180556736564e-09,0.1740736708435823,72.37460101270631,2.34170735101474e-05,6.78324090118926e-10,-0.1842244890424708,74.995741884595
29.04,71.29,6.13,0.52,1.97,7.74612245691975e-05,8.104042455106169e-11,0.2074341750996347,56.44097393266248,4.76544966380291e-05,4.0896809593434495e-11,-0.2432704417191126,68.0214747341811
24.31,17.65,5.77,0.61,1.8,2.38686550077882e-05,2.0316927325192e-11,0.2502568666816768,68.57494107299789,1.4222196061014e-05,1.0867518159411799e-11,-0.2649201707004711,68.57213023673067
29.74,59.25,4.04,1.19,2.0,4.24190428933392e-05,4.2028722550589395e-11,0.2409783327750138,68.17997548799148,2.68541032121377e-05,2.10285510234035e-11,-0.2506237368531611,68.30933918336
28.96,43.7,7.77,0.32,2.02,5.74230171980363e-05,6.61934789242424e-11,0.2190336627375671,54.1613935383822,3.54500398390573e-05,3.3636896227745794e-11,-0.242677568638106,68.4282001150458
15.07,56.43,5.06,0.25,1.68,7.40098611906656e-05,1.44379565487609e-10,0.1941743265395814,63.54797198530998,4.30662568983491e-06,8.19892248393228e-11,-0.2150915006857022,60.25662918625252
34.22,67.16,5.46,0.98,1.85,5.77312833835497e-05,5.4370016467238596e-11,0.2273738705499301,56.48977036051642,3.80004074599109e-05,1.3898210533772299e-11,-0.2372034496667225,66.3325878292502
31.15,57.27,6.31,1.11,1.5,4.93253802083626e-05,6.932858377918229e-11,0.2161923684798558,52.41799784328219,3.25107249531409e-05,3.5139505596631695e-11,-0.2458097321240925,68.7069614418209
16.54,55.79,6.32,0.93,2.14,5.91081696688354e-05,8.74227511004184e-10,0.1729861736772571,70.59754278577621,3.97020509372122e-05,5.17170269545373e-10,-0.1828577991273916,72.04420048969651
23.41,21.13,4.36,0.96,1.95,2.03771827611724e-05,2.1906976525006398e-11,0.250314585806874,69.10511263700577,1.27641581388923e-05,1.1604468886413e-11,-0.2652809587330427,69.48006753705269
20.25,73.46,4.26,0.76,1.64,6.52916191754683e-05,1.00197334776634e-10,0.2041764416063204,60.04490063760701,4.12901954419158e-05,5.436268055832001e-11,-0.2336481487024638,61.00961971557772
32.46,68.55,5.82,0.89,1.89,6.22102224857652e-05,6.54067022122852e-11,0.2182646068581593,53.523990105780406,4.01329296767054e-05,3.2697222942378696e-11,-0.2445330075343037,68.31951317699811
18.79,17.56,6.3,0.31,1.52,2.25784640947721e-05,3.0283572146952596e-11,0.2457289215663193,68.8385134169249,1.43131763139389e-05,1.67126764264776e-11,-0.2564647433283212,69.0478402987143
22.63,28.56,4.98,1.17,2.07,2.4793863157159e-05,5.409606321510009e-11,0.2413903660801965,69.11626030530721,1.6276688079168e-05,2.91883878526061e-11,-0.2516227823115083,70.59324589816721
29.72,54.78,7.09,0.91,1.75,5.21515368647634e-05,8.4747999865825e-11,0.2116112865442329,58.78766827222018,3.3686518635636e-05,4.3751149368759594e-11,-0.2441819137742733,68.67036062337631
29.1,56.07,6.95,0.65,2.12,5.89351940820773e-05,8.516553283651809e-11,0.2091760200605164,58.359842477040594,3.70440111161978e-05,4.37668419003308e-11,-0.225564427520858,63.48197928700572
30.82,28.5,4.02,0.64,1.59,2.84249261644027e-05,1.5487581784616198e-11,0.2517489943947572,66.92284183129699,1.67307128185938e-05,7.57566090077909e-12,-0.2689160638919458,64.84614744109606
25.67,62.97,4.31,1.11,1.61,5.39232016425164e-05,6.18109336280217e-11,0.2241956326615114,53.80146626079391,3.06495717496058e-05,3.2886084462829296e-11,-0.2460947741099058,68.5502289191969
22.5,57.32,5.08,1.08,2.04,4.9314537772809e-05,1.22541207755556e-10,0.2026153563946593,63.77350470336571,3.2203106084094e-05,6.654057262619969e-11,-0.2335405099572457,69.18925981500432
17.27,59.7,7.85,0.44,1.56,8.79026866067498e-05,5.30681029922615e-10,0.1759823801470288,69.49034165302089,5.99357978945631e-05,3.14456365631196e-10,-0.1866517836377123,70.03879608001549
26.75,46.76,5.7,0.39,1.51,5.33753507308738e-05,4.67701525908423e-11,0.235634061134025,63.83331692790908,3.29765842780617e-05,2.3630909598616e-11,-0.2445829876084926,67.45208489131299
24.14,67.25,6.64,0.73,1.58,7.52931068890086e-05,1.45047133925085e-10,0.1939543757067568,63.91774672229461,4.94185592331404e-05,8.02370359355111e-11,-0.2162350367578025,60.644236484334506
29.68,19.95,7.75,0.59,1.59,2.62276691923598e-05,2.4599147349224497e-11,0.2472119532868453,68.58372457825831,1.62816398093105e-05,1.2155160332257298e-11,-0.2613355604846163,68.5149637375062
29.77,46.08,6.32,0.34,1.7,5.81199637891017e-05,4.4996201376716e-11,0.2366010365583812,64.6374999844756,3.58427016209497e-05,2.2262774513595497e-11,-0.2486817454581198,67.8131734553876
27.92,57.94,5.41,0.74,1.89,5.34932854736208e-05,6.09637351183e-11,0.2229174836195571,52.5695641424058,3.40705114820381e-05,3.16029147579928e-11,-0.2440507125423972,68.34285902382823
19.6,46.89,4.02,0.57,1.67,4.47696123473682e-05,5.1121617439037196e-11,0.2369738967891134,65.2817770547795,2.69869535727836e-05,2.7258854531947298e-11,-0.2449910980551512,68.1222289421117
16.92,49.86,4.85,0.94,2.07,4.96555356505818e-05,2.36198762888688e-10,0.1901240078463994,68.9174441623585,3.22999065167787e-05,1.39846066051429e-10,-0.2079524180369969,69.049099736738
19.33,61.86,4.43,0.45,1.58,6.0456474789622e-05,7.611949855242509e-11,0.2133425845791008,56.01973346410599,3.81106692945687e-05,4.1439924859038694e-11,-0.2415023549477292,68.2458366154721
31.26,67.32,7.14,0.21,1.68,9.46341691782796e-05,7.173119010048759e-11,0.2100692718473452,53.8433347121616,5.79940589340756e-05,3.54443389293789e-11,-0.2440230762388632,67.9916681085313
21.31,51.19,4.37,0.85,2.01,4.64896934256177e-05,7.66284470939884e-11,0.2176918937102105,57.5967753583509,2.88356808784872e-05,4.0596074172547494e-11,-0.244986655509943,68.76445846165672
19.29,29.05,4.29,0.78,1.88,2.59717353713664e-05,4.41346271263125e-11,0.2425559141049395,68.95923693277823,1.62290668788446e-05,2.4300024265417298e-11,-0.2513141176206168,69.68828998708787
32.78,39.58,6.62,0.77,1.83,4.08142353756264e-05,4.107600721212959e-11,0.241352080966205,68.30050280252051,2.65765036412973e-05,2.0509247014923198e-11,-0.2538003244622412,70.57574698709182
18.74,30.83,5.73,0.34,2.15,3.55906711878799e-05,7.08583195258315e-11,0.2255662119992038,57.6771028766693,2.23952949497912e-05,3.9000753007675295e-11,-0.2461401594285693,69.1404381254247
15.29,60.04,7.1,0.59,2.14,7.39212319868099e-05,1.21736641097915e-09,0.1665192722210387,71.59027610335563,4.8256048304325e-05,7.60342571487371e-10,-0.1775545184863547,71.2646696162446
15.5,47.19,6.7,0.32,1.56,6.80234311367314e-05,2.56950180972967e-10,0.1858076168339724,67.93548342006301,4.4261313310726e-05,1.48934925422146e-10,-0.2015737167597646,67.33017390463081
16.87,28.69,5.49,0.61,1.63,3.59060369561842e-05,8.967074638800749e-11,0.2192950881358495,62.4479744547437,2.32259933564057e-05,1.6679204905037498e-11,-0.2299750666030122,69.11111429083269
16.83,78.44,7.38,0.25,1.5,0.0001237819961105,4.33209216833358e-10,0.176178539250818,68.3317034815305,8.11418823316252e-05,2.49512394941569e-10,-0.1867851485407718,67.9540354571036
34.69,67.86,4.4,1.19,1.91,4.99819352185124e-05,4.16103592014674e-11,0.240759799350067,68.09207312770879,3.33841374638952e-05,2.1065719781593198e-11,-0.2498432301712388,68.07651676667109
21.17,65.04,6.43,0.86,1.67,6.77939702631627e-05,2.60271184658794e-10,0.1847842606044159,67.89342527338202,4.33419327139267e-05,1.37741808581584e-10,-0.2024253013826676,66.47742486884958
31.69,68.36,6.37,0.71,1.54,7.14630074066409e-05,7.056508704257259e-11,0.2135909426239816,54.44010398359228,4.58242923249629e-05,3.5148619403495194e-11,-0.2446591586476653,68.2140330519804
20.87,40.36,4.68,1.02,2.04,3.46059402691682e-05,8.729414165477409e-11,0.2186521447934579,61.60226024518881,2.21601733750151e-05,4.6635905201478096e-11,-0.2442395318050045,69.4411397802355
26.51,71.27,7.37,0.46,1.77,8.40357707206847e-05,1.30061347812207e-10,0.1944013393522885,62.399716851336606,5.17450993447124e-05,6.8481859394806e-11,-0.2185158406857197,57.419559684181806
24.2,15.7,5.8,0.27,1.53,2.51623311415975e-05,1.5189306688057197e-11,0.2531498600591688,67.21536940085728,1.46673035955519e-05,7.80908679033781e-12,-0.269636397853766,65.4289525799389
18.25,29.63,4.81,0.52,2.09,2.94795838166923e-05,5.6995213540371697e-11,0.2403256229805249,68.70297114089549,1.82549569650213e-05,3.1110915414575195e-11,-0.2488275443992904,69.4562825108454
29.84,35.52,6.52,0.85,2.17,3.40199501556134e-05,4.6917262066022294e-11,0.2409837009515283,68.5196200041528,2.16594198781441e-05,2.3281162656594798e-11,-0.2462933842715855,68.5847022062474
33.96,21.08,4.63,0.24,2.08,2.95315865177083e-05,1.1458934444941e-11,0.2568415489875828,65.56477897497962,1.61056436585253e-05,5.561729619126349e-12,-0.2774217967565863,61.80725922376909
22.87,38.74,4.76,0.75,1.75,3.95423897229334e-05,4.6926974895591594e-11,0.2407100326763505,68.36649218969399,2.46094932084768e-05,2.5023871363164497e-11,-0.2496757579163475,68.80012845948261
27.3,59.35,5.03,1.07,1.82,4.72074207013597e-05,6.71243346765455e-11,0.2207930397563121,54.97961662451259,3.05735379734212e-05,3.5227405266964e-11,-0.2456723766534162,68.65146362256611
15.24,60.99,7.08,0.45,1.99,7.99710049593785e-05,8.26533208347725e-10,0.1724601279182232,69.9583799160288,5.16544377869418e-05,5.03401839680399e-10,-0.1812329781951531,70.8689918355153
25.6,43.0,7.44,0.6,1.57,5.65114936755116e-05,8.745607766630839e-11,0.2112172935683181,59.59166929595527,3.11258212385666e-05,4.69186983874673e-11,-0.2437946557452271,68.71443033554381
22.22,31.36,7.25,1.19,1.55,3.10766681423499e-05,1.53552995047735e-10,0.2046007861012535,68.93484437577813,2.07883663952683e-05,8.93398781806199e-11,-0.2337887183175347,69.0850703520993
32.96,30.07,5.66,1.13,1.8,2.62029216106572e-05,2.6625690857733898e-11,0.2464925273954304,68.7874701273373,1.71407225799596e-05,1.3443526706139e-11,-0.2596782839537376,69.0231068518096
