size,test_mse,seed
50,0.1848044991493225,5042
50,0.19485923647880554,5043
50,0.17626509070396423,5044
50,0.18532323837280273,5045
50,0.18440720438957214,5047
50,0.24647578597068787,5046
50,0.2152169793844223,5048
50,0.2208186388015747,5049
57,0.18266138434410095,5742
50,0.2530721426010132,5050
50,0.23279882967472076,5051
57,0.19987361133098602,5743
57,0.1911991983652115,5744
57,0.16286209225654602,5745
57,0.19434013962745667,5747
57,0.17261584103107452,5746
57,0.20762479305267334,5748
57,0.19938962161540985,5749
57,0.32308509945869446,5751
57,0.1813996136188507,5750
65,0.15874101221561432,6543
65,0.1845797449350357,6542
65,0.23653298616409302,6544
65,0.21301934123039246,6545
65,0.1764930784702301,6546
65,0.16619551181793213,6547
65,0.15235212445259094,6548
65,0.15596525371074677,6549
65,0.17907026410102844,6550
65,0.16825249791145325,6551
75,0.1621033251285553,7543
75,0.16978128254413605,7542
75,0.17298710346221924,7544
75,0.14825724065303802,7545
75,0.1760360449552536,7547
75,0.14908960461616516,7546
75,0.19321632385253906,7548
75,0.2099481225013733,7549
75,0.1700231432914734,7550
75,0.1799771934747696,7551
86,0.15629111230373383,8644
86,0.14884310960769653,8643
86,0.17724920809268951,8642
86,0.20945778489112854,8645
86,0.1787225306034088,8646
86,0.15730033814907074,8647
86,0.15294325351715088,8648
86,0.23877358436584473,8649
86,0.1355241984128952,8651
86,0.15216349065303802,8650
99,0.16401369869709015,9942
99,0.1843501627445221,9943
99,0.16620276868343353,9944
99,0.150303915143013,9945
99,0.21953921020030975,9946
99,0.2125694900751114,9948
99,0.14864157140254974,9947
99,0.1639615148305893,9949
99,0.1382623165845871,9950
99,0.15367570519447327,9951
114,0.13221029937267303,11442
114,0.15988080203533173,11444
114,0.16167837381362915,11443
114,0.16159510612487793,11445
114,0.1540641337633133,11447
114,0.1356423795223236,11446
114,0.1415904462337494,11448
114,0.17801660299301147,11450
114,0.14394159615039825,11449
114,0.1545615792274475,11451
131,0.15215449035167694,13142
131,0.14971588551998138,13144
131,0.14065684378147125,13143
131,0.13138702511787415,13145
131,0.13858412206172943,13146
131,0.15070295333862305,13147
131,0.16762639582157135,13150
131,0.12756898999214172,13148
131,0.11964517086744308,13149
131,0.12938696146011353,13151
151,0.13349084556102753,15143
151,0.14921806752681732,15142
151,0.1284339874982834,15145
151,0.10922055691480637,15144
151,0.13301150500774384,15146
151,0.13437023758888245,15148
151,0.16880148649215698,15149
151,0.12876950204372406,15147
151,0.1382613480091095,15151
151,0.11700086295604706,15150
456,0.10644634813070297,45642
456,0.09453196078538895,45643
456,0.09718315303325653,45645
456,0.09533092379570007,45644
456,0.11610615998506546,45647
456,0.10936958342790604,45648
456,0.089873306453228,45646
456,0.10096899420022964,45649
456,0.10735606402158737,45650
456,0.10084546357393265,45651
794,0.09112565219402313,79442
794,0.09431017935276031,79443
794,0.09216304123401642,79444
794,0.08673404902219772,79446
794,0.08715212345123291,79445
794,0.09364533424377441,79447
794,0.09379894286394119,79448
794,0.08933534473180771,79449
794,0.0918499156832695,79450
794,0.09506622701883316,79451
262,0.12349005788564682,26242
262,0.1159786656498909,26245
262,0.12021344900131226,26243
262,0.10916303098201752,26244
262,0.10776200890541077,26247
262,0.1274542510509491,26246
262,0.12871307134628296,26249
262,0.10287540405988693,26248
262,0.1216910108923912,26250
262,0.12432866543531418,26251
1047,0.08790931850671768,104742
1047,0.08943966031074524,104743
1047,0.08873139321804047,104744
1047,0.0867011547088623,104745
1047,0.08709266781806946,104746
1047,0.08738595247268677,104747
1047,0.09265395998954773,104748
1047,0.08909593522548676,104749
1047,0.08944115042686462,104750
601,0.08852021396160126,60142
1047,0.0916784405708313,104751
601,0.09100429713726044,60143
601,0.09771071374416351,60145
601,0.09375613182783127,60144
601,0.09935761243104935,60146
601,0.09134489297866821,60147
601,0.10150519013404846,60148
601,0.08889088034629822,60149
601,0.09570781141519547,60151
601,0.09963961690664291,60150
345,0.10742361843585968,34543
345,0.09667330980300903,34542
345,0.10592502355575562,34544
345,0.10700403898954391,34545
345,0.0993286669254303,34546
345,0.11146535724401474,34547
345,0.11018533259630203,34549
345,0.11335385590791702,34550
345,0.11202205717563629,34548
345,0.1060769334435463,34551
198,0.12779919803142548,19843
198,0.10337255150079727,19842
198,0.12246496230363846,19844
198,0.11915222555398941,19845
198,0.12323375046253204,19846
198,0.12628604471683502,19848
198,0.15327921509742737,19849
198,0.1148725152015686,19847
198,0.1285545527935028,19850
198,0.15380406379699707,19851
227,0.12598173320293427,22742
227,0.10780263692140579,22743
227,0.11494731903076172,22744
227,0.12108161300420761,22745
227,0.10748548060655594,22747
227,0.10860021412372589,22746
227,0.09414273500442505,22748
227,0.11260973662137985,22749
227,0.09407790005207062,22750
227,0.11128126084804535,22751
396,0.09728783369064331,39643
396,0.10064369440078735,39642
396,0.10957744717597961,39644
396,0.10802152007818222,39645
396,0.0942550078034401,39646
396,0.09807659685611725,39647
396,0.11280842125415802,39648
396,0.10169011354446411,39649
396,0.10673340409994125,39650
396,0.10376057028770447,39651
690,0.09786424040794373,69043
690,0.09479501098394394,69042
690,0.09278053790330887,69044
690,0.09265849739313126,69045
690,0.09346909075975418,69046
690,0.09192796051502228,69047
690,0.09281343966722488,69049
690,0.09468988329172134,69048
690,0.0893075168132782,69050
690,0.0919908881187439,69051
1203,0.08462193608283997,120342
1203,0.08787462115287781,120343
1203,0.08495014160871506,120344
1203,0.08515476435422897,120345
1203,0.08702091127634048,120346
1203,0.08320045471191406,120347
1203,0.08581643551588058,120348
1203,0.08564954251050949,120349
1203,0.08915983140468597,120350
1203,0.086490198969841,120351
911,0.09135288745164871,91142
911,0.08950326591730118,91143
911,0.09273942559957504,91144
911,0.09395582973957062,91145
911,0.09066707640886307,91146
911,0.08869742602109909,91147
911,0.08529891818761826,91148
911,0.08504748344421387,91149
911,0.089251808822155,91151
911,0.09009452909231186,91150
523,0.09898221492767334,52342
523,0.0971028208732605,52343
523,0.09116890281438828,52344
523,0.10555773973464966,52345
523,0.10196541994810104,52346
523,0.10256785154342651,52348
523,0.10028063505887985,52347
523,0.09787458181381226,52350
523,0.09510736167430878,52351
523,0.09544701129198074,52349
300,0.11131180077791214,30042
300,0.11040931940078735,30044
300,0.11519540101289749,30043
300,0.10112636536359787,30045
300,0.11139732599258423,30046
300,0.09746617823839188,30047
300,0.11708347499370575,30048
300,0.10137267410755157,30049
300,0.11632278561592102,30050
172,0.11460858583450317,17242
300,0.1279718279838562,30051
172,0.1422303318977356,17243
172,0.12177281826734543,17245
172,0.14231982827186584,17246
172,0.13857345283031464,17244
172,0.1152273565530777,17248
172,0.12363965809345245,17247
172,0.11855677515268326,17249
172,0.12959223985671997,17250
172,0.15861216187477112,17251
243,0.12539461255073547,24342
243,0.1198134794831276,24343
243,0.10374023765325546,24344
243,0.1367723047733307,24347
243,0.11673777550458908,24346
243,0.10247772932052612,24345
243,0.12455842643976212,24349
243,0.12614263594150543,24348
69,0.3105109930038452,6942
243,0.1110789030790329,24350
69,0.2199285924434662,6943
243,0.11894896626472473,24351
69,0.16448046267032623,6944
69,0.2031034529209137,6946
69,0.16840042173862457,6945
69,0.26409196853637695,6947
69,0.2281724363565445,6948
69,0.2393510937690735,6950
69,0.19383034110069275,6951
69,0.19031812250614166,6949
140,0.1297932267189026,14042
140,0.18000124394893646,14044
140,0.1355952024459839,14043
140,0.12644802033901215,14045
140,0.12469430267810822,14046
140,0.12984469532966614,14047
140,0.1452951580286026,14049
140,0.14354561269283295,14048
140,0.1484089195728302,14050
106,0.17279142141342163,10642
140,0.11246112734079361,14051
106,0.16350360214710236,10643
106,0.12505216896533966,10644
106,0.14458394050598145,10645
106,0.15163661539554596,10646
106,0.1662830412387848,10648
106,0.15663175284862518,10647
106,0.19726979732513428,10651
106,0.13918721675872803,10649
106,0.14420264959335327,10650
424,0.12098836898803711,42442
424,0.11230723559856415,42443
424,0.09824594110250473,42444
424,0.10682278126478195,42445
424,0.10367487370967865,42446
424,0.09298115223646164,42447
424,0.10106931626796722,42448
424,0.1134052574634552,42449
424,0.10290761291980743,42450
92,0.2046617865562439,9242
92,0.15161433815956116,9243
424,0.10043173283338547,42451
92,0.15959963202476501,9245
92,0.15310460329055786,9244
92,0.17102769017219543,9246
92,0.23507258296012878,9249
92,0.16130149364471436,9248
92,0.1488509476184845,9247
92,0.18548430502414703,9250
92,0.1886315941810608,9251
184,0.1436782032251358,18443
184,0.12564603984355927,18442
184,0.13482765853405,18444
184,0.13571317493915558,18446
184,0.12119588255882263,18445
184,0.14462321996688843,18447
184,0.12643550336360931,18448
184,0.11408067494630814,18449
184,0.12565909326076508,18451
184,0.11502688378095627,18450
740,0.09817042201757431,74042
740,0.09427574276924133,74044
740,0.08905152976512909,74043
740,0.10156428813934326,74045
740,0.10257571190595627,74046
740,0.09714657068252563,74047
740,0.09398388117551804,74048
740,0.10562552511692047,74049
740,0.090272918343544,74050
740,0.09722436219453812,74051
321,0.10618899017572403,32142
321,0.10957339406013489,32143
321,0.09808896481990814,32144
321,0.1075296550989151,32145
321,0.1049441546201706,32146
321,0.11018697172403336,32148
321,0.09784412384033203,32147
321,0.11318109184503555,32149
321,0.11192043870687485,32150
321,0.11856048554182053,32151
1289,0.08425575494766235,128942
1289,0.0882679671049118,128943
1289,0.08549875766038895,128944
1289,0.08587805181741714,128945
1289,0.08597338199615479,128946
1289,0.08623737841844559,128947
1289,0.08559088408946991,128948
1289,0.08705901354551315,128950
1289,0.08577017486095428,128949
1289,0.08500020205974579,128951
976,0.08916210383176804,97642
976,0.08995530754327774,97643
976,0.08807467669248581,97644
976,0.08990784734487534,97645
976,0.08842736482620239,97646
976,0.08983028680086136,97647
976,0.08793056756258011,97648
976,0.08686630427837372,97649
976,0.08829957246780396,97650
560,0.0947704091668129,56042
976,0.09323642402887344,97651
560,0.10692612081766129,56043
560,0.0910835862159729,56044
560,0.09300386160612106,56045
560,0.09701890498399734,56046
560,0.11297205835580826,56048
560,0.09356977790594101,56047
560,0.10081548988819122,56049
122,0.14347827434539795,12242
560,0.09553977102041245,56050
122,0.17203043401241302,12243
560,0.1012374684214592,56051
122,0.13610288500785828,12244
122,0.13707372546195984,12245
122,0.1325179785490036,12246
122,0.14076432585716248,12247
122,0.1611076444387436,12249
122,0.14107218384742737,12248
122,0.150059312582016,12250
122,0.16381452977657318,12251
1122,0.08678880333900452,112242
1122,0.08740254491567612,112243
1122,0.08653948456048965,112244
1122,0.08992373198270798,112246
1122,0.08715811371803284,112245
1122,0.08540236204862595,112247
1122,0.08819092065095901,112248
1122,0.08766420185565948,112249
1122,0.08739521354436874,112250
643,0.09217079728841782,64342
1122,0.08875209093093872,112251
643,0.09554558992385864,64343
643,0.10022280365228653,64344
643,0.09748918563127518,64345
643,0.09515310823917389,64346
643,0.09119009226560593,64347
643,0.08920265734195709,64348
643,0.08743932843208313,64349
643,0.09506887942552567,64350
643,0.0897369310259819,64351
369,0.12943577766418457,36943
369,0.09243693202733994,36942
369,0.10460509359836578,36944
369,0.09902657568454742,36945
369,0.09624897688627243,36946
369,0.11642405390739441,36947
369,0.10892840474843979,36948
369,0.11877376586198807,36949
369,0.11647257953882217,36951
369,0.10314782708883286,36950
850,0.09299544245004654,85042
850,0.09095960855484009,85043
850,0.08534150570631027,85044
850,0.09452908486127853,85045
850,0.08698013424873352,85046
850,0.08966340869665146,85047
850,0.09003300964832306,85048
850,0.08827216178178787,85050
850,0.09096785634756088,85049
850,0.09329347312450409,85051
488,0.12973496317863464,48842
488,0.0938585102558136,48843
488,0.1030341237783432,48844
488,0.09961722791194916,48845
488,0.10234463214874268,48847
488,0.10200235992670059,48846
488,0.09510082751512527,48848
488,0.10152210295200348,48850
488,0.09694600105285645,48849
80,0.16614453494548798,8042
488,0.09759926050901413,48851
80,0.1543550193309784,8043
80,0.1657930314540863,8044
80,0.2219814658164978,8046
80,0.199449360370636,8045
80,0.16984474658966064,8047
80,0.16747653484344482,8049
80,0.17450422048568726,8048
80,0.1628856509923935,8050
80,0.16500015556812286,8051
212,0.12462043017148972,21242
212,0.1362055242061615,21244
212,0.11824425309896469,21243
212,0.11469493806362152,21245
212,0.12808671593666077,21247
212,0.11939023435115814,21246
212,0.11250867694616318,21248
212,0.10915054380893707,21250
212,0.10972867906093597,21249
212,0.12807515263557434,21251
280,0.1039135530591011,28043
280,0.10343147069215775,28042
280,0.1215084120631218,28044
280,0.1398637443780899,28046
280,0.11083876341581345,28045
280,0.11157132685184479,28048
280,0.10091859102249146,28047
280,0.10016945004463196,28049
280,0.129080668091774,28050
60,0.20071165263652802,6042
280,0.1202903538942337,28051
60,0.20936740934848785,6043
60,0.18548911809921265,6044
60,0.17314203083515167,6046
60,0.18351328372955322,6045
60,0.22086668014526367,6047
60,0.18616241216659546,6048
60,0.18426917493343353,6049
60,0.22399656474590302,6050
53,0.29675981402397156,5342
60,0.18927903473377228,6051
53,0.22491134703159332,5343
53,0.26566487550735474,5344
53,0.24630610644817352,5345
53,0.2229253649711609,5346
53,0.2602052688598633,5348
53,0.15062938630580902,5347
53,0.2925929129123688,5349
53,0.30683112144470215,5350
53,0.19749310612678528,5351
161,0.1259436011314392,16142
161,0.13813750445842743,16144
161,0.11965610831975937,16143
161,0.1440553516149521,16145
161,0.15096153318881989,16146
161,0.13571080565452576,16147
161,0.14245915412902832,16149
161,0.12529024481773376,16148
71,0.20025373995304108,7142
161,0.14705361425876617,16151
161,0.11209902912378311,16150
71,0.2712743580341339,7144
71,0.1699984222650528,7143
71,0.17195437848567963,7145
71,0.2647361159324646,7146
71,0.19663307070732117,7147
71,0.19149862229824066,7148
71,0.20335105061531067,7149
71,0.14715340733528137,7150
62,0.24888858199119568,6242
71,0.16037407517433167,7151
62,0.2195916324853897,6245
62,0.251899778842926,6243
62,0.17396441102027893,6244
62,0.20195455849170685,6246
62,0.19574342668056488,6248
62,0.1413557231426239,6247
62,0.2063523679971695,6249
62,0.17601850628852844,6250
62,0.21417401731014252,6251
145,0.15854083001613617,14542
145,0.1197003573179245,14543
145,0.1260049194097519,14544
145,0.13902515172958374,14545
145,0.12099096179008484,14547
145,0.11425415426492691,14546
145,0.13443520665168762,14548
145,0.1593901813030243,14549
145,0.12271952629089355,14550
145,0.14111514389514923,14551
252,0.13071689009666443,25242
252,0.12854312360286713,25243
252,0.11443913727998734,25244
252,0.10850722342729568,25245
252,0.09909527003765106,25246
252,0.11012120544910431,25247
252,0.10419204086065292,25248
252,0.10626060515642166,25249
252,0.11183369904756546,25251
252,0.10435318201780319,25250
95,0.1689843237400055,9542
95,0.14402112364768982,9543
95,0.14595866203308105,9544
95,0.16950847208499908,9545
95,0.13511893153190613,9546
95,0.1701587438583374,9547
95,0.14880789816379547,9548
95,0.16173408925533295,9549
95,0.133717343211174,9550
95,0.1417805701494217,9551
190,0.11121490597724915,19042
190,0.14867378771305084,19043
190,0.1137380599975586,19044
190,0.128854900598526,19046
190,0.12393832206726074,19045
190,0.1214967891573906,19047
190,0.09803938865661621,19049
190,0.12032641470432281,19048
54,0.16878803074359894,5442
190,0.14531663060188293,19050
54,0.20785290002822876,5443
190,0.1320008784532547,19051
54,0.21297873556613922,5444
54,0.2301642894744873,5445
54,0.1773042529821396,5447
54,0.21736353635787964,5446
54,0.17943930625915527,5448
54,0.21847285330295563,5451
54,0.21130557358264923,5449
54,0.18525242805480957,5450
109,0.14551737904548645,10942
109,0.15809285640716553,10943
109,0.1353975534439087,10944
109,0.1363740861415863,10945
109,0.19354675710201263,10947
109,0.17689329385757446,10948
109,0.14717817306518555,10946
109,0.13395121693611145,10949
109,0.16760312020778656,10950
109,0.14299972355365753,10951
439,0.10093550384044647,43943
439,0.10283980518579483,43942
439,0.10026983916759491,43944
439,0.1393013298511505,43946
439,0.10488990694284439,43945
439,0.1015155017375946,43947
439,0.103211410343647,43948
439,0.10717463493347168,43949
439,0.10020268708467484,43950
439,0.09664035588502884,43951
82,0.1630978137254715,8242
82,0.20750734210014343,8243
82,0.16208124160766602,8244
82,0.15458938479423523,8246
82,0.17600320279598236,8245
82,0.18643377721309662,8248
82,0.13088467717170715,8247
82,0.21395574510097504,8249
82,0.21148890256881714,8250
82,0.1478232592344284,8251
332,0.10216647386550903,33243
332,0.10156990587711334,33242
332,0.10749336332082748,33244
332,0.1065535917878151,33246
332,0.09533853083848953,33245
332,0.11042027920484543,33247
332,0.10042254626750946,33249
332,0.0942269116640091,33248
332,0.10414741933345795,33250
126,0.14324986934661865,12642
126,0.14322704076766968,12643
332,0.10516016185283661,33251
126,0.13388857245445251,12644
126,0.146177276968956,12645
126,0.14698441326618195,12646
126,0.14119458198547363,12647
126,0.12926428020000458,12649
126,0.12245651334524155,12648
126,0.13203991949558258,12650
126,0.15767024457454681,12651
580,0.10214091837406158,58042
580,0.09161865711212158,58044
580,0.09687481820583344,58043
580,0.0908881276845932,58045
580,0.09847530722618103,58046
580,0.09005510807037354,58047
580,0.0938684493303299,58048
580,0.10099046677350998,58049
580,0.08815812319517136,58050
580,0.10612434893846512,58051
382,0.09838715195655823,38242
382,0.1266455054283142,38243
382,0.10206330567598343,38244
382,0.11149299889802933,38245
382,0.10209637880325317,38246
382,0.11585143208503723,38247
382,0.10171972215175629,38249
382,0.09248949587345123,38248
382,0.09900286793708801,38250
382,0.12032587826251984,38251
666,0.09608110040426254,66642
666,0.08994486927986145,66643
666,0.0941983237862587,66645
666,0.09052945673465729,66644
666,0.09902951866388321,66646
666,0.09181961417198181,66647
666,0.09427569061517715,66648
666,0.09644297510385513,66649
666,0.09226246178150177,66650
766,0.09269600361585617,76642
666,0.09197384119033813,66651
766,0.09797215461730957,76643
766,0.08755496889352798,76644
766,0.09390846639871597,76645
766,0.09876779466867447,76646
766,0.09164319932460785,76647
766,0.08839870989322662,76648
766,0.09384360164403915,76649
766,0.09350503981113434,76651
766,0.09584047645330429,76650
1335,0.08683177083730698,133542
1335,0.0877925455570221,133544
1335,0.08589616417884827,133543
1335,0.08492244780063629,133545
1335,0.08820357173681259,133547
1335,0.08421527594327927,133546
1335,0.0862535610795021,133548
1335,0.08882959187030792,133550
1335,0.08752254396677017,133549
1335,0.08522619307041168,133551
1010,0.08791453391313553,101042
1010,0.0851006731390953,101043
1010,0.08822374045848846,101044
1010,0.08918963372707367,101047
1010,0.08613015711307526,101045
1010,0.08995983004570007,101046
1010,0.08909216523170471,101048
1010,0.08889106661081314,101049
1010,0.08686874806880951,101050
714,0.09734176844358444,71442
1010,0.0848063975572586,101051
714,0.093742236495018,71443
714,0.10565260797739029,71446
714,0.09544791281223297,71444
714,0.09456819295883179,71445
714,0.09609030932188034,71447
714,0.09523516148328781,71448
714,0.0945044681429863,71449
714,0.09963152557611465,71450
714,0.09726402163505554,71451
1161,0.08652933686971664,116142
1161,0.08756734430789948,116143
1161,0.08756133168935776,116144
1161,0.08702686429023743,116145
1161,0.08725966513156891,116146
1161,0.08623763918876648,116147
1161,0.08558150380849838,116148
1161,0.09113391488790512,116149
1161,0.08979789912700653,116150
1161,0.08861476182937622,116151
879,0.09511658549308777,87943
879,0.0891791582107544,87942
879,0.09182917326688766,87944
879,0.08987542986869812,87945
879,0.09158319979906082,87947
879,0.09346762299537659,87946
879,0.08940392732620239,87948
879,0.09423378854990005,87950
879,0.09042546153068542,87949
505,0.10543858259916306,50542
879,0.09134868532419205,87951
505,0.10658033192157745,50543
505,0.10035055875778198,50545
505,0.09388568997383118,50544
505,0.10490110516548157,50546
505,0.10067420452833176,50549
505,0.09753331542015076,50547
505,0.10073677450418472,50548
505,0.10380033403635025,50550
1083,0.08898627012968063,108342
505,0.09513813257217407,50551
1083,0.08585645258426666,108343
1083,0.08845047652721405,108345
1083,0.08653399348258972,108344
1083,0.08698974549770355,108346
1083,0.09146611392498016,108347
1083,0.09098776429891586,108348
1083,0.08508265018463135,108349
1083,0.09094957262277603,108350
1083,0.0885399803519249,108351
1245,0.08857636898756027,124542
1245,0.08604861050844193,124543
1245,0.08790717273950577,124544
1245,0.08899649977684021,124545
1245,0.08633561432361603,124546
1245,0.08632774651050568,124547
1245,0.08675440400838852,124548
1245,0.08673448115587234,124549
1245,0.08876706659793854,124550
289,0.11563370376825333,28942
289,0.10687632858753204,28943
1245,0.08593181520700455,124551
289,0.12469492852687836,28944
289,0.0958172157406807,28946
289,0.11046669632196426,28945
289,0.10205931961536407,28947
289,0.10112159699201584,28948
289,0.11036688834428787,28949
289,0.1172918826341629,28950
289,0.11251518875360489,28951
942,0.09062215685844421,94242
942,0.09078226238489151,94243
942,0.09764635562896729,94244
942,0.08976081758737564,94245
942,0.0871330201625824,94247
942,0.0889071673154831,94246
942,0.08579003810882568,94250
942,0.09066919982433319,94248
942,0.08899682760238647,94249
219,0.13811607658863068,21942
219,0.16788704693317413,21944
942,0.0900353416800499,94251
219,0.10973433405160904,21943
219,0.13490349054336548,21945
219,0.12399599701166153,21947
219,0.12149932980537415,21946
219,0.1278235912322998,21950
219,0.11705167591571808,21948
219,0.12194559723138809,21949
219,0.11658691614866257,21951
541,0.1035863533616066,54142
541,0.09766882658004761,54143
541,0.09507329761981964,54144
541,0.09854209423065186,54145
541,0.09302450716495514,54146
541,0.0990971103310585,54147
541,0.09399988502264023,54148
541,0.09996981173753738,54149
541,0.09573539346456528,54150
102,0.137787863612175,10242
102,0.19728107750415802,10243
541,0.09421490132808685,54151
102,0.16833898425102234,10245
102,0.17369525134563446,10246
102,0.16318883001804352,10244
102,0.1834198236465454,10247
102,0.14957061409950256,10248
102,0.1722806841135025,10249
102,0.15992526710033417,10250
204,0.13613516092300415,20442
102,0.15214446187019348,10251
204,0.13168859481811523,20443
204,0.1270400732755661,20445
204,0.11811282485723495,20444
204,0.11717458069324493,20446
204,0.11214281618595123,20447
204,0.1111442968249321,20448
204,0.11383453756570816,20449
204,0.15021373331546783,20450
204,0.14369983971118927,20451
409,0.09854092448949814,40942
409,0.11901190876960754,40944
409,0.10389001667499542,40943
409,0.10208941251039505,40945
409,0.09481596946716309,40946
409,0.10736317187547684,40947
409,0.11183527857065201,40950
409,0.10180811583995819,40948
409,0.09435632079839706,40949
409,0.09837634116411209,40951
821,0.0941828116774559,82143
821,0.09641317278146744,82142
821,0.09029656648635864,82144
821,0.09085338562726974,82146
821,0.08722779899835587,82145
821,0.09466194361448288,82149
821,0.08554515987634659,82147
821,0.09642769396305084,82148
821,0.09872294217348099,82151
234,0.13738279044628143,23442
821,0.08826494961977005,82150
234,0.11685894429683685,23443
234,0.09470710158348083,23444
234,0.11182013154029846,23445
234,0.12280123680830002,23448
234,0.11282816529273987,23447
234,0.11202147603034973,23446
234,0.1130068227648735,23449
234,0.10691270232200623,23451
234,0.10998263210058212,23450
117,0.1679374724626541,11742
117,0.16813528537750244,11743
117,0.1626652628183365,11746
117,0.13267754018306732,11744
117,0.13513414561748505,11745
117,0.14772428572177887,11747
117,0.1530553251504898,11749
117,0.15722236037254333,11748
117,0.1927080601453781,11750
117,0.12775808572769165,11751
471,0.09956333041191101,47142
471,0.09530207514762878,47143
471,0.10133783519268036,47144
471,0.11255834251642227,47146
471,0.09465374052524567,47145
471,0.09954043477773666,47147
471,0.09861534833908081,47148
471,0.10316072404384613,47149
471,0.09287791699171066,47150
471,0.10761424154043198,47151
310,0.11191430687904358,31042
310,0.11994151026010513,31043
310,0.10544990748167038,31044
310,0.11373355984687805,31045
310,0.1190154030919075,31046
310,0.11021029204130173,31048
310,0.10268545150756836,31047
310,0.10361815989017487,31049
310,0.12524612247943878,31050
310,0.09819109737873077,31051
621,0.09318181872367859,62142
621,0.08889409899711609,62143
621,0.10505408048629761,62144
621,0.09292890131473541,62145
621,0.10132099688053131,62148
621,0.0984085276722908,62146
621,0.09022176265716553,62147
621,0.09947919100522995,62149
621,0.09327597171068192,62150
621,0.08832307159900665,62151
88,0.1734524816274643,8842
88,0.1981768012046814,8843
88,0.1538926512002945,8844
88,0.14759236574172974,8845
88,0.16962696611881256,8846
88,0.17914223670959473,8847
88,0.16182564198970795,8848
88,0.17993423342704773,8849
88,0.16750013828277588,8851
88,0.17279261350631714,8850
177,0.16314095258712769,17742
177,0.18327510356903076,17744
177,0.14047454297542572,17743
177,0.10721774399280548,17745
177,0.14027144014835358,17746
177,0.14174461364746094,17747
177,0.16346916556358337,17749
177,0.12235923856496811,17748
177,0.12993012368679047,17751
177,0.12233294546604156,17750
356,0.10469458252191544,35642
356,0.11859434098005295,35643
356,0.10245860368013382,35644
356,0.10316523164510727,35645
356,0.10653746873140335,35647
356,0.0843384861946106,35646
356,0.10476286709308624,35648
356,0.10801773518323898,35649
356,0.1053326204419136,35650
356,0.09517291188240051,35651
135,0.13522973656654358,13542
135,0.2025856375694275,13544
135,0.13915367424488068,13543
135,0.12341101467609406,13546
135,0.12533292174339294,13545
135,0.13960812985897064,13547
135,0.1423858106136322,13548
135,0.1368689090013504,13549
135,0.15979191660881042,13550
135,0.14394021034240723,13551
270,0.11895276606082916,27042
270,0.11595919728279114,27043
270,0.10761899501085281,27044
270,0.13096798956394196,27045
270,0.1402048021554947,27047
270,0.11135737597942352,27046
270,0.1310710906982422,27048
270,0.11596223711967468,27050
270,0.10968056321144104,27049
270,0.11214838922023773,27051
166,0.14547497034072876,16643
166,0.11794611811637878,16642
166,0.13141612708568573,16644
166,0.14076782763004303,16645
166,0.12133804708719254,16646
166,0.11327986419200897,16647
166,0.1346631646156311,16648
166,0.11359623074531555,16649
166,0.13373328745365143,16651
166,0.12261426448822021,16650
77,0.2947425842285156,7742
77,0.23163646459579468,7744
77,0.20558518171310425,7743
77,0.1752786487340927,7746
77,0.17510752379894257,7745
77,0.17170870304107666,7747
77,0.1727946400642395,7748
77,0.16368411481380463,7750
77,0.20252782106399536,7749
155,0.15968157351016998,15543
77,0.16749219596385956,7751
155,0.11650378257036209,15542
155,0.14117370545864105,15545
155,0.10898438841104507,15544
155,0.1241997554898262,15546
155,0.13440760970115662,15547
155,0.13146573305130005,15549
155,0.13464155793190002,15548
155,0.1435738354921341,15550
66,0.2342432141304016,6642
155,0.11450333148241043,15551
66,0.1796567589044571,6643
66,0.2565142512321472,6644
66,0.17326666414737701,6645
66,0.18612094223499298,6646
66,0.21186508238315582,6648
66,0.24539068341255188,6649
66,0.189927875995636,6647
66,0.18812984228134155,6650
66,0.2214903086423874,6651
51,0.23360243439674377,5142
51,0.28399428725242615,5144
51,0.1809423416852951,5143
51,0.2357664555311203,5145
51,0.2040703147649765,5147
51,0.346591591835022,5146
51,0.2587164342403412,5150
51,0.2132485955953598,5148
51,0.2032174915075302,5149
51,0.21447943150997162,5151
72,0.17190507054328918,7243
72,0.15350928902626038,7242
72,0.14238525927066803,7244
72,0.17770063877105713,7246
72,0.1721382886171341,7245
72,0.1982213705778122,7247
72,0.18106983602046967,7248
72,0.27783581614494324,7249
72,0.16986551880836487,7251
55,0.2200179100036621,5542
72,0.17977756261825562,7250
55,0.2151266485452652,5543
55,0.16668066382408142,5544
55,0.2901449501514435,5546
55,0.1971275806427002,5545
55,0.23296718299388885,5547
55,0.1767248958349228,5548
55,0.2063841074705124,5549
55,0.19978930056095123,5551
55,0.1587284356355667,5550
58,0.18409264087677002,5842
58,0.21129703521728516,5843
58,0.17817756533622742,5844
58,0.22437907755374908,5845
58,0.15335917472839355,5847
58,0.2250758856534958,5846
58,0.18377210199832916,5848
58,0.16378195583820343,5850
58,0.1665591150522232,5849
58,0.21653850376605988,5851
83,0.18437543511390686,8342
83,0.162325918674469,8343
83,0.17713700234889984,8345
83,0.2210501730442047,8346
83,0.13707800209522247,8344
83,0.2319016307592392,8348
83,0.2692966163158417,8349
83,0.18276938796043396,8347
83,0.1777859479188919,8350
83,0.13766521215438843,8351
63,0.17896898090839386,6342
63,0.1568189412355423,6343
63,0.1790478229522705,6344
63,0.233677476644516,6345
63,0.22770942747592926,6346
63,0.18712346255779266,6348
63,0.1926097571849823,6347
63,0.19943349063396454,6349
63,0.1761467456817627,6351
63,0.2652498781681061,6350
111,0.17366403341293335,11144
111,0.13395917415618896,11142
111,0.13260531425476074,11143
111,0.13537384569644928,11145
111,0.17908033728599548,11146
111,0.1554400473833084,11147
111,0.17189320921897888,11149
111,0.14040888845920563,11148
111,0.15418261289596558,11150
111,0.16519063711166382,11151
67,0.16403242945671082,6742
67,0.1647820770740509,6743
67,0.14407826960086823,6746
67,0.20340478420257568,6744
67,0.18559367954730988,6745
67,0.19153672456741333,6747
67,0.20239630341529846,6748
67,0.18494443595409393,6749
67,0.19559718668460846,6750
67,0.18688452243804932,6751
89,0.18246638774871826,8942
89,0.17483559250831604,8943
89,0.16501978039741516,8944
89,0.149253249168396,8946
89,0.19086739420890808,8947
89,0.14661921560764313,8945
89,0.19101016223430634,8948
89,0.14577451348304749,8950
89,0.16179683804512024,8949
119,0.19013814628124237,11942
89,0.14363780617713928,8951
119,0.1450268030166626,11943
119,0.15778926014900208,11945
119,0.17202448844909668,11946
119,0.11412951350212097,11944
119,0.15318232774734497,11947
119,0.17242716252803802,11949
119,0.15123207867145538,11948
119,0.15143783390522003,11950
96,0.1642272025346756,9642
119,0.16864286363124847,11951
96,0.154209166765213,9643
96,0.16953809559345245,9645
96,0.17382103204727173,9644
96,0.17636848986148834,9646
96,0.1565687209367752,9647
96,0.1165773943066597,9648
96,0.2208327054977417,9649
96,0.13593368232250214,9650
96,0.13180074095726013,9651
193,0.12373555451631546,19342
193,0.12061811238527298,19344
193,0.11800799518823624,19343
193,0.14072400331497192,19345
193,0.11682800203561783,19347
193,0.11767732352018356,19346
193,0.1205059364438057,19348
193,0.11602601408958435,19349
193,0.1403038203716278,19351
193,0.1160496175289154,19350
73,0.2102934867143631,7343
73,0.2858099043369293,7342
73,0.2221730649471283,7345
73,0.1843271702528,7346
73,0.18560628592967987,7344
73,0.15707971155643463,7347
73,0.21455200016498566,7348
73,0.16242511570453644,7349
73,0.16743071377277374,7351
73,0.13559070229530334,7350
147,0.13837336003780365,14742
147,0.1354653388261795,14743
147,0.15137062966823578,14744
147,0.11520335078239441,14745
147,0.1573522537946701,14746
147,0.12961716949939728,14747
147,0.11046351492404938,14748
147,0.1429385095834732,14749
147,0.1660420447587967,14750
147,0.13861513137817383,14751
128,0.16843780875205994,12842
128,0.16011273860931396,12843
128,0.14529436826705933,12845
128,0.11919558793306351,12844
128,0.11562064290046692,12846
128,0.1299663782119751,12847
128,0.15427930653095245,12848
128,0.13353043794631958,12849
128,0.14338664710521698,12850
128,0.11229154467582703,12851
256,0.11621665954589844,25642
256,0.10730339586734772,25644
256,0.09989622235298157,25643
256,0.10879791527986526,25645
256,0.13760681450366974,25647
256,0.10631127655506134,25646
256,0.12921641767024994,25648
256,0.10580577701330185,25649
256,0.1212555468082428,25650
256,0.11688003689050674,25651
180,0.13444708287715912,18042
180,0.12128858268260956,18043
180,0.15258069336414337,18044
180,0.11688986420631409,18045
180,0.11501771211624146,18046
180,0.1237369030714035,18047
180,0.14138610661029816,18048
180,0.13683605194091797,18049
180,0.12814024090766907,18050
103,0.16816316545009613,10342
180,0.11103642731904984,18051
103,0.15021498501300812,10343
103,0.18219688534736633,10346
103,0.19081543385982513,10345
103,0.1382332593202591,10344
103,0.16527093946933746,10347
103,0.12538665533065796,10348
103,0.166447252035141,10350
103,0.12336184829473495,10349
103,0.13479900360107422,10351
207,0.11651676148176193,20742
207,0.1045684739947319,20743
207,0.11739649623632431,20744
207,0.1331087201833725,20745
207,0.14300695061683655,20747
207,0.12009451538324356,20746
207,0.11834081262350082,20748
207,0.11853145807981491,20749
207,0.12358236312866211,20751
207,0.11125268787145615,20750
338,0.1071900725364685,33842
338,0.1098199263215065,33844
338,0.11019245535135269,33843
338,0.12150944024324417,33845
338,0.09256106615066528,33847
338,0.10055875778198242,33846
338,0.09473762661218643,33848
338,0.08979841321706772,33849
338,0.10210610926151276,33850
78,0.15971647202968597,7842
338,0.1077965572476387,33851
78,0.22187775373458862,7843
78,0.18896527588367462,7844
78,0.19379787147045135,7845
78,0.20840826630592346,7846
78,0.1514374017715454,7847
78,0.15112362802028656,7848
78,0.17023153603076935,7850
78,0.1473681926727295,7849
78,0.1931493878364563,7851
447,0.10111024230718613,44742
447,0.09139475226402283,44743
447,0.09724017232656479,44744
447,0.10130228102207184,44745
447,0.09255898743867874,44746
447,0.11247994005680084,44747
447,0.11476471275091171,44748
447,0.10927265137434006,44750
447,0.09511999040842056,44749
447,0.10631103813648224,44751
157,0.13757175207138062,15742
157,0.13027708232402802,15743
157,0.12606465816497803,15744
157,0.12043680995702744,15745
157,0.14630429446697235,15746
157,0.13285434246063232,15747
157,0.15459726750850677,15748
157,0.15030382573604584,15750
157,0.17150364816188812,15751
157,0.12603379786014557,15749
238,0.13332726061344147,23843
238,0.10529181361198425,23842
238,0.14652273058891296,23845
238,0.12222342193126678,23844
238,0.11159345507621765,23846
238,0.10820822417736053,23848
238,0.10659881681203842,23847
238,0.12058817595243454,23849
238,0.11973709613084793,23850
238,0.11390426754951477,23851
294,0.11716488003730774,29443
294,0.10400865226984024,29442
294,0.10756132006645203,29444
294,0.12986059486865997,29446
294,0.09558438509702682,29445
294,0.12211380153894424,29447
294,0.12136108428239822,29448
294,0.09686104208230972,29449
294,0.11188020557165146,29450
294,0.12489629536867142,29451
137,0.13583606481552124,13742
137,0.13070961833000183,13743
137,0.15091080963611603,13744
137,0.13102130591869354,13745
137,0.1495550572872162,13747
137,0.13187143206596375,13746
137,0.13948199152946472,13748
137,0.13709546625614166,13750
137,0.11618907004594803,13749
137,0.14404694736003876,13751
247,0.13058696687221527,24742
247,0.10915054380893707,24743
247,0.12363937497138977,24745
247,0.12494425475597382,24744
247,0.11309855431318283,24746
247,0.1223682314157486,24748
247,0.12027646601200104,24747
247,0.10471437126398087,24749
247,0.1218716949224472,24750
247,0.11088570952415466,24751
274,0.1118217334151268,27442
274,0.10045668482780457,27443
274,0.12065829336643219,27444
274,0.10346796363592148,27445
274,0.11079933494329453,27446
274,0.11067669093608856,27447
274,0.12032974511384964,27448
274,0.12144798785448074,27449
274,0.12995119392871857,27450
274,0.1195530965924263,27451
416,0.10036264359951019,41643
416,0.09383859485387802,41642
416,0.10738909989595413,41644
416,0.10052083432674408,41645
416,0.10219893604516983,41646
416,0.1109982579946518,41647
416,0.11551127582788467,41650
416,0.12176284939050674,41649
416,0.09763865172863007,41648
416,0.10695397853851318,41651
388,0.10270323604345322,38843
388,0.09432855248451233,38842
388,0.11358880996704102,38844
388,0.10724549740552902,38845
388,0.09703939408063889,38846
388,0.09639115631580353,38847
388,0.11557800322771072,38849
388,0.09439101070165634,38848
388,0.10114390403032303,38850
388,0.10305603593587875,38851
1028,0.08364426344633102,102842
1028,0.08901115506887436,102843
1028,0.0869879275560379,102845
1028,0.08690166473388672,102844
1028,0.08915635943412781,102846
1028,0.08953370898962021,102847
1028,0.08882520347833633,102849
1028,0.08872881531715393,102848
1028,0.08880480378866196,102850
779,0.09198886156082153,77942
1028,0.09157849848270416,102851
779,0.09171707183122635,77943
779,0.097872294485569,77944
779,0.08831318467855453,77945
779,0.09065437316894531,77946
779,0.08850594609975815,77947
779,0.09212686121463776,77948
779,0.08691778033971786,77950
779,0.09208089113235474,77949
779,0.0904403105378151,77951
222,0.1091771349310875,22242
222,0.11660779267549515,22243
222,0.1124529168009758,22244
222,0.1371670365333557,22246
222,0.11193176358938217,22245
222,0.13349545001983643,22247
222,0.12634138762950897,22248
222,0.17833258211612701,22251
222,0.10342572629451752,22249
222,0.11989947408437729,22250
362,0.10844133049249649,36242
362,0.10333620011806488,36243
362,0.10339909046888351,36244
362,0.10241159051656723,36245
362,0.1016576960682869,36246
362,0.13275182247161865,36248
362,0.10087932646274567,36247
362,0.10477219521999359,36249
362,0.12461503595113754,36251
362,0.11427903920412064,36250
726,0.0950927734375,72642
726,0.09133356064558029,72643
726,0.08413144946098328,72644
726,0.09501681476831436,72645
726,0.08901406824588776,72646
726,0.08907225728034973,72647
726,0.09467729926109314,72648
726,0.09241844713687897,72649
726,0.09946547448635101,72651
726,0.08751121908426285,72650
894,0.0872550830245018,89442
894,0.09230640530586243,89443
894,0.09006281197071075,89444
894,0.09391318261623383,89445
894,0.08688211441040039,89446
894,0.09548291563987732,89447
894,0.08875024318695068,89448
894,0.08533979207277298,89449
894,0.090556301176548,89450
590,0.09945128113031387,59042
894,0.09000221639871597,89451
590,0.0945262461900711,59043
590,0.10390844196081161,59044
590,0.09687989205121994,59045
590,0.101598359644413,59046
590,0.09163154661655426,59047
590,0.09046199917793274,59049
590,0.09468481689691544,59048
590,0.09401119500398636,59050
1181,0.08939055353403091,118142
590,0.09620210528373718,59051
1181,0.0838032066822052,118143
1181,0.0844513550400734,118144
1181,0.08439558744430542,118145
1181,0.08728627860546112,118146
1181,0.08596046268939972,118147
1181,0.08660684525966644,118148
1181,0.08700110018253326,118149
84,0.15633472800254822,8442
1181,0.08704940974712372,118150
84,0.16502051055431366,8443
1181,0.08691296726465225,118151
84,0.17984609305858612,8444
84,0.18714140355587006,8445
84,0.1833590716123581,8446
84,0.15471751987934113,8447
84,0.16422498226165771,8448
84,0.19252736866474152,8449
84,0.15631243586540222,8450
84,0.1758241504430771,8451
168,0.16979531943798065,16842
168,0.1254156082868576,16843
168,0.113074392080307,16845
168,0.11920494586229324,16844
168,0.1266699731349945,16846
168,0.1716381460428238,16849
168,0.13084863126277924,16847
168,0.1221560463309288,16848
168,0.15536552667617798,16851
168,0.11249295622110367,16850
479,0.09740089625120163,47942
479,0.09939704835414886,47943
479,0.09106636047363281,47944
479,0.09259269386529922,47945
479,0.09386053681373596,47946
479,0.09337589144706726,47947
479,0.0969785749912262,47948
479,0.1052355095744133,47949
479,0.09887062013149261,47950
479,0.10044150799512863,47951
958,0.09001918882131577,95842
958,0.09381275624036789,95843
958,0.08742588013410568,95844
958,0.09016043692827225,95845
958,0.09213659167289734,95846
958,0.08780895173549652,95847
958,0.09106530994176865,95848
958,0.0888415202498436,95849
958,0.08986470103263855,95850
958,0.08602344989776611,95851
677,0.08934930711984634,67742
677,0.09296914935112,67743
677,0.09085939079523087,67744
677,0.103749580681324,67745
677,0.09193845093250275,67746
677,0.09312967211008072,67747
677,0.09172254055738449,67748
677,0.09488444030284882,67749
677,0.09399285912513733,67750
677,0.0907590389251709,67751
1102,0.08773168176412582,110242
1102,0.0890173390507698,110243
1102,0.0897999256849289,110244
1102,0.08868373185396194,110246
1102,0.08725470304489136,110245
1102,0.0860958993434906,110247
1102,0.0897996574640274,110249
1102,0.08914355933666229,110250
1102,0.08625277131795883,110248
1102,0.08834081143140793,110251
1358,0.0874972715973854,135843
1358,0.08586329221725464,135842
1358,0.08652965724468231,135844
1358,0.08588501065969467,135845
1358,0.08491844683885574,135846
1358,0.08636101335287094,135847
1358,0.0858086422085762,135848
1358,0.08591174334287643,135849
1358,0.08464706689119339,135850
654,0.09491081535816193,65442
1358,0.08598954975605011,135851
654,0.09071287512779236,65443
654,0.09257454425096512,65444
654,0.09487272799015045,65445
654,0.09339963644742966,65446
654,0.0982547402381897,65447
654,0.10039003193378448,65448
654,0.09514378756284714,65450
654,0.10158231109380722,65451
654,0.09125280380249023,65449
142,0.1239037960767746,14243
142,0.1402307003736496,14244
142,0.110202357172966,14242
142,0.16568535566329956,14246
142,0.1649007648229599,14247
142,0.11860667169094086,14245
142,0.15683691203594208,14249
142,0.13423612713813782,14248
142,0.12235234677791595,14250
142,0.1219094842672348,14251
569,0.09874758869409561,56942
569,0.10016494989395142,56943
569,0.08953990042209625,56944
569,0.091876320540905,56945
569,0.09096404910087585,56946
569,0.10171305388212204,56947
569,0.10449767857789993,56948
569,0.09212179481983185,56949
569,0.09204334765672684,56950
569,0.08970513194799423,56951
1311,0.0850784182548523,131142
1311,0.08438456058502197,131143
1311,0.0876980572938919,131144
1311,0.08798229694366455,131145
1311,0.08677162230014801,131146
1311,0.08846470713615417,131147
1311,0.0864933505654335,131148
1311,0.08838394284248352,131149
1311,0.08754409849643707,131150
1311,0.08813872188329697,131151
513,0.09771931916475296,51343
513,0.08441075682640076,51342
513,0.09804027527570724,51344
513,0.09685906022787094,51345
513,0.09366463124752045,51346
513,0.10386820882558823,51348
513,0.10221081972122192,51347
513,0.09593489021062851,51349
513,0.09432075172662735,51350
513,0.0933646634221077,51351
315,0.10431283712387085,31542
315,0.11835169792175293,31543
315,0.09601346403360367,31544
315,0.11192010343074799,31545
315,0.11453275382518768,31546
315,0.11784592270851135,31548
315,0.11121583729982376,31547
315,0.0949777141213417,31549
315,0.12385243922472,31551
315,0.10757020860910416,31550
631,0.09464123100042343,63142
631,0.09041638672351837,63143
631,0.09482370316982269,63144
631,0.09960473328828812,63145
631,0.08537913113832474,63146
631,0.09386448562145233,63147
631,0.09211374074220657,63148
631,0.09711447358131409,63150
631,0.0912928655743599,63149
631,0.09701060503721237,63151
431,0.09894713759422302,43142
431,0.0897720456123352,43143
431,0.10238378494977951,43144
431,0.09938198328018188,43145
431,0.09762400388717651,43146
431,0.09559264034032822,43147
431,0.1104460135102272,43149
431,0.10193657130002975,43148
431,0.09476400166749954,43150
431,0.09044893831014633,43151
1266,0.08762998878955841,126642
1266,0.08643504977226257,126643
1266,0.0879979059100151,126645
1266,0.08551570028066635,126644
1266,0.08553361147642136,126646
1266,0.08540596812963486,126647
1266,0.08535608649253845,126648
1266,0.08952546864748001,126649
1266,0.08611325919628143,126650
1266,0.0871533676981926,126651
835,0.09641558676958084,83542
835,0.08943361043930054,83543
835,0.09103260189294815,83544
835,0.09011214226484299,83545
835,0.0978291779756546,83546
835,0.09126016497612,83547
835,0.10246364027261734,83549
835,0.08836611360311508,83548
835,0.09090089797973633,83550
835,0.09000101685523987,83551
375,0.10532721132040024,37542
375,0.11961334198713303,37543
375,0.09954589605331421,37544
375,0.11448490619659424,37546
375,0.09859662503004074,37545
375,0.0980401411652565,37548
375,0.09930640459060669,37547
375,0.10331085324287415,37549
375,0.1077338308095932,37550
375,0.10103153437376022,37551
752,0.0868103951215744,75242
752,0.08754191547632217,75243
752,0.09038768708705902,75244
752,0.09689193218946457,75245
752,0.09860997647047043,75246
752,0.09306716173887253,75248
752,0.0871608555316925,75247
752,0.09374917298555374,75249
752,0.09353762120008469,75250
752,0.09243685752153397,75251
550,0.09383507072925568,55042
550,0.10644453763961792,55043
550,0.10879950225353241,55044
550,0.10305561125278473,55045
550,0.09729082137346268,55047
550,0.09656760096549988,55046
550,0.09666334092617035,55048
550,0.10295634716749191,55050
550,0.0991002544760704,55049
550,0.10686694085597992,55051
1223,0.08832894265651703,122342
1223,0.0898774266242981,122343
1223,0.08921843767166138,122344
1223,0.08736155182123184,122345
1223,0.09029138833284378,122346
1223,0.08954548835754395,122347
1223,0.0859396904706955,122348
1223,0.08673147112131119,122349
1223,0.08634135127067566,122350
1223,0.08524668216705322,122351
496,0.10047046095132828,49642
496,0.1056620329618454,49643
496,0.09448297321796417,49644
496,0.10269923508167267,49645
496,0.09898585081100464,49647
496,0.09790047258138657,49648
496,0.08852670341730118,49646
496,0.10506632924079895,49650
496,0.10599183291196823,49651
496,0.09075688570737839,49649
992,0.08876338601112366,99243
992,0.0914314016699791,99242
992,0.08771395683288574,99244
992,0.0864487960934639,99246
992,0.08816616237163544,99245
992,0.08685695379972458,99247
992,0.0907234251499176,99248
992,0.0884300097823143,99249
992,0.08730185031890869,99250
992,0.08669225126504898,99251
701,0.08738149702548981,70142
701,0.09899082779884338,70143
701,0.09250549226999283,70144
701,0.09271184355020523,70146
701,0.09574452042579651,70145
701,0.099836565554142,70147
701,0.0965769961476326,70148
701,0.10294802486896515,70149
701,0.09287455677986145,70150
701,0.09340120106935501,70151
1141,0.08490258455276489,114142
1141,0.08596418052911758,114143
1141,0.08710047602653503,114144
1141,0.08714395016431808,114145
1141,0.08600746095180511,114146
1141,0.08814626932144165,114147
1141,0.08832141757011414,114148
1141,0.08671247959136963,114149
1141,0.08552351593971252,114150
1141,0.0879802480340004,114151
531,0.09787065535783768,53142
531,0.10414425283670425,53144
531,0.09244496375322342,53143
531,0.1042502224445343,53145
531,0.10663066059350967,53146
531,0.09869371354579926,53147
531,0.10504652559757233,53148
531,0.10514601320028305,53149
531,0.09243851900100708,53150
531,0.09754326194524765,53151
1064,0.08657797425985336,106442
1064,0.08805042505264282,106443
1064,0.0923251360654831,106445
1064,0.09247490018606186,106444
1064,0.0890587791800499,106446
1064,0.09258826076984406,106448
1064,0.09089837968349457,106447
1064,0.09138692170381546,106451
1064,0.08956445008516312,106449
1064,0.08952435851097107,106450
326,0.09009193629026413,32643
326,0.1124231144785881,32644
326,0.09754813462495804,32642
326,0.14205068349838257,32646
326,0.09912577271461487,32645
326,0.10273928940296173,32647
326,0.1004125252366066,32648
326,0.1365765929222107,32649
326,0.11629088222980499,32650
326,0.09538237750530243,32651
864,0.09306471794843674,86442
864,0.09051606804132462,86443
864,0.08728849142789841,86444
864,0.08978872746229172,86445
864,0.09419024735689163,86447
864,0.09520012140274048,86446
864,0.0937022939324379,86448
864,0.09089861810207367,86449
864,0.09183559566736221,86450
864,0.0928431823849678,86451
926,0.09374190121889114,92642
926,0.08774223923683167,92643
926,0.09108655154705048,92644
926,0.08927776664495468,92645
926,0.08839142322540283,92646
926,0.0868532806634903,92647
926,0.09557711333036423,92649
926,0.08892674744129181,92648
926,0.09193875640630722,92650
926,0.09066358208656311,92651
807,0.09294208139181137,80742
807,0.09117088466882706,80743
807,0.0911482721567154,80745
807,0.08719419687986374,80744
807,0.08971226960420609,80746
807,0.09185352176427841,80747
807,0.08919885009527206,80748
807,0.09421317279338837,80749
90,0.2483547478914261,9042
807,0.09034786373376846,80750
90,0.20813362300395966,9043
807,0.08839628100395203,80751
90,0.14980638027191162,9044
90,0.15127703547477722,9045
90,0.1823958158493042,9047
90,0.14621734619140625,9046
90,0.18019020557403564,9048
90,0.13743138313293457,9049
90,0.18756429851055145,9050
90,0.2209761142730713,9051
304,0.11314959824085236,30443
304,0.112969771027565,30442
304,0.11857235431671143,30444
304,0.15331485867500305,30447
304,0.10051149129867554,30446
304,0.11946632713079453,30445
304,0.1308327168226242,30448
304,0.12270203232765198,30449
304,0.098018579185009,30450
304,0.11074688285589218,30451
610,0.09031758457422256,61042
610,0.09863501787185669,61043
610,0.09923051297664642,61044
610,0.09546281397342682,61046
610,0.0916212871670723,61045
610,0.09426722675561905,61047
610,0.10033522546291351,61048
610,0.10112261772155762,61050
610,0.09084863215684891,61049
610,0.09817206114530563,61051
215,0.10235323011875153,21542
215,0.11440575122833252,21543
215,0.11455818265676498,21544
215,0.1216956377029419,21546
215,0.1380281150341034,21547
215,0.11551689356565475,21545
215,0.12970615923404694,21548
215,0.12757672369480133,21549
215,0.10841581225395203,21550
215,0.11763720214366913,21551
463,0.09209596365690231,46342
463,0.10504163056612015,46343
463,0.09373504668474197,46344
463,0.1132754310965538,46345
463,0.12580721080303192,46347
463,0.09649131447076797,46346
463,0.10246922075748444,46348
463,0.10371186584234238,46349
463,0.09412006288766861,46350
463,0.08744955062866211,46351
402,0.10298309475183487,40242
402,0.10062836855649948,40243
402,0.10397794097661972,40244
402,0.1137835755944252,40246
402,0.09723718464374542,40245
402,0.1027839183807373,40247
402,0.10448144376277924,40248
402,0.09585531055927277,40249
402,0.10032867640256882,40250
123,0.14375315606594086,12342
123,0.15000836551189423,12343
402,0.0920182392001152,40251
123,0.15659062564373016,12344
123,0.16157913208007812,12346
123,0.20451964437961578,12347
123,0.15563103556632996,12345
123,0.15098075568675995,12348
123,0.14162035286426544,12349
123,0.1592085361480713,12350
123,0.13644230365753174,12351
93,0.21517623960971832,9343
93,0.1461033821105957,9344
93,0.1569110006093979,9342
93,0.2654458284378052,9346
93,0.14224988222122192,9345
93,0.16187438368797302,9347
93,0.1600881814956665,9348
93,0.12736450135707855,9350
93,0.1539691835641861,9349
93,0.19205346703529358,9351
186,0.12989336252212524,18643
186,0.12784813344478607,18642
186,0.13484545052051544,18644
186,0.1351507306098938,18646
186,0.13031825423240662,18645
186,0.12413152307271957,18647
186,0.1188107579946518,18648
186,0.11615809053182602,18650
186,0.1226850375533104,18649
186,0.14545901119709015,18651
284,0.13729853928089142,28442
284,0.11419189721345901,28443
284,0.09716589748859406,28444
284,0.103695809841156,28445
284,0.14858172833919525,28446
284,0.11535754054784775,28448
284,0.1097986102104187,28447
284,0.11205217987298965,28449
284,0.13191549479961395,28450
284,0.12826314568519592,28451
350,0.11220967769622803,35042
350,0.09963732957839966,35043
350,0.09927327930927277,35044
350,0.10845009237527847,35045
350,0.09747753292322159,35046
350,0.10658540576696396,35047
350,0.11104543507099152,35048
350,0.10952410846948624,35049
350,0.10094694793224335,35050
350,0.10568245500326157,35051
97,0.2068711519241333,9743
97,0.14685583114624023,9742
97,0.1604372262954712,9744
97,0.15251313149929047,9745
97,0.16577835381031036,9746
97,0.17896832525730133,9747
97,0.18413813412189484,9748
97,0.1478508561849594,9749
97,0.16737939417362213,9750
97,0.14796000719070435,9751
163,0.1562381535768509,16343
163,0.12169680744409561,16342
163,0.13197951018810272,16344
163,0.13864977657794952,16345
163,0.12836845219135284,16346
163,0.15558753907680511,16347
163,0.14190798997879028,16348
163,0.14117911458015442,16350
163,0.1338844895362854,16349
163,0.11587178707122803,16351
230,0.10382857173681259,23042
230,0.13200904428958893,23044
230,0.12433703243732452,23043
230,0.1305081844329834,23047
230,0.11009233444929123,23045
230,0.10809165239334106,23046
230,0.1185498833656311,23048
230,0.11458707600831985,23049
230,0.1174781322479248,23050
132,0.17048953473567963,13243
230,0.12407203763723373,23051
132,0.1579316407442093,13242
132,0.16189627349376678,13245
132,0.13278311491012573,13244
132,0.14401502907276154,13246
132,0.13022790849208832,13247
132,0.1507868468761444,13249
132,0.1048334538936615,13248
132,0.1734100729227066,13250
132,0.12898938357830048,13251
265,0.09922408312559128,26542
265,0.1060231402516365,26543
265,0.10765523463487625,26544
265,0.1069783940911293,26546
265,0.12072530388832092,26545
265,0.10691113770008087,26547
265,0.1256331354379654,26549
265,0.10958273708820343,26548
100,0.13672895729541779,10042
265,0.09970308840274811,26551
265,0.10059766471385956,26550
100,0.15084999799728394,10043
100,0.16749684512615204,10045
100,0.1493205577135086,10044
100,0.14634981751441956,10047
100,0.12461721152067184,10046
100,0.1395633965730667,10048
100,0.16606102883815765,10050
100,0.15622353553771973,10049
100,0.15745580196380615,10051
200,0.163901224732399,20043
200,0.13080401718616486,20044
200,0.1280399113893509,20045
200,0.12758678197860718,20042
200,0.11097986996173859,20046
200,0.11370161920785904,20048
200,0.11906074732542038,20047
200,0.16924509406089783,20050
200,0.14563676714897156,20049
104,0.14505158364772797,10442
200,0.12418465316295624,20051
104,0.17521820962429047,10443
104,0.14599676430225372,10445
104,0.17376278340816498,10444
104,0.1697688102722168,10446
104,0.15550313889980316,10448
104,0.15366362035274506,10449
104,0.1264258474111557,10447
104,0.16616056859493256,10451
104,0.1709192395210266,10450
174,0.11175758391618729,17442
174,0.13039742410182953,17444
174,0.1432310789823532,17443
174,0.13767461478710175,17445
174,0.1249958947300911,17447
174,0.1419399231672287,17446
174,0.12897652387619019,17448
174,0.13410484790802002,17450
174,0.12446027249097824,17449
174,0.12430226802825928,17451
107,0.1701917052268982,10743
107,0.15652844309806824,10742
107,0.1733873337507248,10744
107,0.15400506556034088,10745
107,0.1323310136795044,10746
107,0.15901552140712738,10748
107,0.1394282579421997,10747
107,0.16065630316734314,10749
107,0.1561897248029709,10750
148,0.13217055797576904,14842
107,0.1835469752550125,10751
148,0.14689850807189941,14843
148,0.12264755368232727,14845
148,0.11133237183094025,14844
148,0.13664545118808746,14846
148,0.123057059943676,14847
148,0.1434190273284912,14849
148,0.12662631273269653,14848
148,0.1320955902338028,14850
148,0.15357208251953125,14851
112,0.14928625524044037,11242
112,0.15149039030075073,11243
112,0.1564110368490219,11245
112,0.12745699286460876,11244
112,0.14915266633033752,11246
112,0.17353959381580353,11247
112,0.16805852949619293,11248
112,0.12277107685804367,11249
112,0.2076050043106079,11251
112,0.15323515236377716,11250
152,0.14460718631744385,15242
152,0.11018896847963333,15243
152,0.1484971046447754,15244
152,0.14622370898723602,15246
152,0.13469479978084564,15245
152,0.13723497092723846,15247
152,0.1614120453596115,15248
152,0.15270136296749115,15250
152,0.10848154872655869,15249
152,0.1430160105228424,15251
115,0.15010853111743927,11542
115,0.19150160253047943,11544
115,0.17874303460121155,11543
115,0.16450762748718262,11545
115,0.1337803602218628,11546
115,0.15879487991333008,11547
115,0.14158877730369568,11548
115,0.14236290752887726,11550
115,0.14752934873104095,11549
115,0.13910970091819763,11551
195,0.12528347969055176,19542
195,0.12402737140655518,19544
195,0.1180918887257576,19543
195,0.1212988793849945,19545
195,0.12374400347471237,19546
195,0.13495703041553497,19547
195,0.1252458691596985,19548
195,0.12608392536640167,19550
195,0.11244166642427444,19549
195,0.12864777445793152,19551
158,0.1358674019575119,15842
158,0.09857147186994553,15843
158,0.12816296517848969,15844
158,0.1462230533361435,15845
158,0.12538915872573853,15846
158,0.11117753386497498,15847
158,0.1448562890291214,15848
158,0.14450587332248688,15849
158,0.12154357880353928,15850
158,0.13110923767089844,15851
120,0.1391158401966095,12042
120,0.1361052542924881,12043
120,0.1731804460287094,12044
120,0.1594170480966568,12045
120,0.1436261683702469,12047
120,0.13378354907035828,12046
120,0.18048304319381714,12048
120,0.14569292962551117,12050
120,0.19196902215480804,12051
120,0.12085726857185364,12049
124,0.16149887442588806,12444
124,0.16443397104740143,12442
124,0.1508016735315323,12443
124,0.1284375786781311,12446
124,0.12272737175226212,12445
124,0.13729292154312134,12447
124,0.1209380254149437,12449
124,0.16520437598228455,12450
124,0.12723438441753387,12448
209,0.14137081801891327,20942
124,0.13043656945228577,12451
209,0.12683536112308502,20943
209,0.13437071442604065,20944
209,0.11247357726097107,20946
209,0.10963725298643112,20945
209,0.11865159869194031,20947
209,0.11726897209882736,20948
209,0.11205561459064484,20949
209,0.1112169697880745,20950
169,0.12327710539102554,16942
209,0.13071155548095703,20951
169,0.16833236813545227,16944
169,0.12580271065235138,16943
169,0.12036234885454178,16945
169,0.12358593195676804,16946
169,0.1239279955625534,16947
169,0.1158042922616005,16948
169,0.137138232588768,16949
169,0.1219993382692337,16950
169,0.1371919810771942,16951
129,0.1412971466779709,12943
129,0.15364207327365875,12942
129,0.1371501237154007,12946
129,0.13025082647800446,12945
129,0.14654599130153656,12944
129,0.14922961592674255,12948
129,0.12480606138706207,12947
129,0.1366177648305893,12949
129,0.14133523404598236,12950
129,0.13809999823570251,12951
258,0.12578442692756653,25842
258,0.1115572601556778,25843
258,0.10106372088193893,25844
258,0.12044357508420944,25845
258,0.10548671334981918,25846
258,0.1107521578669548,25847
258,0.11252418905496597,25848
258,0.14403735101222992,25849
258,0.13101178407669067,25851
258,0.10611362755298615,25850
133,0.1502150595188141,13342
133,0.13531385362148285,13344
133,0.1491546332836151,13345
133,0.15729138255119324,13343
133,0.13095451891422272,13347
133,0.17229865491390228,13346
133,0.14258798956871033,13348
133,0.13821037113666534,13349
133,0.22739186882972717,13350
133,0.1365053653717041,13351
224,0.13310255110263824,22443
224,0.12394434958696365,22442
224,0.10030852258205414,22444
224,0.12175192683935165,22445
224,0.12260821461677551,22446
224,0.10729871690273285,22448
224,0.10964632779359818,22447
224,0.13573545217514038,22449
224,0.12632021307945251,22451
181,0.141813263297081,18142
224,0.12503276765346527,22450
181,0.11897916346788406,18143
181,0.11153094470500946,18144
181,0.12501096725463867,18145
181,0.13532230257987976,18146
181,0.14699405431747437,18148
181,0.11614283174276352,18147
181,0.13406750559806824,18149
181,0.14812634885311127,18151
181,0.12382332235574722,18150
138,0.1275121420621872,13842
138,0.13946443796157837,13843
138,0.1304716318845749,13844
138,0.1596893072128296,13846
138,0.13889743387699127,13845
138,0.13493016362190247,13847
138,0.1698281615972519,13848
138,0.12755976617336273,13849
138,0.13700975477695465,13851
138,0.13080912828445435,13850
276,0.12691329419612885,27643
276,0.10956357419490814,27642
276,0.1189517006278038,27644
276,0.1194908544421196,27645
276,0.11552940309047699,27646
276,0.10209698230028152,27647
276,0.12424808740615845,27648
276,0.11438686400651932,27649
276,0.11984535306692123,27651
187,0.14840362966060638,18742
276,0.11624450981616974,27650
187,0.13904285430908203,18745
187,0.12341520935297012,18744
187,0.12030626088380814,18743
187,0.13289418816566467,18746
187,0.134016215801239,18748
187,0.14494092762470245,18747
187,0.14164289832115173,18750
187,0.12610380351543427,18751
187,0.10505903512239456,18749
143,0.132593035697937,14342
143,0.14475487172603607,14344
143,0.14131635427474976,14343
143,0.11841665208339691,14345
143,0.16734005510807037,14347
143,0.11258405447006226,14346
143,0.15165585279464722,14348
143,0.14786136150360107,14350
143,0.11649374663829803,14349
143,0.14764803647994995,14351
240,0.12200121581554413,24042
240,0.12855206429958344,24043
240,0.13134804368019104,24046
240,0.10947086662054062,24044
240,0.12355270981788635,24045
240,0.11536520719528198,24047
240,0.13067644834518433,24048
240,0.11229696124792099,24049
240,0.14010517299175262,24050
341,0.13217471539974213,34142
240,0.11934878677129745,24051
341,0.13097244501113892,34144
341,0.1247328445315361,34143
341,0.10333728045225143,34145
341,0.10877634584903717,34146
341,0.10188161581754684,34147
341,0.10415874421596527,34148
341,0.09713493287563324,34149
341,0.10242549329996109,34150
341,0.10206805169582367,34151
391,0.13285446166992188,39142
391,0.10822194814682007,39143
391,0.09948012232780457,39144
391,0.102239228785038,39145
391,0.11218063533306122,39146
391,0.1101340502500534,39147
391,0.10458264499902725,39148
391,0.11050349473953247,39149
391,0.10401378571987152,39151
296,0.11869842559099197,29642
391,0.11459114402532578,39150
296,0.10754822939634323,29645
296,0.10234834253787994,29644
296,0.10615317523479462,29643
296,0.11317425966262817,29647
296,0.096804179251194,29646
296,0.11744049191474915,29648
296,0.117784783244133,29649
296,0.10773474723100662,29650
149,0.1551017165184021,14942
296,0.10262616723775864,29651
149,0.1212558001279831,14943
149,0.13321124017238617,14945
149,0.1164051964879036,14944
149,0.13217923045158386,14946
149,0.14575348794460297,14947
149,0.14898277819156647,14948
149,0.1376720666885376,14949
149,0.12334755063056946,14950
149,0.10719651728868484,14951
249,0.10007230192422867,24942
249,0.12170200794935226,24943
249,0.11356709152460098,24944
249,0.12991689145565033,24945
249,0.1265176236629486,24947
249,0.09765971451997757,24946
249,0.13298819959163666,24948
249,0.12661410868167877,24949
249,0.11224190145730972,24951
249,0.11133384704589844,24950
451,0.10180562734603882,45142
451,0.10878454893827438,45144
451,0.10405642539262772,45143
451,0.1142546609044075,45145
451,0.10077091306447983,45146
451,0.11134961992502213,45147
451,0.11789413541555405,45148
451,0.11922039091587067,45149
451,0.10944198817014694,45150
451,0.10467887669801712,45151
201,0.13133229315280914,20142
201,0.1656179279088974,20144
201,0.11382605880498886,20143
201,0.11934177577495575,20145
201,0.1230817437171936,20146
201,0.11430700868368149,20147
201,0.12697182595729828,20148
201,0.13118264079093933,20149
201,0.10501931607723236,20150
201,0.1249828115105629,20151
153,0.13686273992061615,15342
153,0.13589432835578918,15343
153,0.1538756638765335,15345
153,0.13276539742946625,15344
153,0.15441051125526428,15346
153,0.1159762367606163,15348
153,0.14889377355575562,15347
153,0.1577311009168625,15349
153,0.14101719856262207,15350
153,0.1241299957036972,15351
306,0.09518156945705414,30642
306,0.13853001594543457,30644
306,0.11071762442588806,30643
306,0.10735133290290833,30645
306,0.10405679047107697,30647
306,0.10401216149330139,30646
306,0.14974567294120789,30650
306,0.10564080625772476,30648
306,0.09713282436132431,30649
306,0.10145265609025955,30651
517,0.09816619008779526,51742
517,0.08995158225297928,51743
517,0.104936882853508,51744
517,0.10165286064147949,51745
517,0.11092948913574219,51746
517,0.09317892789840698,51748
517,0.09623470157384872,51747
517,0.09799493104219437,51749
517,0.1058906689286232,51750
517,0.09276647120714188,51751
365,0.09461406618356705,36542
365,0.10142200440168381,36543
365,0.10777232050895691,36544
365,0.09732827544212341,36545
365,0.1065489649772644,36546
365,0.09873966127634048,36547
365,0.09826195985078812,36548
365,0.08697491884231567,36549
365,0.11931589990854263,36551
365,0.09250448644161224,36550
574,0.10239437222480774,57442
574,0.09243182092905045,57443
574,0.09993276745080948,57444
574,0.09131887555122375,57445
574,0.0984751358628273,57446
574,0.10454446077346802,57448
574,0.09390216320753098,57447
574,0.10720612853765488,57449
574,0.09944702684879303,57450
574,0.09391593188047409,57451
732,0.09146321564912796,73242
732,0.09457418322563171,73243
732,0.0905337706208229,73244
732,0.09070418775081635,73245
732,0.09482669085264206,73246
732,0.09226337820291519,73247
732,0.09589052945375443,73248
732,0.0960807204246521,73249
732,0.09475651383399963,73250
732,0.09043371677398682,73251
786,0.09708987176418304,78642
786,0.09157188981771469,78643
786,0.09024970978498459,78644
786,0.09149760007858276,78645
786,0.09209092706441879,78646
786,0.0885714516043663,78648
786,0.09525032341480255,78647
786,0.09706894308328629,78649
786,0.08863374590873718,78651
786,0.09452354907989502,78650
419,0.09626747667789459,41942
419,0.10045313090085983,41944
419,0.09871865808963776,41943
419,0.10143283754587173,41945
419,0.09179820865392685,41947
419,0.09265252947807312,41946
419,0.09312468767166138,41948
419,0.10854751616716385,41950
419,0.08627647906541824,41949
419,0.09235743433237076,41951
683,0.0881032943725586,68342
683,0.09116186946630478,68343
683,0.09945041686296463,68344
683,0.09748122096061707,68347
683,0.08917813748121262,68345
683,0.10004574060440063,68346
683,0.09731362015008926,68349
683,0.09318888932466507,68348
683,0.09401164203882217,68350
683,0.09486905485391617,68351
317,0.11183811724185944,31742
317,0.0893687754869461,31743
317,0.11466434597969055,31744
317,0.11113711446523666,31746
317,0.1047857403755188,31745
317,0.11364258080720901,31747
317,0.11633626371622086,31748
317,0.09755712002515793,31749
317,0.11613563448190689,31750
317,0.12121876329183578,31751
636,0.09426163136959076,63642
636,0.08731283992528915,63643
636,0.0910918340086937,63644
636,0.09834840148687363,63645
636,0.09121748805046082,63646
636,0.0963849425315857,63647
636,0.09297346323728561,63648
636,0.09500893950462341,63649
636,0.09499341249465942,63650
636,0.09587866812944412,63651
902,0.0879959985613823,90242
902,0.08945895731449127,90243
902,0.08713273704051971,90244
902,0.08813722431659698,90246
902,0.0885850340127945,90245
902,0.08565997332334518,90247
902,0.09256578236818314,90248
902,0.08890294283628464,90249
902,0.09161932021379471,90250
159,0.1563534140586853,15942
159,0.1418820023536682,15943
902,0.08897636830806732,90251
159,0.12126432359218597,15944
159,0.13821496069431305,15945
159,0.12212371081113815,15946
159,0.12223977595567703,15947
159,0.1365504115819931,15948
159,0.1517392247915268,15949
159,0.11984603852033615,15950
159,0.1358584761619568,15951
267,0.10822104662656784,26742
267,0.11762712150812149,26743
267,0.1303490698337555,26745
267,0.11982015520334244,26746
267,0.12077396363019943,26744
267,0.1257091760635376,26749
267,0.11285728961229324,26747
267,0.10301517695188522,26748
267,0.1465742141008377,26751
267,0.10061027109622955,26750
535,0.10049095749855042,53542
535,0.09637293964624405,53543
535,0.0998450219631195,53544
535,0.08705141395330429,53545
535,0.09013836085796356,53546
535,0.11915536224842072,53547
535,0.09464740753173828,53548
535,0.10126317292451859,53550
535,0.09839986264705658,53549
535,0.10395665466785431,53551
483,0.09820541739463806,48342
483,0.09040994197130203,48343
483,0.10830619931221008,48345
483,0.09381468594074249,48344
483,0.10651492327451706,48346
483,0.10231159627437592,48347
483,0.08567383885383606,48348
483,0.0962197408080101,48349
483,0.09420229494571686,48351
483,0.10264291614294052,48350
966,0.09035716950893402,96642
966,0.0890420526266098,96643
966,0.08909749239683151,96644
966,0.0890665352344513,96645
966,0.08464061468839645,96646
966,0.08853577077388763,96647
966,0.08923063427209854,96648
966,0.08701574802398682,96649
966,0.09479595720767975,96650
378,0.11736075580120087,37842
966,0.08940524607896805,96651
378,0.09838975220918655,37843
378,0.11338537186384201,37844
378,0.10104183107614517,37845
378,0.1000170037150383,37846
378,0.09260579198598862,37847
378,0.1086449846625328,37848
378,0.1134517714381218,37849
378,0.10444185882806778,37850
378,0.1078038290143013,37851
595,0.08681017905473709,59543
595,0.09136689454317093,59542
595,0.09281530231237411,59544
595,0.09706257283687592,59545
595,0.0986819863319397,59546
595,0.0979849100112915,59547
595,0.09921704977750778,59549
595,0.09258747100830078,59548
595,0.09162923693656921,59550
595,0.09109878540039062,59551
1191,0.08311575651168823,119142
1191,0.08794114738702774,119143
1191,0.08753030002117157,119144
1191,0.08563107252120972,119145
1191,0.08559980243444443,119146
1191,0.08545009046792984,119148
1191,0.08715552091598511,119147
1191,0.08760101348161697,119149
1191,0.08742184191942215,119150
1191,0.08755676448345184,119151
758,0.09839228540658951,75842
758,0.09522214531898499,75843
758,0.08597646653652191,75844
758,0.0932694524526596,75845
758,0.09527398645877838,75847
758,0.09445008635520935,75846
758,0.08875882625579834,75848
758,0.09002573788166046,75849
758,0.08774983137845993,75850
758,0.09297429025173187,75851
216,0.10634716600179672,21642
216,0.11455988883972168,21643
216,0.11715550720691681,21644
216,0.13238219916820526,21645
216,0.10964640229940414,21646
216,0.11728139221668243,21648
216,0.12617982923984528,21647
216,0.1324957013130188,21649
216,0.11728234589099884,21650
434,0.11610912531614304,43443
216,0.10168266296386719,21651
434,0.08925771713256836,43442
434,0.10682807862758636,43445
434,0.0879933089017868,43444
434,0.10014727711677551,43446
434,0.11218269914388657,43447
434,0.09812655299901962,43448
434,0.09396596252918243,43449
434,0.09340976923704147,43450
434,0.0935581624507904,43451
707,0.08851552754640579,70742
707,0.09547389298677444,70743
707,0.0948517918586731,70745
707,0.10005959123373032,70744
707,0.09542063623666763,70746
707,0.09688855707645416,70747
707,0.09482095390558243,70748
707,0.0965634286403656,70749
707,0.08812431991100311,70751
707,0.09253828972578049,70750
1037,0.08867675065994263,103742
1037,0.0936138704419136,103743
1037,0.08970315754413605,103744
1037,0.08921407163143158,103745
1037,0.08810260891914368,103746
1037,0.095237597823143,103747
1037,0.09097739309072495,103748
1037,0.08704336732625961,103749
1037,0.08891544491052628,103751
1037,0.08894781768321991,103750
1370,0.08687631040811539,137042
1370,0.08542096614837646,137043
1370,0.08650250732898712,137044
1370,0.08812211453914642,137046
1370,0.08630099147558212,137045
1370,0.08793777972459793,137047
1370,0.08524072915315628,137048
1370,0.08848119527101517,137049
1370,0.0871070846915245,137050
164,0.14316889643669128,16442
164,0.11685493588447571,16443
1370,0.08486451208591461,137051
164,0.11302540451288223,16445
164,0.12940867245197296,16444
164,0.13793276250362396,16446
164,0.1257588416337967,16448
164,0.13333992660045624,16447
164,0.1305169314146042,16449
164,0.13842837512493134,16451
164,0.1353173404932022,16450
328,0.09927761554718018,32842
328,0.10149633139371872,32843
328,0.1127718910574913,32844
328,0.11868403106927872,32845
328,0.12102189660072327,32848
328,0.102224200963974,32846
328,0.11909085512161255,32847
328,0.12939520180225372,32849
328,0.11333198845386505,32850
328,0.11805497854948044,32851
659,0.09641441702842712,65942
659,0.09870468080043793,65944
659,0.09417249262332916,65943
659,0.09180644899606705,65946
659,0.09457844495773315,65945
659,0.09133846312761307,65947
659,0.09504619985818863,65948
659,0.08711183071136475,65949
659,0.09024038910865784,65950
659,0.09459911286830902,65951
1322,0.08758585155010223,132242
1322,0.0833696499466896,132243
1322,0.087244912981987,132244
1322,0.08644746243953705,132245
1322,0.08741920441389084,132246
1322,0.08556423336267471,132247
1322,0.08594843000173569,132248
1322,0.08617506176233292,132249
1322,0.0848202183842659,132250
442,0.09733317047357559,44242
1322,0.08777131885290146,132251
442,0.09799087047576904,44243
442,0.11219619959592819,44244
442,0.09829990565776825,44245
442,0.10074815899133682,44246
442,0.09657963365316391,44247
442,0.09442931413650513,44248
442,0.1183549165725708,44250
442,0.09480800479650497,44249
442,0.10730134695768356,44251
554,0.09851851314306259,55443
554,0.09483999013900757,55442
554,0.09488701075315475,55444
554,0.09659117460250854,55446
554,0.10358644276857376,55445
554,0.08933529257774353,55447
554,0.09975901246070862,55448
554,0.10458866506814957,55449
554,0.09302040189504623,55450
554,0.08910385519266129,55451
1277,0.08751790225505829,127743
1277,0.08538132905960083,127742
1277,0.08340001851320267,127744
1277,0.0882321298122406,127745
1277,0.08358673006296158,127746
1277,0.08697453886270523,127747
1277,0.0847284272313118,127748
1277,0.08566608279943466,127749
1277,0.08586057275533676,127750
1111,0.08841661363840103,111142
1277,0.08580610901117325,127751
1111,0.09033519774675369,111143
1111,0.08800691366195679,111144
1111,0.08635076880455017,111145
1111,0.08894152194261551,111146
1111,0.09205450117588043,111148
1111,0.08887765556573868,111147
1111,0.08467824012041092,111149
1111,0.08387981355190277,111150
500,0.0968518853187561,50042
1111,0.08901816606521606,111151
500,0.09372298419475555,50043
500,0.10264591127634048,50044
500,0.09897881001234055,50045
500,0.09641467034816742,50046
500,0.09655854851007462,50047
500,0.09794502705335617,50048
500,0.10651034116744995,50049
500,0.10403665155172348,50050
500,0.1081722304224968,50051
1000,0.08780605345964432,100042
1000,0.08844539523124695,100043
1000,0.09089646488428116,100044
1000,0.08964624255895615,100045
1000,0.08920515328645706,100046
1000,0.08856160938739777,100047
1000,0.08712145686149597,100048
1000,0.09294529259204865,100049
1000,0.08854854106903076,100050
334,0.10693283379077911,33442
1000,0.0898372158408165,100051
334,0.10859481990337372,33443
334,0.10807541012763977,33444
334,0.11073272675275803,33445
334,0.11478650569915771,33446
334,0.10705024749040604,33447
334,0.11081297695636749,33449
334,0.09768697619438171,33448
334,0.09516467154026031,33450
334,0.11927103996276855,33451
615,0.0978037416934967,61542
615,0.09787486493587494,61544
615,0.09802445024251938,61543
615,0.09046606719493866,61545
615,0.0926179438829422,61546
615,0.09931793063879013,61547
615,0.102762870490551,61548
615,0.09924566745758057,61550
615,0.09427047520875931,61549
615,0.09550991654396057,61551
1233,0.08681756258010864,123342
1233,0.08629252016544342,123343
1233,0.08557191491127014,123344
1233,0.0867726057767868,123345
1233,0.08824879676103592,123346
1233,0.08661782741546631,123347
1233,0.0853232890367508,123348
1233,0.0878601223230362,123349
1233,0.08653175830841064,123350
1233,0.08401162177324295,123351
842,0.08606100082397461,84242
842,0.09127521514892578,84243
842,0.0909077376127243,84245
842,0.08985672146081924,84244
842,0.09264469891786575,84246
842,0.09228839725255966,84249
842,0.09238706529140472,84247
842,0.09410137683153152,84248
842,0.09348838031291962,84251
842,0.09644962847232819,84250
1073,0.08528370410203934,107342
1073,0.0886136069893837,107344
1073,0.08766553550958633,107343
1073,0.0886223316192627,107345
1073,0.08890130370855331,107347
1073,0.0922367125749588,107346
1073,0.0899573266506195,107348
1073,0.0886976420879364,107349
1073,0.08619622886180878,107350
1073,0.08759818226099014,107351
1018,0.08857709169387817,101842
1018,0.08585990965366364,101844
1018,0.09144431352615356,101843
1018,0.08988243341445923,101845
1018,0.08882168680429459,101846
1018,0.08987611532211304,101847
1018,0.09024342894554138,101848
1018,0.08638378232717514,101849
1018,0.08747690916061401,101850
1018,0.09057523310184479,101851
170,0.1288430243730545,17042
170,0.12214205414056778,17043
170,0.12192534655332565,17044
170,0.12883155047893524,17045
170,0.15901651978492737,17046
170,0.1328851878643036,17047
170,0.14238958060741425,17048
170,0.1244390532374382,17049
170,0.13069607317447662,17050
170,0.1416345238685608,17051
286,0.11630088835954666,28642
286,0.12085892260074615,28644
286,0.10583607107400894,28643
286,0.11829040944576263,28645
286,0.12678654491901398,28646
286,0.12914924323558807,28647
286,0.1095636785030365,28648
286,0.11213555932044983,28650
286,0.11032598465681076,28649
286,0.10602737963199615,28651
1092,0.08909159898757935,109243
1092,0.08952746540307999,109242
1092,0.08650586009025574,109244
1092,0.08796121180057526,109245
1092,0.09068917483091354,109246
1092,0.0873747393488884,109247
1092,0.08924784511327744,109248
1092,0.08554436266422272,109249
1092,0.08839794993400574,109250
1092,0.0930357575416565,109251
1150,0.087213896214962,115042
1150,0.08581442385911942,115043
1150,0.08613921701908112,115044
1150,0.08666514605283737,115045
1150,0.08765152096748352,115046
1150,0.09098722040653229,115047
1150,0.08780129253864288,115048
1150,0.08763626962900162,115049
1150,0.0903550535440445,115050
1150,0.08939148485660553,115051
405,0.10515724122524261,40542
405,0.11445096880197525,40544
405,0.09873752295970917,40543
405,0.09983504563570023,40545
405,0.10473298281431198,40546
405,0.10648582875728607,40547
405,0.09363416582345963,40548
405,0.09407287836074829,40550
405,0.1013176217675209,40549
405,0.10721355676651001,40551
231,0.11546753346920013,23142
231,0.11833661794662476,23143
231,0.13143397867679596,23145
231,0.1094316616654396,23144
231,0.11025173217058182,23146
231,0.10802823305130005,23147
231,0.1101570799946785,23148
231,0.13545873761177063,23149
231,0.11390775442123413,23150
231,0.10813657194375992,23151
871,0.09369749575853348,87143
871,0.08536870777606964,87142
871,0.09063830226659775,87144
871,0.08924826234579086,87145
871,0.08982931077480316,87146
871,0.09309045970439911,87147
871,0.08774825185537338,87148
871,0.08764474093914032,87149
871,0.09728439897298813,87150
871,0.09447638690471649,87151
813,0.09326973557472229,81342
813,0.09202596545219421,81343
813,0.08905207365751266,81344
813,0.08529752492904663,81345
813,0.09067881852388382,81346
813,0.09361347556114197,81347
813,0.08940234780311584,81348
813,0.09055580198764801,81349
813,0.08687721192836761,81350
291,0.11168085038661957,29142
813,0.09352923184633255,81351
291,0.09928064048290253,29143
291,0.1516544669866562,29145
291,0.10101724416017532,29144
291,0.10013477504253387,29147
291,0.11359914392232895,29146
291,0.0933854877948761,29148
291,0.13674941658973694,29151
291,0.10944171994924545,29150
291,0.11136175692081451,29149
466,0.10189631581306458,46642
466,0.09894412755966187,46644
466,0.10189924389123917,46643
466,0.1084597185254097,46645
466,0.10021541267633438,46646
466,0.09689374268054962,46648
466,0.09215041995048523,46647
466,0.1065167784690857,46649
466,0.10334140807390213,46651
466,0.09778295457363129,46650
933,0.08820672333240509,93342
933,0.0942424088716507,93344
933,0.09184177964925766,93343
933,0.09320513904094696,93345
933,0.08750118315219879,93346
933,0.09306763857603073,93347
933,0.08944247663021088,93348
933,0.08668553084135056,93349
933,0.09006388485431671,93350
933,0.09149551391601562,93351
175,0.1427498757839203,17542
175,0.13869260251522064,17543
175,0.13531701266765594,17544
175,0.12293356657028198,17546
175,0.1397954821586609,17545
175,0.1466769427061081,17547
175,0.13202454149723053,17548
175,0.1446530967950821,17549
175,0.14434278011322021,17550
175,0.11733740568161011,17551
584,0.107712522149086,58443
584,0.09429150819778442,58442
584,0.09551287442445755,58444
584,0.10198332369327545,58446
584,0.09515783935785294,58445
584,0.10126416385173798,58448
584,0.0852503627538681,58447
584,0.09385807812213898,58449
584,0.09141853451728821,58450
584,0.09923893213272095,58451
1346,0.08513007313013077,134642
1346,0.08729560673236847,134643
1346,0.08650615811347961,134644
1346,0.08690539747476578,134645
1346,0.0865190252661705,134646
1346,0.08606922626495361,134647
1346,0.08642866462469101,134648
1346,0.08442520350217819,134649
1346,0.08749721944332123,134650
1346,0.08745691180229187,134651
1170,0.08668524771928787,117042
1170,0.08532852679491043,117043
1170,0.08572898805141449,117044
1170,0.08506841212511063,117045
1170,0.08741243928670883,117046
1170,0.08860543370246887,117047
1170,0.08588802814483643,117048
1170,0.08760768920183182,117049
1170,0.08777232468128204,117050
352,0.1158248707652092,35242
1170,0.08702735602855682,117051
352,0.0970669835805893,35243
352,0.12127024680376053,35245
352,0.11700192838907242,35244
352,0.10134794563055038,35246
352,0.10443846881389618,35248
352,0.127607062458992,35249
352,0.10714051872491837,35247
352,0.11910596489906311,35251
352,0.10832692682743073,35250
412,0.1079224944114685,41242
412,0.11387208849191666,41243
412,0.10448487848043442,41245
412,0.09819949418306351,41244
412,0.11706139147281647,41246
412,0.11078084260225296,41247
412,0.10791411250829697,41249
412,0.10574450343847275,41248
412,0.11047866940498352,41250
412,0.11266164481639862,41251
648,0.10177984833717346,64843
648,0.09346400201320648,64842
648,0.09449290484189987,64844
648,0.09542158246040344,64845
648,0.09738600254058838,64846
648,0.08815547823905945,64847
648,0.09359405934810638,64848
648,0.09575332701206207,64849
648,0.09127787500619888,64850
648,0.09884943068027496,64851
235,0.12275119870901108,23543
235,0.09966649115085602,23542
235,0.11588085442781448,23544
235,0.1269730180501938,23545
235,0.1135537400841713,23546
235,0.1293276846408844,23547
235,0.1056058257818222,23548
235,0.10394565761089325,23549
235,0.1102185994386673,23550
235,0.10670583695173264,23551
1299,0.0871625691652298,129943
1299,0.08520696312189102,129942
1299,0.08552517741918564,129944
1299,0.08517400175333023,129945
1299,0.08700284361839294,129946
1299,0.08634655922651291,129947
1299,0.08805222809314728,129948
1299,0.08733276277780533,129949
1299,0.08589310944080353,129950
1299,0.08814211934804916,129951
886,0.0959831103682518,88642
886,0.09012164920568466,88643
886,0.08844224363565445,88644
886,0.0934891551733017,88645
886,0.09141715615987778,88647
886,0.09009421616792679,88648
886,0.0886162742972374,88646
886,0.09259820729494095,88649
886,0.09607874602079391,88650
886,0.0841798260807991,88651
827,0.09202487766742706,82742
827,0.09014473855495453,82743
827,0.08625210076570511,82744
827,0.0894550308585167,82745
827,0.0901934802532196,82746
827,0.08943427354097366,82747
827,0.08515210449695587,82748
827,0.09181369096040726,82749
827,0.09303513169288635,82750
474,0.1105361208319664,47442
827,0.0959804579615593,82751
474,0.08900704979896545,47443
474,0.09315530210733414,47444
474,0.09912179410457611,47445
474,0.10507306456565857,47446
474,0.0914929211139679,47447
474,0.1020522266626358,47448
474,0.09324565529823303,47449
474,0.10270672291517258,47451
474,0.09526313096284866,47450
949,0.0902208611369133,94942
949,0.09002756327390671,94943
949,0.08834134787321091,94944
949,0.09141184389591217,94945
949,0.09018433094024658,94946
949,0.09443707764148712,94947
949,0.08945464342832565,94948
949,0.0905035138130188,94949
949,0.08609242737293243,94950
949,0.09246009588241577,94951
772,0.0932212695479393,77242
772,0.09133930504322052,77243
772,0.09413155913352966,77244
772,0.09142877161502838,77245
772,0.09548206627368927,77246
772,0.09664574265480042,77247
772,0.08935275673866272,77249
772,0.09163764864206314,77248
178,0.11082107573747635,17842
772,0.09730934351682663,77251
772,0.09166150540113449,77250
178,0.1387508511543274,17844
178,0.12295377254486084,17843
178,0.12063639611005783,17845
178,0.1408364176750183,17847
178,0.12461717426776886,17846
178,0.1403817981481552,17849
178,0.11561895161867142,17848
178,0.1487102061510086,17850
178,0.1204204112291336,17851
1131,0.08674057573080063,113142
1131,0.08738311380147934,113143
1131,0.08612974733114243,113144
1131,0.08844031393527985,113145
1131,0.08855195343494415,113146
1131,0.08903378993272781,113147
1131,0.0896669402718544,113148
1131,0.08744993060827255,113149
1131,0.08638957887887955,113150
1131,0.08729946613311768,113151
1255,0.08623015135526657,125542
1255,0.0859050527215004,125543
1255,0.0869593545794487,125544
1255,0.08785830438137054,125545
1255,0.08626271784305573,125546
1255,0.08663580566644669,125547
1255,0.08653964847326279,125548
1255,0.08790634572505951,125549
1255,0.08581682294607162,125550
1255,0.08472470939159393,125551
358,0.10529819875955582,35842
358,0.1204923540353775,35843
358,0.0924888476729393,35844
358,0.10952011495828629,35845
358,0.10486632585525513,35846
358,0.09329961240291595,35847
358,0.10643551498651505,35848
358,0.10307756066322327,35849
358,0.10581987351179123,35850
358,0.10226075351238251,35851
719,0.09228099137544632,71942
719,0.09030110388994217,71943
719,0.08867261558771133,71944
719,0.09306088089942932,71945
719,0.09704478830099106,71947
719,0.0957992821931839,71946
719,0.09367453306913376,71948
719,0.09581015259027481,71949
719,0.09022314846515656,71950
719,0.09081258624792099,71951
545,0.0950731709599495,54542
545,0.09385823458433151,54543
545,0.09652364253997803,54544
545,0.11051810532808304,54545
545,0.09867134690284729,54547
545,0.09423099458217621,54546
545,0.09560012817382812,54548
545,0.09648533910512924,54549
545,0.08850017935037613,54550
545,0.09049947559833527,54551
1212,0.0878351479768753,121242
1212,0.0897962749004364,121243
1212,0.08574648946523666,121244
1212,0.08617538213729858,121245
1212,0.0902787446975708,121246
1212,0.08440329879522324,121247
1212,0.08710692077875137,121248
1212,0.08925806730985641,121249
1212,0.08803880214691162,121250
182,0.15145675837993622,18242
1212,0.08568954467773438,121251
182,0.1384318768978119,18243
182,0.12184476852416992,18244
182,0.10728353261947632,18245
182,0.12911443412303925,18246
182,0.12427063286304474,18247
182,0.12747064232826233,18248
182,0.1280870884656906,18249
182,0.11947815120220184,18250
182,0.11178779602050781,18251
671,0.09172488003969193,67142
671,0.09898106753826141,67143
671,0.0930836871266365,67145
671,0.09142907708883286,67144
671,0.09243535250425339,67146
671,0.10380655527114868,67148
671,0.09362176805734634,67147
671,0.08920656144618988,67149
671,0.09299309551715851,67150
671,0.09247542917728424,67151
427,0.09741408377885818,42742
427,0.10432768613100052,42743
427,0.09947188198566437,42744
427,0.1034214198589325,42745
427,0.10426250845193863,42746
427,0.10310239344835281,42747
427,0.0915665328502655,42748
427,0.10349056124687195,42749
427,0.09771767258644104,42751
427,0.11054106801748276,42750
856,0.08931107074022293,85644
856,0.09015099704265594,85643
856,0.0909312516450882,85642
856,0.08960415422916412,85645
856,0.10155396908521652,85646
856,0.10125352442264557,85647
856,0.08970573544502258,85648
856,0.09242433309555054,85649
856,0.09161905944347382,85650
918,0.0913967415690422,91842
856,0.0896310955286026,85651
918,0.08858169615268707,91843
918,0.08890167623758316,91844
918,0.089446060359478,91845
918,0.08903858065605164,91846
918,0.08487449586391449,91847
918,0.09019862115383148,91848
918,0.0897957906126976,91849
918,0.09027192741632462,91851
918,0.09135866910219193,91850
244,0.12151723355054855,24442
244,0.12485410273075104,24445
244,0.1312107890844345,24443
244,0.11536905169487,24444
244,0.12621331214904785,24446
244,0.12271548062562943,24448
244,0.13623596727848053,24447
244,0.11192510277032852,24449
244,0.12402346730232239,24451
244,0.09245731681585312,24450
491,0.0976075530052185,49142
491,0.1059320718050003,49143
491,0.1092052012681961,49144
491,0.08985774219036102,49145
491,0.09807026386260986,49146
491,0.1154235377907753,49147
491,0.10979583859443665,49148
491,0.1132582500576973,49149
491,0.09958121180534363,49150
491,0.09867210686206818,49151
983,0.08733996003866196,98342
983,0.08832795172929764,98343
983,0.08782526850700378,98344
983,0.08902451395988464,98345
983,0.08806723356246948,98346
983,0.08632636070251465,98347
983,0.08952383697032928,98348
983,0.09011014550924301,98349
800,0.10473401099443436,80042
983,0.08715161681175232,98350
983,0.08939861506223679,98351
800,0.09278466552495956,80044
800,0.0921631008386612,80045
800,0.08952998369932175,80043
800,0.08931922167539597,80046
800,0.09522730112075806,80047
800,0.09065507352352142,80048
800,0.10124135762453079,80051
800,0.09154089540243149,80049
800,0.09267968684434891,80050
371,0.09811557829380035,37142
371,0.10195650905370712,37143
371,0.09912767261266708,37144
371,0.09886302053928375,37145
371,0.09851787984371185,37146
371,0.11026915162801743,37147
371,0.12000229209661484,37150
371,0.09769466519355774,37148
371,0.09508353471755981,37149
371,0.09655588120222092,37151
1055,0.09279172122478485,105542
1055,0.08920197188854218,105543
1055,0.08585474640130997,105544
1055,0.08644811064004898,105545
1055,0.0878332331776619,105546
1055,0.08302315324544907,105547
1055,0.08829998970031738,105548
1055,0.0832943469285965,105549
1055,0.09200237691402435,105550
1055,0.08633244037628174,105551
745,0.09658721089363098,74542
745,0.09013236314058304,74545
745,0.0938122346997261,74544
745,0.09359341859817505,74543
745,0.08856294304132462,74548
745,0.09427420049905777,74547
745,0.08734174817800522,74546
745,0.08714846521615982,74549
745,0.08736362308263779,74550
745,0.09136099368333817,74551
312,0.10212109982967377,31242
312,0.12653999030590057,31244
312,0.10334090888500214,31243
312,0.1229037344455719,31245
312,0.11772029846906662,31246
312,0.0943731889128685,31247
312,0.10350053757429123,31248
312,0.10239163041114807,31249
312,0.10712400078773499,31250
312,0.10765828937292099,31251
625,0.09633177518844604,62542
625,0.09377506375312805,62543
625,0.08726991713047028,62544
625,0.09437856823205948,62545
625,0.09538038820028305,62546
625,0.09199971705675125,62547
625,0.10229528695344925,62548
625,0.09266727417707443,62549
625,0.09510877728462219,62550
625,0.0918799489736557,62551
564,0.08924787491559982,56442
564,0.09628839790821075,56443
564,0.09439443051815033,56444
564,0.09038151055574417,56445
564,0.10079343616962433,56447
564,0.09821150451898575,56446
564,0.09497258812189102,56448
564,0.09830309450626373,56449
564,0.10218179225921631,56450
188,0.13175822794437408,18842
188,0.11899436265230179,18843
564,0.0918741375207901,56451
188,0.1182565987110138,18844
188,0.12335970997810364,18845
188,0.11326408386230469,18846
188,0.1145789846777916,18847
188,0.11367416381835938,18849
188,0.11883971095085144,18848
188,0.12869013845920563,18850
188,0.11351805925369263,18851
695,0.08683527261018753,69542
695,0.08984097093343735,69544
695,0.10037683695554733,69545
695,0.08831894397735596,69543
695,0.09375886619091034,69547
695,0.0937129408121109,69546
695,0.09508451074361801,69548
695,0.10059228539466858,69550
695,0.09505002200603485,69549
695,0.09061197191476822,69551
253,0.12147374451160431,25342
253,0.11046373099088669,25343
253,0.1042201891541481,25344
253,0.13503926992416382,25346
253,0.10040182620286942,25345
253,0.09560821950435638,25347
253,0.1116814985871315,25348
253,0.12341848015785217,25349
253,0.0989399403333664,25350
253,0.10203729569911957,25351
508,0.09219051897525787,50842
508,0.10055143386125565,50843
508,0.1056620180606842,50844
508,0.11518923938274384,50845
508,0.09788378328084946,50846
508,0.0950537919998169,50847
508,0.10201900452375412,50848
508,0.1006564348936081,50849
508,0.11421628296375275,50850
191,0.1451490819454193,19143
508,0.10297387838363647,50851
191,0.10627962648868561,19142
191,0.15794210135936737,19145
191,0.12841883301734924,19144
191,0.15094339847564697,19147
191,0.1291518211364746,19146
191,0.1418861448764801,19148
191,0.13745245337486267,19150
191,0.13773488998413086,19149
191,0.12853124737739563,19151
384,0.11165798455476761,38443
384,0.10262750089168549,38442
384,0.1005629375576973,38445
384,0.10663795471191406,38444
384,0.11008474975824356,38446
384,0.12428504973649979,38447
384,0.10590037703514099,38448
384,0.10667774826288223,38449
384,0.11652204394340515,38450
384,0.09781374782323837,38451
323,0.11102917045354843,32342
323,0.1059185341000557,32343
323,0.12608763575553894,32344
323,0.10620119422674179,32345
323,0.09374242275953293,32346
323,0.101762555539608,32347
323,0.10476375371217728,32348
323,0.10828984528779984,32349
323,0.12182989716529846,32351
323,0.09775689989328384,32350
259,0.1105012446641922,25942
259,0.14419198036193848,25944
259,0.11789078265428543,25943
259,0.11701324582099915,25946
259,0.1093965396285057,25945
259,0.10767718404531479,25947
259,0.1140403002500534,25948
259,0.10050401836633682,25949
196,0.14063166081905365,19642
259,0.10123466700315475,25950
259,0.1088123619556427,25951
196,0.14090989530086517,19644
196,0.1357252299785614,19643
196,0.12707003951072693,19645
196,0.10914702713489532,19646
196,0.13247202336788177,19647
196,0.12218302488327026,19648
196,0.1296963095664978,19649
196,0.1216849833726883,19650
459,0.11921077966690063,45942
196,0.10645783692598343,19651
459,0.10004168748855591,45943
459,0.09921686351299286,45945
459,0.09522548317909241,45944
459,0.09280602633953094,45946
459,0.11619029194116592,45948
459,0.09096728265285492,45947
459,0.09399724751710892,45949
459,0.09801941365003586,45950
459,0.09234458208084106,45951
526,0.09658686816692352,52642
526,0.09696687757968903,52643
526,0.09421063214540482,52644
526,0.0960288792848587,52645
526,0.09820453822612762,52646
526,0.09275650233030319,52647
526,0.09519525617361069,52649
526,0.10682697594165802,52650
526,0.09264497458934784,52648
398,0.1168733462691307,39842
526,0.09705641865730286,52651
398,0.09541662037372589,39843
398,0.10415999591350555,39844
398,0.09761273860931396,39845
398,0.09444479644298553,39846
398,0.13504427671432495,39848
398,0.10321541875600815,39847
398,0.11281527578830719,39850
398,0.09327100217342377,39849
398,0.10235095769166946,39851
605,0.08410383760929108,60542
605,0.09722934663295746,60543
605,0.09869754314422607,60544
605,0.09125703573226929,60545
605,0.09154726564884186,60546
605,0.10381355881690979,60547
605,0.10312344133853912,60548
605,0.09724161028862,60549
605,0.10385746508836746,60550
202,0.15703003108501434,20242
605,0.09646769613027573,60551
202,0.1307501345872879,20243
202,0.12428515404462814,20244
202,0.12285596877336502,20245
202,0.12515351176261902,20246
202,0.09818888455629349,20248
202,0.15392355620861053,20247
202,0.13310304284095764,20251
202,0.10721605271100998,20249
202,0.12145292013883591,20250
271,0.1443806290626526,27144
271,0.1312274932861328,27143
271,0.10373680293560028,27142
271,0.09665586054325104,27145
271,0.12095910310745239,27146
271,0.10696450620889664,27147
271,0.10723178088665009,27149
271,0.10884371399879456,27148
271,0.11577584594488144,27150
205,0.1286294013261795,20542
271,0.1129150390625,27151
205,0.11372043937444687,20544
205,0.11300566792488098,20543
205,0.12686015665531158,20545
205,0.1319681853055954,20548
205,0.11606775969266891,20547
205,0.10789786279201508,20546
205,0.12233263999223709,20550
205,0.10670166462659836,20549
205,0.12024910002946854,20551
277,0.10881032794713974,27744
277,0.09881142526865005,27743
277,0.11042711138725281,27742
277,0.10896642506122589,27745
277,0.1221345067024231,27746
277,0.10778473317623138,27747
277,0.11638828366994858,27748
277,0.11312032490968704,27749
277,0.11835009604692459,27750
347,0.1360929012298584,34742
277,0.1143428161740303,27751
347,0.11215434223413467,34743
347,0.11702798306941986,34744
347,0.10549087822437286,34745
347,0.11731348931789398,34746
347,0.107488714158535,34747
347,0.10643593221902847,34748
347,0.10883613675832748,34749
347,0.1131381019949913,34750
347,0.11180717498064041,34751
210,0.11730414628982544,21043
210,0.12044501304626465,21042
210,0.12434061616659164,21044
210,0.13207970559597015,21046
210,0.12673930823802948,21045
210,0.14467303454875946,21047
210,0.11216073483228683,21048
210,0.11787336319684982,21049
210,0.1619725227355957,21051
210,0.10819343477487564,21050
281,0.14533115923404694,28143
281,0.10401521623134613,28142
281,0.10697398334741592,28144
281,0.10323086380958557,28145
281,0.11250182241201401,28146
281,0.09905944764614105,28147
281,0.10230579227209091,28148
281,0.10489456355571747,28149
213,0.1785101592540741,21342
281,0.10215875506401062,28150
281,0.10797532647848129,28151
213,0.1068936437368393,21343
213,0.13198032975196838,21345
213,0.16283106803894043,21346
213,0.11630811542272568,21344
213,0.10698818415403366,21347
213,0.1447894126176834,21348
213,0.10267836600542068,21349
213,0.10557466745376587,21350
213,0.12796607613563538,21351
217,0.13083681464195251,21742
217,0.14438290894031525,21743
217,0.10803838074207306,21745
217,0.11769358813762665,21744
217,0.12053627520799637,21746
217,0.12377695739269257,21747
217,0.11403373628854752,21749
217,0.11327817291021347,21748
217,0.12540355324745178,21750
217,0.10912905633449554,21751
220,0.13594934344291687,22042
220,0.10495488345623016,22043
220,0.12060028314590454,22045
220,0.12297750264406204,22044
220,0.13808181881904602,22046
220,0.11013678461313248,22047
220,0.1141984835267067,22048
220,0.120794378221035,22049
220,0.12394233047962189,22050
220,0.11105970293283463,22051
297,0.10365885496139526,29742
297,0.1252659261226654,29744
297,0.09580650180578232,29743
297,0.10563390702009201,29745
297,0.10467874258756638,29746
297,0.0911729708313942,29747
297,0.11680272966623306,29748
297,0.11427594721317291,29749
297,0.11199244111776352,29750
297,0.10395202785730362,29751
225,0.10776618868112564,22542
225,0.11401240527629852,22543
225,0.12257688492536545,22544
225,0.10949587821960449,22546
225,0.11787282675504684,22545
225,0.11770658195018768,22547
225,0.10625617206096649,22548
225,0.13707537949085236,22550
225,0.10567407310009003,22549
225,0.1231437474489212,22551
301,0.10705002397298813,30143
301,0.12028586119413376,30142
301,0.1370992809534073,30144
301,0.12588346004486084,30145
301,0.10304974019527435,30146
301,0.09649644792079926,30147
301,0.11836987733840942,30148
301,0.12933288514614105,30149
301,0.1205570250749588,30151
301,0.10594118386507034,30150
228,0.1018795520067215,22842
228,0.13980326056480408,22843
228,0.12004804611206055,22844
228,0.10763644427061081,22845
228,0.12912501394748688,22847
228,0.10684311389923096,22846
228,0.11871369928121567,22850
228,0.10878965258598328,22848
228,0.11607756465673447,22849
307,0.10418691486120224,30743
307,0.10052737593650818,30742
228,0.12806272506713867,22851
307,0.09787259995937347,30744
307,0.11061788350343704,30746
307,0.11420395225286484,30745
307,0.12699289619922638,30749
307,0.13020990788936615,30747
307,0.11023382842540741,30748
307,0.11529556661844254,30750
232,0.11913738399744034,23242
307,0.10915131866931915,30751
232,0.1386050432920456,23243
232,0.11558714509010315,23245
232,0.1257576048374176,23244
232,0.13050030171871185,23248
232,0.11353598535060883,23246
232,0.11518745869398117,23247
232,0.12478291988372803,23250
232,0.11081685870885849,23249
232,0.1158398687839508,23251
393,0.10103997588157654,39342
393,0.10070523619651794,39343
393,0.09962229430675507,39344
393,0.12148325890302658,39345
393,0.09812662750482559,39346
393,0.10991936177015305,39348
393,0.12196796387434006,39347
393,0.10461880266666412,39349
393,0.10383917391300201,39350
236,0.14346539974212646,23642
393,0.0957617312669754,39351
236,0.12232951074838638,23643
236,0.12154238671064377,23644
236,0.1024615466594696,23645
236,0.12175694853067398,23646
236,0.11236600577831268,23647
236,0.10921395570039749,23648
236,0.10559199005365372,23649
236,0.11029912531375885,23650
236,0.12219533324241638,23651
318,0.11739305406808853,31844
318,0.10339007526636124,31843
318,0.09466231614351273,31842
318,0.12082617729902267,31845
318,0.10611183196306229,31846
318,0.10007935762405396,31847
318,0.11975334584712982,31848
318,0.10655821114778519,31849
318,0.11402656883001328,31850
318,0.11624524742364883,31851
241,0.11341916769742966,24142
241,0.11965218186378479,24143
241,0.1274876743555069,24144
241,0.12489642202854156,24146
241,0.11716298758983612,24145
241,0.12099013477563858,24147
241,0.13670086860656738,24148
241,0.1198834627866745,24150
241,0.10865712910890579,24149
241,0.10451647639274597,24151
245,0.1142692118883133,24542
245,0.11335154622793198,24543
245,0.1172984316945076,24544
245,0.13665737211704254,24545
245,0.14335501194000244,24547
245,0.11499761044979095,24546
245,0.1297568827867508,24548
245,0.12635549902915955,24549
245,0.12474853545427322,24550
245,0.12682068347930908,24551
329,0.11483579128980637,32942
329,0.10665257275104523,32943
329,0.12620918452739716,32944
329,0.11923032253980637,32945
329,0.11193495988845825,32947
329,0.1023474931716919,32946
329,0.11028503626585007,32948
329,0.10654965043067932,32949
329,0.10855259001255035,32950
329,0.12055153399705887,32951
250,0.10293155908584595,25042
250,0.11877646297216415,25043
250,0.13387702405452728,25044
250,0.13048401474952698,25046
250,0.11047805845737457,25045
250,0.12032992392778397,25047
250,0.11184116452932358,25049
250,0.1311904937028885,25048
250,0.11295703798532486,25050
250,0.10609890520572662,25051
335,0.09791430085897446,33542
335,0.11027659475803375,33543
335,0.1167389452457428,33544
335,0.1046905368566513,33545
335,0.10158123075962067,33546
335,0.11557843536138535,33548
335,0.09239036589860916,33547
335,0.1279968023300171,33549
335,0.10858985036611557,33551
335,0.10433830320835114,33550
421,0.1008862555027008,42142
421,0.13054628670215607,42145
421,0.1114404946565628,42144
421,0.09433549642562866,42143
421,0.10415016114711761,42146
421,0.09704124927520752,42147
421,0.09794199466705322,42148
421,0.10700720548629761,42149
421,0.09554494917392731,42150
421,0.09516836702823639,42151
254,0.11450032889842987,25442
254,0.10588135570287704,25443
254,0.11512283235788345,25444
254,0.12009745836257935,25446
254,0.11505279690027237,25445
254,0.1006522849202156,25447
254,0.12097028642892838,25448
254,0.11269408464431763,25449
342,0.12715038657188416,34242
254,0.1350373923778534,25451
254,0.10216942429542542,25450
342,0.1136637032032013,34243
342,0.10391920059919357,34244
342,0.09953030198812485,34245
342,0.10851472616195679,34246
342,0.1017318144440651,34247
342,0.10235703736543655,34248
342,0.11610525101423264,34249
342,0.1064862534403801,34250
519,0.10676596313714981,51942
342,0.09569713473320007,34251
519,0.1045800969004631,51943
519,0.10964340716600418,51944
519,0.10019321739673615,51945
519,0.10700813680887222,51946
519,0.09527940303087234,51947
519,0.08732043206691742,51948
519,0.09678913652896881,51949
519,0.1098828911781311,51950
260,0.13067160546779633,26042
519,0.09498031437397003,51951
260,0.10330845415592194,26043
260,0.1079704686999321,26045
260,0.11099780350923538,26044
260,0.11497921496629715,26046
260,0.12171165645122528,26047
260,0.10438340157270432,26048
260,0.11739057302474976,26049
260,0.12208463251590729,26050
260,0.12132962793111801,26051
436,0.09567268937826157,43643
436,0.1018896996974945,43642
436,0.10866978019475937,43644
436,0.1101687103509903,43645
436,0.09703180193901062,43646
436,0.09584183245897293,43647
436,0.1118057370185852,43648
436,0.10604771226644516,43649
436,0.09677407890558243,43650
263,0.12226706743240356,26342
436,0.09207692742347717,43651
263,0.11789627373218536,26343
263,0.11914360523223877,26344
263,0.13527747988700867,26345
263,0.11199028044939041,26347
263,0.11811985075473785,26346
263,0.11515118926763535,26348
263,0.12820500135421753,26349
263,0.11431100219488144,26350
263,0.12460006773471832,26351
353,0.11665881425142288,35342
353,0.11273697018623352,35344
353,0.10203152149915695,35343
353,0.10966421663761139,35345
353,0.1060195043683052,35346
353,0.10185471177101135,35347
353,0.1390722244977951,35349
353,0.106560617685318,35348
353,0.11653881520032883,35350
444,0.09398549795150757,44442
353,0.1076182872056961,35351
444,0.09316455572843552,44443
444,0.09830456972122192,44444
444,0.10102006793022156,44445
444,0.09851592034101486,44446
444,0.11285462975502014,44447
444,0.10182642936706543,44448
444,0.09376907348632812,44449
444,0.11587995290756226,44450
268,0.13917692005634308,26842
444,0.09160570055246353,44451
268,0.11387624591588974,26843
268,0.12624244391918182,26844
268,0.12697185575962067,26845
268,0.12130378931760788,26846
268,0.12758974730968475,26847
268,0.1426873654127121,26848
268,0.13321779668331146,26850
268,0.12745867669582367,26849
268,0.11501294374465942,26851
537,0.09931009262800217,53742
537,0.09732038527727127,53743
537,0.09418179094791412,53744
537,0.10969246178865433,53746
537,0.11445318907499313,53745
537,0.10507325828075409,53749
537,0.09650819003582001,53748
537,0.09385446459054947,53747
359,0.13155296444892883,35942
537,0.09384778887033463,53750
537,0.08966584503650665,53751
359,0.11619432270526886,35943
359,0.1056591272354126,35944
359,0.09656881541013718,35945
359,0.10159388184547424,35946
359,0.09497002512216568,35947
359,0.10921528190374374,35948
359,0.10813380032777786,35949
359,0.11208461970090866,35950
359,0.10723032802343369,35951
453,0.10402611643075943,45342
453,0.10352950543165207,45343
453,0.09481406211853027,45344
453,0.11648783832788467,45346
453,0.10483895987272263,45345
453,0.1263493001461029,45349
453,0.10415995121002197,45347
453,0.09752893447875977,45348
453,0.12729264795780182,45350
272,0.12808896601200104,27242
453,0.09051720798015594,45351
272,0.10950703173875809,27244
272,0.11742936819791794,27243
272,0.11404747515916824,27245
272,0.10861676931381226,27246
272,0.09112346172332764,27247
272,0.12547262012958527,27248
272,0.11669759452342987,27249
272,0.11246078461408615,27250
272,0.10662797838449478,27251
639,0.09675756841897964,63942
639,0.09041330218315125,63943
639,0.09994378685951233,63944
639,0.10071663558483124,63946
639,0.09288497269153595,63945
639,0.08959435671567917,63947
639,0.10366218537092209,63948
639,0.09701742976903915,63949
366,0.11905588954687119,36642
639,0.09811948239803314,63951
639,0.092277392745018,63950
366,0.11249218136072159,36644
366,0.09794202446937561,36643
366,0.11100263148546219,36645
366,0.1288907378911972,36647
366,0.09415362775325775,36646
366,0.09935203939676285,36648
366,0.10428459197282791,36649
366,0.10486621409654617,36650
366,0.11257331073284149,36651
735,0.09229442477226257,73542
735,0.08940107375383377,73543
735,0.08844184875488281,73544
735,0.09454955160617828,73545
735,0.09178899228572845,73546
735,0.09295909851789474,73547
735,0.10152138769626617,73548
735,0.09457807242870331,73549
735,0.09000470489263535,73550
735,0.08943097293376923,73551
278,0.09660274535417557,27842
278,0.11471249908208847,27843
278,0.11642681062221527,27844
278,0.11526814103126526,27845
278,0.1237395852804184,27847
278,0.10223928838968277,27846
278,0.1060224175453186,27848
278,0.1197003722190857,27849
278,0.09737826138734818,27850
278,0.11832191795110703,27851
556,0.09183591604232788,55642
556,0.09837298095226288,55644
556,0.0962807834148407,55643
556,0.09646178036928177,55645
556,0.09322339296340942,55646
556,0.1023842915892601,55647
556,0.10038881003856659,55649
556,0.1141001507639885,55648
556,0.09342951327562332,55650
556,0.10082907974720001,55651
372,0.09786813706159592,37242
372,0.10983531922101974,37243
372,0.11600788682699203,37245
372,0.11210176348686218,37246
372,0.10827182978391647,37244
372,0.12762218713760376,37247
372,0.11119730770587921,37249
372,0.1112908199429512,37248
372,0.09644577652215958,37250
372,0.12563879787921906,37251
468,0.11156034469604492,46842
468,0.11480893939733505,46843
468,0.09951228648424149,46844
468,0.09204412251710892,46846
468,0.0955469161272049,46845
468,0.09187137335538864,46847
468,0.09986374527215958,46848
468,0.10084868222475052,46849
468,0.09867428988218307,46850
282,0.11842995136976242,28242
468,0.09400319308042526,46851
282,0.10095599293708801,28243
282,0.13382962346076965,28245
282,0.11070391535758972,28244
282,0.12485463917255402,28246
282,0.12109208852052689,28247
282,0.10651276260614395,28248
282,0.10985789448022842,28249
282,0.09721722453832626,28250
282,0.1194658949971199,28251
662,0.0886302962899208,66242
662,0.09182426333427429,66243
662,0.09501136094331741,66244
662,0.08687740564346313,66245
662,0.10195250809192657,66247
662,0.0980573520064354,66246
662,0.09577615559101105,66248
662,0.09247779846191406,66249
662,0.09191758930683136,66250
662,0.09509608149528503,66251
379,0.09926366060972214,37942
379,0.11857349425554276,37944
379,0.10374870151281357,37943
379,0.10353318601846695,37945
379,0.10478133708238602,37947
379,0.10551491379737854,37946
379,0.09281500428915024,37948
379,0.10059257596731186,37949
379,0.10522617399692535,37950
379,0.10458193719387054,37951
761,0.08835768699645996,76142
761,0.09061247110366821,76143
761,0.0905250757932663,76144
761,0.09024737030267715,76145
761,0.0913059413433075,76147
761,0.09067311882972717,76146
761,0.08924014121294022,76148
761,0.08958178758621216,76149
761,0.09137799590826035,76150
761,0.08774883300065994,76151
476,0.10034139454364777,47642
476,0.09846349060535431,47644
476,0.09786193817853928,47643
476,0.09685295820236206,47645
476,0.10166716575622559,47646
476,0.0990028828382492,47647
476,0.11022379994392395,47649
476,0.0916881412267685,47648
476,0.09873609989881516,47650
476,0.09698286652565002,47651
287,0.10922101885080338,28742
287,0.12016812711954117,28744
287,0.09824178367853165,28743
287,0.11779435724020004,28745
287,0.14023122191429138,28748
287,0.11004926264286041,28746
287,0.10228490084409714,28747
287,0.10664159059524536,28749
287,0.10889094322919846,28750
287,0.11820045858621597,28751
576,0.09635808318853378,57642
576,0.09935995936393738,57643
576,0.09696610271930695,57644
576,0.1077161431312561,57645
576,0.09724599868059158,57647
576,0.0929558277130127,57646
576,0.09795992821455002,57648
576,0.09067484736442566,57649
576,0.10552071034908295,57651
576,0.09468774497509003,57650
385,0.11409659683704376,38543
385,0.09812784940004349,38542
385,0.09735698997974396,38544
385,0.09381825476884842,38546
385,0.09933687001466751,38545
385,0.09654335677623749,38547
385,0.11804162710905075,38548
385,0.1036795973777771,38549
385,0.10429977625608444,38550
385,0.12247518450021744,38551
485,0.09848034381866455,48542
485,0.09224279224872589,48544
485,0.09598032385110855,48543
485,0.09670902043581009,48545
485,0.11705407500267029,48547
485,0.09837532043457031,48546
485,0.09802830219268799,48548
485,0.10506350547075272,48549
485,0.12498708069324493,48551
485,0.09533864259719849,48550
970,0.08645651489496231,97042
970,0.09024107456207275,97043
970,0.08997493982315063,97044
970,0.08898147195577621,97045
970,0.08876336365938187,97046
970,0.08888906985521317,97047
970,0.08909066766500473,97048
970,0.08785203844308853,97050
970,0.09252702444791794,97049
970,0.09050337970256805,97051
292,0.1136237382888794,29242
292,0.10230755805969238,29243
292,0.10786996781826019,29244
292,0.11246855556964874,29245
292,0.11174764484167099,29246
292,0.11660350114107132,29247
292,0.10904448479413986,29248
292,0.122113436460495,29250
292,0.10603336244821548,29249
292,0.09984222054481506,29251
586,0.10269244760274887,58642
586,0.09688390791416168,58643
586,0.09584777057170868,58644
586,0.09559443593025208,58645
586,0.10034139454364777,58646
586,0.09548360109329224,58647
586,0.10354563593864441,58649
586,0.09189585596323013,58648
586,0.09576436877250671,58650
586,0.10044132173061371,58651
686,0.08926468342542648,68642
686,0.09275852143764496,68643
686,0.09230692684650421,68644
686,0.09659068286418915,68645
686,0.10496094822883606,68646
686,0.09689655154943466,68647
686,0.09259764850139618,68648
686,0.09051360189914703,68649
686,0.09230374544858932,68650
686,0.0987977385520935,68651
493,0.10055261105298996,49342
493,0.10727781057357788,49343
493,0.09074694663286209,49344
493,0.08972565084695816,49345
493,0.09157279133796692,49346
493,0.11323700100183487,49347
493,0.10264693200588226,49348
493,0.09293723106384277,49349
493,0.09768109023571014,49350
493,0.09076374024152756,49351
789,0.09551499038934708,78942
789,0.0923810750246048,78943
789,0.09055278450250626,78944
789,0.09540321677923203,78945
789,0.09205718338489532,78946
789,0.08890406042337418,78948
789,0.09026609361171722,78947
789,0.09366860240697861,78949
789,0.09142832458019257,78950
789,0.08873653411865234,78951
298,0.11733238399028778,29842
298,0.10838170349597931,29843
298,0.1152108758687973,29844
298,0.10129283368587494,29845
298,0.11442151665687561,29846
298,0.1134844496846199,29847
298,0.10774780809879303,29848
298,0.10293713957071304,29849
298,0.10570037364959717,29850
298,0.11094825714826584,29851
597,0.10909968614578247,59743
597,0.09143464267253876,59742
597,0.0951567068696022,59744
597,0.09332767874002457,59745
597,0.09869670122861862,59746
597,0.10114613175392151,59747
597,0.1087980568408966,59749
597,0.09342027455568314,59748
597,0.10719145834445953,59750
597,0.09870204329490662,59751
1196,0.08663810044527054,119642
1196,0.08591152727603912,119643
1196,0.08753253519535065,119644
1196,0.08664599806070328,119645
1196,0.08580151200294495,119646
1196,0.08902786672115326,119647
1196,0.08565869927406311,119648
1196,0.08533342182636261,119649
1196,0.0876874178647995,119650
399,0.13484007120132446,39942
1196,0.08663128316402435,119651
399,0.1153336614370346,39943
399,0.10033871233463287,39944
399,0.10589738190174103,39945
399,0.10522473603487015,39947
399,0.10879915952682495,39946
399,0.09638496488332748,39948
399,0.11348918080329895,39949
399,0.12278126180171967,39950
399,0.10267539322376251,39951
502,0.10140585899353027,50242
502,0.10617738217115402,50243
502,0.09877196699380875,50244
502,0.09864432364702225,50245
502,0.10316630452871323,50246
502,0.08991143852472305,50247
502,0.10111568123102188,50248
502,0.1027214303612709,50249
502,0.09261373430490494,50250
502,0.09530994296073914,50251
1004,0.09072303771972656,100442
1004,0.09059951454401016,100445
1004,0.08700025081634521,100443
1004,0.09327277541160583,100444
1004,0.08901555836200714,100447
1004,0.0893218070268631,100446
1004,0.08992832154035568,100448
1004,0.08998990803956985,100449
1004,0.08799747377634048,100450
1004,0.0926271378993988,100451
906,0.09561171382665634,90643
906,0.0890134945511818,90642
906,0.09053439646959305,90644
906,0.08991609513759613,90645
906,0.09226495027542114,90646
906,0.08531183749437332,90647
906,0.09133836627006531,90648
906,0.0871022492647171,90649
906,0.0907873809337616,90650
302,0.12275202572345734,30242
906,0.08862923830747604,90651
302,0.10077337920665741,30243
302,0.09246543794870377,30244
302,0.09731972962617874,30245
302,0.12000714987516403,30246
302,0.10616602748632431,30247
302,0.0971168577671051,30248
302,0.11133362352848053,30249
302,0.10041967034339905,30250
302,0.08862610161304474,30251
710,0.09303204715251923,71042
710,0.09090697020292282,71043
710,0.08653930574655533,71044
710,0.09239185601472855,71045
710,0.08997340500354767,71046
710,0.08901288360357285,71047
710,0.0853613018989563,71048
710,0.09408034384250641,71049
710,0.09055498987436295,71050
710,0.09162703156471252,71051
1116,0.08678889274597168,111642
1116,0.08723154664039612,111643
1116,0.0897129625082016,111644
1116,0.08468856662511826,111645
1116,0.0879945158958435,111646
1116,0.0908336415886879,111647
1116,0.08953792601823807,111649
1116,0.0855298638343811,111648
1116,0.0849706158041954,111650
406,0.09924902021884918,40642
1116,0.0890498235821724,111651
406,0.09487918764352798,40643
406,0.11200690269470215,40644
406,0.09628775715827942,40645
406,0.11087486892938614,40647
406,0.09709129482507706,40646
406,0.12516553699970245,40649
406,0.09461098909378052,40648
406,0.10637497156858444,40650
406,0.09849634021520615,40651
510,0.0992889404296875,51042
510,0.09960640966892242,51044
510,0.09605466574430466,51043
510,0.10411353409290314,51045
510,0.10490148514509201,51046
510,0.09531251341104507,51047
510,0.11360504478216171,51048
510,0.09465090930461884,51049
510,0.10436772555112839,51050
510,0.0965777114033699,51051
816,0.08813349902629852,81642
816,0.08527154475450516,81643
816,0.09072823077440262,81644
816,0.090324267745018,81646
816,0.08699828386306763,81645
816,0.09490083158016205,81647
816,0.0926249697804451,81649
816,0.08540111780166626,81648
816,0.09690497815608978,81650
816,0.08989548683166504,81651
1328,0.08563604205846786,132842
1328,0.08644024282693863,132843
1328,0.08664800226688385,132844
1328,0.08780624717473984,132845
1328,0.08603894710540771,132846
1328,0.08583211153745651,132847
1328,0.08676672726869583,132849
1328,0.08590880036354065,132848
1022,0.08897534012794495,102242
1328,0.0846991315484047,132850
1328,0.08687007427215576,132851
1022,0.09156768023967743,102244
1022,0.08904243260622025,102243
1022,0.08615023642778397,102245
1022,0.08982756733894348,102246
1022,0.08880429714918137,102247
1022,0.08707466721534729,102248
1022,0.08859691768884659,102249
1022,0.09499233216047287,102251
1022,0.08859166502952576,102250
308,0.11439099907875061,30842
308,0.10874440521001816,30843
308,0.11239709705114365,30844
308,0.10634637624025345,30846
308,0.10325015336275101,30845
308,0.11557945609092712,30847
308,0.13599064946174622,30848
308,0.11533983051776886,30850
308,0.10551157593727112,30849
308,0.10290822386741638,30851
617,0.0928000882267952,61743
617,0.08835417777299881,61742
617,0.09070905297994614,61744
617,0.0998673141002655,61745
617,0.09658125042915344,61746
617,0.08879589289426804,61747
617,0.0919148176908493,61748
617,0.0861576721072197,61749
617,0.09509754180908203,61750
617,0.09467153251171112,61751
722,0.1066427230834961,72243
722,0.09155932068824768,72242
722,0.09219527244567871,72244
722,0.09739349782466888,72246
722,0.09488678723573685,72245
722,0.08818971365690231,72247
722,0.0963830053806305,72248
722,0.09328620135784149,72249
722,0.09654771536588669,72251
722,0.09607275575399399,72250
1238,0.08612940460443497,123842
1238,0.08581866323947906,123843
1238,0.08927923440933228,123844
1238,0.08455675840377808,123845
1238,0.08647023886442184,123846
1238,0.08772225677967072,123847
1238,0.08961298316717148,123848
1238,0.08819948136806488,123849
1238,0.08794289827346802,123850
1238,0.08926424384117126,123851
413,0.10816396027803421,41342
413,0.09163492918014526,41343
413,0.10869189351797104,41344
413,0.10431254655122757,41345
413,0.11711233109235764,41347
413,0.11041169613599777,41346
413,0.11111363768577576,41349
413,0.10189719498157501,41348
413,0.09885761141777039,41350
413,0.10692700743675232,41351
830,0.09563403576612473,83042
830,0.08470212668180466,83043
830,0.09111432731151581,83044
830,0.09521857649087906,83047
830,0.09429716318845749,83046
830,0.09523920714855194,83045
830,0.0962815061211586,83048
830,0.09069735556840897,83049
830,0.0949152484536171,83050
937,0.08858510851860046,93742
830,0.09197204560041428,83051
937,0.09169585257768631,93743
937,0.09232060611248016,93745
937,0.0978371724486351,93744
937,0.08845452219247818,93746
937,0.08751892298460007,93747
937,0.09364885091781616,93748
937,0.09219075739383698,93749
937,0.08776839822530746,93750
937,0.09124670922756195,93751
1041,0.08750879019498825,104142
1041,0.08720988780260086,104143
1041,0.08922092616558075,104144
1041,0.09386783838272095,104145
1041,0.08678790926933289,104146
1041,0.08787111937999725,104147
1041,0.0888434499502182,104148
1041,0.08603932708501816,104149
1041,0.08751460909843445,104150
1041,0.08566244691610336,104151
313,0.11566631495952606,31343
313,0.10152984410524368,31342
313,0.10345680266618729,31344
313,0.1228102520108223,31346
313,0.11138144135475159,31345
313,0.12151426076889038,31348
313,0.09356530755758286,31347
313,0.12627463042736053,31349
313,0.1050315722823143,31350
313,0.10415319353342056,31351
627,0.09332835674285889,62742
627,0.09285843372344971,62743
627,0.09400620311498642,62744
627,0.09094701707363129,62745
627,0.10091216117143631,62746
627,0.09614884853363037,62747
627,0.08900295197963715,62748
627,0.09268252551555634,62749
627,0.1064702644944191,62750
627,0.09057240188121796,62751
1155,0.08963507413864136,115542
1155,0.08634482324123383,115543
1155,0.08579349517822266,115544
1155,0.0865333154797554,115545
1155,0.0878700241446495,115546
1155,0.08756308257579803,115547
1155,0.08838879317045212,115548
1155,0.08702924102544785,115550
1155,0.08658074587583542,115549
1155,0.08616100251674652,115551
528,0.08887184411287308,52843
528,0.10098586976528168,52842
528,0.09029689431190491,52844
528,0.09504582732915878,52845
528,0.0943041741847992,52846
528,0.08679026365280151,52847
528,0.10385984927415848,52849
528,0.10292168706655502,52848
528,0.1040404811501503,52851
528,0.09428491443395615,52850
845,0.09144982695579529,84542
845,0.09064287692308426,84543
845,0.09839288890361786,84545
845,0.08821739256381989,84544
845,0.09139297902584076,84546
845,0.08553563058376312,84547
845,0.089057557284832,84548
845,0.09831350296735764,84549
845,0.0884551852941513,84550
845,0.09155052155256271,84551
1376,0.0851082131266594,137642
1376,0.0850365161895752,137643
1376,0.08587361872196198,137644
1376,0.08634696900844574,137645
1376,0.08693530410528183,137646
1376,0.08522891253232956,137647
1376,0.08492948114871979,137648
1376,0.08687907457351685,137650
1376,0.0845106765627861,137649
1376,0.08356531709432602,137651
953,0.08551240712404251,95343
953,0.08912402391433716,95342
953,0.08699695765972137,95344
953,0.08865856379270554,95345
953,0.09238386899232864,95346
953,0.08935943990945816,95347
953,0.09166594594717026,95348
953,0.0902194082736969,95349
953,0.08858432620763779,95350
953,0.09153750538825989,95351
319,0.10369621217250824,31942
319,0.1217714175581932,31943
319,0.10579225420951843,31944
319,0.10623713582754135,31946
319,0.11174703389406204,31947
319,0.0973891094326973,31945
319,0.12032569944858551,31948
319,0.11330614984035492,31949
319,0.10481734573841095,31950
319,0.10091256350278854,31951
1175,0.0906921923160553,117542
1175,0.086112841963768,117543
1175,0.08853521943092346,117544
1175,0.08313995599746704,117545
1175,0.08740514516830444,117546
1175,0.08487992733716965,117547
1175,0.0868363007903099,117548
1175,0.08758153766393661,117549
1175,0.08712117373943329,117550
1175,0.08811762928962708,117551
1282,0.0849108025431633,128242
1282,0.0858091413974762,128243
1282,0.08621129393577576,128244
1282,0.08698864281177521,128245
1282,0.08680566400289536,128246
1282,0.08806601166725159,128247
1282,0.08681593090295792,128248
1282,0.08687330037355423,128249
1282,0.08549252897500992,128250
1282,0.08660535514354706,128251
748,0.09190493822097778,74842
748,0.09257595241069794,74843
748,0.09581246972084045,74844
748,0.08960751444101334,74845
748,0.09485021233558655,74846
748,0.0949711725115776,74847
748,0.092830128967762,74848
748,0.09890195727348328,74849
748,0.09706743061542511,74850
748,0.10372544825077057,74851
428,0.10857479274272919,42843
428,0.10149894654750824,42842
428,0.10457199066877365,42844
428,0.10035860538482666,42845
428,0.09887630492448807,42847
428,0.09598874300718307,42846
428,0.1105085015296936,42849
428,0.09753624349832535,42848
428,0.09923407435417175,42850
428,0.11094716936349869,42851
859,0.09311796724796295,85942
859,0.08630768954753876,85943
859,0.08614639192819595,85944
859,0.08929026871919632,85945
859,0.09322051703929901,85947
859,0.08633611351251602,85946
859,0.08695302158594131,85948
859,0.093926802277565,85949
859,0.09331610798835754,85950
859,0.0895538479089737,85951
1077,0.09148459136486053,107742
1077,0.08754158020019531,107744
1077,0.08640643209218979,107743
1077,0.08801115304231644,107745
1077,0.08954968303442001,107746
1077,0.08895736932754517,107747
1077,0.09179483354091644,107748
1077,0.08772198855876923,107749
1077,0.09259174764156342,107750
324,0.1121058464050293,32443
324,0.10787629336118698,32442
1077,0.091768778860569,107751
324,0.10975470393896103,32445
324,0.10921092331409454,32444
324,0.10822855681180954,32446
324,0.13184493780136108,32448
324,0.12166798859834671,32449
324,0.09722570329904556,32447
324,0.12205587327480316,32450
324,0.125388503074646,32451
650,0.0905643180012703,65042
650,0.09484437853097916,65044
650,0.08869396150112152,65043
650,0.09148471057415009,65045
650,0.1090129017829895,65046
650,0.09126665443181992,65047
650,0.09456871449947357,65049
650,0.08886808156967163,65048
650,0.0927102118730545,65050
650,0.09464437514543533,65051
1304,0.0850508064031601,130442
1304,0.0888749212026596,130443
1304,0.08461764454841614,130444
1304,0.08673961460590363,130446
1304,0.08450628072023392,130445
1304,0.08660092949867249,130447
1304,0.08658067137002945,130448
1304,0.08510506898164749,130449
1304,0.08841031789779663,130450
874,0.08541765064001083,87442
1304,0.08727098256349564,130451
874,0.09047684073448181,87443
874,0.08879291266202927,87444
874,0.08739924430847168,87445
874,0.10963846743106842,87446
874,0.08628992736339569,87447
874,0.0872681736946106,87449
874,0.08891157060861588,87448
874,0.09213529527187347,87450
874,0.09034997224807739,87451
547,0.10541964322328568,54742
547,0.09704338759183884,54743
547,0.09266164153814316,54744
547,0.08881032466888428,54745
547,0.09589514881372452,54746
547,0.10207780450582504,54747
547,0.0959710031747818,54748
547,0.09632822871208191,54749
547,0.10257308930158615,54750
547,0.09530385583639145,54751
1096,0.08817888051271439,109642
1096,0.08625234663486481,109643
1096,0.08850876241922379,109644
1096,0.08542942255735397,109645
1096,0.08744606375694275,109646
1096,0.08929676562547684,109647
1096,0.08803755789995193,109648
1096,0.08784443140029907,109649
1096,0.08591166138648987,109650
1096,0.08546038717031479,109651
987,0.08820183575153351,98742
987,0.08709784597158432,98743
987,0.0871463418006897,98744
987,0.09099692851305008,98745
987,0.08559509366750717,98746
987,0.09108317643404007,98747
987,0.08519219607114792,98749
987,0.08936154842376709,98748
987,0.09220682829618454,98750
987,0.08832208812236786,98751
330,0.10684911161661148,33042
330,0.10405869781970978,33043
330,0.10299991816282272,33045
330,0.10505836457014084,33044
330,0.13843689858913422,33048
330,0.09853627532720566,33047
330,0.11208079010248184,33046
330,0.11244102567434311,33051
330,0.10927270352840424,33050
330,0.10515648126602173,33049
1217,0.09161873906850815,121743
1217,0.08787483721971512,121744
1217,0.08760568499565125,121742
1217,0.08800549060106277,121745
1217,0.08660094439983368,121746
1217,0.08489852398633957,121747
1217,0.08512816578149796,121748
1217,0.08502641320228577,121749
1217,0.08501719683408737,121750
775,0.09272585809230804,77542
1217,0.08518865704536438,121751
775,0.08976810425519943,77543
775,0.08968779444694519,77545
775,0.09159871935844421,77544
775,0.09251126646995544,77546
775,0.0932403951883316,77547
775,0.08770913630723953,77548
775,0.09154045581817627,77549
775,0.09139557182788849,77550
775,0.09105084836483002,77551
889,0.09006284177303314,88942
889,0.08739739656448364,88943
889,0.09114855527877808,88944
889,0.09276498109102249,88945
889,0.09015432745218277,88946
889,0.08809222280979156,88947
889,0.09107597917318344,88948
889,0.09328841418027878,88949
889,0.09167563170194626,88951
889,0.08977639675140381,88950
782,0.08847162127494812,78242
782,0.09387639909982681,78243
782,0.0867227166891098,78245
782,0.08704354614019394,78244
782,0.09694956243038177,78246
782,0.09095990657806396,78247
782,0.0946274846792221,78248
782,0.0907709077000618,78249
782,0.09093930572271347,78250
782,0.08782009035348892,78251
336,0.10008730739355087,33643
336,0.10462532937526703,33642
336,0.10365543514490128,33644
336,0.10632030665874481,33646
336,0.09848464280366898,33645
336,0.1052362397313118,33647
336,0.12648935616016388,33648
336,0.10025811940431595,33649
336,0.098911352455616,33650
336,0.1027262955904007,33651
448,0.10339468717575073,44842
448,0.10649178922176361,44843
448,0.10148768126964569,44844
448,0.11870702356100082,44846
448,0.09907237440347672,44845
448,0.12593276798725128,44848
448,0.10683662444353104,44847
448,0.12441343069076538,44851
448,0.10684401541948318,44849
448,0.09998368471860886,44850
897,0.0942557081580162,89743
897,0.09235642850399017,89742
897,0.09122508019208908,89744
897,0.0918053463101387,89745
897,0.09500257670879364,89746
897,0.08945919573307037,89747
897,0.08734653890132904,89748
897,0.09099233150482178,89749
897,0.09181921929121017,89750
897,0.09124573320150375,89751
673,0.09001792222261429,67342
673,0.0959651842713356,67344
673,0.09243746846914291,67343
673,0.09320150315761566,67345
673,0.09719748049974442,67347
673,0.09648774564266205,67346
673,0.08984058350324631,67348
673,0.09025927633047104,67349
673,0.09907764941453934,67350
673,0.08891609311103821,67351
1351,0.08759355545043945,135142
1351,0.08672730624675751,135143
1351,0.08879450708627701,135144
1351,0.08632618188858032,135145
1351,0.08563849329948425,135146
1351,0.08587856590747833,135147
1351,0.08735287189483643,135148
1351,0.08695774525403976,135149
1351,0.08736321330070496,135150
339,0.11356905847787857,33942
1351,0.08684318512678146,135151
339,0.1002277284860611,33943
339,0.11064352840185165,33945
339,0.12632432579994202,33944
339,0.11033223569393158,33946
339,0.10697535425424576,33947
339,0.1069103553891182,33948
339,0.1013355404138565,33950
339,0.10685837268829346,33951
339,0.1162891760468483,33949
566,0.09983230382204056,56644
566,0.09378790855407715,56642
566,0.09501246362924576,56643
566,0.10046461224555969,56645
566,0.10144301503896713,56646
566,0.10281075537204742,56647
566,0.10168763995170593,56648
566,0.09867998957633972,56651
566,0.09430351853370667,56650
566,0.09916206449270248,56649
679,0.10000011324882507,67944
679,0.09134291857481003,67943
679,0.08975626528263092,67942
679,0.08806413412094116,67946
679,0.08975379168987274,67945
679,0.0918317437171936,67947
679,0.09837736934423447,67948
679,0.10601459443569183,67950
679,0.08949866145849228,67949
679,0.0948263481259346,67951
1135,0.09066210687160492,113542
1135,0.09171923995018005,113543
1135,0.08671315759420395,113544
1135,0.08875966817140579,113545
1135,0.09268663078546524,113546
1135,0.08781120181083679,113547
1135,0.08386959135532379,113548
1135,0.08507483452558517,113549
1135,0.08993175625801086,113550
1135,0.08661369234323502,113551
1363,0.08480684459209442,136342
1363,0.08591442555189133,136343
1363,0.08618653565645218,136344
1363,0.08666593581438065,136345
1363,0.08579032123088837,136346
1363,0.0861559510231018,136347
1363,0.08515948802232742,136348
1363,0.0854329913854599,136349
1363,0.0872519463300705,136350
571,0.09401761740446091,57142
1363,0.08526017516851425,136351
571,0.10984184592962265,57144
571,0.09523135423660278,57143
571,0.09748490899801254,57145
571,0.09943971037864685,57146
571,0.09994221478700638,57147
571,0.0942460373044014,57148
571,0.09013582766056061,57149
571,0.09223301708698273,57150
571,0.08818142116069794,57151
343,0.1052875891327858,34342
343,0.11037955433130264,34343
343,0.11849214136600494,34344
343,0.10734926909208298,34345
343,0.10665403306484222,34346
343,0.10904897004365921,34347
343,0.10234177857637405,34348
343,0.11394648253917694,34349
343,0.11903274804353714,34351
343,0.09761656820774078,34350
1260,0.08716446161270142,126042
1260,0.08375819027423859,126043
1260,0.08824000507593155,126044
1260,0.08473855257034302,126045
1260,0.08428116142749786,126046
1260,0.08693086355924606,126047
1260,0.08604797720909119,126048
1260,0.08680280297994614,126050
1260,0.08422999083995819,126049
1260,0.08641814440488815,126051
1032,0.09070149809122086,103242
1032,0.08837670087814331,103244
1032,0.08453460782766342,103243
1032,0.09013834595680237,103246
1032,0.08893190324306488,103245
1032,0.0862959548830986,103247
1032,0.08689817041158676,103249
1032,0.08752495050430298,103248
1032,0.0911032110452652,103250
803,0.09052208065986633,80342
1032,0.08666501939296722,103251
803,0.09028685092926025,80343
803,0.0882885605096817,80344
803,0.089354507625103,80346
803,0.08769533783197403,80345
803,0.09269488602876663,80347
803,0.09060239046812057,80348
803,0.09074840694665909,80349
803,0.0960424542427063,80350
460,0.11610644310712814,46042
803,0.09147509187459946,80351
460,0.10687341541051865,46043
460,0.10016583651304245,46044
460,0.1053873598575592,46045
460,0.10336053371429443,46046
460,0.09782243520021439,46048
460,0.09739509224891663,46047
460,0.10366137325763702,46049
460,0.11331548541784286,46051
460,0.10828876495361328,46050
921,0.09248071908950806,92142
921,0.08615216612815857,92143
921,0.0935552716255188,92144
921,0.0919141098856926,92145
921,0.09150401502847672,92146
921,0.08911646902561188,92147
921,0.08761335909366608,92149
921,0.09235946089029312,92148
921,0.08734910935163498,92150
921,0.08761603385210037,92151
1271,0.08662846684455872,127142
1271,0.0871381014585495,127143
1271,0.08421766757965088,127145
1271,0.08622965216636658,127144
1271,0.08747149258852005,127146
1271,0.08579129725694656,127147
1271,0.08578013628721237,127148
1271,0.08352256566286087,127149
348,0.11239415407180786,34842
1271,0.08786195516586304,127150
1271,0.08929327130317688,127151
348,0.10179677605628967,34843
348,0.11073054373264313,34844
348,0.10886263847351074,34845
348,0.09948320686817169,34846
348,0.11850293725728989,34848
348,0.11092010885477066,34847
348,0.1327863335609436,34851
348,0.10504702478647232,34849
348,0.09472940117120743,34850
697,0.09456740319728851,69742
697,0.09786851704120636,69743
697,0.09690531343221664,69745
697,0.09395280480384827,69744
697,0.08973060548305511,69746
697,0.08628971874713898,69747
697,0.09458911418914795,69748
697,0.08973828703165054,69749
697,0.0924220159649849,69750
697,0.09134083986282349,69751
703,0.10543271899223328,70343
703,0.08993898332118988,70342
703,0.09468497335910797,70344
703,0.09695121645927429,70345
703,0.08990546315908432,70346
703,0.09604708105325699,70347
703,0.09419478476047516,70348
703,0.09360260516405106,70349
703,0.09149693697690964,70350
703,0.09096039086580276,70351
1059,0.08481939882040024,105942
1059,0.08558326959609985,105943
1059,0.0898728221654892,105944
1059,0.08814691007137299,105945
1059,0.08903022855520248,105946
1059,0.09298626333475113,105947
1059,0.08707303553819656,105948
1059,0.08920779079198837,105949
1059,0.08641592413187027,105950
1059,0.090433768928051,105951
354,0.10122901201248169,35442
354,0.09083416312932968,35443
354,0.11478780210018158,35444
354,0.0986863449215889,35445
354,0.11959134787321091,35446
354,0.11972266435623169,35449
354,0.09750651568174362,35448
354,0.0987638384103775,35447
354,0.12416671961545944,35451
354,0.11965126544237137,35450
592,0.0968184545636177,59242
592,0.09611298143863678,59243
592,0.0944921150803566,59244
592,0.09274109452962875,59245
592,0.09274320304393768,59246
592,0.09206286072731018,59247
592,0.09267173707485199,59248
592,0.10507084429264069,59249
592,0.09236426651477814,59250
592,0.09039440006017685,59251
1185,0.08772171288728714,118542
1185,0.08955328166484833,118543
1185,0.08775611966848373,118544
1185,0.08889062702655792,118545
1185,0.0877150148153305,118546
1185,0.08863900601863861,118547
1185,0.08718042075634003,118548
1185,0.08821305632591248,118549
1185,0.08708112686872482,118550
1185,0.08905521035194397,118551
1068,0.08883637189865112,106842
1068,0.08747728914022446,106843
1068,0.08823292702436447,106845
1068,0.08877714723348618,106844
1068,0.08919684588909149,106846
1068,0.08527165651321411,106847
1068,0.08751580864191055,106848
1068,0.08844376355409622,106849
1068,0.08585906028747559,106850
1068,0.0870092436671257,106851
1316,0.08715374767780304,131642
1316,0.087156280875206,131643
1316,0.08645698428153992,131644
1316,0.08633328974246979,131645
1316,0.08741704374551773,131646
1316,0.08601846545934677,131647
1316,0.0871313065290451,131648
1316,0.08833509683609009,131649
1316,0.08660366386175156,131650
1316,0.0869935154914856,131651
838,0.09240187704563141,83842
838,0.09068796038627625,83843
838,0.09149283170700073,83845
838,0.08932071924209595,83844
838,0.09291461110115051,83846
838,0.0917423814535141,83847
838,0.08891230076551437,83848
838,0.09202434122562408,83849
838,0.0890234112739563,83850
838,0.08936599642038345,83851
360,0.10657042264938354,36042
360,0.11100104451179504,36043
360,0.1181781068444252,36045
360,0.10395726561546326,36044
360,0.10704357177019119,36046
360,0.1135692372918129,36048
360,0.10891897976398468,36047
360,0.11370871216058731,36049
360,0.11557769775390625,36050
360,0.12137412279844284,36051
480,0.10908178240060806,48042
480,0.09684612601995468,48043
480,0.09294025599956512,48044
480,0.0998508632183075,48045
480,0.09320774674415588,48047
480,0.09077814221382141,48046
480,0.10173840075731277,48050
480,0.10791882872581482,48048
480,0.09626292437314987,48049
480,0.10431311279535294,48051
961,0.08956468105316162,96142
961,0.09472397714853287,96143
961,0.08872150629758835,96144
961,0.08854068070650101,96145
961,0.0897684097290039,96146
961,0.09229680895805359,96147
961,0.08714936673641205,96148
961,0.09678024798631668,96149
961,0.09041737765073776,96150
961,0.08823467791080475,96151
1087,0.08767013251781464,108742
1087,0.08729039132595062,108743
1087,0.08609335124492645,108744
1087,0.09153271466493607,108745
1087,0.08979563415050507,108747
1087,0.08961170166730881,108746
1087,0.09015659242868423,108748
1087,0.08774625509977341,108750
1087,0.0865774154663086,108749
1087,0.08942465484142303,108751
363,0.1203085333108902,36342
363,0.10450652241706848,36343
363,0.1059115082025528,36344
363,0.11455893516540527,36345
363,0.10031349211931229,36346
363,0.1029711663722992,36347
363,0.11060038208961487,36348
363,0.13141289353370667,36350
363,0.09714712202548981,36351
363,0.10258807241916656,36349
607,0.097774937748909,60742
607,0.11209331452846527,60743
607,0.08954750001430511,60744
607,0.09841439872980118,60746
607,0.09427078813314438,60745
607,0.09626957029104233,60747
607,0.09452927857637405,60748
607,0.09757775068283081,60749
607,0.09736688435077667,60750
607,0.09912373125553131,60751
728,0.09345179796218872,72843
728,0.09221096336841583,72842
728,0.0988064706325531,72844
728,0.09905123710632324,72846
728,0.08525622636079788,72845
728,0.09150075167417526,72847
728,0.09635891020298004,72848
728,0.0960337221622467,72849
728,0.09172030538320541,72850
728,0.08680051565170288,72851
1340,0.08561704307794571,134042
1340,0.08503516763448715,134043
1340,0.08574997633695602,134044
1340,0.08481600135564804,134045
1340,0.08539609611034393,134046
1340,0.08757272362709045,134047
1340,0.08723239600658417,134048
1340,0.08525542169809341,134049
1340,0.08518968522548676,134050
1340,0.08837391436100006,134051
367,0.10939636826515198,36742
367,0.1172570288181305,36743
367,0.11943686753511429,36744
367,0.10761532187461853,36745
367,0.11136562377214432,36746
367,0.10984375327825546,36747
367,0.10373854637145996,36748
367,0.10070109367370605,36749
367,0.13998328149318695,36750
367,0.09229133278131485,36751
612,0.09215030819177628,61242
612,0.10370618849992752,61243
612,0.0909212976694107,61244
612,0.09365712851285934,61245
612,0.10802138596773148,61247
612,0.09433281421661377,61246
612,0.09297945350408554,61249
612,0.09842341393232346,61250
612,0.0941942036151886,61248
612,0.09191983193159103,61251
1227,0.08583533018827438,122743
1227,0.08767443895339966,122742
1227,0.08740800619125366,122744
1227,0.08562388271093369,122745
1227,0.08324692398309708,122746
1227,0.08558179438114166,122747
1227,0.08887571096420288,122748
1227,0.08487114310264587,122749
1227,0.08695688098669052,122750
1227,0.08728079497814178,122751
1106,0.0897638201713562,110642
1106,0.08745923638343811,110643
1106,0.09052137285470963,110644
1106,0.09209298342466354,110645
1106,0.08867482841014862,110646
1106,0.0905931368470192,110647
1106,0.08673983812332153,110648
1106,0.08773750066757202,110651
1106,0.08726389706134796,110649
1106,0.08641263842582703,110650
867,0.09512118250131607,86743
867,0.09612368047237396,86742
867,0.09317699074745178,86744
867,0.08883462846279144,86745
867,0.09051074832677841,86746
867,0.08655591309070587,86747
867,0.0892748162150383,86749
867,0.09516485035419464,86748
867,0.09108701348304749,86750
867,0.09166289120912552,86751
373,0.11389582604169846,37342
373,0.10486698895692825,37343
373,0.12498202174901962,37345
373,0.11443564295768738,37346
373,0.09831207245588303,37344
373,0.10726860165596008,37348
373,0.09315449744462967,37347
373,0.10398191213607788,37349
373,0.10650251805782318,37350
373,0.09590572863817215,37351
497,0.09263913333415985,49742
497,0.1057196855545044,49743
497,0.09493738412857056,49746
497,0.09291418641805649,49744
497,0.0960734412074089,49745
497,0.1067667156457901,49747
497,0.09910185635089874,49748
497,0.10174022614955902,49749
497,0.09476927667856216,49751
497,0.08663749694824219,49750
995,0.08771318942308426,99542
995,0.08908980339765549,99543
995,0.08887741714715958,99544
995,0.08970179408788681,99545
995,0.09093165397644043,99546
995,0.09045366197824478,99548
995,0.08819152414798737,99547
995,0.08683905750513077,99549
995,0.09118884056806564,99550
995,0.0917876586318016,99551
1249,0.08316285908222198,124942
1249,0.0867648720741272,124943
1249,0.08472522348165512,124944
1249,0.08701466023921967,124945
1249,0.08558759838342667,124946
1249,0.0858631432056427,124947
1249,0.09096552431583405,124949
1249,0.08677498251199722,124948
1249,0.08487879484891891,124950
1249,0.08746401965618134,124951
1126,0.08785242587327957,112642
1126,0.08709386736154556,112643
1126,0.08783987909555435,112644
1126,0.08883754909038544,112645
1126,0.09243403375148773,112646
1126,0.08872843533754349,112647
1126,0.08693872392177582,112648
1126,0.08945603668689728,112649
1126,0.08884100615978241,112650
376,0.11175540089607239,37642
1126,0.08646425604820251,112651
376,0.10448017716407776,37643
376,0.09665985405445099,37645
376,0.10207952558994293,37644
376,0.10383907705545425,37646
376,0.11936798691749573,37647
376,0.10395089536905289,37648
376,0.10152274370193481,37649
376,0.10628527402877808,37651
376,0.10297202318906784,37650
754,0.10329937189817429,75442
754,0.09559506922960281,75444
754,0.09206201881170273,75443
754,0.09153243899345398,75445
754,0.0916387215256691,75446
754,0.08866487443447113,75447
754,0.09425978362560272,75448
754,0.09277983009815216,75450
754,0.09188331663608551,75449
754,0.09763921052217484,75451
882,0.09289953112602234,88243
882,0.0892055556178093,88242
882,0.09421683102846146,88244
882,0.08903252333402634,88245
882,0.09314712882041931,88246
882,0.08745076507329941,88247
882,0.08983541280031204,88248
882,0.09194653481245041,88249
882,0.08759122341871262,88250
633,0.09665335714817047,63342
633,0.10165230184793472,63343
882,0.08804550766944885,88251
633,0.09844379872083664,63344
633,0.10086080431938171,63345
633,0.09813069552183151,63346
633,0.09344656765460968,63347
633,0.08889009058475494,63348
633,0.09529831260442734,63349
633,0.08863788098096848,63350
633,0.08569388091564178,63351
1013,0.08929714560508728,101342
1013,0.09118499606847763,101343
1013,0.09208935499191284,101344
1013,0.09109839051961899,101345
1013,0.08811797946691513,101347
1013,0.08710351586341858,101346
1013,0.08744802325963974,101348
1013,0.0922800824046135,101350
1013,0.08999337255954742,101349
1013,0.08595948666334152,101351
380,0.10683194547891617,38042
380,0.106658436357975,38043
380,0.10088322311639786,38044
380,0.09484852105379105,38045
380,0.10285928100347519,38046
380,0.10601934790611267,38047
380,0.10663697868585587,38048
380,0.09420506656169891,38049
380,0.10898229479789734,38050
380,0.09933246672153473,38051
1145,0.08787766844034195,114543
1145,0.08722233772277832,114542
1145,0.09010132402181625,114544
1145,0.09137573838233948,114546
1145,0.08804204314947128,114545
1145,0.08578990399837494,114547
1145,0.08669325709342957,114548
1145,0.08541180938482285,114549
1145,0.08858630061149597,114550
1145,0.09031713008880615,114551
768,0.09736277163028717,76842
768,0.09169194847345352,76843
768,0.08998523652553558,76845
768,0.10530675947666168,76846
768,0.09203122556209564,76844
768,0.09426888078451157,76848
768,0.0901283547282219,76847
768,0.0908132940530777,76849
768,0.09354910999536514,76850
768,0.09452605247497559,76851
514,0.09790069609880447,51442
514,0.09691797941923141,51443
514,0.10333932191133499,51444
514,0.10630396008491516,51445
514,0.11118756979703903,51448
514,0.0911184623837471,51446
514,0.10039180517196655,51447
514,0.09344939142465591,51449
514,0.09587611258029938,51450
514,0.08773431181907654,51451
386,0.10043752193450928,38642
386,0.09806357324123383,38643
386,0.12568867206573486,38644
386,0.09957147389650345,38645
386,0.10836606472730637,38646
386,0.10424942523241043,38647
386,0.10854148864746094,38648
386,0.12710878252983093,38651
386,0.10040969401597977,38649
386,0.09425251930952072,38650
645,0.09456101804971695,64542
645,0.10226747393608093,64544
645,0.09611502289772034,64543
645,0.10481510311365128,64545
645,0.0906393826007843,64546
645,0.10370061546564102,64547
645,0.09584280848503113,64548
645,0.10424266010522842,64549
645,0.091761015355587,64550
645,0.09210307151079178,64551
1293,0.0865897387266159,129342
1293,0.08822329342365265,129343
1293,0.08631577342748642,129344
1293,0.0843823030591011,129345
1293,0.08579429984092712,129346
1293,0.08906396478414536,129347
1293,0.08371889591217041,129348
1293,0.09017712622880936,129349
1293,0.08749143034219742,129350
1293,0.08548247069120407,129351
1165,0.08497133105993271,116542
1165,0.08825957030057907,116543
1165,0.0885259285569191,116544
1165,0.08603101968765259,116545
1165,0.08589264005422592,116546
1165,0.08743122220039368,116548
1165,0.08691439777612686,116547
1165,0.08884362876415253,116549
1165,0.08805417269468307,116551
1165,0.08728646486997604,116550
389,0.10562359541654587,38942
389,0.09601786732673645,38943
389,0.0916985422372818,38944
389,0.09836292266845703,38945
389,0.12169616669416428,38947
389,0.10417704284191132,38946
389,0.10739799588918686,38950
389,0.09851379692554474,38948
389,0.09896208345890045,38949
389,0.11021552979946136,38951
520,0.10392437875270844,52042
520,0.10994219779968262,52043
520,0.09206511080265045,52044
520,0.1004440113902092,52046
520,0.10253311693668365,52045
520,0.09682837128639221,52047
520,0.10385967791080475,52049
520,0.09496892243623734,52048
520,0.10328777879476547,52050
520,0.09566956758499146,52051
914,0.08938722312450409,91442
914,0.09346301108598709,91444
914,0.09350153058767319,91443
914,0.0876288115978241,91445
914,0.09388099610805511,91446
914,0.08658129721879959,91447
914,0.08983493596315384,91448
914,0.08901387453079224,91449
914,0.09203913807868958,91450
914,0.0862891897559166,91451
656,0.08834987878799438,65642
656,0.09072208404541016,65643
656,0.10015939176082611,65644
656,0.09420707821846008,65645
656,0.10271933674812317,65646
656,0.0900544598698616,65647
656,0.09639815241098404,65648
656,0.09898249059915543,65649
656,0.10211624950170517,65651
656,0.09818986058235168,65650
1050,0.09038586914539337,105042
1050,0.09040559083223343,105043
1050,0.08912085741758347,105044
1050,0.0847516804933548,105045
1050,0.09701558202505112,105046
1050,0.08661026507616043,105047
1050,0.0924849882721901,105048
1050,0.08878450095653534,105049
1050,0.09139357507228851,105050
394,0.09722737967967987,39442
1050,0.0883697122335434,105051
394,0.10473471879959106,39443
394,0.11944586783647537,39445
394,0.1121746227145195,39444
394,0.11209674179553986,39446
394,0.11003968864679337,39447
394,0.10684540122747421,39448
394,0.11606529355049133,39449
394,0.10265669971704483,39450
394,0.11439357697963715,39451
929,0.09476611018180847,92942
929,0.09366083890199661,92944
929,0.09001874178647995,92943
929,0.09196766465902328,92945
929,0.09849376976490021,92946
929,0.09205364435911179,92947
929,0.09468153864145279,92948
929,0.09215077757835388,92949
929,0.08796747773885727,92950
929,0.09046376496553421,92951
796,0.09236079454421997,79642
796,0.099001444876194,79644
796,0.09052146226167679,79643
796,0.09753001481294632,79647
796,0.08945274353027344,79646
796,0.0899907723069191,79645
796,0.09233837574720383,79649
796,0.08760035037994385,79648
796,0.09100951254367828,79650
532,0.10813925415277481,53242
796,0.09256592392921448,79651
532,0.10062076151371002,53243
532,0.09998428076505661,53244
532,0.09395210444927216,53245
532,0.09123773127794266,53246
532,0.10702935606241226,53247
532,0.11011319607496262,53249
532,0.10258006304502487,53248
532,0.09706362336874008,53250
532,0.09131596237421036,53251
400,0.10041338950395584,40042
400,0.10266134887933731,40044
400,0.10216473788022995,40043
400,0.10837876796722412,40045
400,0.11413724720478058,40047
400,0.11860240250825882,40046
400,0.10554762184619904,40048
400,0.10015632212162018,40049
400,0.09408833831548691,40050
400,0.09740713238716125,40051
668,0.09065201133489609,66842
668,0.09163904190063477,66843
668,0.10602651536464691,66844
668,0.10353028774261475,66845
668,0.09671413898468018,66846
668,0.09529872983694077,66847
668,0.09518840163946152,66848
668,0.09251901507377625,66849
668,0.08807767182588577,66850
1207,0.08768969774246216,120742
668,0.09744037687778473,66851
1207,0.08830039948225021,120743
1207,0.08638210594654083,120744
1207,0.08682890236377716,120745
1207,0.08694545924663544,120746
1207,0.08893709629774094,120747
1207,0.08630749583244324,120748
1207,0.08861319720745087,120749
1207,0.08835673332214355,120750
1207,0.08470416069030762,120751
403,0.11558812856674194,40342
403,0.09450359642505646,40343
403,0.13737180829048157,40345
403,0.10772229731082916,40344
403,0.1109616607427597,40346
403,0.10688593983650208,40347
403,0.10578878968954086,40348
403,0.09332030266523361,40349
403,0.11166936159133911,40350
403,0.09961754083633423,40351
538,0.10095203667879105,53842
538,0.08948273211717606,53843
538,0.09534939378499985,53844
538,0.09278127551078796,53845
538,0.09386073052883148,53846
538,0.09808606654405594,53847
538,0.1013350710272789,53849
538,0.0922120064496994,53848
538,0.09003962576389313,53850
538,0.09622963517904282,53851
809,0.0882096141576767,80942
809,0.09168098121881485,80944
809,0.08754157274961472,80943
809,0.0926884263753891,80945
809,0.08968556672334671,80946
809,0.0886092483997345,80947
809,0.09357772767543793,80948
809,0.09775491058826447,80949
809,0.09540852904319763,80950
809,0.09677013754844666,80951
945,0.08680089563131332,94542
945,0.08930904418230057,94543
945,0.09176772087812424,94544
945,0.08785310387611389,94545
945,0.08908697962760925,94546
945,0.0899859368801117,94547
945,0.09095494449138641,94548
945,0.0880357101559639,94549
945,0.0865267962217331,94550
945,0.08845755457878113,94551
542,0.09463316947221756,54243
542,0.09411939233541489,54242
542,0.09790808707475662,54244
542,0.0950324684381485,54245
542,0.10747259110212326,54246
542,0.094176284968853,54247
542,0.09508028626441956,54249
542,0.09165182709693909,54248
542,0.11490369588136673,54250
542,0.09450121223926544,54251
407,0.09923184663057327,40742
407,0.09610235691070557,40743
407,0.1056353822350502,40744
407,0.10909490287303925,40745
407,0.11248878389596939,40748
407,0.10257109254598618,40746
407,0.10248084366321564,40747
407,0.11211229115724564,40750
407,0.1043500006198883,40749
407,0.10210639238357544,40751
410,0.09616068005561829,41042
410,0.10048588365316391,41043
410,0.10384244471788406,41044
410,0.10150276869535446,41046
410,0.09502117335796356,41045
410,0.10396566987037659,41047
410,0.10262564569711685,41050
410,0.10067744553089142,41048
410,0.09932879358530045,41049
410,0.09674061089754105,41051
823,0.090162493288517,82342
823,0.08723855763673782,82343
823,0.0911109521985054,82344
823,0.09206590056419373,82345
823,0.0900837704539299,82346
823,0.09340491145849228,82347
823,0.09726213663816452,82349
823,0.09786225855350494,82348
823,0.0913250520825386,82350
823,0.09004368633031845,82351
551,0.09963756799697876,55142
551,0.0899057686328888,55143
551,0.09921398758888245,55144
551,0.09280042350292206,55145
551,0.09009633958339691,55146
551,0.0901670753955841,55147
551,0.10828286409378052,55148
551,0.09511400759220123,55149
551,0.09710565209388733,55150
551,0.09651385247707367,55151
414,0.12043186277151108,41442
414,0.11049572378396988,41444
414,0.0976833775639534,41443
414,0.1038871556520462,41445
414,0.09327626973390579,41446
414,0.09858732670545578,41447
414,0.10192099958658218,41448
414,0.10351995378732681,41449
414,0.1159566268324852,41450
414,0.1033305674791336,41451
692,0.09615570306777954,69242
692,0.09447131305932999,69243
692,0.08667810261249542,69244
692,0.09882723540067673,69245
692,0.09195065498352051,69246
692,0.10332635045051575,69247
692,0.09880850464105606,69248
692,0.09039118140935898,69249
692,0.09365694969892502,69250
417,0.1022239401936531,41742
692,0.09709028154611588,69251
417,0.10415183007717133,41743
417,0.10842369496822357,41744
417,0.10223201662302017,41745
417,0.09223181754350662,41746
417,0.09792777895927429,41748
417,0.10119593888521194,41747
417,0.09530314058065414,41749
417,0.10025772452354431,41751
417,0.09516933560371399,41750
557,0.0984639897942543,55742
557,0.0958196297287941,55743
557,0.0986703559756279,55744
557,0.09788334369659424,55745
557,0.09574918448925018,55746
557,0.10078513622283936,55747
557,0.09431077539920807,55748
557,0.0997910276055336,55749
557,0.09791059046983719,55750
557,0.1050826907157898,55751
979,0.0884527713060379,97942
979,0.08943015336990356,97943
979,0.08835702389478683,97944
979,0.09042966365814209,97945
979,0.08929712325334549,97946
979,0.09079481661319733,97947
979,0.08641010522842407,97948
979,0.09002133458852768,97949
561,0.10749978572130203,56142
979,0.08965214341878891,97950
979,0.08722833544015884,97951
561,0.09978912770748138,56143
561,0.1064932569861412,56145
561,0.09119772166013718,56144
561,0.11041441559791565,56146
561,0.10220158845186234,56148
561,0.10247446596622467,56147
561,0.10307890176773071,56149
561,0.09761081635951996,56150
561,0.09594454616308212,56151
422,0.10110484808683395,42242
422,0.1285543143749237,42243
422,0.10368966311216354,42244
422,0.09865398705005646,42246
422,0.09605415910482407,42245
422,0.0927683413028717,42247
422,0.09784472733736038,42249
422,0.09406792372465134,42248
422,0.11683064699172974,42251
422,0.09829730540513992,42250
425,0.10507307201623917,42542
425,0.09537111222743988,42543
425,0.11195754259824753,42545
425,0.09858477860689163,42544
425,0.09951755404472351,42548
425,0.10374786704778671,42546
425,0.09276597201824188,42547
425,0.11684122681617737,42550
425,0.10235374420881271,42549
425,0.09693530201911926,42551
852,0.09621783345937729,85242
852,0.09587236493825912,85244
852,0.0884283110499382,85243
852,0.09014134854078293,85245
852,0.09249361604452133,85247
852,0.0847848430275917,85246
852,0.09073424339294434,85248
852,0.09146343916654587,85249
852,0.09371387958526611,85250
429,0.12247882038354874,42942
852,0.0888729989528656,85251
429,0.1002749502658844,42943
429,0.10153467953205109,42944
429,0.10896076261997223,42945
429,0.09470357745885849,42947
429,0.0973271057009697,42946
429,0.10741632431745529,42948
429,0.1051783487200737,42949
429,0.09370585530996323,42950
429,0.09697970747947693,42951
716,0.09603117406368256,71643
716,0.09473475068807602,71642
716,0.1004309132695198,71644
716,0.09455413371324539,71645
716,0.093294657766819,71646
716,0.09630681574344635,71647
716,0.09567798674106598,71649
716,0.09156204760074615,71648
716,0.10074491798877716,71650
432,0.10242591053247452,43242
716,0.086147740483284,71651
432,0.09212874621152878,43243
432,0.097651407122612,43244
432,0.09837478399276733,43246
432,0.10781343281269073,43245
432,0.09954982995986938,43248
432,0.09347423911094666,43247
432,0.0969238206744194,43249
432,0.09800145775079727,43250
432,0.1020740270614624,43251
577,0.09151143580675125,57742
577,0.09889351576566696,57743
577,0.09311821311712265,57744
577,0.10523747652769089,57745
577,0.1052282452583313,57746
577,0.10819749534130096,57747
577,0.10866371542215347,57748
577,0.09950734674930573,57749
577,0.10206405818462372,57750
577,0.10215302556753159,57751
581,0.09683655947446823,58142
581,0.0887439176440239,58143
581,0.10039234906435013,58144
581,0.09297136217355728,58145
581,0.09794938564300537,58146
581,0.09202130883932114,58147
581,0.10027530789375305,58148
581,0.10203925520181656,58149
581,0.10249481350183487,58150
581,0.09546209871768951,58151
437,0.09353077411651611,43742
437,0.09626840054988861,43743
437,0.13114885985851288,43744
437,0.10682886838912964,43745
437,0.11480031907558441,43748
437,0.099525585770607,43747
437,0.09269766509532928,43746
437,0.11395912617444992,43749
437,0.11343439668416977,43751
437,0.1011008620262146,43750
440,0.10015323013067245,44042
440,0.1073027029633522,44044
440,0.09355665743350983,44043
440,0.09881095588207245,44045
440,0.09935963898897171,44046
440,0.10627801716327667,44047
440,0.11410129815340042,44049
440,0.10426244139671326,44048
440,0.1076924130320549,44050
440,0.10135618597269058,44051
587,0.0937783345580101,58742
587,0.09119636565446854,58743
587,0.10016173124313354,58744
587,0.0973971039056778,58746
587,0.0977453887462616,58745
587,0.09586931765079498,58747
587,0.0912342444062233,58748
587,0.0983956828713417,58749
587,0.09345164149999619,58750
587,0.09689082205295563,58751
737,0.09661264717578888,73742
737,0.0982615277171135,73743
737,0.09653350710868835,73744
737,0.09151820093393326,73745
737,0.09300589561462402,73746
737,0.08971721678972244,73747
737,0.09095440804958344,73748
737,0.0972660630941391,73749
737,0.0942075103521347,73750
445,0.09992612153291702,44542
737,0.09413501620292664,73751
445,0.10412570834159851,44543
445,0.09807433187961578,44544
445,0.09847512096166611,44545
445,0.09556938707828522,44546
445,0.09614890068769455,44547
445,0.09105958789587021,44548
445,0.09512177109718323,44549
445,0.10872121155261993,44551
445,0.10702592134475708,44550
742,0.0987795889377594,74242
742,0.09411732852458954,74243
742,0.08896130323410034,74244
742,0.0929262563586235,74245
742,0.0995337963104248,74246
742,0.09633128345012665,74248
742,0.09116821736097336,74247
742,0.08792184293270111,74249
742,0.09424451738595963,74250
598,0.1005978137254715,59842
742,0.08911558240652084,74251
598,0.09753657877445221,59843
598,0.10592222958803177,59844
598,0.09363942593336105,59845
598,0.09298325330018997,59846
598,0.10028739273548126,59848
598,0.09988129884004593,59847
598,0.09521834552288055,59849
598,0.09546422213315964,59850
598,0.09026297181844711,59851
449,0.09821787476539612,44942
449,0.09645800292491913,44943
449,0.0983407199382782,44944
449,0.11902105063199997,44945
449,0.11055060476064682,44946
449,0.10376402735710144,44947
449,0.10842171311378479,44949
449,0.09176576882600784,44948
449,0.1092275008559227,44950
449,0.10144341737031937,44951
602,0.09501893818378448,60242
602,0.09770243614912033,60243
602,0.11345095932483673,60244
602,0.09726397693157196,60245
602,0.09288842976093292,60246
602,0.09410211443901062,60247
602,0.10412777215242386,60248
602,0.10453696548938751,60249
602,0.09533296525478363,60250
454,0.10598057508468628,45443
454,0.09194573014974594,45442
602,0.09905939549207687,60251
454,0.10623560100793839,45445
454,0.09601620584726334,45444
454,0.0984203889966011,45446
454,0.0965137928724289,45447
454,0.10368609428405762,45448
454,0.11079631745815277,45449
454,0.09680968523025513,45450
457,0.10346120595932007,45742
454,0.09717575460672379,45451
457,0.09513775259256363,45743
457,0.10552573204040527,45745
457,0.09866233915090561,45744
457,0.10084141790866852,45747
457,0.09691900759935379,45746
457,0.0975557193160057,45748
457,0.11450441926717758,45750
457,0.10126740485429764,45749
457,0.09921526163816452,45751
763,0.09389697015285492,76342
763,0.09644439816474915,76343
763,0.09063806384801865,76344
763,0.08923568576574326,76345
763,0.09387906640768051,76346
763,0.09113448858261108,76347
763,0.08613672107458115,76348
763,0.09056055545806885,76349
763,0.08834899216890335,76350
763,0.09477857500314713,76351
461,0.10421808063983917,46142
461,0.10853378474712372,46143
461,0.1160510778427124,46146
461,0.103325754404068,46144
461,0.09905458986759186,46145
461,0.09941179305315018,46148
461,0.10001911222934723,46147
461,0.10795380175113678,46149
461,0.09224425256252289,46150
618,0.10581236332654953,61842
461,0.10700775682926178,46151
618,0.09349682182073593,61845
618,0.09013780206441879,61843
618,0.0935276597738266,61844
618,0.1031329482793808,61846
618,0.0899951383471489,61847
618,0.08851342648267746,61848
618,0.09052813798189163,61849
618,0.09181929379701614,61850
618,0.09990441054105759,61851
464,0.08903708308935165,46442
464,0.09506580233573914,46443
464,0.09752964973449707,46444
464,0.11638712882995605,46446
464,0.10348924249410629,46447
464,0.09504467248916626,46445
464,0.0950387567281723,46448
464,0.09576430916786194,46449
464,0.08895797282457352,46450
464,0.10210869461297989,46451
622,0.10453768074512482,62242
622,0.08978921175003052,62244
622,0.08695036917924881,62243
622,0.10176431387662888,62245
622,0.0971800684928894,62247
622,0.09289471060037613,62248
622,0.09386376291513443,62246
622,0.09596730768680573,62249
622,0.08500692993402481,62250
622,0.10042650252580643,62251
469,0.1031733825802803,46943
469,0.09615784883499146,46942
469,0.09707175195217133,46944
469,0.09796862304210663,46946
469,0.09262453764677048,46945
469,0.09724634140729904,46947
469,0.1091773509979248,46949
469,0.09377814084291458,46948
469,0.10287195444107056,46950
469,0.0912926122546196,46951
628,0.10183399170637131,62842
628,0.09418204426765442,62843
628,0.09837952256202698,62844
628,0.09924314171075821,62845
628,0.0874251201748848,62846
628,0.09676200896501541,62848
628,0.09191548079252243,62847
628,0.09416758269071579,62849
628,0.09189540147781372,62850
628,0.09533954411745071,62851
472,0.09519387781620026,47242
472,0.09534891694784164,47243
472,0.09238068014383316,47244
472,0.10694078356027603,47245
472,0.09772053360939026,47246
472,0.10407477617263794,47248
472,0.09569212794303894,47247
472,0.10855280607938766,47250
472,0.10997235774993896,47251
472,0.10003593564033508,47249
791,0.08709609508514404,79142
791,0.09644953906536102,79144
791,0.09057416766881943,79143
791,0.09187518805265427,79147
791,0.09151279926300049,79146
791,0.09528575837612152,79145
791,0.09292197227478027,79148
791,0.09339886158704758,79150
791,0.09498574584722519,79149
791,0.09125038236379623,79151
477,0.09197048097848892,47743
477,0.09847189486026764,47742
477,0.1337057203054428,47745
477,0.09643818438053131,47744
477,0.10030246526002884,47746
477,0.09997807443141937,47747
477,0.10371207445859909,47748
477,0.09759253263473511,47749
477,0.11598915606737137,47750
477,0.10979673266410828,47751
640,0.09111057221889496,64042
640,0.09906616806983948,64043
640,0.09366646409034729,64044
640,0.09739580750465393,64045
640,0.08934211730957031,64046
640,0.08760709315538406,64047
640,0.09378832578659058,64048
640,0.09478642791509628,64049
640,0.09905442595481873,64050
640,0.0947500616312027,64051
481,0.09915060549974442,48142
481,0.11125358939170837,48144
481,0.09129085391759872,48143
481,0.11614236235618591,48145
481,0.10750269889831543,48147
481,0.09572311490774155,48146
481,0.11292071640491486,48148
481,0.10235775262117386,48149
481,0.10035436600446701,48150
481,0.10159121453762054,48151
486,0.10938404500484467,48642
486,0.09615319222211838,48643
486,0.09582436829805374,48644
486,0.09610219299793243,48646
486,0.09407318383455276,48645
486,0.10998686403036118,48647
486,0.09372325986623764,48648
486,0.10387387126684189,48649
486,0.10193690657615662,48650
486,0.09746625274419785,48651
972,0.09081106632947922,97242
972,0.08597216755151749,97243
972,0.09066985547542572,97244
972,0.08948182314634323,97246
972,0.08789616078138351,97245
972,0.09512298554182053,97247
972,0.08991214632987976,97248
972,0.092999167740345,97250
972,0.08819171041250229,97249
651,0.10533393174409866,65142
651,0.09888002276420593,65143
972,0.0886101946234703,97251
651,0.0968024879693985,65144
651,0.08915403485298157,65146
651,0.08983539789915085,65145
651,0.08960497379302979,65147
651,0.09766484051942825,65148
651,0.0930551066994667,65149
651,0.09147201478481293,65150
651,0.09377411007881165,65151
489,0.09348300844430923,48942
489,0.09222210198640823,48943
489,0.10756011307239532,48944
489,0.09765095263719559,48945
489,0.091977559030056,48946
489,0.09609068930149078,48947
489,0.10537994652986526,48948
489,0.09808385372161865,48949
489,0.10243899375200272,48950
489,0.09110205620527267,48951
818,0.09150215983390808,81842
818,0.09190470725297928,81843
818,0.09349320083856583,81844
818,0.09388677030801773,81845
818,0.0902433767914772,81846
818,0.08904869109392166,81847
818,0.0934712141752243,81848
818,0.09520744532346725,81849
818,0.091375432908535,81850
494,0.11025095731019974,49442
818,0.08987213671207428,81851
494,0.10547348856925964,49443
494,0.09749770909547806,49444
494,0.09245150536298752,49446
494,0.09412935376167297,49445
494,0.10877522081136703,49447
494,0.1025058925151825,49448
494,0.0950680822134018,49449
494,0.10348368436098099,49450
494,0.10017524659633636,49451
663,0.09368220716714859,66342
663,0.09530027955770493,66343
663,0.09786579757928848,66344
663,0.0963415578007698,66345
663,0.09169313311576843,66346
663,0.09215971827507019,66347
663,0.09988879412412643,66348
663,0.10629065334796906,66349
663,0.09041275084018707,66350
663,0.1035204827785492,66351
498,0.09729809314012527,49842
498,0.10293643921613693,49843
498,0.09955855458974838,49844
498,0.10067158192396164,49845
498,0.09270831942558289,49847
498,0.10091253370046616,49846
498,0.09737354516983032,49849
498,0.0986056849360466,49850
498,0.09143663942813873,49848
498,0.09793895483016968,49851
832,0.09024655818939209,83242
832,0.09056705236434937,83243
832,0.08799174427986145,83244
832,0.08810524642467499,83245
832,0.10005102306604385,83248
832,0.09011158347129822,83247
832,0.08798688650131226,83246
832,0.09288089722394943,83249
832,0.08895951509475708,83251
832,0.09501966089010239,83250
503,0.09747864305973053,50342
503,0.09442242234945297,50343
503,0.09930457174777985,50344
503,0.11214111745357513,50346
503,0.08760581165552139,50345
503,0.10754182189702988,50347
503,0.09754826873540878,50348
503,0.09280514717102051,50349
503,0.11075299978256226,50350
503,0.1048424020409584,50351
1006,0.08682328462600708,100643
1006,0.0894676074385643,100642
1006,0.09009259194135666,100644
1006,0.09157126396894455,100646
1006,0.09073694050312042,100645
1006,0.08715925365686417,100647
1006,0.09291769564151764,100649
1006,0.09030710905790329,100648
1006,0.08704802393913269,100650
1006,0.08910324424505234,100651
674,0.09526678174734116,67442
674,0.09290629625320435,67443
674,0.10188382118940353,67444
674,0.09786415845155716,67445
674,0.09990908205509186,67447
674,0.09433548152446747,67446
674,0.09586142748594284,67448
674,0.09393035620450974,67449
674,0.09432987123727798,67450
674,0.0876145288348198,67451
506,0.10161782801151276,50643
506,0.09134397655725479,50642
506,0.09965699911117554,50644
506,0.10050472617149353,50646
506,0.09910406917333603,50645
506,0.10080527514219284,50647
506,0.10733922570943832,50648
506,0.09937240928411484,50649
506,0.0948120653629303,50650
506,0.11071170121431351,50651
847,0.08465703576803207,84742
847,0.0902380645275116,84743
847,0.09377061575651169,84744
847,0.0866541713476181,84745
847,0.09363585710525513,84746
847,0.0873320922255516,84747
847,0.09211336076259613,84749
847,0.08712154626846313,84748
847,0.08719088137149811,84750
680,0.1046195700764656,68043
847,0.0923580452799797,84751
680,0.09346333146095276,68042
680,0.09161155670881271,68045
680,0.09141916036605835,68046
680,0.09285526722669601,68044
680,0.09398321062326431,68047
680,0.10303670167922974,68048
680,0.0985121801495552,68049
680,0.09411045163869858,68050
680,0.09739600867033005,68051
511,0.10341767221689224,51142
511,0.08946884423494339,51143
511,0.10285275429487228,51145
511,0.10401373356580734,51144
511,0.10317975282669067,51146
511,0.10951103270053864,51147
511,0.10171166062355042,51148
511,0.1030934751033783,51149
511,0.0973135307431221,51151
511,0.10180573165416718,51150
1024,0.08952413499355316,102442
1024,0.08704483509063721,102443
1024,0.08994702249765396,102444
1024,0.08996491134166718,102445
1024,0.09167160093784332,102446
1024,0.0929170772433281,102447
1024,0.08907665312290192,102448
1024,0.08965179324150085,102449
1024,0.0869874656200409,102450
1024,0.08937056362628937,102451
1199,0.08589679002761841,119942
1199,0.08786919713020325,119943
1199,0.08767404407262802,119944
1199,0.08878921717405319,119945
1199,0.0870080217719078,119946
1199,0.08817053586244583,119947
1199,0.09086362272500992,119948
1199,0.08598361909389496,119949
1199,0.08656569570302963,119950
1199,0.08628754317760468,119951
515,0.1016421914100647,51542
515,0.0916198343038559,51543
515,0.09863967448472977,51544
515,0.11067897081375122,51545
515,0.10383062809705734,51546
515,0.10396324098110199,51547
515,0.09745734184980392,51548
515,0.0984225943684578,51549
515,0.09659770876169205,51551
515,0.09372635185718536,51550
687,0.0881986916065216,68742
687,0.09928104281425476,68743
687,0.09502723067998886,68744
687,0.09538692981004715,68747
687,0.09244085103273392,68745
687,0.09109076857566833,68746
687,0.09421983361244202,68749
687,0.09147674590349197,68748
687,0.09480580687522888,68750
687,0.08989506959915161,68751
861,0.0949808731675148,86142
861,0.09164081513881683,86143
861,0.0915878415107727,86144
861,0.09095174819231033,86145
861,0.09243099391460419,86146
861,0.09152175486087799,86147
861,0.08710476011037827,86148
861,0.09429129213094711,86149
861,0.09181736409664154,86151
861,0.09011939913034439,86150
521,0.11291947960853577,52144
521,0.10561307519674301,52142
521,0.10692457109689713,52143
521,0.10456985235214233,52145
521,0.08964971452951431,52146
521,0.10123171657323837,52147
521,0.09827488660812378,52148
521,0.09201042354106903,52149
521,0.10051888972520828,52150
521,0.09052203595638275,52151
1043,0.08652947843074799,104342
1043,0.09093934297561646,104343
1043,0.0876414030790329,104344
1043,0.09839548915624619,104345
1043,0.08854960650205612,104346
1043,0.08778887987136841,104348
1043,0.08684728294610977,104347
1043,0.088020920753479,104349
1043,0.08915572613477707,104350
1043,0.08990231901407242,104351
698,0.09942939877510071,69843
698,0.09367180615663528,69842
698,0.09180334210395813,69844
698,0.09349456429481506,69845
698,0.09356185048818588,69846
698,0.10496123135089874,69848
698,0.09636828303337097,69847
698,0.0916471853852272,69849
698,0.09157153964042664,69850
698,0.094920314848423,69851
524,0.10579127818346024,52442
524,0.10386691242456436,52444
524,0.08763252198696136,52443
524,0.09368761628866196,52445
524,0.09342154860496521,52446
524,0.0919213816523552,52447
524,0.09147313982248306,52448
524,0.09377693384885788,52449
524,0.10024476796388626,52451
524,0.09505723416805267,52450
876,0.08811964839696884,87642
876,0.09634699672460556,87644
876,0.08558681607246399,87643
876,0.08946379274129868,87645
876,0.08886555582284927,87647
876,0.08459493517875671,87646
876,0.09147395193576813,87650
876,0.0910680741071701,87649
876,0.0885363519191742,87648
704,0.09457504749298096,70442
876,0.09518002718687057,87651
704,0.0924796313047409,70443
704,0.09601502865552902,70444
704,0.09065163880586624,70446
704,0.0932166799902916,70445
704,0.09296656399965286,70447
704,0.0916067510843277,70448
704,0.09716997295618057,70449
704,0.08761700242757797,70450
704,0.08762611448764801,70451
529,0.10066041350364685,52942
529,0.10473855584859848,52943
529,0.10051888972520828,52944
529,0.08736351877450943,52945
529,0.12184058129787445,52946
529,0.09126546233892441,52947
529,0.09684950113296509,52949
529,0.09622162580490112,52948
529,0.09473403543233871,52950
529,0.0953783318400383,52951
1241,0.08673139661550522,124142
1241,0.08537884056568146,124143
1241,0.08996283262968063,124144
1241,0.08788454532623291,124145
1241,0.08490245789289474,124146
1241,0.08765813708305359,124147
1241,0.08707475662231445,124148
1241,0.08616717159748077,124149
1241,0.08773461729288101,124150
533,0.09965000301599503,53342
1241,0.08565988391637802,124151
533,0.10753489285707474,53343
533,0.08832301944494247,53345
533,0.09708994626998901,53344
533,0.09576001763343811,53346
533,0.10089629143476486,53347
533,0.09450323134660721,53348
533,0.097977414727211,53349
533,0.09673212468624115,53350
533,0.09059800207614899,53351
711,0.0946170836687088,71142
711,0.09320565313100815,71143
711,0.09405866265296936,71144
711,0.09165076911449432,71145
711,0.09592591971158981,71147
711,0.09102240204811096,71146
711,0.09419649839401245,71148
711,0.08762332051992416,71150
711,0.08765328675508499,71149
711,0.09390158206224442,71151
891,0.09204167872667313,89143
891,0.08770035952329636,89142
891,0.08724583685398102,89144
891,0.0880688726902008,89145
891,0.08864998072385788,89146
891,0.08820075541734695,89148
891,0.08553178608417511,89147
891,0.08514421433210373,89149
891,0.09320199489593506,89151
539,0.11309108883142471,53942
891,0.09024781733751297,89150
539,0.10959731042385101,53943
539,0.09601536393165588,53944
539,0.10108405351638794,53945
539,0.10465501993894577,53947
539,0.0980287417769432,53946
539,0.08950626850128174,53948
539,0.09617391973733902,53950
539,0.09874425828456879,53949
539,0.10204919427633286,53951
899,0.09119930118322372,89942
899,0.09213162213563919,89943
899,0.08821041136980057,89944
899,0.09052050858736038,89945
899,0.08649247884750366,89946
899,0.08865122497081757,89947
899,0.09871319681406021,89950
899,0.09488733857870102,89948
899,0.09441205859184265,89949
899,0.08769044280052185,89951
1079,0.09080715477466583,107942
1079,0.08492304384708405,107943
1079,0.08698739856481552,107945
1079,0.08825349062681198,107946
1079,0.08755847811698914,107944
1079,0.09140417724847794,107949
1079,0.08725320547819138,107947
1079,0.08765757083892822,107948
1079,0.08972743153572083,107950
1079,0.08850854635238647,107951
723,0.08981405943632126,72342
723,0.0976395308971405,72343
723,0.09919627010822296,72345
723,0.09590047597885132,72344
723,0.09243912249803543,72346
723,0.09546315670013428,72348
723,0.09585653245449066,72347
723,0.0969218984246254,72349
723,0.09317608922719955,72350
723,0.09204977750778198,72351
543,0.10167356580495834,54342
543,0.09818006306886673,54343
543,0.1018780991435051,54344
543,0.09780433028936386,54345
543,0.09300538897514343,54346
543,0.0972052663564682,54347
543,0.09607060253620148,54348
543,0.09191075712442398,54349
543,0.09824351221323013,54350
543,0.092867411673069,54351
908,0.0916597992181778,90842
908,0.09416059404611588,90843
908,0.08765632659196854,90844
908,0.08641422539949417,90845
908,0.09166528284549713,90846
908,0.08856061846017838,90847
908,0.09359030425548553,90849
908,0.0936124250292778,90848
908,0.09331437945365906,90850
729,0.09229997545480728,72942
908,0.08834208548069,90851
729,0.09147609770298004,72944
729,0.08917109668254852,72943
729,0.09735893458127975,72945
729,0.09095343202352524,72947
729,0.08470959961414337,72946
729,0.09938117116689682,72948
729,0.10139187425374985,72949
729,0.09275398403406143,72950
729,0.08963306993246078,72951
548,0.09753984957933426,54842
548,0.08978696167469025,54844
548,0.09421205520629883,54843
548,0.09835363924503326,54845
548,0.09281208366155624,54846
548,0.0954340398311615,54847
548,0.10630867630243301,54848
548,0.09045092761516571,54849
548,0.09362532198429108,54850
548,0.09798833727836609,54851
1098,0.08744147419929504,109842
1098,0.08891528099775314,109843
1098,0.08688601106405258,109844
1098,0.08725792914628983,109845
1098,0.08743348717689514,109846
1098,0.08449678122997284,109847
1098,0.08740337193012238,109848
1098,0.08882898837327957,109849
1098,0.08747682720422745,109850
1098,0.08518587052822113,109851
1285,0.08692710846662521,128542
1285,0.08591774106025696,128543
1285,0.08946064114570618,128544
1285,0.0848206877708435,128545
1285,0.0875256210565567,128546
1285,0.08597642183303833,128547
1285,0.08643180131912231,128548
1285,0.08565238863229752,128549
1285,0.08726208657026291,128550
1285,0.08709821850061417,128551
552,0.09576307982206345,55242
552,0.10376350581645966,55244
552,0.10113014280796051,55243
552,0.09095195680856705,55245
552,0.09006991237401962,55246
552,0.10322904586791992,55247
552,0.09568530321121216,55248
552,0.09782193601131439,55249
552,0.09460838884115219,55250
552,0.0928971990942955,55251
923,0.09008614718914032,92342
923,0.08827284723520279,92343
923,0.08950843662023544,92344
923,0.09218277037143707,92345
923,0.08715573698282242,92346
923,0.0922388881444931,92348
923,0.09184475243091583,92347
923,0.09469692409038544,92349
923,0.09416189044713974,92350
923,0.0935468077659607,92351
558,0.09592759609222412,55842
558,0.1098635345697403,55843
558,0.10568716377019882,55844
558,0.09672495722770691,55845
558,0.10698910057544708,55846
558,0.09995286166667938,55847
558,0.09898953884840012,55848
558,0.1018853560090065,55849
558,0.09218621999025345,55850
558,0.10061344504356384,55851
1118,0.09087049216032028,111842
1118,0.09126309305429459,111843
1118,0.08756711333990097,111844
1118,0.08716508746147156,111845
1118,0.09067656099796295,111846
1118,0.08757665753364563,111847
1118,0.08580359071493149,111848
1118,0.0861670970916748,111849
1118,0.09066376090049744,111850
1118,0.08772557973861694,111851
1307,0.08812223374843597,130742
1307,0.08705403655767441,130743
1307,0.08452817052602768,130744
1307,0.08940347284078598,130746
1307,0.08584576845169067,130745
1307,0.08722074329853058,130747
1307,0.08567401766777039,130748
1307,0.08721493184566498,130749
1307,0.08603064715862274,130750
562,0.09538637846708298,56242
1307,0.08550181984901428,130751
562,0.09934710711240768,56243
562,0.08749024569988251,56244
562,0.09287290275096893,56245
562,0.10179519653320312,56246
562,0.10472431778907776,56248
562,0.09739266335964203,56247
562,0.09425526857376099,56249
562,0.10958356410264969,56250
562,0.10266859084367752,56251
749,0.09301657974720001,74942
749,0.08891185373067856,74943
749,0.0926479771733284,74944
749,0.08903208374977112,74945
749,0.08876804262399673,74946
749,0.09136203676462173,74947
749,0.09180453419685364,74948
749,0.08447246998548508,74949
749,0.08348003774881363,74950
749,0.09024357050657272,74951
939,0.08921878039836884,93943
939,0.08866153657436371,93942
939,0.08574424684047699,93944
939,0.09144648164510727,93945
939,0.08554767072200775,93946
939,0.08426788449287415,93947
939,0.08953173458576202,93948
939,0.08972885459661484,93949
939,0.0894872173666954,93950
939,0.08789559453725815,93951
755,0.08957476168870926,75542
755,0.09930930286645889,75543
755,0.09657569229602814,75544
755,0.08969492465257645,75545
755,0.08986777067184448,75546
755,0.09439486265182495,75548
755,0.09307804703712463,75547
755,0.09170558303594589,75549
755,0.09579190611839294,75550
755,0.09261690825223923,75551
567,0.09713234007358551,56742
567,0.10744068771600723,56743
567,0.10421193391084671,56744
567,0.09995333850383759,56745
567,0.09844306111335754,56746
567,0.1085134819149971,56748
567,0.10190556943416595,56747
567,0.09757515043020248,56749
567,0.09554558247327805,56750
567,0.09730085730552673,56751
1137,0.0863279476761818,113742
1137,0.09121668338775635,113743
1137,0.08786240965127945,113744
1137,0.08597545325756073,113745
1137,0.08823484182357788,113746
1137,0.08944636583328247,113747
1137,0.08770930767059326,113748
1137,0.08900345116853714,113749
1137,0.08738569170236588,113750
1137,0.08930370956659317,113751
1331,0.08479861170053482,133142
1331,0.08696509152650833,133143
1331,0.08571508526802063,133144
1331,0.08702190220355988,133145
1331,0.08736829459667206,133146
1331,0.086636483669281,133147
1331,0.08653208613395691,133148
1331,0.08542689681053162,133149
1331,0.08695793151855469,133150
1331,0.08839704841375351,133151
572,0.09330978989601135,57242
572,0.09956356137990952,57243
572,0.09273209422826767,57244
572,0.09924498945474625,57245
572,0.08695263415575027,57246
572,0.09662756323814392,57247
572,0.09355167299509048,57248
572,0.10441149771213531,57249
572,0.09795179963111877,57251
572,0.09352917224168777,57250
955,0.08629850298166275,95542
955,0.08734362572431564,95543
955,0.09171730279922485,95545
955,0.0885234847664833,95544
955,0.09350641071796417,95546
955,0.09089618921279907,95548
955,0.08812590688467026,95547
955,0.0912214070558548,95549
955,0.09079138934612274,95550
955,0.08940498530864716,95551
769,0.09526973217725754,76942
769,0.09153790026903152,76943
769,0.09212638437747955,76944
769,0.09004499018192291,76945
769,0.090277299284935,76946
769,0.0924951508641243,76947
769,0.09882141649723053,76948
769,0.0950009673833847,76949
769,0.08934202045202255,76950
769,0.0968230590224266,76951
963,0.09189553558826447,96342
963,0.09017214924097061,96343
963,0.08890166878700256,96344
963,0.08523900806903839,96345
963,0.08981037139892578,96346
963,0.0871891900897026,96347
963,0.08884233236312866,96348
963,0.09748653322458267,96350
963,0.08826810121536255,96349
578,0.09927134215831757,57842
963,0.0895342156291008,96351
578,0.09291417896747589,57843
578,0.09554826468229294,57845
578,0.09457159787416458,57844
578,0.0996038094162941,57846
578,0.0964893326163292,57847
578,0.09142878651618958,57848
578,0.09788133203983307,57849
578,0.1042587086558342,57850
578,0.0969051718711853,57851
1157,0.08828604966402054,115742
1157,0.08498334139585495,115744
1157,0.0892922505736351,115743
1157,0.08672228455543518,115745
1157,0.08742912858724594,115747
1157,0.08683473616838455,115746
1157,0.09013194590806961,115748
1157,0.08682290464639664,115749
1157,0.08632602542638779,115750
1157,0.08679841458797455,115751
1354,0.08682869374752045,135442
1354,0.0883057713508606,135443
1354,0.08644761890172958,135444
1354,0.08434581756591797,135445
1354,0.08877600729465485,135446
1354,0.08675738424062729,135447
1354,0.08536318689584732,135448
1354,0.08685281127691269,135449
1354,0.08653498440980911,135450
582,0.09382562339305878,58242
1354,0.08596107363700867,135451
582,0.09389808773994446,58243
582,0.09104069322347641,58244
582,0.10521610826253891,58245
582,0.09037962555885315,58246
582,0.1023852750658989,58247
582,0.09589554369449615,58248
582,0.09581157565116882,58249
582,0.10242041945457458,58250
582,0.11084932088851929,58251
776,0.0893186628818512,77642
776,0.09417784214019775,77643
776,0.09463205188512802,77644
776,0.09151763468980789,77645
776,0.09277771413326263,77646
776,0.08830620348453522,77647
776,0.09387420862913132,77649
776,0.08811654895544052,77648
776,0.09412240982055664,77650
776,0.0987510085105896,77651
1366,0.08593393117189407,136642
1366,0.08594230562448502,136643
1366,0.08465211093425751,136644
1366,0.08588200807571411,136645
1366,0.08494710177183151,136646
1366,0.08694391697645187,136647
1366,0.08729162812232971,136648
1366,0.08729250729084015,136649
1366,0.08702737092971802,136650
1366,0.08530938625335693,136651
783,0.09303528070449829,78342
783,0.0956752747297287,78343
783,0.0933721661567688,78344
783,0.09400586783885956,78345
783,0.09269876778125763,78346
783,0.09061998873949051,78347
783,0.08744078874588013,78348
783,0.09174381196498871,78349
783,0.09540010988712311,78350
588,0.10264032334089279,58842
783,0.0889488235116005,78351
588,0.09132789075374603,58843
588,0.0993151143193245,58844
588,0.09447703510522842,58845
588,0.09183403104543686,58847
588,0.09590409696102142,58846
588,0.08988339453935623,58848
588,0.08991874009370804,58849
588,0.1055501326918602,58851
588,0.09856080263853073,58850
1177,0.08699924498796463,117742
1177,0.09077967703342438,117743
1177,0.08581952750682831,117744
1177,0.08707040548324585,117745
1177,0.08777573704719543,117746
1177,0.08777414262294769,117747
1177,0.08760660886764526,117748
1177,0.08688922971487045,117749
1177,0.09086278080940247,117750
1177,0.08481159061193466,117751
1379,0.0862528532743454,137942
1379,0.0854317843914032,137943
1379,0.08515933901071548,137944
1379,0.08569391816854477,137945
1379,0.08584997802972794,137946
1379,0.08388397097587585,137947
1379,0.08648163080215454,137948
1379,0.0857003927230835,137949
1379,0.0860866829752922,137950
1379,0.08681286871433258,137951
593,0.09381627291440964,59342
593,0.08627444505691528,59343
593,0.1035490557551384,59345
593,0.09587885439395905,59344
593,0.09186677634716034,59346
593,0.09050923585891724,59347
593,0.09679943323135376,59348
593,0.09676000475883484,59349
593,0.09647492319345474,59351
593,0.09666231274604797,59350
989,0.08475691080093384,98942
989,0.084787517786026,98943
989,0.09112980216741562,98944
989,0.08666856586933136,98945
989,0.08514142781496048,98946
989,0.08855701982975006,98947
989,0.08700692653656006,98948
989,0.09315944463014603,98949
989,0.09012162685394287,98950
989,0.08505900949239731,98951
1187,0.08999589830636978,118742
1187,0.0870952382683754,118743
1187,0.08863724023103714,118744
1187,0.08871645480394363,118745
1187,0.08699071407318115,118746
1187,0.08696364611387253,118747
1187,0.0862521231174469,118748
1187,0.08707175403833389,118749
1187,0.08729918301105499,118750
1187,0.0858747661113739,118751
797,0.08802822232246399,79742
797,0.08732083439826965,79743
797,0.09449987858533859,79744
797,0.0978170707821846,79745
797,0.09900298714637756,79747
797,0.09671963006258011,79746
797,0.09609804302453995,79748
797,0.08830060809850693,79749
797,0.09503963589668274,79750
797,0.09020756185054779,79751
997,0.08944834768772125,99742
997,0.08929935097694397,99743
997,0.08553954213857651,99744
997,0.09390220791101456,99746
997,0.08605645596981049,99745
997,0.08800341188907623,99747
997,0.09577088803052902,99748
997,0.08812104910612106,99749
997,0.09316948056221008,99750
997,0.08741020411252975,99751
599,0.09859035909175873,59942
599,0.09588971734046936,59943
599,0.10533508658409119,59944
599,0.09315188229084015,59945
599,0.10272936522960663,59946
599,0.0968768298625946,59948
599,0.09540043026208878,59947
599,0.09833138436079025,59949
599,0.09973582625389099,59951
603,0.10009504854679108,60342
599,0.09494411945343018,59950
603,0.09866746515035629,60343
603,0.08900046348571777,60344
603,0.0951637327671051,60345
603,0.09692342579364777,60346
603,0.09613900631666183,60348
603,0.09878501296043396,60349
603,0.0943356603384018,60347
804,0.09807940572500229,80442
603,0.0902424231171608,60351
603,0.09672106802463531,60350
804,0.09783699363470078,80443
804,0.08972708880901337,80444
804,0.09464254230260849,80445
804,0.0912267416715622,80447
804,0.08731775730848312,80446
804,0.09523050487041473,80448
804,0.09112171083688736,80449
804,0.09325535595417023,80450
804,0.09433680027723312,80451
810,0.08847478777170181,81042
810,0.09065091609954834,81044
810,0.09324454516172409,81043
810,0.09596194326877594,81045
810,0.09072662889957428,81046
810,0.09091527760028839,81047
810,0.09331376850605011,81048
810,0.09045489132404327,81049
810,0.08391645550727844,81051
810,0.0865795761346817,81050
608,0.09820569306612015,60842
608,0.0947723314166069,60844
608,0.10087983310222626,60843
608,0.08755123615264893,60845
608,0.08563517779111862,60847
608,0.09831425547599792,60846
608,0.09255296736955643,60848
608,0.09200533479452133,60850
608,0.09526325017213821,60849
608,0.09049542993307114,60851
1015,0.09032090753316879,101542
1015,0.08768852055072784,101543
1015,0.08594613522291183,101544
1015,0.0952470526099205,101545
1015,0.08920683711767197,101546
1015,0.0896003246307373,101547
1015,0.08649326860904694,101548
1015,0.08887152373790741,101549
1015,0.08388997614383698,101550
1015,0.08890970051288605,101551
1219,0.08772163093090057,121942
1219,0.08960197120904922,121943
1219,0.08421079069375992,121944
1219,0.08785346895456314,121945
1219,0.08402460813522339,121946
1219,0.08713292330503464,121947
1219,0.08712894469499588,121948
1219,0.08562345057725906,121950
1219,0.08548878878355026,121949
613,0.09637578576803207,61342
613,0.09640807658433914,61343
1219,0.08659032732248306,121951
613,0.09139055758714676,61345
613,0.09085264056921005,61344
613,0.0951886922121048,61346
613,0.10153011977672577,61348
613,0.0934520736336708,61349
613,0.0897998958826065,61347
613,0.09576607495546341,61351
613,0.09437171369791031,61350
1229,0.0897253006696701,122943
1229,0.08640584349632263,122942
1229,0.08802438527345657,122944
1229,0.08959359675645828,122945
1229,0.08798955380916595,122946
1229,0.08594763278961182,122947
1229,0.0855819433927536,122948
1229,0.08697329461574554,122949
1229,0.08695279061794281,122950
824,0.10022237151861191,82442
1229,0.08796261250972748,122951
824,0.08938853442668915,82443
824,0.09181056916713715,82445
824,0.0902610644698143,82444
824,0.09090772271156311,82446
824,0.09757691621780396,82447
824,0.09156711399555206,82448
824,0.09039916843175888,82449
824,0.09145624190568924,82450
619,0.10454913228750229,61942
619,0.10455238819122314,61943
824,0.09169925004243851,82451
619,0.09600266069173813,61944
619,0.1133212298154831,61946
619,0.1024630218744278,61945
619,0.09337756037712097,61947
619,0.10556723177433014,61949
619,0.09290462732315063,61948
619,0.09627333283424377,61950
619,0.09207586944103241,61951
1034,0.08994171023368835,103442
1034,0.091575488448143,103443
1034,0.08811086416244507,103444
1034,0.086626797914505,103445
1034,0.0946144312620163,103446
1034,0.09108680486679077,103447
1034,0.0872734934091568,103448
1034,0.08570366352796555,103449
1034,0.08562535047531128,103450
1034,0.08680491149425507,103451
623,0.08652035146951675,62342
623,0.09809202700853348,62343
623,0.09808826446533203,62344
623,0.09700839221477509,62345
623,0.10225880891084671,62347
623,0.08779508620500565,62346
623,0.10092281550168991,62349
623,0.08916516602039337,62348
623,0.08746106922626495,62350
623,0.09749113768339157,62351
1251,0.08756987750530243,125142
1251,0.08879296481609344,125143
1251,0.08807116746902466,125144
1251,0.0890599712729454,125145
1251,0.08830038458108902,125146
1251,0.08602079004049301,125147
1251,0.08595149219036102,125148
1251,0.08524066209793091,125149
1251,0.08791836351156235,125150
1251,0.08831646293401718,125151
629,0.09660512208938599,62942
629,0.09907776117324829,62944
629,0.08909814804792404,62943
629,0.09195365011692047,62945
629,0.09008952975273132,62946
629,0.0926254391670227,62947
629,0.09491364657878876,62948
629,0.09096784144639969,62950
629,0.09478985518217087,62949
629,0.08908325433731079,62951
839,0.09046880155801773,83943
839,0.09147773683071136,83942
839,0.09772739559412003,83944
839,0.09266214072704315,83946
839,0.09173409640789032,83945
839,0.09452103823423386,83947
839,0.09052740037441254,83948
839,0.09285364300012589,83949
839,0.0878002867102623,83950
839,0.09390991181135178,83951
1052,0.08878801017999649,105242
1052,0.09084714949131012,105243
1052,0.08832208067178726,105244
1052,0.08971031755208969,105245
1052,0.08583136647939682,105246
1052,0.08895283192396164,105247
1052,0.09318123012781143,105248
1052,0.08962870389223099,105249
1052,0.08836653083562851,105251
1052,0.08994241058826447,105250
1262,0.08862334489822388,126242
1262,0.08736824244260788,126244
1262,0.08633238077163696,126243
1262,0.08965777605772018,126245
1262,0.08753308653831482,126247
1262,0.08722591400146484,126246
1262,0.08674722909927368,126248
1262,0.08838540315628052,126249
1262,0.08581771701574326,126250
1262,0.08600866049528122,126251
634,0.08694444596767426,63442
634,0.09125865250825882,63443
634,0.09330151230096817,63444
634,0.09424786269664764,63445
634,0.09173768758773804,63446
634,0.10034625977277756,63447
634,0.09144146740436554,63448
634,0.10124035179615021,63449
634,0.09427519887685776,63450
634,0.08635849505662918,63451
1061,0.09082139283418655,106142
1061,0.08917329460382462,106143
1061,0.08522707968950272,106144
1061,0.09013760834932327,106145
1061,0.08768054097890854,106146
1061,0.08528642356395721,106147
1061,0.08995796740055084,106148
1061,0.08849836140871048,106149
1061,0.09136512130498886,106150
1061,0.0910567045211792,106151
1273,0.08959728479385376,127342
1273,0.08707635849714279,127343
1273,0.08742868900299072,127344
1273,0.08808727562427521,127345
1273,0.08836296945810318,127346
1273,0.08585409075021744,127347
1273,0.08692077547311783,127348
1273,0.08661112189292908,127349
1273,0.08569389581680298,127350
1273,0.08544974029064178,127351
637,0.09800998866558075,63742
637,0.09656956791877747,63743
637,0.08926965296268463,63744
637,0.09892164915800095,63745
637,0.09552726149559021,63746
637,0.09162739664316177,63747
637,0.09522541612386703,63748
637,0.10067674517631531,63749
637,0.10184746235609055,63750
637,0.09495154023170471,63751
853,0.09127987176179886,85343
853,0.08910547941923141,85342
853,0.09420035034418106,85344
853,0.08758499473333359,85345
853,0.09307510405778885,85346
853,0.08864357322454453,85347
853,0.09214982390403748,85348
853,0.08919094502925873,85350
853,0.09455491602420807,85349
853,0.0940849557518959,85351
641,0.09829774498939514,64143
641,0.09212297946214676,64142
641,0.09714071452617645,64144
641,0.10055813938379288,64145
641,0.10195928812026978,64146
641,0.09697749465703964,64147
641,0.09660881012678146,64148
641,0.09519161283969879,64149
641,0.09597250819206238,64150
641,0.09997864067554474,64151
1070,0.08794133365154266,107042
1070,0.08755944669246674,107043
1070,0.08771481364965439,107044
1070,0.08788898587226868,107046
1070,0.08734940737485886,107045
1070,0.09375446289777756,107047
1070,0.08630049228668213,107048
1070,0.08698761463165283,107049
1070,0.09028808027505875,107050
646,0.09626331925392151,64642
1070,0.08657654374837875,107051
646,0.09816505014896393,64643
646,0.0957627147436142,64645
646,0.0935356393456459,64644
646,0.09548982977867126,64647
646,0.0966520681977272,64648
646,0.0901472270488739,64646
646,0.09410633146762848,64649
646,0.09278469532728195,64651
646,0.08988398313522339,64650
1295,0.0859195739030838,129543
1295,0.08440591394901276,129542
1295,0.08612020313739777,129544
1295,0.08583773672580719,129545
1295,0.08871275931596756,129546
1295,0.08661758154630661,129547
1295,0.08560441434383392,129548
1295,0.08626776933670044,129549
1295,0.0882515087723732,129550
1295,0.08587392419576645,129551
868,0.09315427392721176,86842
868,0.09521593898534775,86843
868,0.09287085384130478,86844
868,0.0901571586728096,86846
868,0.08838603645563126,86845
868,0.09210897237062454,86847
868,0.08920162171125412,86848
868,0.09109647572040558,86849
868,0.08693501353263855,86850
868,0.08912400901317596,86851
652,0.09621580690145493,65242
652,0.09327606111764908,65243
652,0.09156650304794312,65244
652,0.09056542813777924,65245
652,0.09915099292993546,65246
652,0.0894356295466423,65247
652,0.09213457256555557,65248
652,0.0862005427479744,65249
652,0.08995239436626434,65251
652,0.08829104155302048,65250
1089,0.08725858479738235,108942
1089,0.08665037900209427,108943
1089,0.08794606477022171,108944
1089,0.09245363622903824,108946
1089,0.08944527059793472,108945
1089,0.08614131808280945,108947
1089,0.09036338329315186,108948
1089,0.08657856285572052,108950
1089,0.08968648314476013,108949
1089,0.08894878625869751,108951
657,0.09695524722337723,65742
657,0.09822769463062286,65743
657,0.09155377000570297,65744
657,0.09697526693344116,65746
657,0.09065652638673782,65745
657,0.09887062758207321,65748
657,0.10392903536558151,65749
657,0.09295535087585449,65747
657,0.09747137874364853,65750
657,0.09107625484466553,65751
1318,0.0859256386756897,131842
1318,0.08459188044071198,131843
1318,0.08647560328245163,131844
1318,0.08789274096488953,131845
1318,0.0878368392586708,131846
1318,0.08562833815813065,131847
1318,0.08919832855463028,131848
1318,0.08438849449157715,131849
1318,0.0870351567864418,131850
1318,0.08577688783407211,131851
660,0.09685899317264557,66042
660,0.09354767203330994,66044
660,0.09135591238737106,66043
660,0.09469875693321228,66045
660,0.09576085954904556,66046
660,0.10264893621206284,66047
660,0.09602274000644684,66048
660,0.09918312728404999,66049
660,0.09705790132284164,66050
660,0.09033139050006866,66051
1324,0.08603621274232864,132442
1324,0.08696404844522476,132443
1324,0.08464615792036057,132444
1324,0.08532869070768356,132445
1324,0.08759244531393051,132446
1324,0.08523305505514145,132447
1324,0.08645348995923996,132448
1324,0.08556772023439407,132449
1324,0.08617863059043884,132450
1324,0.08441076427698135,132451
883,0.09012312442064285,88343
883,0.08539388328790665,88342
883,0.08680067956447601,88344
883,0.09080730378627777,88346
883,0.08402504026889801,88345
883,0.08686455339193344,88347
883,0.09382958710193634,88349
883,0.08897823840379715,88348
883,0.09021393954753876,88350
883,0.09131097793579102,88351
664,0.09517131745815277,66442
664,0.08906486630439758,66445
664,0.08654138445854187,66443
664,0.09016332775354385,66444
664,0.09425058960914612,66446
664,0.09328258782625198,66447
664,0.09329983592033386,66448
664,0.09829352796077728,66449
664,0.09776344895362854,66450
664,0.08560335636138916,66451
1108,0.08315606415271759,110842
1108,0.08551627397537231,110843
1108,0.09124799072742462,110844
1108,0.08877801150083542,110845
1108,0.08784173429012299,110846
1108,0.08662335574626923,110847
1108,0.08643361926078796,110849
1108,0.08775591105222702,110848
1108,0.0896713137626648,110850
1113,0.09031184762716293,111342
1108,0.08660287410020828,110851
1113,0.08490505069494247,111344
1113,0.08701791614294052,111343
1113,0.08804911375045776,111345
1113,0.08719123899936676,111346
1113,0.08720840513706207,111347
1113,0.08924278616905212,111348
1113,0.08743315935134888,111349
1113,0.08598188310861588,111351
1113,0.08593212068080902,111350
669,0.09603004902601242,66942
669,0.09821664541959763,66943
669,0.09036469459533691,66944
669,0.09316960722208023,66945
669,0.09657183289527893,66946
669,0.08809418976306915,66947
669,0.09798550605773926,66948
669,0.09413792192935944,66949
669,0.10060149431228638,66950
669,0.09662040323019028,66951
1342,0.08782459050416946,134242
1342,0.0850527212023735,134243
1342,0.08472343534231186,134244
1342,0.0867459625005722,134245
1342,0.08606243133544922,134246
1342,0.08508036285638809,134247
1342,0.08569883555173874,134248
1342,0.08671853691339493,134249
1342,0.08587388694286346,134250
1342,0.08658750355243683,134251
675,0.0931703969836235,67542
675,0.09795159101486206,67544
675,0.09442779421806335,67543
675,0.08850403130054474,67545
675,0.09724699705839157,67546
675,0.08908102661371231,67547
675,0.08639191836118698,67548
675,0.10213235765695572,67550
675,0.09207037836313248,67549
675,0.09331925958395004,67551
1128,0.08723761141300201,112842
1128,0.08536390215158463,112843
1128,0.08594514429569244,112844
1128,0.08957688510417938,112845
1128,0.09043535590171814,112846
1128,0.08853178471326828,112847
1128,0.08776536583900452,112848
1128,0.08433311432600021,112849
1128,0.08764097094535828,112850
1128,0.08826053142547607,112851
903,0.0943223312497139,90342
903,0.08908645063638687,90343
903,0.09490781277418137,90344
903,0.08988986164331436,90345
903,0.09402592480182648,90346
903,0.08708928525447845,90347
903,0.09084398299455643,90348
903,0.09113176167011261,90349
903,0.09712041914463043,90351
903,0.09569577872753143,90350
681,0.09470407664775848,68142
681,0.09764087200164795,68143
681,0.09475511312484741,68144
681,0.09712841361761093,68145
681,0.09304686635732651,68146
681,0.09498943388462067,68147
681,0.09490399807691574,68148
681,0.09331481903791428,68149
681,0.08789364993572235,68150
681,0.09916654229164124,68151
684,0.09279965609312057,68442
684,0.09731297940015793,68443
684,0.08903459459543228,68444
684,0.09535371512174606,68445
684,0.1020808294415474,68446
684,0.09429870545864105,68447
684,0.09940121322870255,68448
684,0.09461839497089386,68449
684,0.09597574174404144,68450
684,0.0931677296757698,68451
1372,0.08620795607566833,137242
1372,0.08417012542486191,137243
1372,0.08606916666030884,137244
1372,0.0852934941649437,137245
1372,0.08682997524738312,137246
1372,0.08778049051761627,137247
1372,0.0860125944018364,137248
1372,0.08454054594039917,137249
1372,0.08663173764944077,137250
1372,0.08628067374229431,137251
915,0.09190619736909866,91542
915,0.09159096330404282,91543
915,0.08890240639448166,91544
915,0.09276105463504791,91545
915,0.09188057482242584,91546
915,0.08731696754693985,91547
915,0.09157510101795197,91548
915,0.09577421098947525,91549
915,0.09276235848665237,91550
915,0.08758796751499176,91551
688,0.0892489105463028,68842
688,0.09936994314193726,68843
688,0.09196565300226212,68844
688,0.0899992361664772,68845
688,0.10077960044145584,68846
688,0.09168047457933426,68847
688,0.09872530400753021,68848
688,0.0951869860291481,68849
688,0.09744708985090256,68850
688,0.08953552693128586,68851
1147,0.08951600641012192,114742
1147,0.08605050295591354,114743
1147,0.08756309747695923,114744
1147,0.08999136835336685,114745
1147,0.0879187062382698,114746
1147,0.08652631938457489,114747
1147,0.08842223137617111,114748
1147,0.08711892366409302,114749
1147,0.08750325441360474,114750
1147,0.09020531922578812,114751
1152,0.08656355738639832,115242
1152,0.09041838347911835,115243
1152,0.08359963446855545,115244
1152,0.08619826287031174,115245
1152,0.0850047767162323,115246
1152,0.08721425384283066,115247
1152,0.0871342346072197,115248
1152,0.08756008744239807,115249
1152,0.08632943779230118,115250
1152,0.08844473958015442,115251
693,0.0926804319024086,69342
693,0.08898027241230011,69344
693,0.09322129935026169,69343
693,0.0994979664683342,69345
693,0.10840444266796112,69347
693,0.08919402956962585,69346
693,0.09432092308998108,69348
693,0.09408354759216309,69349
693,0.09828522801399231,69350
693,0.09215881675481796,69351
930,0.09066285938024521,93042
930,0.08806028962135315,93043
930,0.08792591840028763,93044
930,0.09165846556425095,93045
930,0.08606766164302826,93046
930,0.08808980882167816,93047
930,0.08658059686422348,93049
930,0.0904710441827774,93048
930,0.08845466375350952,93050
930,0.0884670540690422,93051
699,0.10065051913261414,69942
699,0.09981771558523178,69943
699,0.09411303699016571,69945
699,0.09042958915233612,69944
699,0.09462945908308029,69946
699,0.09303707629442215,69947
699,0.08638093620538712,69948
699,0.0969630554318428,69949
699,0.09676873683929443,69950
1167,0.08972777426242828,116742
699,0.092157743871212,69951
1167,0.08646226674318314,116743
1167,0.08642270416021347,116744
1167,0.09041402488946915,116745
1167,0.08500053733587265,116746
1167,0.08783761411905289,116747
1167,0.08696208894252777,116748
1167,0.09185013920068741,116749
1167,0.09096335619688034,116751
1167,0.08836310356855392,116750
934,0.08889699727296829,93442
934,0.097382090985775,93444
934,0.09180498123168945,93443
934,0.08752021938562393,93445
934,0.09148447215557098,93446
934,0.09029754251241684,93447
934,0.09045389294624329,93448
934,0.08852645009756088,93449
934,0.0913597121834755,93450
934,0.08883542567491531,93451
1172,0.08612164109945297,117242
1172,0.08798545598983765,117243
1172,0.08215391635894775,117244
1172,0.08515053987503052,117245
1172,0.08708097040653229,117246
1172,0.08637109398841858,117247
1172,0.08829288184642792,117248
1172,0.0874287337064743,117249
1172,0.08668983727693558,117250
1172,0.0870056077837944,117251
705,0.09423429518938065,70542
705,0.10493334382772446,70544
705,0.0936204046010971,70545
705,0.0913141518831253,70543
705,0.09002715349197388,70546
705,0.09638829529285431,70547
705,0.0857117548584938,70548
705,0.09558455646038055,70549
705,0.09982643276453018,70550
705,0.0906553715467453,70551
708,0.10133738815784454,70842
708,0.09876207262277603,70844
708,0.0981106087565422,70843
708,0.0932340994477272,70845
708,0.09542626142501831,70846
708,0.09147976338863373,70847
708,0.08788561075925827,70848
708,0.09931765496730804,70850
708,0.0919037014245987,70849
946,0.08887722343206406,94642
708,0.09128230810165405,70851
946,0.09245128929615021,94643
946,0.09171930700540543,94646
946,0.09161227196455002,94644
946,0.09151502698659897,94645
946,0.09004714339971542,94647
946,0.09008088707923889,94648
946,0.08928476274013519,94649
712,0.09217098355293274,71242
946,0.08653787523508072,94650
946,0.08893299102783203,94651
712,0.09595131874084473,71244
712,0.09317534416913986,71243
712,0.09124324470758438,71245
712,0.10679370909929276,71246
712,0.09570737928152084,71248
712,0.0940292626619339,71247
712,0.09027927368879318,71249
712,0.09099360555410385,71250
712,0.10302183032035828,71251
950,0.09405649453401566,95042
950,0.08698999881744385,95043
950,0.08828900754451752,95044
950,0.09255697578191757,95045
950,0.0895618349313736,95046
950,0.08951105922460556,95047
950,0.08755727857351303,95048
950,0.09106733649969101,95049
950,0.08726769685745239,95050
950,0.09226901084184647,95051
1193,0.09053929895162582,119342
1193,0.08744169771671295,119343
1193,0.08822603523731232,119344
1193,0.08736315369606018,119345
1193,0.08693304657936096,119346
1193,0.08709286898374557,119347
1193,0.09028765559196472,119348
1193,0.08656157553195953,119349
1193,0.08979331701993942,119350
1193,0.08848302066326141,119351
717,0.09096795320510864,71742
717,0.09502676129341125,71743
717,0.09038009494543076,71744
717,0.11139484494924545,71746
717,0.09910107403993607,71747
717,0.09376413375139236,71745
717,0.09614136070013046,71748
717,0.09432317316532135,71749
717,0.08957570791244507,71750
717,0.09715347737073898,71751
720,0.09382102638483047,72043
720,0.0906144455075264,72042
720,0.09854759275913239,72044
720,0.09178458154201508,72045
720,0.0979597270488739,72046
720,0.09039700776338577,72047
720,0.10249117016792297,72048
720,0.09540580958127975,72049
720,0.09558610618114471,72050
720,0.08966368436813354,72051
724,0.09091005474328995,72443
724,0.10091335326433182,72442
724,0.08899974077939987,72444
724,0.09334779530763626,72446
724,0.09028979390859604,72445
724,0.09181355684995651,72447
724,0.0902819111943245,72448
724,0.08976303040981293,72449
724,0.09283681213855743,72450
724,0.10092084854841232,72451
1209,0.08914066106081009,120942
1209,0.08373060077428818,120943
1209,0.08766237646341324,120944
1209,0.08977203816175461,120945
1209,0.08608982712030411,120946
1209,0.08545434474945068,120947
1209,0.08753606677055359,120948
1209,0.08736220002174377,120949
1209,0.08688215911388397,120950
1209,0.08699212968349457,120951
967,0.09106337279081345,96742
967,0.08952635526657104,96743
967,0.08689683675765991,96744
967,0.09236102551221848,96746
967,0.08595333248376846,96745
967,0.085545115172863,96747
967,0.08997716754674911,96748
967,0.09048707783222198,96749
967,0.08631307631731033,96750
967,0.08735480159521103,96751
1214,0.08281217515468597,121442
1214,0.08523586392402649,121443
1214,0.08780483156442642,121444
1214,0.08720588684082031,121445
1214,0.0902661681175232,121446
1214,0.08798015862703323,121447
1214,0.0882493332028389,121448
1214,0.08623985201120377,121449
1214,0.08415014296770096,121451
1214,0.08733081072568893,121450
730,0.09187901765108109,73043
730,0.09115083515644073,73042
730,0.08557651191949844,73044
730,0.09128926694393158,73046
730,0.0956060141324997,73045
730,0.09624160826206207,73047
730,0.09569576382637024,73049
730,0.0959775298833847,73048
730,0.09031874686479568,73050
730,0.09163208305835724,73051
973,0.08572636544704437,97342
973,0.09180980175733566,97343
973,0.08983416110277176,97344
973,0.09097611159086227,97345
973,0.08504476398229599,97346
973,0.08890507370233536,97348
973,0.08909478783607483,97347
973,0.0900239571928978,97349
973,0.0852409228682518,97350
973,0.0896315947175026,97351
733,0.08757275342941284,73342
733,0.0910189226269722,73343
733,0.09475007653236389,73344
733,0.09347298741340637,73345
733,0.10242651402950287,73348
733,0.09031038731336594,73346
733,0.10192281007766724,73347
733,0.09574764966964722,73349
733,0.09582448750734329,73350
733,0.10107790678739548,73351
980,0.08609438687562943,98042
980,0.0983806848526001,98044
980,0.08772480487823486,98043
980,0.09140577912330627,98045
980,0.09162499755620956,98046
980,0.09410636872053146,98047
980,0.08923123776912689,98048
980,0.0886591449379921,98049
980,0.09020651876926422,98050
980,0.08881654590368271,98051
738,0.0922708809375763,73843
738,0.0884203091263771,73842
738,0.10014228522777557,73844
738,0.09654974937438965,73845
738,0.09542305767536163,73846
738,0.10127830505371094,73848
738,0.09152508527040482,73847
738,0.0897311195731163,73849
738,0.09135379642248154,73850
738,0.09801053255796432,73851
984,0.09185750037431717,98442
984,0.08891452848911285,98444
984,0.09252379834651947,98443
984,0.09029067307710648,98445
984,0.09062974154949188,98446
984,0.08513549715280533,98447
984,0.0901089757680893,98448
984,0.08883589506149292,98449
984,0.08534517884254456,98450
984,0.0895632728934288,98451
1235,0.0879775881767273,123542
1235,0.08875851333141327,123543
1235,0.08716144412755966,123544
1235,0.08658714592456818,123545
1235,0.08743109554052353,123546
1235,0.08662273734807968,123547
1235,0.08914438635110855,123548
1235,0.08662370592355728,123549
1235,0.08606848120689392,123550
1235,0.08756203949451447,123551
743,0.0869014784693718,74342
743,0.08828980475664139,74343
743,0.09733570367097855,74344
743,0.09316885471343994,74345
743,0.09433870017528534,74346
743,0.0873873233795166,74347
743,0.09556737542152405,74348
743,0.0905618816614151,74349
743,0.09479529410600662,74351
743,0.0929805114865303,74350
746,0.10061085969209671,74642
746,0.09339002519845963,74643
746,0.094782255589962,74644
746,0.08920003473758698,74645
746,0.09566376358270645,74646
746,0.0921485647559166,74647
746,0.08953697234392166,74648
746,0.09153349697589874,74649
746,0.08982499688863754,74650
750,0.09381532669067383,75042
746,0.09144630283117294,74651
750,0.0928623229265213,75043
750,0.0967240184545517,75044
750,0.08954964578151703,75045
750,0.09075774997472763,75046
750,0.08911805599927902,75047
750,0.09221190214157104,75049
750,0.09408950805664062,75048
750,0.09388997405767441,75050
750,0.09192409366369247,75051
1001,0.08927798271179199,100142
1001,0.08681058138608932,100143
1001,0.0903642326593399,100144
1001,0.0874609500169754,100145
1001,0.09052977710962296,100146
1001,0.0902939885854721,100147
1001,0.08867128193378448,100149
1001,0.08607953786849976,100148
1001,0.08756336569786072,100150
1001,0.08733965456485748,100151
1257,0.08754383027553558,125742
1257,0.08849445730447769,125743
1257,0.0878874659538269,125744
1257,0.08496695756912231,125745
1257,0.08619317412376404,125746
1257,0.09145805239677429,125747
1257,0.0859302505850792,125748
1257,0.08504127711057663,125749
1257,0.08893800526857376,125750
1257,0.08421094715595245,125751
1007,0.0948256105184555,100743
1007,0.09178026020526886,100742
1007,0.08825734257698059,100744
1007,0.086814746260643,100746
1007,0.08836165070533752,100747
1007,0.08933400362730026,100745
1007,0.08763719350099564,100748
1007,0.09010588377714157,100749
1007,0.08609073609113693,100750
1007,0.0873430147767067,100751
756,0.09692850708961487,75643
756,0.0966576412320137,75642
756,0.10325411707162857,75644
756,0.09809770435094833,75645
756,0.08874769508838654,75646
756,0.09865500032901764,75647
756,0.09423012286424637,75648
756,0.09323331713676453,75649
756,0.09305909276008606,75650
756,0.09387019276618958,75651
759,0.08701569586992264,75942
759,0.09047846496105194,75943
759,0.0992935299873352,75944
759,0.09984001517295837,75945
759,0.09523670375347137,75946
759,0.09963148832321167,75948
759,0.09291011095046997,75947
759,0.09251076728105545,75949
759,0.0979810580611229,75951
759,0.09458478540182114,75950
1268,0.08618814498186111,126842
1268,0.09155037254095078,126844
1268,0.08833418041467667,126843
1268,0.08631416410207748,126845
1268,0.08748083561658859,126846
1268,0.0864831879734993,126847
1268,0.08700037747621536,126848
1268,0.08592760562896729,126849
1268,0.08910290896892548,126850
1268,0.08429868519306183,126851
764,0.09241506457328796,76442
764,0.10681997984647751,76443
764,0.08949292451143265,76444
764,0.09184576570987701,76445
764,0.0955134928226471,76446
764,0.09386089444160461,76447
764,0.08854416012763977,76448
764,0.09537800401449203,76449
764,0.08925413340330124,76450
764,0.09535820037126541,76451
1019,0.08711852878332138,101942
1019,0.08892650902271271,101943
1019,0.08664236962795258,101944
1019,0.08649599552154541,101946
1019,0.08840081840753555,101947
1019,0.0857628807425499,101945
1019,0.08781944215297699,101948
1019,0.085332490503788,101949
1019,0.09314502030611038,101950
1019,0.08740021288394928,101951
1279,0.08436623960733414,127942
1279,0.08702918142080307,127943
1279,0.08668599277734756,127944
1279,0.0861997902393341,127945
1279,0.08687271177768707,127946
1279,0.08488249778747559,127947
1279,0.0860995277762413,127948
1279,0.08754666894674301,127949
1279,0.08508092910051346,127950
1279,0.08825912326574326,127951
1025,0.08595652878284454,102542
1025,0.0883963331580162,102543
1025,0.09328212589025497,102544
1025,0.08515404164791107,102545
1025,0.08521279692649841,102546
1025,0.0870489627122879,102548
1025,0.08980754762887955,102547
1025,0.08902187645435333,102549
1025,0.08746203035116196,102551
1025,0.08881957083940506,102550
770,0.09130746126174927,77042
770,0.09564654529094696,77043
770,0.0938117504119873,77044
770,0.09979191422462463,77045
770,0.08970123529434204,77046
770,0.09390991181135178,77047
770,0.09472794830799103,77048
770,0.0956595242023468,77049
770,0.09984804689884186,77050
770,0.09126242250204086,77051
1029,0.08526299893856049,102942
1029,0.08946000784635544,102943
1029,0.08591394126415253,102944
1029,0.08898070454597473,102945
1029,0.09185339510440826,102946
1029,0.08960650116205215,102947
1029,0.09097816795110703,102948
1029,0.09028671681880951,102949
1029,0.08600126206874847,102950
773,0.09750556945800781,77342
1029,0.08764244616031647,102951
773,0.09164486825466156,77343
773,0.09081181138753891,77344
773,0.08998793363571167,77346
773,0.09079726040363312,77345
773,0.09196380525827408,77347
773,0.09355874359607697,77348
773,0.09450405091047287,77349
773,0.09173891693353653,77350
777,0.09137202054262161,77742
773,0.09168118983507156,77351
777,0.09102941304445267,77743
777,0.09351431578397751,77744
777,0.09393904358148575,77745
777,0.09250275790691376,77746
777,0.0909152701497078,77748
777,0.0897359549999237,77747
777,0.0947912260890007,77751
777,0.09233659505844116,77749
777,0.09036476165056229,77750
1038,0.08796263486146927,103842
1038,0.0880664810538292,103843
1038,0.08564469963312149,103844
1038,0.09229177981615067,103847
1038,0.08966387808322906,103846
1038,0.08706045895814896,103845
1038,0.09304414689540863,103848
1038,0.08805524557828903,103849
1038,0.08444813638925552,103850
780,0.0940537378191948,78042
1038,0.08754414319992065,103851
780,0.09072819352149963,78043
780,0.09297925233840942,78044
780,0.09140919893980026,78045
780,0.0889950543642044,78046
780,0.09457594901323318,78048
780,0.09129293262958527,78047
780,0.09648025780916214,78049
780,0.09318981319665909,78050
780,0.09026629477739334,78051
1301,0.08599972724914551,130142
1301,0.08701521903276443,130143
1301,0.08778656274080276,130144
1301,0.08533161133527756,130145
1301,0.0867868959903717,130146
1301,0.08594594895839691,130147
1301,0.08504586666822433,130148
1301,0.08582577109336853,130149
1301,0.08869662135839462,130150
1301,0.08687936514616013,130151
1044,0.09003419429063797,104442
1044,0.08785507827997208,104443
1044,0.08778044581413269,104444
1044,0.0845857784152031,104445
1044,0.09109804034233093,104446
1044,0.086890310049057,104447
1044,0.08713369071483612,104449
1044,0.08798985928297043,104448
1044,0.08619477599859238,104450
784,0.09282514452934265,78442
1044,0.08931669592857361,104451
784,0.08891452103853226,78444
784,0.0926656648516655,78445
784,0.09574748575687408,78443
784,0.09094525128602982,78446
784,0.09192883968353271,78447
784,0.08874258399009705,78448
784,0.09481790661811829,78449
784,0.08941707760095596,78450
784,0.09097699075937271,78451
787,0.0969567745923996,78742
787,0.0889064148068428,78744
787,0.0922217071056366,78745
787,0.0885113850235939,78743
787,0.09553876519203186,78746
787,0.09172005206346512,78748
787,0.0931057557463646,78747
787,0.09073718637228012,78749
787,0.09066495299339294,78750
787,0.09155102074146271,78751
1313,0.08904062211513519,131342
1313,0.08771105855703354,131343
1313,0.08640411496162415,131344
1313,0.0880478173494339,131345
1313,0.0853901207447052,131346
1313,0.08505185693502426,131347
1313,0.0874222069978714,131348
1313,0.08728975802659988,131349
1313,0.08568036556243896,131350
792,0.09545682370662689,79242
1313,0.08715233206748962,131351
792,0.0876714438199997,79243
792,0.09470396488904953,79245
792,0.09255608171224594,79244
792,0.09136689454317093,79246
792,0.08802735805511475,79248
792,0.09187064319849014,79247
792,0.09071823954582214,79249
792,0.08858198672533035,79251
792,0.08916018158197403,79250
1056,0.08588546514511108,105642
1056,0.09001612663269043,105644
1056,0.09047136455774307,105643
1056,0.08612699061632156,105645
1056,0.08439788967370987,105647
1056,0.09087999910116196,105646
1056,0.08795592188835144,105648
1056,0.08653881400823593,105649
1056,0.0872630923986435,105650
1056,0.08912742882966995,105651
798,0.08810185641050339,79842
798,0.08953351527452469,79843
798,0.09469945728778839,79844
798,0.08741525560617447,79845
798,0.09395109862089157,79846
798,0.09642626345157623,79847
798,0.09514933079481125,79849
798,0.09217557311058044,79848
798,0.0975009948015213,79850
798,0.09235946834087372,79851
1065,0.08816220611333847,106542
1065,0.08804371953010559,106543
1065,0.08613099902868271,106544
1065,0.09015205502510071,106545
1065,0.092686228454113,106546
1065,0.08849131315946579,106547
1065,0.08887287229299545,106548
1065,0.09043090790510178,106549
1065,0.08759861439466476,106550
1065,0.09221170097589493,106551
801,0.09164458513259888,80142
801,0.09228406846523285,80143
801,0.09330248832702637,80144
801,0.09117200970649719,80145
801,0.09198809415102005,80146
801,0.0917958915233612,80148
801,0.0893942192196846,80147
801,0.09225232899188995,80149
801,0.08862105011940002,80150
801,0.09376481920480728,80151
1337,0.08605106174945831,133742
1337,0.08773952722549438,133743
1337,0.0858800932765007,133744
1337,0.08529243618249893,133745
1337,0.0869336649775505,133746
1337,0.08687645196914673,133747
1337,0.08696223050355911,133748
1337,0.08589175343513489,133749
1337,0.08717367053031921,133750
805,0.0938001424074173,80542
1337,0.08527036011219025,133751
805,0.09331212192773819,80543
805,0.09093562513589859,80544
805,0.09152505546808243,80545
805,0.09476288408041,80546
805,0.09078405052423477,80547
805,0.09134475886821747,80548
805,0.09390337765216827,80550
805,0.08904124051332474,80549
805,0.08970686048269272,80551
1074,0.08791431784629822,107442
1074,0.08807658404111862,107443
1074,0.08874751627445221,107444
1074,0.0891176238656044,107445
1074,0.08549890667200089,107446
1074,0.08864161372184753,107447
1074,0.08746913820505142,107448
1074,0.09179741144180298,107449
1074,0.08847855776548386,107450
1074,0.08712078630924225,107451
1348,0.08559442311525345,134842
1348,0.08772178739309311,134843
1348,0.08379939943552017,134844
1348,0.0866449773311615,134846
1348,0.0844448134303093,134845
1348,0.08670498430728912,134847
1348,0.08570967614650726,134848
1348,0.08513680100440979,134849
1348,0.08650942891836166,134850
1080,0.08526655286550522,108042
1348,0.08695168048143387,134851
1080,0.08580771088600159,108043
1080,0.0903334692120552,108044
1080,0.08895432949066162,108045
1080,0.08902883529663086,108046
1080,0.08969002217054367,108047
1080,0.08702617138624191,108048
1080,0.08654017001390457,108049
1080,0.08761712908744812,108050
811,0.09056971222162247,81142
1080,0.0886811688542366,108051
811,0.09366706013679504,81143
811,0.09251557290554047,81144
811,0.08919420093297958,81145
811,0.0899880975484848,81146
811,0.08960592746734619,81147
811,0.09250856935977936,81148
811,0.09611610323190689,81149
811,0.08667096495628357,81150
811,0.08980784565210342,81151
1084,0.08870254456996918,108443
1084,0.08769164979457855,108442
1084,0.08911413699388504,108444
1084,0.08365281671285629,108445
1084,0.08914822340011597,108446
1084,0.08979693055152893,108447
1084,0.09011205285787582,108448
1084,0.08858033269643784,108449
1084,0.08778562396764755,108450
1084,0.08798010647296906,108451
814,0.09010714292526245,81443
814,0.09004040062427521,81442
814,0.08898693323135376,81444
814,0.09128419309854507,81446
814,0.09460139274597168,81445
814,0.09070484340190887,81447
814,0.08808043599128723,81448
814,0.08752598613500595,81449
814,0.08459252119064331,81450
814,0.09243840724229813,81451
1360,0.08740714937448502,136042
1360,0.0863010436296463,136043
1360,0.08643932640552521,136044
1360,0.08541703969240189,136045
1360,0.08629059046506882,136046
1360,0.08863615244626999,136047
1360,0.08565741777420044,136049
1360,0.0852787122130394,136048
1360,0.0880565494298935,136050
1360,0.08542987704277039,136051
819,0.09129948914051056,81942
819,0.09067043662071228,81943
819,0.09354578703641891,81944
819,0.09654659032821655,81945
819,0.09789102524518967,81946
819,0.08902684599161148,81947
819,0.09295627474784851,81948
819,0.08719595521688461,81949
819,0.09082074463367462,81950
819,0.09628612548112869,81951
1093,0.0882876068353653,109344
1093,0.0892225131392479,109342
1093,0.08582788705825806,109343
1093,0.0891449823975563,109346
1093,0.09098982065916061,109345
1093,0.08797524124383926,109347
1093,0.08546656370162964,109350
1093,0.08822353929281235,109348
1093,0.08452492207288742,109349
1093,0.08780944347381592,109351
1099,0.09085918962955475,109943
1099,0.08785071969032288,109942
1099,0.08686016499996185,109944
1099,0.08931361138820648,109946
1099,0.0878385528922081,109945
1099,0.0860111266374588,109947
1099,0.09253694117069244,109949
1099,0.08835424482822418,109948
1099,0.08981028199195862,109950
1099,0.08746983855962753,109951
825,0.09051922708749771,82542
825,0.0842268243432045,82543
825,0.09383989870548248,82544
825,0.0889563262462616,82545
825,0.0937390848994255,82546
825,0.09063443541526794,82547
825,0.09041938930749893,82548
825,0.08916614204645157,82549
825,0.09509444981813431,82550
825,0.08537227660417557,82551
1103,0.09027156978845596,110342
1103,0.08987928926944733,110343
1103,0.08543295413255692,110345
1103,0.08722223341464996,110344
1103,0.09263277798891068,110346
1103,0.0878346711397171,110347
1103,0.08488001674413681,110348
1103,0.08657937496900558,110349
1103,0.08584598451852798,110350
1103,0.08611088991165161,110351
828,0.09357690066099167,82842
828,0.09262915700674057,82843
828,0.08811110258102417,82845
828,0.0921720564365387,82844
828,0.09044896066188812,82846
828,0.09016969799995422,82847
828,0.09135828912258148,82848
828,0.09472473710775375,82849
828,0.0986674427986145,82850
828,0.09515439718961716,82851
833,0.0860000029206276,83342
833,0.09113563597202301,83343
833,0.09508636593818665,83344
833,0.09734174609184265,83345
833,0.09324987977743149,83347
833,0.09291019290685654,83346
833,0.08980009704828262,83348
833,0.09300760179758072,83349
833,0.09415482729673386,83350
833,0.08860544860363007,83351
836,0.08744842559099197,83642
836,0.08959631621837616,83643
836,0.08780738711357117,83644
836,0.09594874083995819,83646
836,0.09057632833719254,83645
836,0.08679750561714172,83647
836,0.09037156403064728,83649
836,0.09293347597122192,83648
836,0.08956734091043472,83650
836,0.09109903872013092,83651
1119,0.08738983422517776,111942
1119,0.08634699881076813,111944
1119,0.0905451625585556,111943
1119,0.08827673643827438,111945
1119,0.0903908833861351,111947
1119,0.08717411011457443,111946
1119,0.08611011505126953,111948
1119,0.08495834469795227,111949
1119,0.08929377049207687,111950
1119,0.08864463120698929,111951
840,0.09298435598611832,84042
840,0.08882757276296616,84043
840,0.08901775628328323,84044
840,0.08927083760499954,84045
840,0.09232864528894424,84046
840,0.09255065023899078,84047
840,0.08680147677659988,84048
840,0.08979476243257523,84049
840,0.08974167704582214,84050
840,0.09098927676677704,84051
1123,0.08654569089412689,112342
1123,0.08875575661659241,112343
1123,0.08811602741479874,112344
1123,0.08516081422567368,112345
1123,0.08872517943382263,112346
1123,0.08714956045150757,112347
1123,0.0851861909031868,112348
1123,0.08787383884191513,112349
1123,0.08775966614484787,112350
1123,0.0850822776556015,112351
843,0.0890069305896759,84342
843,0.08832769095897675,84343
843,0.09213165193796158,84344
843,0.09296585619449615,84345
843,0.08872310817241669,84346
843,0.09080757200717926,84347
843,0.08879373967647552,84348
843,0.09698294848203659,84350
843,0.09511695802211761,84349
843,0.08997886627912521,84351
848,0.0868544951081276,84843
848,0.09500986337661743,84842
848,0.09237217158079147,84844
848,0.08860112726688385,84845
848,0.08915458619594574,84847
848,0.09091012179851532,84846
848,0.09895507991313934,84849
848,0.09398862719535828,84848
848,0.09314337372779846,84850
848,0.08923961967229843,84851
1132,0.08556980639696121,113242
1132,0.0865640938282013,113243
1132,0.08732755482196808,113244
1132,0.08601202815771103,113245
1132,0.08669257909059525,113246
1132,0.08915053308010101,113247
1132,0.08934266120195389,113248
1132,0.08991113305091858,113249
1132,0.08873359858989716,113251
1132,0.09076080471277237,113250
1138,0.08778075128793716,113842
1138,0.08547432720661163,113843
1138,0.09010259807109833,113844
1138,0.08602172136306763,113845
1138,0.08538929373025894,113846
1138,0.08577461540699005,113847
1138,0.08654565364122391,113848
1138,0.0858701691031456,113849
1138,0.08558855950832367,113850
854,0.09578866511583328,85442
854,0.09771338850259781,85443
1138,0.08666331321001053,113851
854,0.09430991113185883,85444
854,0.09333554655313492,85446
854,0.08882290124893188,85445
854,0.09221728146076202,85447
854,0.08443908393383026,85448
854,0.09636670351028442,85449
854,0.08898534625768661,85450
854,0.09367185831069946,85451
1142,0.08715905994176865,114242
1142,0.08623021841049194,114243
1142,0.09061272442340851,114244
1142,0.08670663088560104,114245
1142,0.09153088182210922,114246
1142,0.0907248929142952,114247
1142,0.09082583338022232,114248
1142,0.08877390623092651,114249
1142,0.08930303901433945,114250
1142,0.08917427062988281,114251
857,0.08835774660110474,85742
857,0.0886760875582695,85743
857,0.09446854889392853,85744
857,0.08869170397520065,85745
857,0.09025989472866058,85746
857,0.09271714836359024,85747
857,0.0897478237748146,85748
857,0.09123704582452774,85749
857,0.08879467099905014,85750
857,0.09189365059137344,85751
862,0.08942288905382156,86242
862,0.08526719361543655,86243
862,0.08741267025470734,86245
862,0.09162674099206924,86244
862,0.08882733434438705,86246
862,0.09380262345075607,86248
862,0.09069085866212845,86247
862,0.08560661226511002,86249
862,0.08843832463026047,86250
862,0.08929988741874695,86251
865,0.09388493746519089,86542
865,0.09256908297538757,86544
865,0.09229924529790878,86543
865,0.09462621808052063,86545
865,0.09040198475122452,86546
865,0.09270626306533813,86547
865,0.09202072024345398,86549
865,0.0945131927728653,86548
865,0.08707231283187866,86550
865,0.08870852738618851,86551
1158,0.08749251067638397,115842
1158,0.08633452653884888,115843
1158,0.0882072001695633,115844
1158,0.08972540497779846,115845
1158,0.08523927628993988,115846
1158,0.08818762749433517,115847
1158,0.08592154085636139,115848
1158,0.08551529049873352,115850
1158,0.08737897127866745,115849
1158,0.08906112611293793,115851
869,0.09873677790164948,86943
869,0.08891549706459045,86942
869,0.0868772342801094,86944
869,0.09406010806560516,86945
869,0.08800076693296432,86946
869,0.09043074399232864,86948
869,0.09224946796894073,86947
869,0.08641327172517776,86949
1162,0.08530114591121674,116242
869,0.09361667931079865,86951
869,0.0883120521903038,86950
1162,0.09145156294107437,116243
1162,0.08565901219844818,116244
1162,0.0859508141875267,116245
1162,0.08549895137548447,116246
1162,0.09008031338453293,116247
1162,0.08544331043958664,116248
1162,0.08847220987081528,116249
1162,0.09346316009759903,116250
1162,0.08599263429641724,116251
872,0.09065669029951096,87242
872,0.0894877165555954,87243
872,0.08956336975097656,87244
872,0.09193049371242523,87245
872,0.0880628228187561,87246
872,0.09228187799453735,87247
872,0.09404151141643524,87248
872,0.0875815600156784,87249
872,0.0914834514260292,87250
872,0.09032405912876129,87251
877,0.08948147296905518,87743
877,0.09094853699207306,87742
877,0.08952592313289642,87744
877,0.09559351950883865,87746
877,0.08504964411258698,87745
877,0.08968769013881683,87747
877,0.08847740292549133,87749
877,0.09343469887971878,87748
877,0.09275374561548233,87750
877,0.09574409574270248,87751
880,0.08950886130332947,88042
880,0.08916948735713959,88043
880,0.09323733299970627,88046
880,0.08811485767364502,88045
880,0.08971133083105087,88044
880,0.09059112519025803,88047
880,0.0882861316204071,88048
880,0.09334677457809448,88049
880,0.08820963650941849,88050
880,0.09188025444746017,88051
1178,0.0882088840007782,117842
1178,0.08617442101240158,117843
1178,0.08625026047229767,117844
1178,0.09043010324239731,117845
1178,0.08534803241491318,117846
1178,0.08753343671560287,117847
1178,0.08812639117240906,117849
1178,0.08825976401567459,117848
1178,0.09007414430379868,117850
1178,0.08674676716327667,117851
884,0.09121033549308777,88442
884,0.09676942229270935,88443
884,0.09352943301200867,88444
884,0.09191294759511948,88445
884,0.08885746449232101,88446
884,0.09043551981449127,88447
884,0.09032272547483444,88448
884,0.09180635213851929,88450
884,0.0896543487906456,88449
884,0.09578097611665726,88451
1182,0.0924110934138298,118243
1182,0.08650971204042435,118242
1182,0.08663767576217651,118244
1182,0.0890219658613205,118245
1182,0.08780474215745926,118246
1182,0.0855187475681305,118247
1182,0.0858389213681221,118249
1182,0.08805155754089355,118248
1182,0.08728636801242828,118250
1182,0.0878371074795723,118251
887,0.09164021164178848,88742
887,0.0920301228761673,88744
887,0.08884654939174652,88745
887,0.08853490650653839,88743
887,0.0897800624370575,88746
887,0.09244350343942642,88747
887,0.0911199301481247,88748
887,0.0885821282863617,88749
887,0.09286855161190033,88750
887,0.0948784276843071,88751
1188,0.08649435639381409,118842
1188,0.08923827856779099,118843
1188,0.08634957671165466,118844
1188,0.08866654336452484,118845
1188,0.08773376047611237,118846
1188,0.08826624602079391,118847
1188,0.087134949862957,118848
1188,0.08802134543657303,118849
1188,0.08829368650913239,118850
1188,0.08662162721157074,118851
892,0.08983361721038818,89242
892,0.09204694628715515,89243
892,0.09383579343557358,89245
892,0.0896012932062149,89244
892,0.08949796110391617,89246
892,0.08532566577196121,89247
892,0.09216362982988358,89248
892,0.09332499653100967,89249
892,0.08965069055557251,89251
892,0.08916603773832321,89250
895,0.09289076179265976,89542
895,0.08999214321374893,89543
895,0.08584178239107132,89544
895,0.09217216074466705,89545
895,0.09385506808757782,89546
895,0.08819326013326645,89547
895,0.09165127575397491,89548
895,0.08985777199268341,89549
895,0.08771152794361115,89550
895,0.0937805324792862,89551
900,0.0932806134223938,90042
900,0.08663522452116013,90043
900,0.09145315736532211,90044
900,0.08813280612230301,90045
900,0.0872311070561409,90046
900,0.09047650545835495,90047
900,0.09485925734043121,90048
900,0.09194593876600266,90049
900,0.09370384365320206,90050
900,0.09099292010068893,90051
1200,0.08650059998035431,120042
1200,0.08543219417333603,120043
1200,0.0890464037656784,120044
1200,0.08552837371826172,120045
1200,0.08528746664524078,120046
1200,0.08658019453287125,120047
1200,0.0854576826095581,120048
1200,0.08816488087177277,120049
1200,0.08706410974264145,120050
1200,0.08567404001951218,120051
1204,0.08718988299369812,120443
1204,0.088771291077137,120442
1204,0.0855380967259407,120445
1204,0.0880248174071312,120444
1204,0.0870799571275711,120446
1204,0.08708679676055908,120447
1204,0.08680570125579834,120448
1204,0.08716339617967606,120449
1204,0.08965832740068436,120450
904,0.08634763211011887,90442
1204,0.08523289114236832,120451
904,0.0887499749660492,90443
904,0.09396831691265106,90444
904,0.0886911153793335,90445
904,0.08856278657913208,90446
904,0.08571211993694305,90447
904,0.09150380641222,90448
904,0.08579666167497635,90449
904,0.08761795610189438,90450
904,0.09499228745698929,90451
909,0.09060878306627274,90942
909,0.08651413023471832,90944
909,0.09050296992063522,90943
909,0.08910201489925385,90945
909,0.09207113832235336,90948
909,0.08742258697748184,90946
909,0.0887676551938057,90947
909,0.09290273487567902,90949
909,0.0953650027513504,90950
909,0.08773860335350037,90951
912,0.08984559029340744,91242
912,0.08766521513462067,91243
912,0.08792775124311447,91244
912,0.09199492633342743,91245
912,0.08885806053876877,91246
912,0.09038383513689041,91247
912,0.0894022062420845,91248
912,0.08812481164932251,91249
912,0.09084615111351013,91250
912,0.08809717744588852,91251
1220,0.0871482715010643,122042
1220,0.08755313605070114,122043
1220,0.08651436120271683,122044
1220,0.08737919479608536,122045
1220,0.08857661485671997,122046
1220,0.08708014339208603,122047
1220,0.08531495928764343,122048
1220,0.08833764493465424,122049
1220,0.08809639513492584,122050
1220,0.08601304143667221,122051
916,0.09310653805732727,91642
916,0.0980709120631218,91643
916,0.08433901518583298,91644
916,0.09320958703756332,91645
916,0.08819796144962311,91646
916,0.09198325127363205,91647
916,0.08925309032201767,91648
916,0.0878245159983635,91649
916,0.08598301559686661,91650
916,0.08919765800237656,91651
1224,0.08632928133010864,122443
1224,0.0840371623635292,122442
1224,0.0861106887459755,122444
1224,0.08664089441299438,122445
1224,0.08716657012701035,122446
1224,0.08460158109664917,122447
1224,0.08823461085557938,122448
1224,0.09096245467662811,122449
1224,0.08573636412620544,122450
1224,0.08830662071704865,122451
919,0.08712147921323776,91942
919,0.08951374143362045,91943
919,0.09079954028129578,91945
919,0.08857392519712448,91944
919,0.08778806030750275,91946
919,0.09512695670127869,91947
919,0.09341654926538467,91948
919,0.08965747803449631,91950
919,0.08666969835758209,91949
919,0.08423756808042526,91951
1230,0.08532649278640747,123042
1230,0.08655209094285965,123043
1230,0.087651327252388,123044
1230,0.08801756054162979,123045
1230,0.08488252013921738,123046
1230,0.08845003694295883,123047
1230,0.08553679287433624,123048
1230,0.08743471652269363,123049
1230,0.08576568961143494,123050
1230,0.08992928266525269,123051
924,0.0957004725933075,92442
924,0.09309191256761551,92443
924,0.08802612870931625,92444
924,0.08830921351909637,92446
924,0.08820854127407074,92445
924,0.089727483689785,92447
924,0.08945143222808838,92449
924,0.08991221338510513,92448
924,0.08581434935331345,92451
924,0.08895647525787354,92450
927,0.09000033140182495,92742
927,0.08980724960565567,92743
927,0.08787848055362701,92744
927,0.0901353657245636,92745
927,0.09186120331287384,92746
927,0.09090615808963776,92747
927,0.09060920029878616,92748
927,0.08569379895925522,92749
927,0.08961524814367294,92750
927,0.09353096783161163,92751
931,0.09129064530134201,93142
931,0.09200738370418549,93143
931,0.08961961418390274,93144
931,0.0870124101638794,93145
931,0.09375984221696854,93146
931,0.09122128039598465,93147
931,0.08887157589197159,93149
931,0.09294525533914566,93148
931,0.0894690454006195,93150
931,0.08684834837913513,93151
1242,0.08579492568969727,124242
1242,0.08590766787528992,124243
1242,0.08800781518220901,124245
1242,0.08554065972566605,124244
1242,0.08699281513690948,124246
1242,0.0878492146730423,124247
1242,0.0864817202091217,124248
1242,0.0858367308974266,124249
1242,0.08603672683238983,124250
1242,0.08570067584514618,124251
1246,0.08736608922481537,124642
1246,0.08550877869129181,124643
1246,0.08675193786621094,124644
1246,0.08648841828107834,124645
1246,0.08912745118141174,124646
1246,0.0845726877450943,124647
1246,0.08439318835735321,124648
1246,0.08489809930324554,124649
1246,0.08619283139705658,124650
1246,0.0876905620098114,124651
935,0.08901380002498627,93542
935,0.08990989625453949,93543
935,0.09031078219413757,93544
935,0.09187675267457962,93545
935,0.09079665690660477,93546
935,0.09092976152896881,93548
935,0.08837724477052689,93547
935,0.08928247541189194,93549
935,0.08731406182050705,93551
935,0.09293993562459946,93550
1252,0.08581390231847763,125242
1252,0.08769913017749786,125243
1252,0.08610210567712784,125244
1252,0.08712775260210037,125245
1252,0.08419156819581985,125246
1252,0.08547011762857437,125247
1252,0.08724333345890045,125248
1252,0.08606249839067459,125249
1252,0.08519227802753448,125250
1252,0.08650123327970505,125251
940,0.09402883052825928,94042
940,0.09033287316560745,94043
940,0.09111189842224121,94044
940,0.08821533620357513,94045
940,0.09132818877696991,94046
940,0.09001751244068146,94047
940,0.08876854181289673,94048
940,0.09769833087921143,94049
940,0.08740019053220749,94051
940,0.09340822696685791,94050
943,0.09092851728200912,94342
943,0.09315825253725052,94343
943,0.08581005036830902,94344
943,0.08908353745937347,94345
943,0.08606650680303574,94346
943,0.08448955416679382,94347
943,0.08888170123100281,94348
943,0.09399797022342682,94349
943,0.0867629125714302,94350
943,0.09271685779094696,94351
947,0.09272117167711258,94742
947,0.08906346559524536,94743
947,0.08545112609863281,94744
947,0.08923983573913574,94745
947,0.09123191982507706,94746
947,0.09119203686714172,94747
947,0.08632155507802963,94748
947,0.08838939666748047,94749
947,0.08889079093933105,94750
947,0.09220556914806366,94751
1263,0.0880257785320282,126342
1263,0.08751517534255981,126343
1263,0.0869077742099762,126345
1263,0.08819127827882767,126344
1263,0.08792898803949356,126346
1263,0.08438638597726822,126347
1263,0.0867302194237709,126348
1263,0.08681346476078033,126349
1263,0.08805519342422485,126350
1263,0.08673994988203049,126351
951,0.09029251337051392,95142
951,0.08759098500013351,95144
951,0.08943232148885727,95143
951,0.0874166488647461,95145
951,0.09036965668201447,95147
951,0.09025746583938599,95146
951,0.08704514056444168,95148
951,0.08632911741733551,95149
951,0.08642156422138214,95150
951,0.09054561704397202,95151
1274,0.08712790161371231,127442
1274,0.08456278592348099,127443
1274,0.08753958344459534,127445
1274,0.08689553290605545,127444
1274,0.08485270291566849,127446
1274,0.08452579379081726,127447
1274,0.08587982505559921,127448
1274,0.08383452147245407,127449
1274,0.08679741621017456,127450
1274,0.08531130105257034,127451
956,0.0900937169790268,95642
956,0.09004079550504684,95643
956,0.08903960883617401,95644
956,0.09098394960165024,95645
956,0.0980633944272995,95646
956,0.08886882662773132,95647
956,0.08889955282211304,95648
956,0.0882362648844719,95649
956,0.08898609131574631,95650
956,0.08771351724863052,95651
959,0.0875614732503891,95942
959,0.08842508494853973,95943
959,0.08987653255462646,95944
959,0.08912583440542221,95945
959,0.08876997977495193,95947
959,0.08638178557157516,95946
959,0.08692039549350739,95948
959,0.09071236103773117,95949
959,0.0915604680776596,95950
959,0.08917950093746185,95951
964,0.08730099350214005,96442
964,0.08731600642204285,96443
964,0.09131179004907608,96444
964,0.08875375241041183,96447
964,0.08830302208662033,96446
964,0.08781419694423676,96445
964,0.09103543311357498,96448
964,0.09243603050708771,96449
964,0.09060917049646378,96450
964,0.09431499987840652,96451
1286,0.08605265617370605,128642
1286,0.08961249887943268,128643
1286,0.08786921203136444,128644
1286,0.08690132945775986,128645
1286,0.0874117836356163,128646
1286,0.08531351387500763,128647
1286,0.08767629414796829,128648
1286,0.08434098958969116,128649
1286,0.08662804216146469,128650
1286,0.08625008165836334,128651
1290,0.08407687395811081,129042
1290,0.08538161218166351,129043
1290,0.08466316759586334,129044
1290,0.08781649172306061,129045
1290,0.0875084325671196,129046
1290,0.08566587418317795,129047
1290,0.08719219267368317,129048
1290,0.0893934816122055,129049
968,0.0940229594707489,96842
1290,0.08711064606904984,129051
1290,0.08595719933509827,129050
968,0.08548122644424438,96843
968,0.08771132677793503,96844
968,0.08534704148769379,96845
968,0.08975403010845184,96846
968,0.08876214921474457,96847
968,0.08793830871582031,96848
968,0.08855051547288895,96849
968,0.08829976618289948,96850
968,0.08802714943885803,96851
1296,0.08642634749412537,129642
1296,0.086273692548275,129643
1296,0.08464520424604416,129644
1296,0.08817218989133835,129645
1296,0.08522163331508636,129646
1296,0.08643121272325516,129647
1296,0.08762431144714355,129648
1296,0.08834042400121689,129649
1296,0.08704458177089691,129650
1296,0.08708787709474564,129651
974,0.08991041779518127,97442
974,0.08941429108381271,97443
974,0.08844547718763351,97444
974,0.09090480953454971,97445
974,0.08608987182378769,97446
974,0.0871918797492981,97447
974,0.08965789526700974,97448
974,0.08856278657913208,97449
974,0.08858604729175568,97450
974,0.09193040430545807,97451
977,0.0944460928440094,97742
977,0.09099937230348587,97743
977,0.08814692497253418,97744
977,0.09001103043556213,97745
977,0.08634880185127258,97746
977,0.09092213958501816,97747
977,0.09285757690668106,97748
977,0.08757910877466202,97749
977,0.08942033350467682,97750
977,0.0884476825594902,97751
981,0.09168603271245956,98142
981,0.0883040800690651,98143
981,0.08782179653644562,98144
981,0.08968867361545563,98145
981,0.09064244478940964,98146
981,0.08919238299131393,98147
981,0.08771493285894394,98148
981,0.08623138815164566,98149
981,0.09182135760784149,98151
981,0.0897677019238472,98150
1308,0.08804406225681305,130842
1308,0.08656197786331177,130843
1308,0.0865512266755104,130844
1308,0.08517339080572128,130846
1308,0.08676941692829132,130845
1308,0.0862797200679779,130847
1308,0.08692667633295059,130848
1308,0.08563857525587082,130849
1308,0.08928956091403961,130850
1308,0.08416660875082016,130851
985,0.0934278666973114,98542
985,0.08618613332509995,98543
985,0.0904865562915802,98544
985,0.08617633581161499,98545
985,0.09192880243062973,98546
985,0.08887899667024612,98547
985,0.08901382982730865,98548
985,0.09199856966733932,98549
985,0.08933939784765244,98551
985,0.08849730342626572,98550
1319,0.0867939367890358,131942
1319,0.08439760655164719,131943
1319,0.08776047825813293,131944
1319,0.08561953157186508,131945
1319,0.08777151256799698,131946
1319,0.0890500470995903,131947
1319,0.08626926690340042,131948
1319,0.08875036984682083,131949
1319,0.08490465581417084,131950
1319,0.09005560725927353,131951
990,0.0880545824766159,99043
990,0.08520417660474777,99042
990,0.09583210200071335,99045
990,0.09134521335363388,99044
990,0.09134548157453537,99046
990,0.0900927409529686,99047
990,0.09541372954845428,99048
990,0.08900168538093567,99049
990,0.08971837908029556,99050
990,0.08874272555112839,99051
993,0.08886580169200897,99342
993,0.09210982173681259,99343
993,0.08724650740623474,99344
993,0.08606642484664917,99346
993,0.09032071381807327,99345
993,0.08657058328390121,99347
993,0.08816521614789963,99348
993,0.08612198382616043,99349
993,0.08700615167617798,99350
993,0.09454528242349625,99351
1325,0.086762435734272,132543
1325,0.08561866730451584,132542
1325,0.08823730796575546,132544
1325,0.0881975069642067,132545
1325,0.08393765985965729,132546
1325,0.08797251433134079,132548
1325,0.08557216823101044,132547
1325,0.08713021874427795,132549
1325,0.08675402402877808,132550
1325,0.08517894893884659,132551
998,0.08940339088439941,99842
998,0.09131842851638794,99845
998,0.0917595699429512,99843
998,0.09004522860050201,99844
998,0.09289375692605972,99846
998,0.08926151692867279,99848
998,0.09265465289354324,99847
998,0.08743123710155487,99849
998,0.0894857794046402,99850
998,0.08702569454908371,99851
1332,0.08703454583883286,133242
1332,0.08683184534311295,133243
1332,0.08765857666730881,133244
1332,0.08469723910093307,133245
1332,0.08670304715633392,133246
1332,0.08695710450410843,133247
1332,0.08462228626012802,133248
1332,0.08693300187587738,133249
1332,0.08622454851865768,133250
1332,0.08680325001478195,133251
1002,0.08918047696352005,100243
1002,0.09480565786361694,100244
1002,0.09032409638166428,100242
1002,0.08715500682592392,100245
1002,0.09151449054479599,100247
1002,0.09657023102045059,100246
1002,0.08815954625606537,100248
1002,0.08728989213705063,100249
1002,0.08935520052909851,100250
1002,0.08955734968185425,100251
1343,0.08787769824266434,134342
1343,0.08601274341344833,134343
1343,0.0850379690527916,134344
1343,0.08623980730772018,134345
1343,0.08671295642852783,134346
1343,0.0851847231388092,134347
1343,0.08597360551357269,134348
1343,0.08524883538484573,134349
1343,0.08678752183914185,134350
1343,0.08414435386657715,134351
1008,0.0908142477273941,100842
1008,0.09117390960454941,100843
1008,0.0903385728597641,100844
1008,0.08512487262487411,100845
1008,0.08896634727716446,100848
1008,0.0897737666964531,100846
1008,0.08811071515083313,100847
1008,0.09412340074777603,100849
1008,0.0905991792678833,100850
1008,0.08895260095596313,100851
1011,0.08812090754508972,101142
1011,0.0872931256890297,101143
1011,0.0891152024269104,101144
1011,0.08985141664743423,101145
1011,0.09204144775867462,101147
1011,0.09070000052452087,101146
1011,0.08858620375394821,101148
1011,0.08802491426467896,101150
1011,0.08989749848842621,101149
1011,0.08834118396043777,101151
1016,0.087471604347229,101642
1016,0.0868372842669487,101643
1016,0.09193753451108932,101644
1016,0.09123388677835464,101645
1016,0.08988684415817261,101646
1016,0.08894184231758118,101648
1016,0.08991610258817673,101647
1016,0.08482727408409119,101649
1016,0.08850444108247757,101650
1016,0.0869770348072052,101651
1355,0.08645357936620712,135542
1355,0.08532848209142685,135543
1355,0.0863988921046257,135544
1355,0.08666329830884933,135545
1355,0.08598439395427704,135546
1355,0.08434487134218216,135547
1355,0.0850248709321022,135548
1355,0.08603042364120483,135549
1355,0.08593746274709702,135550
1355,0.0851789116859436,135551
1020,0.08320961147546768,102042
1020,0.08807554841041565,102044
1020,0.08915454149246216,102043
1020,0.08804377168416977,102045
1020,0.0887136310338974,102046
1020,0.09335885941982269,102047
1020,0.0882241427898407,102048
1020,0.08808675408363342,102050
1020,0.09150275588035583,102049
1020,0.08782736957073212,102051
1367,0.08555861562490463,136742
1367,0.08647739887237549,136743
1367,0.08515994995832443,136744
1367,0.08753432333469391,136745
1367,0.08549625426530838,136746
1367,0.0857587456703186,136747
1367,0.08556444942951202,136748
1367,0.08606195449829102,136749
1026,0.08873756974935532,102642
1367,0.08647710829973221,136750
1367,0.08599086850881577,136751
1026,0.08791749179363251,102644
1026,0.08808895945549011,102643
1026,0.09013360738754272,102645
1026,0.09369365870952606,102646
1026,0.08856738358736038,102647
1026,0.09006480127573013,102648
1026,0.08327297121286392,102649
1026,0.0867609828710556,102650
1026,0.09179381281137466,102651
1030,0.09041215479373932,103042
1030,0.08972995728254318,103043
1030,0.08855124562978745,103044
1030,0.09046360850334167,103045
1030,0.09024893492460251,103046
1030,0.08870311081409454,103047
1030,0.08730956166982651,103048
1030,0.08627718687057495,103049
1030,0.0878593772649765,103050
1030,0.08682316541671753,103051
1373,0.08542134612798691,137342
1373,0.08451278507709503,137343
1373,0.08504649996757507,137344
1373,0.08484870195388794,137345
1373,0.08553542196750641,137346
1373,0.08788930624723434,137347
1373,0.08648370206356049,137348
1373,0.0859210342168808,137349
1373,0.08446428924798965,137350
1373,0.08729849755764008,137351
1035,0.08769667893648148,103542
1035,0.09090381860733032,103543
1035,0.08567818254232407,103544
1035,0.08688827604055405,103545
1035,0.088582843542099,103546
1035,0.08889546990394592,103547
1035,0.08829619735479355,103548
1035,0.08915436267852783,103549
1035,0.08548013865947723,103550
1035,0.09220398217439651,103551
1380,0.08654773980379105,138042
1380,0.08595193177461624,138043
1380,0.08612796664237976,138044
1380,0.08522346615791321,138045
1380,0.08572691679000854,138046
1380,0.08588474243879318,138047
1380,0.08500804752111435,138048
1380,0.0856315940618515,138049
1380,0.08659452944993973,138050
1380,0.08574725687503815,138051
1039,0.08726982027292252,103942
1039,0.08694113790988922,103943
1039,0.08643002063035965,103945
1039,0.08906064182519913,103944
1039,0.09164728224277496,103946
1039,0.08823882043361664,103947
1039,0.08942234516143799,103948
1039,0.08716868609189987,103949
1039,0.08767374604940414,103950
1039,0.08927788585424423,103951
1045,0.08536893129348755,104542
1045,0.09008477628231049,104543
1045,0.08559155464172363,104544
1045,0.0920875295996666,104545
1045,0.0879097506403923,104546
1045,0.08744916319847107,104547
1045,0.08718744665384293,104548
1045,0.08840487152338028,104549
1045,0.08675335347652435,104550
1045,0.0899057611823082,104551
1048,0.08883149921894073,104842
1048,0.08732776343822479,104843
1048,0.08599961549043655,104844
1048,0.08853916078805923,104845
1048,0.08704271912574768,104846
1048,0.08885470777750015,104847
1048,0.08705221116542816,104848
1048,0.09050500392913818,104849
1048,0.08651291579008102,104850
1048,0.09066072106361389,104851
1053,0.08581919223070145,105342
1053,0.09203482419252396,105343
1053,0.08875022828578949,105344
1053,0.08512388914823532,105345
1053,0.08702058345079422,105346
1053,0.08663023263216019,105347
1053,0.08836281299591064,105348
1053,0.09037609398365021,105349
1053,0.0907774418592453,105350
1053,0.08969303220510483,105351
1057,0.09013738483190536,105742
1057,0.08564804494380951,105743
1057,0.0869598314166069,105744
1057,0.0891149714589119,105745
1057,0.08559828996658325,105746
1057,0.08990674465894699,105747
1057,0.08723734319210052,105748
1057,0.0898716151714325,105749
1057,0.08756551891565323,105750
1057,0.08832310885190964,105751
1062,0.08647069334983826,106242
1062,0.0881146490573883,106243
1062,0.08706719428300858,106244
1062,0.08755774050951004,106245
1062,0.09079375118017197,106246
1062,0.08838610351085663,106247
1062,0.08890046924352646,106248
1062,0.08607476204633713,106249
1062,0.08489461243152618,106250
1066,0.09118511527776718,106642
1062,0.08998928219079971,106251
1066,0.08612297475337982,106643
1066,0.08931916952133179,106644
1066,0.08995355665683746,106645
1066,0.09039954096078873,106646
1066,0.08670920133590698,106647
1066,0.089656762778759,106649
1066,0.08776812255382538,106648
1066,0.08628251403570175,106650
1071,0.09058840572834015,107142
1066,0.08730543404817581,106651
1071,0.0891585424542427,107143
1071,0.08902857452630997,107145
1071,0.08842463046312332,107144
1071,0.08596771955490112,107146
1071,0.08459093421697617,107147
1071,0.09021937102079391,107148
1071,0.08681343495845795,107149
1071,0.0870852917432785,107150
1071,0.09040419012308121,107151
1075,0.09276986867189407,107542
1075,0.08535946905612946,107543
1075,0.08787229657173157,107544
1075,0.08690750598907471,107545
1075,0.0895189568400383,107546
1075,0.08878378570079803,107547
1075,0.09083196520805359,107548
1075,0.09026094526052475,107549
1075,0.08691377192735672,107550
1075,0.08723407983779907,107551
1081,0.08720807731151581,108142
1081,0.08991885185241699,108144
1081,0.08993175625801086,108143
1081,0.08869404345750809,108145
1081,0.08631470799446106,108146
1081,0.09079437702894211,108147
1081,0.08451378345489502,108148
1081,0.08535921573638916,108149
1081,0.09085417538881302,108150
1081,0.08951078355312347,108151
1085,0.09045147895812988,108542
1085,0.08494504541158676,108543
1085,0.08950571715831757,108544
1085,0.09561403840780258,108545
1085,0.08827318996191025,108546
1085,0.08909770101308823,108547
1085,0.08675499260425568,108548
1085,0.09149153530597687,108550
1085,0.09001697599887848,108551
1085,0.08788160234689713,108549
1090,0.09066193550825119,109042
1090,0.09311626106500626,109043
1090,0.08499815315008163,109044
1090,0.08765940368175507,109045
1090,0.0863356664776802,109046
1090,0.08780474215745926,109047
1090,0.09067478030920029,109049
1090,0.09081710129976273,109048
1090,0.08934256434440613,109050
1090,0.0878102034330368,109051
1094,0.0884503424167633,109442
1094,0.08926619589328766,109443
1094,0.0911383107304573,109444
1094,0.08739405870437622,109445
1094,0.08922868221998215,109446
1094,0.08865025639533997,109447
1094,0.08790195733308792,109448
1094,0.08725923299789429,109449
1094,0.08577200770378113,109450
1094,0.08887897431850433,109451
1100,0.08946190774440765,110042
1100,0.08701774477958679,110043
1100,0.08674274384975433,110044
1100,0.08713201433420181,110045
1100,0.08801796287298203,110046
1100,0.08545120805501938,110047
1100,0.08808024227619171,110048
1100,0.0863722637295723,110049
1100,0.09030057489871979,110050
1100,0.08742479979991913,110051
1104,0.08491532504558563,110442
1104,0.089106984436512,110443
1104,0.09083137661218643,110444
1104,0.08968642354011536,110445
1104,0.08973510563373566,110447
1104,0.08814612030982971,110446
1104,0.08881685882806778,110448
1104,0.087546207010746,110450
1104,0.08934969455003738,110449
1104,0.0877617821097374,110451
1109,0.08783809095621109,110942
1109,0.08679630607366562,110943
1109,0.08864693343639374,110944
1109,0.08675967156887054,110945
1109,0.08746787905693054,110946
1109,0.08598590642213821,110947
1109,0.0903678759932518,110948
1109,0.08960238099098206,110949
1109,0.0874522253870964,110950
1109,0.09156343340873718,110951
1114,0.08649361878633499,111442
1114,0.08808246999979019,111444
1114,0.08995185047388077,111443
1114,0.09021226316690445,111445
1114,0.0905991718173027,111446
1114,0.08805254846811295,111447
1114,0.08829858899116516,111448
1114,0.08459246158599854,111449
1114,0.08969061821699142,111450
1114,0.08458741754293442,111451
1120,0.08594068139791489,112042
1120,0.08637471497058868,112043
1120,0.08885230123996735,112044
1120,0.08665671944618225,112045
1120,0.0872865542769432,112046
1120,0.08774843066930771,112047
1120,0.09031424671411514,112048
1120,0.08738825470209122,112049
1120,0.09110922366380692,112050
1120,0.08875393122434616,112051
1124,0.08638031780719757,112442
1124,0.08877941220998764,112443
1124,0.09083434194326401,112444
1124,0.0874914601445198,112445
1124,0.08921678364276886,112446
1124,0.0884813442826271,112447
1124,0.08761225640773773,112448
1124,0.08522237092256546,112449
1124,0.08745445311069489,112450
1129,0.0927639827132225,112942
1124,0.08651874959468842,112451
1129,0.08779701590538025,112943
1129,0.08660925179719925,112944
1129,0.08745572715997696,112945
1129,0.08913962543010712,112946
1129,0.09289159625768661,112947
1129,0.08802010118961334,112948
1129,0.08744814246892929,112949
1129,0.0877738744020462,112950
1129,0.08669254183769226,112951
1133,0.08599570393562317,113342
1133,0.08796660602092743,113343
1133,0.08833425492048264,113344
1133,0.08556736260652542,113345
1133,0.08729333430528641,113346
1133,0.08994435518980026,113347
1133,0.08803419023752213,113348
1133,0.0873064398765564,113349
1133,0.08945911377668381,113350
1133,0.0870104655623436,113351
1139,0.08880264312028885,113942
1139,0.08863990008831024,113943
1139,0.08730915933847427,113944
1139,0.09075850248336792,113945
1139,0.08888255804777145,113946
1139,0.08572091162204742,113947
1139,0.08801297843456268,113948
1139,0.08595049381256104,113949
1139,0.08579136431217194,113950
1143,0.08886083215475082,114342
1139,0.0849326103925705,113951
1143,0.0896540954709053,114343
1143,0.08666130900382996,114344
1143,0.08951875567436218,114345
1143,0.09103406220674515,114346
1143,0.08491653949022293,114347
1143,0.08787836879491806,114348
1143,0.0895109623670578,114349
1143,0.08644570410251617,114350
1143,0.09013710916042328,114351
1148,0.08740083128213882,114842
1148,0.08869067579507828,114844
1148,0.09012826532125473,114843
1148,0.08827383816242218,114845
1148,0.08851514756679535,114847
1148,0.08719389885663986,114846
1148,0.08640626817941666,114848
1148,0.09116358309984207,114851
1148,0.08775831758975983,114849
1148,0.08605726808309555,114850
1153,0.08543378114700317,115342
1153,0.08729304373264313,115344
1153,0.08688372373580933,115343
1153,0.08958681672811508,115346
1153,0.08602844178676605,115347
1153,0.08754511922597885,115345
1153,0.08595775067806244,115349
1153,0.08948630839586258,115348
1153,0.08871637284755707,115350
1153,0.08945447951555252,115351
1159,0.08635862916707993,115943
1159,0.08729568868875504,115942
1159,0.08526736497879028,115944
1159,0.08780994266271591,115945
1159,0.08840226382017136,115946
1159,0.08622458577156067,115949
1159,0.08760502189397812,115947
1159,0.08679260313510895,115948
1159,0.08836676180362701,115950
1163,0.08841768652200699,116342
1159,0.08438967913389206,115951
1163,0.08706654608249664,116343
1163,0.0893750786781311,116345
1163,0.08892247825860977,116344
1163,0.08766362071037292,116346
1163,0.08769451081752777,116347
1163,0.08908766508102417,116348
1163,0.08581222593784332,116349
1163,0.0885486975312233,116350
1163,0.0868939459323883,116351
1168,0.08609825372695923,116842
1168,0.08796247094869614,116843
1168,0.08536119759082794,116844
1168,0.08909346908330917,116845
1168,0.0863078162074089,116846
1168,0.08538825064897537,116847
1168,0.08462659269571304,116848
1168,0.09046672284603119,116850
1168,0.08564276248216629,116849
1168,0.08938469737768173,116851
1173,0.08848688006401062,117343
1173,0.08967329561710358,117342
1173,0.08797237277030945,117344
1173,0.0872548297047615,117345
1173,0.08649811148643494,117346
1173,0.08808427304029465,117347
1173,0.08606376498937607,117348
1173,0.08649134635925293,117349
1173,0.08620594441890717,117350
1179,0.08649200946092606,117942
1173,0.08928502351045609,117351
1179,0.08698470145463943,117943
1179,0.08662828058004379,117944
1179,0.08701230585575104,117945
1179,0.09100976586341858,117946
1179,0.0859399288892746,117947
1179,0.08625084161758423,117948
1179,0.08881758898496628,117949
1179,0.086356982588768,117950
1179,0.08755725622177124,117951
1183,0.08985424041748047,118342
1183,0.08810240775346756,118343
1183,0.08807028830051422,118344
1183,0.0856553167104721,118345
1183,0.08503017574548721,118346
1183,0.08744829148054123,118347
1183,0.08884497731924057,118348
1183,0.08830728381872177,118349
1183,0.08555273711681366,118350
1183,0.08455832302570343,118351
1189,0.08542235195636749,118942
1189,0.08710218966007233,118943
1189,0.08448205888271332,118944
1189,0.08858011662960052,118945
1189,0.08578510582447052,118946
1189,0.08587151020765305,118948
1189,0.09034924954175949,118947
1189,0.08909159898757935,118949
1189,0.08748556673526764,118950
1189,0.08865570276975632,118951
1194,0.0872478261590004,119442
1194,0.08782251924276352,119443
1194,0.08656057715415955,119444
1194,0.08684758841991425,119445
1194,0.08608434349298477,119447
1194,0.089140385389328,119446
1194,0.09055675566196442,119448
1194,0.088164322078228,119449
1194,0.0864253118634224,119450
1194,0.0858127698302269,119451
1197,0.08736126124858856,119742
1197,0.08651413023471832,119743
1197,0.08692680299282074,119744
1197,0.08637309074401855,119746
1197,0.08902834355831146,119745
1197,0.08642518520355225,119747
1197,0.08820605278015137,119748
1197,0.08878673613071442,119749
1197,0.0867530107498169,119750
1197,0.08957280218601227,119751
1201,0.0871456190943718,120142
1201,0.08556725829839706,120143
1201,0.08664103597402573,120144
1201,0.08741802722215652,120145
1201,0.08986293524503708,120146
1201,0.09152061492204666,120147
1201,0.08939922600984573,120148
1201,0.08585388213396072,120149
1201,0.08935149759054184,120150
1201,0.08741477131843567,120151
1205,0.08674512058496475,120542
1205,0.08986707031726837,120543
1205,0.08630946278572083,120544
1205,0.08764371275901794,120545
1205,0.08868694305419922,120546
1205,0.08912285417318344,120547
1205,0.08932725340127945,120549
1205,0.08635449409484863,120548
1205,0.08536067605018616,120550
1210,0.08558807522058487,121042
1205,0.08754897117614746,120551
1210,0.0876498818397522,121043
1210,0.08498326689004898,121044
1210,0.08804511278867722,121045
1210,0.0840458795428276,121046
1210,0.0861893892288208,121048
1210,0.08489367365837097,121047
1210,0.08661535382270813,121049
1210,0.08641064167022705,121050
1210,0.08746834099292755,121051
1215,0.09076003730297089,121542
1215,0.08727982640266418,121543
1215,0.08612101525068283,121544
1215,0.08550940454006195,121545
1215,0.08532818406820297,121546
1215,0.08630549162626266,121547
1215,0.08640173822641373,121548
1215,0.08864016085863113,121549
1215,0.08434133231639862,121550
1215,0.08713385462760925,121551
1221,0.0861901342868805,122142
1221,0.0865577682852745,122143
1221,0.0854138433933258,122144
1221,0.08810039609670639,122145
1221,0.08654706180095673,122146
1221,0.08760065585374832,122147
1221,0.0867684930562973,122148
1221,0.08431277424097061,122149
1221,0.08660272508859634,122150
1221,0.08941616117954254,122151
1225,0.08791844546794891,122542
1225,0.08885183185338974,122544
1225,0.08652200549840927,122543
1225,0.08640500903129578,122545
1225,0.09188412874937057,122547
1225,0.0878576934337616,122546
1225,0.08634795993566513,122548
1225,0.08839700371026993,122549
1225,0.08535419404506683,122550
1225,0.08694132417440414,122551
1231,0.08574088662862778,123142
1231,0.08518587797880173,123143
1231,0.08951980620622635,123144
1231,0.0848250463604927,123145
1231,0.08698384463787079,123146
1231,0.08496738225221634,123147
1231,0.08570235222578049,123148
1231,0.08558215200901031,123149
1231,0.08622140437364578,123150
1236,0.08758766204118729,123642
1231,0.08691253513097763,123151
1236,0.0852549746632576,123643
1236,0.08689004182815552,123644
1236,0.08907407522201538,123645
1236,0.08715314418077469,123646
1236,0.08688704669475555,123647
1236,0.0872780978679657,123648
1236,0.08608193695545197,123649
1236,0.08503592759370804,123650
1236,0.08689406514167786,123651
1239,0.09145450592041016,123942
1239,0.08832569420337677,123943
1239,0.0863264724612236,123944
1239,0.08752282708883286,123945
1239,0.08552668243646622,123946
1239,0.08777055144309998,123947
1239,0.08592566102743149,123948
1239,0.08737968653440475,123949
1239,0.08803093433380127,123950
1239,0.0878332257270813,123951
1243,0.08650951087474823,124342
1243,0.08794133365154266,124343
1243,0.087986521422863,124344
1243,0.08742805570363998,124345
1243,0.08613647520542145,124346
1243,0.08696746826171875,124347
1243,0.09106327593326569,124349
1243,0.08837683498859406,124348
1243,0.08477292954921722,124350
1243,0.08894066512584686,124351
1247,0.08421255648136139,124742
1247,0.0855024978518486,124743
1247,0.08754227310419083,124745
1247,0.0878307893872261,124744
1247,0.0871124193072319,124746
1247,0.08568878471851349,124747
1247,0.0884673222899437,124748
1247,0.08563525229692459,124749
1247,0.08405647426843643,124750
1247,0.08572928607463837,124751
1253,0.08778510987758636,125342
1253,0.08755400776863098,125343
1253,0.08647514134645462,125344
1253,0.0848056972026825,125345
1253,0.08727087825536728,125347
1253,0.08712397515773773,125346
1253,0.08407936245203018,125348
1253,0.0856536477804184,125349
1253,0.08641879260540009,125350
1253,0.08690079301595688,125351
1258,0.08831033110618591,125842
1258,0.08428815752267838,125843
1258,0.08569121360778809,125844
1258,0.0843353420495987,125845
1258,0.08811645209789276,125846
1258,0.08516456931829453,125847
1258,0.08514948189258575,125848
1258,0.0870247408747673,125849
1258,0.0842713713645935,125850
1258,0.08488380163908005,125851
1264,0.08511336147785187,126443
1264,0.08668416738510132,126442
1264,0.08770064264535904,126444
1264,0.0863824412226677,126445
1264,0.08754920959472656,126446
1264,0.0853724554181099,126447
1264,0.08826625347137451,126449
1264,0.08658399432897568,126448
1264,0.08470997214317322,126450
1264,0.08692818135023117,126451
1269,0.08903282135725021,126942
1269,0.08544134348630905,126943
1269,0.08566442131996155,126945
1269,0.0881260335445404,126944
1269,0.08792690187692642,126946
1269,0.09276420623064041,126947
1269,0.08485788851976395,126948
1269,0.08571851253509521,126950
1269,0.08691934496164322,126949
1269,0.08463488519191742,126951
1275,0.08733844012022018,127543
1275,0.08465933799743652,127542
1275,0.0858655497431755,127544
1275,0.08621105551719666,127545
1275,0.08593308925628662,127546
1275,0.08615746349096298,127547
1275,0.087465800344944,127548
1275,0.08593574911355972,127549
1275,0.08547654747962952,127550
1280,0.08680863678455353,128042
1275,0.08688826113939285,127551
1280,0.08865651488304138,128043
1280,0.08593658357858658,128045
1280,0.08561992645263672,128044
1280,0.08638560771942139,128046
1280,0.08799136430025101,128048
1280,0.08658266812562943,128047
1280,0.08777467161417007,128049
1280,0.08725094795227051,128051
1280,0.09199313819408417,128050
1283,0.08713678270578384,128342
1283,0.08587978780269623,128343
1283,0.08732438832521439,128344
1283,0.08366517722606659,128345
1283,0.08538297563791275,128346
1283,0.08815164119005203,128347
1283,0.08689285814762115,128348
1283,0.08812772482633591,128349
1283,0.08509538322687149,128350
1283,0.0879039540886879,128351
1287,0.08505390584468842,128742
1287,0.08599914610385895,128743
1287,0.08564077317714691,128744
1287,0.08831422030925751,128745
1287,0.089833565056324,128746
1287,0.08533317595720291,128747
1287,0.08738657832145691,128748
1287,0.08597659319639206,128749
1287,0.08900110423564911,128750
1287,0.08613910526037216,128751
1291,0.08706226199865341,129142
1291,0.08962459862232208,129143
1291,0.08466386049985886,129144
1291,0.08593494445085526,129145
1291,0.08799950778484344,129146
1291,0.08648847043514252,129147
1291,0.08690707385540009,129149
1291,0.08764275163412094,129148
1291,0.08778597414493561,129150
1291,0.08596619218587875,129151
1297,0.08659569919109344,129742
1297,0.08492744714021683,129743
1297,0.08633865416049957,129744
1297,0.08575402200222015,129745
1297,0.0869610458612442,129746
1297,0.0860268622636795,129747
1297,0.08616214990615845,129748
1297,0.08482709527015686,129749
1297,0.08542704582214355,129750
1297,0.08582588285207748,129751
1302,0.08818964660167694,130243
1302,0.08458206057548523,130242
1302,0.08993348479270935,130244
1302,0.08823772519826889,130246
1302,0.08833771198987961,130245
1302,0.08478695154190063,130247
1302,0.08777961879968643,130248
1302,0.08458160609006882,130249
1302,0.08685960620641708,130250
1302,0.08839675784111023,130251
1305,0.08756081014871597,130542
1305,0.08819408714771271,130543
1305,0.08457125723361969,130544
1305,0.08614915609359741,130545
1305,0.08731377869844437,130546
1305,0.08443867415189743,130547
1305,0.08801206201314926,130548
1305,0.08439215272665024,130549
1305,0.08642268180847168,130550
1305,0.08940397202968597,130551
1309,0.08658451586961746,130942
1309,0.08627015352249146,130943
1309,0.08510337024927139,130944
1309,0.08624501526355743,130945
1309,0.08637804538011551,130946
1309,0.08585812896490097,130947
1309,0.08698925375938416,130948
1309,0.08857845515012741,130949
1309,0.0872841402888298,130950
1309,0.08670908957719803,130951
1314,0.08699779212474823,131442
1314,0.08687105029821396,131443
1314,0.08909869194030762,131444
1314,0.087286077439785,131445
1314,0.08775388449430466,131446
1314,0.08599358052015305,131447
1314,0.08573579043149948,131448
1314,0.0852874293923378,131449
1314,0.08697599917650223,131450
1314,0.0872119888663292,131451
1320,0.08444420993328094,132042
1320,0.0865318775177002,132043
1320,0.08757106214761734,132044
1320,0.08441442251205444,132045
1320,0.08625848591327667,132046
1320,0.08738286793231964,132047
1320,0.08520384877920151,132048
1320,0.08595680445432663,132049
1320,0.08474037051200867,132050
1320,0.08576555550098419,132051
1326,0.08646882325410843,132642
1326,0.08725319057703018,132643
1326,0.08520272374153137,132644
1326,0.08626477420330048,132645
1326,0.08711887896060944,132646
1326,0.08514399081468582,132647
1326,0.08764340728521347,132648
1326,0.08429072052240372,132649
1326,0.08554379642009735,132650
1326,0.08780190348625183,132651
1329,0.08919735997915268,132942
1329,0.08590845763683319,132943
1329,0.08545348048210144,132944
1329,0.08492188900709152,132945
1329,0.08393780887126923,132946
1329,0.08783844113349915,132947
1329,0.08565251529216766,132948
1329,0.086997851729393,132949
1329,0.08741464465856552,132950
1329,0.08714449405670166,132951
1333,0.08643312752246857,133342
1333,0.08637664467096329,133343
1333,0.08700868487358093,133344
1333,0.08495903015136719,133345
1333,0.08643818646669388,133346
1333,0.08647707104682922,133347
1333,0.08500806987285614,133348
1333,0.085536427795887,133349
1333,0.08516627550125122,133350
1333,0.08729314804077148,133351
1338,0.08536816388368607,133842
1338,0.08447945863008499,133843
1338,0.08601696044206619,133845
1338,0.08589877933263779,133844
1338,0.08828766644001007,133846
1338,0.08720875531435013,133847
1338,0.08491023629903793,133848
1338,0.08455473929643631,133849
1338,0.0864465981721878,133850
1338,0.08670224994421005,133851
1344,0.08658025413751602,134442
1344,0.08419527113437653,134443
1344,0.08721112459897995,134444
1344,0.08539031445980072,134445
1344,0.08747870475053787,134446
1344,0.08494386821985245,134447
1344,0.0845303013920784,134448
1344,0.08636587113142014,134449
1344,0.0872415080666542,134450
1344,0.08490396291017532,134451
1349,0.08802460879087448,134942
1349,0.08621475100517273,134943
1349,0.0858461931347847,134944
1349,0.08428041636943817,134945
1349,0.08714170008897781,134946
1349,0.08783578872680664,134947
1349,0.08737173676490784,134948
1349,0.08600395172834396,134949
1349,0.08637694269418716,134950
1349,0.08724445849657059,134951
1352,0.08420102298259735,135242
1352,0.08711020648479462,135243
1352,0.08539894223213196,135245
1352,0.08558022975921631,135244
1352,0.0838320180773735,135246
1352,0.08579590916633606,135247
1352,0.08661437779664993,135248
1352,0.08726552873849869,135249
1352,0.0878235250711441,135250
1352,0.08704622834920883,135251
1356,0.08551985770463943,135642
1356,0.08906958252191544,135643
1356,0.08662883937358856,135644
1356,0.08462835103273392,135645
1356,0.08625532686710358,135646
1356,0.08687898516654968,135647
1356,0.08596573770046234,135648
1356,0.0864715576171875,135649
1356,0.08609816431999207,135650
1356,0.08671027421951294,135651
1361,0.0850805714726448,136142
1361,0.08497805148363113,136143
1361,0.08583833277225494,136144
1361,0.08619239181280136,136145
1361,0.08500955253839493,136146
1361,0.08688832819461823,136147
1361,0.08470840752124786,136148
1361,0.08425304293632507,136149
1361,0.08817195147275925,136150
1361,0.08506610244512558,136151
1364,0.08770427852869034,136442
1364,0.0854688510298729,136443
1364,0.08474101126194,136444
1364,0.08679716289043427,136445
1364,0.08479925990104675,136446
1364,0.0869571715593338,136447
1364,0.08678329735994339,136448
1364,0.08554968982934952,136449
1364,0.08587992191314697,136450
1364,0.0858711525797844,136451
1368,0.08532104641199112,136842
1368,0.08489148318767548,136843
1368,0.08469055593013763,136844
1368,0.0867011696100235,136845
1368,0.08732373267412186,136846
1368,0.0882841944694519,136847
1368,0.08588598668575287,136848
1368,0.08400257676839828,136849
1368,0.08736787736415863,136850
1368,0.08688575029373169,136851
1374,0.0866004228591919,137443
1374,0.08659132570028305,137442
1374,0.08668950200080872,137444
1374,0.08775132894515991,137445
1374,0.08606591075658798,137446
1374,0.08519832789897919,137447
1374,0.08599624782800674,137448
1374,0.08521146327257156,137449
1374,0.08528958261013031,137450
1374,0.08428778499364853,137451
1377,0.0864776223897934,137742
1377,0.08513544499874115,137743
1377,0.08505836874246597,137744
1377,0.08637280762195587,137745
1377,0.086087167263031,137746
1377,0.08529135584831238,137747
1377,0.08621645718812943,137748
1377,0.08475293964147568,137749
1377,0.08581648021936417,137750
1377,0.0863250344991684,137751
1381,0.08571255952119827,138142
1381,0.08650975674390793,138143
1381,0.0869743674993515,138144
1381,0.08597773313522339,138145
1381,0.08605208992958069,138147
1381,0.08807898312807083,138146
1381,0.08730081468820572,138149
1381,0.0860108956694603,138148
1381,0.08589734137058258,138150
1381,0.08714491128921509,138151
52,0.23530369997024536,5242
52,0.21288801729679108,5243
52,0.15656791627407074,5244
52,0.20428335666656494,5245
52,0.21527181565761566,5246
52,0.21999278664588928,5248
52,0.13931524753570557,5247
52,0.18370896577835083,5249
52,0.4233894944190979,5250
52,0.19227182865142822,5251
56,0.20633889734745026,5643
56,0.2108370065689087,5642
56,0.15793566405773163,5644
56,0.20854517817497253,5645
56,0.19692108035087585,5646
56,0.18465730547904968,5647
56,0.21911080181598663,5648
56,0.2884337604045868,5649
56,0.1828155517578125,5650
56,0.250081330537796,5651
59,0.20465810596942902,5942
59,0.26378241181373596,5943
59,0.15063364803791046,5944
59,0.16309906542301178,5945
59,0.18100915849208832,5946
59,0.20355235040187836,5948
59,0.17266297340393066,5947
59,0.15784800052642822,5949
59,0.2691241502761841,5950
59,0.16768649220466614,5951
61,0.20241117477416992,6142
61,0.2110399752855301,6143
61,0.1554134339094162,6144
61,0.19545899331569672,6145
61,0.17607584595680237,6146
61,0.24241222441196442,6147
61,0.15191002190113068,6148
61,0.17120550572872162,6150
61,0.22668179869651794,6149
61,0.2076338231563568,6151
64,0.17038750648498535,6442
64,0.17985977232456207,6443
64,0.19866153597831726,6444
64,0.2087940275669098,6446
64,0.25622478127479553,6445
64,0.16093529760837555,6447
64,0.1986057311296463,6449
64,0.1774856299161911,6448
64,0.24438486993312836,6451
64,0.16926366090774536,6450
68,0.17241492867469788,6842
68,0.20022131502628326,6843
68,0.1956576108932495,6844
68,0.19028964638710022,6845
68,0.1827852576971054,6846
68,0.18195414543151855,6847
68,0.14210186898708344,6848
68,0.1768859624862671,6849
68,0.191884845495224,6850
68,0.17537005245685577,6851
70,0.1991293579339981,7043
70,0.21897466480731964,7044
70,0.1939133256673813,7042
70,0.22106926143169403,7045
70,0.1566537320613861,7047
70,0.19757816195487976,7048
70,0.14811620116233826,7046
70,0.16375407576560974,7049
70,0.15787477791309357,7050
70,0.17103661596775055,7051
74,0.16694024205207825,7442
74,0.1653408706188202,7443
74,0.16424472630023956,7445
74,0.16793805360794067,7444
74,0.15502090752124786,7446
74,0.22955508530139923,7447
74,0.18063795566558838,7448
74,0.2145821452140808,7450
74,0.17328563332557678,7451
74,0.16664020717144012,7449
76,0.15826416015625,7642
76,0.16118498146533966,7643
76,0.18670916557312012,7645
76,0.14025402069091797,7644
76,0.1727629452943802,7646
76,0.19654631614685059,7648
76,0.1617647409439087,7649
76,0.14120705425739288,7647
76,0.1955290138721466,7650
79,0.1670767068862915,7942
76,0.18735693395137787,7651
79,0.19844035804271698,7943
79,0.15077751874923706,7944
79,0.17343832552433014,7945
79,0.21878723800182343,7946
79,0.20161089301109314,7949
79,0.16508889198303223,7947
79,0.18158699572086334,7948
79,0.16536472737789154,7950
79,0.18189124763011932,7951
81,0.18354532122612,8142
81,0.17871062457561493,8143
81,0.16019563376903534,8144
81,0.1616651713848114,8145
81,0.16526706516742706,8147
81,0.18480612337589264,8146
81,0.13552798330783844,8148
81,0.1620076596736908,8149
81,0.16995267570018768,8151
81,0.14043164253234863,8150
85,0.15130531787872314,8542
85,0.1755540817975998,8543
85,0.1984655261039734,8544
85,0.17955465614795685,8545
85,0.1595495194196701,8546
85,0.1808193475008011,8547
85,0.1645825207233429,8548
85,0.18004831671714783,8550
85,0.18400868773460388,8549
85,0.1780867874622345,8551
87,0.16187363862991333,8742
87,0.17414505779743195,8743
87,0.19052530825138092,8746
87,0.1671859622001648,8744
87,0.157124325633049,8745
87,0.19415786862373352,8748
87,0.1778995245695114,8749
87,0.14351652562618256,8747
87,0.1881188303232193,8751
87,0.1626412719488144,8750
91,0.1649600714445114,9143
91,0.1747080236673355,9142
91,0.1747949719429016,9144
91,0.14462459087371826,9146
91,0.12608259916305542,9145
91,0.15891632437705994,9147
91,0.17128033936023712,9148
91,0.16773219406604767,9150
91,0.13268786668777466,9149
91,0.18385997414588928,9151
94,0.13913483917713165,9442
94,0.16904528439044952,9443
94,0.27559149265289307,9444
94,0.19108988344669342,9445
94,0.15148940682411194,9446
94,0.18643589317798615,9447
94,0.1606900840997696,9450
94,0.16865770518779755,9449
94,0.13107965886592865,9448
94,0.1520528942346573,9451
98,0.148217111825943,9842
98,0.17366695404052734,9843
98,0.17905089259147644,9846
98,0.1667976826429367,9844
98,0.1629200577735901,9845
98,0.17618702352046967,9848
98,0.15168233215808868,9847
98,0.1267060935497284,9849
98,0.18550550937652588,9851
98,0.13853076100349426,9850
101,0.17663554847240448,10142
101,0.18775780498981476,10144
101,0.14287057518959045,10143
101,0.15156695246696472,10145
101,0.18472982943058014,10146
101,0.15491178631782532,10147
101,0.16518105566501617,10148
101,0.1742737889289856,10149
101,0.15492452681064606,10150
101,0.14755463600158691,10151
105,0.16283543407917023,10542
105,0.1689101904630661,10543
105,0.18242889642715454,10544
105,0.14205366373062134,10545
105,0.17962118983268738,10547
105,0.13083866238594055,10546
105,0.14894086122512817,10548
105,0.16725242137908936,10549
105,0.15470454096794128,10550
105,0.14348828792572021,10551
108,0.13679026067256927,10842
108,0.21703222393989563,10844
108,0.14165110886096954,10843
108,0.1573798656463623,10845
108,0.14361447095870972,10847
108,0.13990114629268646,10846
108,0.12701667845249176,10848
108,0.18425758183002472,10850
108,0.14628522098064423,10849
110,0.12977585196495056,11043
110,0.14579904079437256,11042
108,0.15647588670253754,10851
110,0.16709616780281067,11044
110,0.15591228008270264,11045
110,0.18149885535240173,11046
110,0.13595137000083923,11047
110,0.1330123394727707,11049
110,0.13644447922706604,11048
110,0.13013477623462677,11050
113,0.16991503536701202,11342
110,0.13530831038951874,11051
113,0.17574915289878845,11343
113,0.17093181610107422,11344
113,0.17479154467582703,11346
113,0.137040376663208,11345
113,0.1511799693107605,11347
113,0.14388537406921387,11348
113,0.17578186094760895,11349
113,0.14588908851146698,11350
113,0.18818733096122742,11351
116,0.14215274155139923,11642
116,0.16007433831691742,11644
116,0.14867806434631348,11643
116,0.14466267824172974,11646
116,0.19708548486232758,11647
116,0.12329986691474915,11645
116,0.1803177148103714,11649
116,0.20016027987003326,11650
116,0.13941073417663574,11648
118,0.1926848590373993,11842
116,0.16208615899085999,11651
118,0.13619829714298248,11843
118,0.14303046464920044,11844
118,0.13310463726520538,11845
118,0.1717047244310379,11846
118,0.1541951298713684,11847
118,0.1681370586156845,11849
118,0.11714380979537964,11848
118,0.13667252659797668,11850
121,0.16510553658008575,12142
118,0.1791575700044632,11851
121,0.1448821872472763,12143
121,0.13681192696094513,12144
121,0.12715905904769897,12145
121,0.1432781219482422,12147
121,0.16719935834407806,12146
121,0.1727205216884613,12149
121,0.15357816219329834,12148
121,0.14238962531089783,12150
121,0.11423954367637634,12151
125,0.15548956394195557,12542
125,0.12288299947977066,12543
125,0.16087548434734344,12545
125,0.1334170550107956,12544
125,0.13698160648345947,12546
125,0.1648026555776596,12547
125,0.15488214790821075,12548
125,0.16675809025764465,12550
125,0.13842009007930756,12549
125,0.16001352667808533,12551
127,0.17056973278522491,12744
127,0.12839287519454956,12742
127,0.11947231739759445,12743
127,0.12919509410858154,12746
127,0.15829382836818695,12745
127,0.12931755185127258,12747
127,0.16140231490135193,12749
127,0.14186136424541473,12748
127,0.13830986618995667,12750
127,0.1352548450231552,12751
130,0.13190755248069763,13042
130,0.11771093308925629,13043
130,0.13781896233558655,13045
130,0.12694108486175537,13044
130,0.15823400020599365,13046
130,0.12723487615585327,13048
130,0.1161002665758133,13047
130,0.1468370109796524,13049
130,0.14930342137813568,13051
130,0.15516065061092377,13050
134,0.12405660003423691,13442
134,0.1371239572763443,13443
134,0.11850723624229431,13444
134,0.1486741453409195,13445
134,0.17273938655853271,13446
134,0.12437490373849869,13447
134,0.12902173399925232,13448
134,0.1319740265607834,13449
134,0.1849232017993927,13451
134,0.16064830124378204,13450
136,0.16647104918956757,13642
136,0.14521917700767517,13643
136,0.1632680743932724,13645
136,0.16111981868743896,13644
136,0.13742376863956451,13647
136,0.1472279131412506,13646
136,0.13426393270492554,13648
136,0.1733727753162384,13649
136,0.1516307294368744,13650
136,0.17333297431468964,13651
139,0.11613398790359497,13942
139,0.1406593918800354,13943
139,0.1393616497516632,13944
139,0.148315891623497,13945
139,0.16194066405296326,13946
139,0.17158852517604828,13948
139,0.12671300768852234,13947
139,0.16633835434913635,13951
139,0.12126406282186508,13949
139,0.12506361305713654,13950
141,0.1265185922384262,14142
141,0.12971274554729462,14143
141,0.1359780877828598,14144
141,0.15508241951465607,14147
141,0.11891521513462067,14145
141,0.13380607962608337,14146
141,0.1588032841682434,14150
141,0.12635688483715057,14149
141,0.1668398529291153,14148
141,0.14704684913158417,14151
144,0.15752927958965302,14442
144,0.16853581368923187,14445
144,0.11021601408720016,14443
144,0.12236560136079788,14444
144,0.16926470398902893,14447
144,0.1332719773054123,14446
144,0.12553928792476654,14448
144,0.12967319786548615,14449
144,0.1493060290813446,14450
144,0.14309494197368622,14451
146,0.1254219114780426,14642
146,0.13282044231891632,14643
146,0.11280393600463867,14644
146,0.14424221217632294,14645
146,0.15080048143863678,14646
146,0.1381007432937622,14648
146,0.13465532660484314,14647
146,0.15563184022903442,14649
146,0.15512992441654205,14651
146,0.12537387013435364,14650
150,0.1360342651605606,15042
150,0.1697733998298645,15043
150,0.1514037549495697,15044
150,0.12875907123088837,15045
150,0.14515557885169983,15047
150,0.13247337937355042,15046
150,0.11655440181493759,15048
150,0.1475391685962677,15050
150,0.12001226097345352,15049
150,0.13860489428043365,15051
154,0.11998011916875839,15442
154,0.13250292837619781,15443
154,0.11413686722517014,15444
154,0.15638770163059235,15446
154,0.12175987660884857,15445
154,0.16723760962486267,15447
154,0.11771401017904282,15449
154,0.12397949397563934,15448
154,0.1309358775615692,15450
156,0.11931908130645752,15642
154,0.1671176254749298,15451
156,0.13129469752311707,15643
156,0.1468108743429184,15644
156,0.14524035155773163,15645
156,0.13416261970996857,15646
156,0.15575580298900604,15647
156,0.1586129069328308,15648
156,0.11515694111585617,15650
156,0.1166071891784668,15649
156,0.15212315320968628,15651
160,0.1500331163406372,16043
160,0.12993073463439941,16042
160,0.14801949262619019,16045
160,0.12960267066955566,16044
160,0.14618290960788727,16046
160,0.141895592212677,16048
160,0.12370791286230087,16047
160,0.13442939519882202,16049
160,0.1337921917438507,16050
160,0.1322670876979828,16051
162,0.1406351774930954,16242
162,0.14785948395729065,16244
162,0.12425771355628967,16245
162,0.11629252135753632,16243
162,0.13239312171936035,16246
162,0.12097427994012833,16248
162,0.15117865800857544,16249
162,0.12265105545520782,16247
162,0.11550167202949524,16250
162,0.1309109628200531,16251
165,0.13457757234573364,16542
165,0.14499297738075256,16544
165,0.11512764543294907,16545
165,0.10374051332473755,16543
165,0.121760293841362,16546
165,0.1353864222764969,16547
165,0.1443774700164795,16548
165,0.16924798488616943,16551
165,0.1160162016749382,16549
165,0.1205834224820137,16550
167,0.12761647999286652,16743
167,0.11657154560089111,16742
167,0.10281138122081757,16744
167,0.1350448578596115,16745
167,0.14437367022037506,16747
167,0.13416066765785217,16746
167,0.12590563297271729,16748
167,0.144036665558815,16749
167,0.13912808895111084,16750
167,0.13041454553604126,16751
171,0.13640829920768738,17143
171,0.12412679195404053,17142
171,0.12489306181669235,17144
171,0.11448176205158234,17146
171,0.1428118497133255,17145
171,0.11357942223548889,17147
171,0.13422058522701263,17148
171,0.12854865193367004,17149
171,0.13828115165233612,17150
171,0.1553650200366974,17151
173,0.11360970139503479,17342
173,0.13003353774547577,17343
173,0.1519579291343689,17344
173,0.1129980981349945,17345
173,0.1379595547914505,17346
173,0.11899325251579285,17347
173,0.15142306685447693,17348
173,0.1251848191022873,17349
173,0.11620157957077026,17350
173,0.11008735001087189,17351
176,0.12555530667304993,17642
176,0.12274728715419769,17643
176,0.12288706749677658,17644
176,0.1469505876302719,17645
176,0.14567841589450836,17646
176,0.15231174230575562,17647
176,0.11468237638473511,17648
176,0.15380246937274933,17649
176,0.12168779969215393,17650
179,0.16078542172908783,17942
176,0.14107181131839752,17651
179,0.12373525649309158,17943
179,0.12084518373012543,17944
179,0.14505641162395477,17945
179,0.11350573599338531,17946
179,0.1243816390633583,17947
179,0.12241484969854355,17948
179,0.1315249651670456,17949
179,0.12859031558036804,17951
179,0.10291142016649246,17950
183,0.13161399960517883,18342
183,0.12879925966262817,18343
183,0.11197745054960251,18344
183,0.12968941032886505,18345
183,0.12554650008678436,18346
183,0.15547160804271698,18348
183,0.13845299184322357,18347
183,0.12426681816577911,18349
183,0.1234138235449791,18350
183,0.12114495784044266,18351
185,0.12684400379657745,18542
185,0.1479666531085968,18544
185,0.127396821975708,18543
185,0.14332404732704163,18547
185,0.11120353639125824,18545
185,0.1210528090596199,18546
185,0.12476341426372528,18548
185,0.14567823708057404,18549
185,0.12472282350063324,18550
185,0.13196022808551788,18551
189,0.12613217532634735,18942
189,0.11633924394845963,18943
189,0.12772426009178162,18944
189,0.12755312025547028,18945
189,0.12606820464134216,18946
189,0.12413088977336884,18947
189,0.11662202328443527,18948
189,0.12163536250591278,18949
189,0.1298033744096756,18950
189,0.14010882377624512,18951
192,0.15124990046024323,19243
192,0.13521495461463928,19242
192,0.1233985647559166,19244
192,0.14340762794017792,19245
192,0.10780731588602066,19247
192,0.12845858931541443,19246
192,0.13287785649299622,19248
192,0.13546036183834076,19249
192,0.13388478755950928,19250
192,0.14529530704021454,19251
194,0.11581593006849289,19442
194,0.12651216983795166,19443
194,0.14779427647590637,19445
194,0.12168081104755402,19444
194,0.16170120239257812,19446
194,0.10911291837692261,19448
194,0.12717390060424805,19447
194,0.12108976393938065,19449
194,0.13223402202129364,19450
197,0.1485540270805359,19742
194,0.1119648739695549,19451
197,0.11054029315710068,19743
197,0.11924254149198532,19744
197,0.15287195146083832,19746
197,0.1324070543050766,19745
197,0.13685037195682526,19748
197,0.1266011893749237,19749
197,0.1290888488292694,19747
197,0.1304381638765335,19750
197,0.1428588628768921,19751
199,0.13449427485466003,19942
199,0.11137990653514862,19943
199,0.11597918719053268,19944
199,0.11175084859132767,19945
199,0.10864686220884323,19946
199,0.1096080020070076,19947
199,0.13513273000717163,19948
199,0.12055051326751709,19949
199,0.12239465117454529,19950
203,0.14941011369228363,20342
199,0.11326014250516891,19951
203,0.11721918731927872,20343
203,0.12057120352983475,20344
203,0.10208376497030258,20345
203,0.14081953465938568,20346
203,0.11782971769571304,20347
203,0.1258581280708313,20348
203,0.11152634024620056,20349
203,0.14449915289878845,20351
203,0.13210086524486542,20350
206,0.16115351021289825,20644
206,0.12641209363937378,20642
206,0.12741975486278534,20643
206,0.11431851983070374,20645
206,0.1314965933561325,20646
206,0.10999326407909393,20647
206,0.1398673951625824,20649
206,0.12565091252326965,20648
206,0.1618356853723526,20650
206,0.13528218865394592,20651
208,0.11184461414813995,20842
208,0.12861822545528412,20843
208,0.10143397748470306,20844
208,0.13996566832065582,20846
208,0.1316422075033188,20845
208,0.1492958664894104,20847
208,0.13690365850925446,20849
208,0.1305752545595169,20848
208,0.10302495211362839,20850
208,0.11999671161174774,20851
211,0.13235951960086823,21142
211,0.17161016166210175,21144
211,0.12176693230867386,21143
211,0.11355522274971008,21145
211,0.11973392963409424,21146
211,0.11919667571783066,21147
211,0.13882265985012054,21150
211,0.1102452278137207,21148
211,0.10809990018606186,21149
211,0.11011019349098206,21151
214,0.1527976393699646,21442
214,0.1090012788772583,21443
214,0.12654906511306763,21444
214,0.11350704729557037,21445
214,0.11645402759313583,21446
214,0.1238873302936554,21447
214,0.12346567958593369,21448
214,0.12935328483581543,21449
214,0.15101982653141022,21451
214,0.10985817015171051,21450
218,0.13013409078121185,21842
218,0.1314617395401001,21843
218,0.1051187738776207,21844
218,0.14376820623874664,21847
218,0.1077808290719986,21845
218,0.14075563848018646,21846
218,0.12493757158517838,21849
218,0.11590408533811569,21850
218,0.09385132789611816,21848
218,0.10794997215270996,21851
221,0.10901135951280594,22143
221,0.12389814108610153,22142
221,0.11089149862527847,22144
221,0.11129622161388397,22145
221,0.10614839196205139,22146
221,0.11829713732004166,22147
221,0.12772910296916962,22148
221,0.14511187374591827,22149
221,0.12007970362901688,22150
221,0.11829937249422073,22151
223,0.10158681124448776,22342
223,0.11579015105962753,22344
223,0.12406949698925018,22343
223,0.11194293946027756,22345
223,0.12666651606559753,22346
223,0.12511046230793,22348
223,0.11324553191661835,22347
223,0.11484028398990631,22349
223,0.1367352157831192,22350
226,0.13455207645893097,22642
223,0.12908829748630524,22351
226,0.10929616540670395,22643
226,0.14149022102355957,22645
226,0.12203022092580795,22644
226,0.12879274785518646,22646
226,0.13349461555480957,22648
226,0.12470638751983643,22647
226,0.12555445730686188,22649
226,0.10338335484266281,22650
226,0.10917400568723679,22651
229,0.1233459860086441,22942
229,0.11201323568820953,22943
229,0.11626185476779938,22944
229,0.12323781847953796,22945
229,0.11970515549182892,22946
229,0.11810439079999924,22947
229,0.13219177722930908,22949
229,0.1122119203209877,22948
229,0.11265584826469421,22950
229,0.12060914933681488,22951
233,0.11386962980031967,23342
233,0.11993350088596344,23343
233,0.12113948911428452,23344
233,0.1197667196393013,23345
233,0.11325330287218094,23346
233,0.11654315888881683,23347
233,0.1094970628619194,23348
233,0.15843333303928375,23350
233,0.11373517662286758,23349
233,0.11053444445133209,23351
237,0.11801913380622864,23742
237,0.11870642751455307,23743
237,0.12189468741416931,23744
237,0.10656306147575378,23746
237,0.11471305787563324,23745
237,0.11641906946897507,23747
237,0.1350347101688385,23750
237,0.09479980915784836,23749
237,0.1053549125790596,23748
237,0.12830479443073273,23751
239,0.10972069203853607,23942
239,0.11085805296897888,23943
239,0.10782511532306671,23944
239,0.11356085538864136,23945
239,0.10850630700588226,23946
239,0.11498741060495377,23947
239,0.14191636443138123,23949
239,0.10275524109601974,23948
242,0.1413402110338211,24242
239,0.11943726986646652,23950
242,0.12065007537603378,24243
239,0.12274838984012604,23951
242,0.10516974329948425,24244
242,0.11906088888645172,24246
242,0.11969790607690811,24245
242,0.11395666748285294,24247
242,0.13004007935523987,24248
242,0.11075994372367859,24249
242,0.11067389696836472,24250
242,0.14135152101516724,24251
246,0.13820993900299072,24642
246,0.11258909106254578,24644
246,0.13170534372329712,24643
246,0.10131246596574783,24645
246,0.11286704987287521,24646
246,0.11215126514434814,24647
246,0.11090879142284393,24648
246,0.15565836429595947,24649
248,0.11850187182426453,24842
246,0.11189039051532745,24651
246,0.11256624013185501,24650
248,0.11980143189430237,24845
248,0.11078069359064102,24843
248,0.10557563602924347,24844
248,0.11873390525579453,24846
248,0.12317872792482376,24847
248,0.14225056767463684,24849
248,0.11072545498609543,24848
248,0.1066189631819725,24850
251,0.1076146587729454,25142
248,0.1028977781534195,24851
251,0.11507008224725723,25143
251,0.10239283740520477,25145
251,0.11891677975654602,25144
251,0.10530570894479752,25146
251,0.12453143298625946,25148
251,0.1184304729104042,25147
251,0.10738687217235565,25149
251,0.11201030015945435,25150
251,0.11086606979370117,25151
255,0.12627799808979034,25542
255,0.1271660178899765,25543
255,0.1398586630821228,25545
255,0.11209629476070404,25544
255,0.10177544504404068,25546
255,0.10801678895950317,25547
255,0.12114530056715012,25548
255,0.12157313525676727,25549
255,0.10870188474655151,25550
255,0.10885979235172272,25551
257,0.1347637176513672,25742
257,0.11265742033720016,25744
257,0.1239570900797844,25743
257,0.09788381308317184,25745
257,0.12880241870880127,25746
257,0.11052907258272171,25747
257,0.09633377194404602,25748
257,0.13486672937870026,25750
257,0.11503613740205765,25749
257,0.1080302819609642,25751
261,0.1065625250339508,26142
261,0.10924531519412994,26143
261,0.14635783433914185,26144
261,0.09730243682861328,26146
261,0.09557972103357315,26145
261,0.1131981685757637,26147
261,0.10880790650844574,26148
261,0.1098126769065857,26149
261,0.11870770901441574,26150
264,0.133475199341774,26443
261,0.09860388189554214,26151
264,0.13375577330589294,26442
264,0.11989504843950272,26446
264,0.11214184015989304,26445
264,0.10352765768766403,26444
264,0.1043536514043808,26447
264,0.12100924551486969,26448
264,0.11761141568422318,26449
266,0.15485817193984985,26642
264,0.14576953649520874,26451
264,0.10571015626192093,26450
266,0.13740435242652893,26643
266,0.11056967824697495,26644
266,0.11313364654779434,26645
266,0.11657491326332092,26646
266,0.10407022386789322,26647
266,0.12205454707145691,26649
266,0.10121215134859085,26648
266,0.12997108697891235,26650
266,0.1318517029285431,26651
269,0.11187943816184998,26943
269,0.10767421871423721,26942
269,0.10352823138237,26944
269,0.11083734035491943,26945
269,0.10280900448560715,26946
269,0.12337622791528702,26949
269,0.11305384337902069,26947
269,0.1076817438006401,26948
273,0.1338140070438385,27342
269,0.10729236900806427,26950
269,0.10927452147006989,26951
273,0.09540156275033951,27343
273,0.13100570440292358,27345
273,0.09325138479471207,27344
273,0.10456398874521255,27346
273,0.11543581634759903,27347
273,0.12397699058055878,27348
273,0.1287963092327118,27350
273,0.10365451872348785,27349
273,0.11325691640377045,27351
275,0.10723221302032471,27542
275,0.11893748492002487,27543
275,0.11242929100990295,27544
275,0.12704595923423767,27546
275,0.10621509701013565,27545
275,0.117906853556633,27547
275,0.10254364460706711,27548
275,0.11907670646905899,27549
275,0.10868959128856659,27550
275,0.1130744069814682,27551
279,0.1160563975572586,27942
279,0.12103019654750824,27944
279,0.13509514927864075,27945
279,0.11328237503767014,27943
279,0.12675224244594574,27947
279,0.12627381086349487,27948
279,0.1118016466498375,27946
279,0.11575508117675781,27949
279,0.1026221215724945,27950
279,0.10957968980073929,27951
283,0.121526338160038,28344
283,0.11020573228597641,28342
283,0.09496419876813889,28343
283,0.13046908378601074,28345
283,0.09975054860115051,28346
283,0.10333943367004395,28347
283,0.10808825492858887,28348
283,0.14040827751159668,28351
283,0.10183527320623398,28350
283,0.11031724512577057,28349
285,0.09884195774793625,28542
285,0.1121300756931305,28543
285,0.1401374787092209,28545
285,0.09414773434400558,28544
285,0.10762705653905869,28546
285,0.11349403858184814,28547
285,0.11454804986715317,28548
285,0.10494638234376907,28549
285,0.11655659973621368,28550
285,0.10392294824123383,28551
288,0.10024905204772949,28842
288,0.10206020623445511,28843
288,0.11736613512039185,28845
288,0.10683613270521164,28844
288,0.11397162079811096,28846
288,0.0912114605307579,28848
288,0.09776719659566879,28847
288,0.1237180083990097,28849
288,0.11024411767721176,28851
288,0.11313386261463165,28850
290,0.09933185577392578,29042
290,0.14146336913108826,29043
290,0.09988699853420258,29044
290,0.10245253145694733,29045
290,0.11154430359601974,29046
290,0.0922505334019661,29047
290,0.12022104859352112,29049
290,0.11401312798261642,29048
290,0.09700266271829605,29050
290,0.09817205369472504,29051
293,0.10881388932466507,29342
293,0.11548216640949249,29343
293,0.09788552671670914,29344
293,0.1150912493467331,29345
293,0.11171739548444748,29346
293,0.11011136323213577,29347
293,0.10410638153553009,29348
293,0.11349157243967056,29349
293,0.10008706897497177,29350
293,0.09386727213859558,29351
295,0.10981534421443939,29542
295,0.10058452934026718,29544
295,0.11017638444900513,29543
295,0.10968951135873795,29545
295,0.11265050619840622,29546
295,0.12124568223953247,29547
295,0.11214345693588257,29548
295,0.10044045746326447,29549
295,0.11102966219186783,29550
295,0.1263592541217804,29551
299,0.12989568710327148,29942
299,0.10909711569547653,29943
299,0.11058767139911652,29944
299,0.10473915934562683,29945
299,0.10354644805192947,29946
299,0.09551110863685608,29947
299,0.11464276909828186,29948
299,0.1082065999507904,29949
299,0.11085520684719086,29950
299,0.11011907458305359,29951
303,0.10781189054250717,30343
303,0.11574351042509079,30342
303,0.09661949425935745,30344
303,0.10740979760885239,30346
303,0.10225863754749298,30345
303,0.10111328959465027,30347
303,0.13019810616970062,30348
303,0.12229306995868683,30350
303,0.12481667101383209,30351
303,0.09692969173192978,30349
305,0.09747900813817978,30542
305,0.1083817332983017,30543
305,0.11698513478040695,30544
305,0.10568629205226898,30545
305,0.09473564475774765,30546
305,0.11514715850353241,30547
305,0.11585472524166107,30548
305,0.1479642540216446,30550
305,0.12020411342382431,30549
305,0.1303391307592392,30551
309,0.09434531629085541,30942
309,0.09981987625360489,30943
309,0.1324346512556076,30944
309,0.0961499810218811,30945
309,0.14045141637325287,30946
309,0.09667554497718811,30947
309,0.10728232562541962,30949
309,0.09636324644088745,30948
309,0.10282082855701447,30950
309,0.1244576945900917,30951
311,0.10355442762374878,31142
311,0.10307547450065613,31143
311,0.10892973840236664,31144
311,0.0987742617726326,31145
311,0.09475261718034744,31146
311,0.11869387328624725,31147
311,0.11261824518442154,31150
311,0.1076497957110405,31148
311,0.10887427628040314,31149
311,0.12306959182024002,31151
314,0.11605710536241531,31443
314,0.11548497527837753,31442
314,0.1099991500377655,31445
314,0.10446678102016449,31444
314,0.10471530258655548,31446
314,0.12688587605953217,31447
314,0.10298287123441696,31448
314,0.1244896948337555,31449
314,0.1259743571281433,31450
314,0.13588224351406097,31451
316,0.11693151295185089,31642
316,0.10034830123186111,31643
316,0.10263107717037201,31644
316,0.12143600732088089,31645
316,0.09853667765855789,31646
316,0.1195131465792656,31647
316,0.10676819086074829,31648
316,0.11594796925783157,31649
316,0.09218215942382812,31650
316,0.11072245240211487,31651
320,0.11276011168956757,32042
320,0.10580513626337051,32043
320,0.1154974102973938,32044
320,0.1407056450843811,32045
320,0.10239868611097336,32046
320,0.11303628236055374,32047
320,0.10323168337345123,32048
320,0.13588227331638336,32050
320,0.10510830581188202,32049
320,0.11652800440788269,32051
322,0.11059757322072983,32242
322,0.11944565176963806,32243
322,0.10943565517663956,32244
322,0.11930812895298004,32246
322,0.10072338581085205,32245
322,0.1008639708161354,32247
322,0.11528939753770828,32248
322,0.10772575438022614,32249
322,0.1135772317647934,32250
322,0.12921126186847687,32251
325,0.13458873331546783,32542
325,0.11569422483444214,32543
325,0.1155751571059227,32544
325,0.10575146973133087,32546
325,0.11885040253400803,32545
325,0.10266411304473877,32547
325,0.10831616818904877,32549
325,0.10381737351417542,32548
325,0.09655371308326721,32550
325,0.11324630677700043,32551
327,0.1037832498550415,32742
327,0.10964418202638626,32743
327,0.09863682091236115,32744
327,0.09592046588659286,32745
327,0.1271786242723465,32746
327,0.13119474053382874,32747
327,0.10491414368152618,32748
327,0.12763634324073792,32750
327,0.10980293899774551,32749
331,0.112117238342762,33142
327,0.10914039611816406,32751
331,0.09148403257131577,33143
331,0.10836176574230194,33144
331,0.10331178456544876,33145
331,0.14297746121883392,33147
331,0.10684207826852798,33148
331,0.10919660329818726,33146
331,0.1098734438419342,33149
331,0.10266491025686264,33150
331,0.10632967948913574,33151
333,0.10320745408535004,33342
333,0.12288154661655426,33344
333,0.10151108354330063,33343
333,0.12465005367994308,33346
333,0.11709840595722198,33345
333,0.10698013752698898,33347
333,0.10419033467769623,33348
333,0.10259183496236801,33349
333,0.11799097806215286,33350
333,0.10242550075054169,33351
337,0.11081554740667343,33742
337,0.10565847158432007,33743
337,0.10021377354860306,33744
337,0.10228870809078217,33745
337,0.09993883967399597,33746
337,0.11583638936281204,33747
337,0.1262505054473877,33748
337,0.11361666768789291,33749
337,0.10783279687166214,33750
337,0.08796828985214233,33751
340,0.10729818046092987,34043
340,0.10756756365299225,34042
340,0.10260342806577682,34044
340,0.10778019577264786,34045
340,0.11808659881353378,34047
340,0.10072135180234909,34046
340,0.13225926458835602,34050
340,0.10645352303981781,34048
340,0.10259772837162018,34049
344,0.1233750432729721,34442
340,0.10389643907546997,34051
344,0.10846995562314987,34443
344,0.10958034545183182,34445
344,0.0970068871974945,34444
344,0.09705580770969391,34446
344,0.10660833865404129,34448
344,0.10308495163917542,34447
344,0.12194585800170898,34449
344,0.10713043808937073,34450
344,0.10886300355195999,34451
346,0.10622693598270416,34642
346,0.09309221059083939,34643
346,0.10612545907497406,34644
346,0.10377223789691925,34645
346,0.10856732726097107,34646
346,0.11100775748491287,34647
346,0.10575658082962036,34648
346,0.11420486867427826,34650
346,0.10783537477254868,34649
346,0.11112536489963531,34651
349,0.09391418844461441,34942
349,0.11947887390851974,34943
349,0.1235746294260025,34944
349,0.0953904241323471,34945
349,0.10969776660203934,34946
349,0.10092094540596008,34947
349,0.12639591097831726,34948
349,0.1300143450498581,34949
349,0.10799771547317505,34950
349,0.11504491418600082,34951
351,0.10631908476352692,35142
351,0.11523580551147461,35143
351,0.11285540461540222,35144
351,0.10594562441110611,35145
351,0.11426282674074173,35146
351,0.1089734137058258,35148
351,0.12228134274482727,35149
351,0.1010514572262764,35147
351,0.12132609635591507,35151
351,0.09922056645154953,35150
355,0.13237404823303223,35543
355,0.10072428733110428,35542
355,0.1338149607181549,35546
355,0.11681468039751053,35545
355,0.09068743884563446,35544
355,0.11714157462120056,35548
355,0.11694438010454178,35549
355,0.11098269373178482,35547
355,0.11396731436252594,35550
355,0.10626153647899628,35551
357,0.11239788681268692,35742
357,0.09742533415555954,35743
357,0.1012401133775711,35744
357,0.09963856637477875,35745
357,0.1101096123456955,35746
357,0.10063306987285614,35747
357,0.10986324399709702,35748
357,0.10509196668863297,35749
357,0.10788477957248688,35751
357,0.09175201505422592,35750
361,0.10993136465549469,36142
361,0.10855960100889206,36144
361,0.10036434233188629,36143
361,0.1228066012263298,36145
361,0.09391390532255173,36146
361,0.10476838052272797,36147
361,0.09147828817367554,36148
361,0.109612375497818,36149
361,0.09634071588516235,36150
361,0.10197996348142624,36151
364,0.09990190714597702,36442
364,0.0996629074215889,36443
364,0.10352630913257599,36444
364,0.13054491579532623,36446
364,0.09581400454044342,36445
364,0.10766173154115677,36447
364,0.12770038843154907,36448
364,0.11080899834632874,36449
364,0.09946861863136292,36450
364,0.11361376941204071,36451
368,0.10780282318592072,36842
368,0.09998778253793716,36844
368,0.10802792757749557,36843
368,0.09546248614788055,36845
368,0.10630731284618378,36847
368,0.09741658717393875,36846
368,0.10655499994754791,36848
368,0.11891502887010574,36849
368,0.1312156319618225,36850
368,0.1117057055234909,36851
370,0.11792750656604767,37042
370,0.10143479704856873,37043
370,0.1063138097524643,37045
370,0.1053728312253952,37044
370,0.1169213354587555,37046
370,0.13098111748695374,37048
370,0.10435307025909424,37047
370,0.1309652030467987,37049
370,0.1014193743467331,37050
374,0.09620752185583115,37442
370,0.10211111605167389,37051
374,0.10626085102558136,37443
374,0.09686671197414398,37445
374,0.09781426936388016,37444
374,0.09717737138271332,37446
374,0.12671557068824768,37447
374,0.10442204773426056,37448
374,0.09486421942710876,37449
374,0.10274259001016617,37451
374,0.09822996705770493,37450
377,0.11388173699378967,37742
377,0.10265529900789261,37744
377,0.09496592730283737,37743
377,0.12483472377061844,37746
377,0.11230246722698212,37745
377,0.1431322991847992,37747
377,0.11566131561994553,37749
377,0.10352625697851181,37748
377,0.10095452517271042,37750
377,0.09112608432769775,37751
381,0.10576768219470978,38142
381,0.10688506066799164,38143
381,0.10189536213874817,38144
381,0.12141848355531693,38145
381,0.09742695093154907,38146
381,0.10214122384786606,38147
381,0.0970410406589508,38148
381,0.10362257808446884,38149
381,0.11113262176513672,38151
381,0.10483567416667938,38150
383,0.1216467097401619,38344
383,0.09683933854103088,38342
383,0.11757295578718185,38343
383,0.10102909058332443,38345
383,0.1096469908952713,38347
383,0.10579409450292587,38346
383,0.09934312105178833,38348
383,0.10910218954086304,38349
383,0.0903225988149643,38350
383,0.11294200271368027,38351
387,0.12535937130451202,38742
387,0.10336843132972717,38743
387,0.11833521723747253,38746
387,0.09893742203712463,38744
387,0.09834232926368713,38745
387,0.11418372392654419,38748
387,0.10808839648962021,38747
387,0.09653507173061371,38749
387,0.09977293759584427,38750
387,0.11591871082782745,38751
390,0.09345023334026337,39042
390,0.10818614065647125,39043
390,0.10199624300003052,39044
390,0.09879953414201736,39045
390,0.11214745789766312,39046
390,0.111957848072052,39049
390,0.10243761539459229,39047
390,0.0982433632016182,39048
390,0.10670728236436844,39051
390,0.09072006493806839,39050
392,0.09056290984153748,39242
392,0.09999626129865646,39243
392,0.09795437008142471,39245
392,0.1018638163805008,39244
392,0.11515582352876663,39248
392,0.10535925626754761,39247
392,0.101076140999794,39246
392,0.11590215563774109,39249
392,0.0944828912615776,39251
392,0.09063029289245605,39250
395,0.11259374022483826,39542
395,0.10533469915390015,39544
395,0.09679855406284332,39543
395,0.11004336178302765,39545
395,0.11362264305353165,39548
395,0.0918513759970665,39547
395,0.09961507469415665,39546
395,0.1018836721777916,39549
395,0.1089266836643219,39550
395,0.11111487448215485,39551
397,0.10086901485919952,39744
397,0.10317835956811905,39743
397,0.09985088557004929,39742
397,0.10841919481754303,39746
397,0.08708736300468445,39745
397,0.10440145432949066,39747
397,0.10708414018154144,39748
397,0.116399385035038,39749
397,0.1013401672244072,39750
397,0.0987648144364357,39751
401,0.10092337429523468,40142
401,0.0962863340973854,40143
401,0.10612543672323227,40144
401,0.11289022117853165,40145
401,0.11570699512958527,40147
401,0.1056118980050087,40146
401,0.09951212257146835,40148
401,0.10216347128152847,40149
401,0.1083238273859024,40151
401,0.09754982590675354,40150
404,0.11247094720602036,40444
404,0.09400849044322968,40442
404,0.10322897136211395,40443
404,0.09542909264564514,40445
404,0.10127808898687363,40446
404,0.10369574278593063,40447
404,0.09980935603380203,40449
404,0.11255013942718506,40448
404,0.10688820481300354,40450
404,0.11038411408662796,40451
408,0.09574292600154877,40842
408,0.09433010220527649,40843
408,0.11618410050868988,40844
408,0.10517974197864532,40845
408,0.09756288677453995,40846
408,0.09979187697172165,40847
408,0.09939000010490417,40848
408,0.10689827054738998,40849
408,0.10023891925811768,40850
408,0.10161677747964859,40851
411,0.09996335953474045,41142
411,0.09876032918691635,41143
411,0.10889542102813721,41144
411,0.10458087176084518,41145
411,0.10308563709259033,41146
411,0.10119052231311798,41147
411,0.08862091600894928,41148
411,0.10294386744499207,41149
411,0.09829085320234299,41150
411,0.10347232967615128,41151
415,0.10082899034023285,41543
415,0.0901670977473259,41542
415,0.0931943953037262,41544
415,0.10143260657787323,41546
415,0.09683244675397873,41545
415,0.10252755880355835,41547
415,0.10300672799348831,41549
415,0.10658810287714005,41548
415,0.10491924732923508,41550
418,0.10049068927764893,41842
415,0.10041187703609467,41551
418,0.10176023840904236,41843
418,0.08650514483451843,41845
418,0.10096480697393417,41844
418,0.09822174161672592,41846
418,0.09183759242296219,41847
418,0.10173662006855011,41848
418,0.10836397856473923,41849
418,0.11614817380905151,41851
418,0.10391096025705338,41850
420,0.11340656876564026,42042
420,0.09719160944223404,42044
420,0.10064584761857986,42043
420,0.09765954315662384,42045
420,0.09777641296386719,42047
420,0.10703948140144348,42046
420,0.10634920001029968,42048
420,0.10989698022603989,42050
420,0.10029583424329758,42049
420,0.10919347405433655,42051
423,0.11745632439851761,42342
423,0.10006547719240189,42344
423,0.1033225953578949,42343
423,0.10050271451473236,42345
423,0.11224726587533951,42346
423,0.09970318526029587,42347
423,0.09821023046970367,42348
423,0.10568920522928238,42350
423,0.09577731788158417,42349
426,0.14243485033512115,42643
423,0.10497431457042694,42351
426,0.09535166621208191,42642
426,0.10994644463062286,42646
426,0.1040855199098587,42644
426,0.10338667035102844,42645
426,0.11333304643630981,42649
426,0.09581491351127625,42648
426,0.09530682861804962,42647
426,0.0968320220708847,42650
426,0.11156880855560303,42651
430,0.11111000180244446,43043
430,0.09509870409965515,43042
430,0.0999971255660057,43044
430,0.09950948506593704,43046
430,0.1020733118057251,43045
430,0.09793612360954285,43047
430,0.10806900262832642,43050
430,0.09824866056442261,43048
430,0.08766593784093857,43049
430,0.10192575305700302,43051
433,0.09003469347953796,43342
433,0.09984997659921646,43343
433,0.1347033679485321,43346
433,0.09626071155071259,43344
433,0.09283120185136795,43345
433,0.10287683457136154,43347
433,0.1048935055732727,43348
433,0.10455424338579178,43349
433,0.11251387745141983,43350
433,0.09027773886919022,43351
435,0.1205064132809639,43543
435,0.10057561099529266,43542
435,0.11100100725889206,43544
435,0.09585443139076233,43545
435,0.09322435408830643,43546
435,0.09724900871515274,43547
435,0.10943081229925156,43548
435,0.10470028221607208,43549
435,0.11073002219200134,43550
435,0.10748947411775589,43551
438,0.10210885852575302,43842
438,0.10231665521860123,43843
438,0.11024176329374313,43844
438,0.11998527497053146,43845
438,0.09656926989555359,43846
438,0.09920085221529007,43848
438,0.09495373070240021,43847
438,0.10227935761213303,43849
438,0.10286371409893036,43850
438,0.09604711085557938,43851
441,0.11005894094705582,44142
441,0.10932318866252899,44143
441,0.10110027343034744,44144
441,0.10245585441589355,44145
441,0.09820079058408737,44146
441,0.09651483595371246,44148
441,0.10026133805513382,44147
441,0.1106342077255249,44149
441,0.09554797410964966,44150
441,0.09090279042720795,44151
443,0.10736668854951859,44342
443,0.10091887414455414,44343
443,0.10784462094306946,44344
443,0.09812970459461212,44345
443,0.10822929441928864,44346
443,0.11629746109247208,44347
443,0.10795155167579651,44348
443,0.11585096269845963,44349
443,0.12459293752908707,44351
443,0.09217578172683716,44350
446,0.09219545871019363,44642
446,0.09994112700223923,44644
446,0.10240364074707031,44643
446,0.10418692231178284,44645
446,0.1010858565568924,44646
446,0.09381678700447083,44647
446,0.09989555180072784,44648
446,0.13064096868038177,44650
446,0.0947670117020607,44649
446,0.08758266270160675,44651
450,0.1067291796207428,45042
450,0.09899216890335083,45043
450,0.09924963861703873,45044
450,0.09052560478448868,45045
450,0.10306607186794281,45046
450,0.09712518006563187,45047
450,0.10289069265127182,45049
450,0.09247589111328125,45048
450,0.09341845661401749,45050
450,0.10450968891382217,45051
452,0.09327764809131622,45242
452,0.10102751851081848,45243
452,0.12665320932865143,45245
452,0.11162735521793365,45244
452,0.11314193904399872,45247
452,0.10267192125320435,45246
452,0.10069265216588974,45248
452,0.0944136455655098,45250
452,0.1035648062825203,45249
452,0.09894634783267975,45251
455,0.09659214317798615,45542
455,0.10312692821025848,45543
455,0.09534013271331787,45544
455,0.10067175328731537,45545
455,0.09950359910726547,45546
455,0.10311301052570343,45547
455,0.10771878808736801,45548
455,0.09778612107038498,45550
455,0.09442966431379318,45549
455,0.1041245311498642,45551
458,0.11835509538650513,45844
458,0.09692449867725372,45842
458,0.09899890422821045,45843
458,0.09851419925689697,45845
458,0.09618375450372696,45846
458,0.10599973052740097,45847
458,0.10782404989004135,45848
458,0.11131800711154938,45850
458,0.10696008056402206,45849
458,0.10035038739442825,45851
462,0.1038169413805008,46242
462,0.10060840845108032,46243
462,0.0989769995212555,46245
462,0.1075671911239624,46244
462,0.10071931779384613,46246
462,0.10510040819644928,46247
462,0.10230544954538345,46248
462,0.10191203653812408,46249
462,0.09174077212810516,46250
465,0.10214868187904358,46542
462,0.10980354249477386,46251
465,0.10296599566936493,46543
465,0.10222072899341583,46545
465,0.0930788666009903,46544
465,0.09345012903213501,46546
465,0.09875673800706863,46547
465,0.10187026113271713,46548
465,0.10829351097345352,46549
465,0.10266667604446411,46550
465,0.09160225838422775,46551
467,0.10761632770299911,46743
467,0.11202489584684372,46742
467,0.09982764720916748,46744
467,0.10082069784402847,46745
467,0.09471893310546875,46746
467,0.10102164000272751,46747
467,0.09956064075231552,46748
467,0.10129743069410324,46750
467,0.10977757722139359,46749
467,0.10524951666593552,46751
470,0.10480666905641556,47043
470,0.10023775696754456,47042
470,0.1047547459602356,47044
470,0.11081179231405258,47046
470,0.09701497107744217,47045
470,0.09944815188646317,47047
470,0.09563648700714111,47048
470,0.09730039536952972,47049
470,0.11491766571998596,47051
470,0.09951093047857285,47050
473,0.10187236964702606,47342
473,0.09187667816877365,47343
473,0.09043392539024353,47344
473,0.10146227478981018,47347
473,0.09233605861663818,47345
473,0.09137583523988724,47346
473,0.11426626890897751,47350
473,0.09035647660493851,47348
473,0.09048525989055634,47349
473,0.10275791585445404,47351
475,0.10353352129459381,47542
475,0.10274557024240494,47543
475,0.101617231965065,47545
475,0.10434670001268387,47544
475,0.10172485560178757,47546
475,0.11348877102136612,47547
475,0.11397051811218262,47548
475,0.10042701661586761,47549
475,0.10627476125955582,47551
475,0.09603971242904663,47550
478,0.09655044972896576,47842
478,0.12111188471317291,47843
478,0.10939191281795502,47844
478,0.1121610552072525,47846
478,0.09387485682964325,47845
478,0.10023853182792664,47847
478,0.1007833257317543,47848
478,0.09592431783676147,47849
478,0.11551890522241592,47850
478,0.09563237428665161,47851
482,0.10974138230085373,48243
482,0.09685482084751129,48242
482,0.10232312977313995,48244
482,0.09512409567832947,48245
482,0.11076192557811737,48246
482,0.11165071278810501,48247
482,0.10421258211135864,48249
482,0.102216936647892,48248
482,0.09410908818244934,48250
484,0.10667996853590012,48442
482,0.09549430012702942,48251
484,0.10030513256788254,48443
484,0.10677395015954971,48445
484,0.10373140126466751,48444
484,0.101093590259552,48446
484,0.10936270654201508,48447
484,0.10621059685945511,48448
484,0.10417632013559341,48449
484,0.0997762456536293,48450
487,0.10637135803699493,48742
484,0.10851167142391205,48451
487,0.1052931472659111,48743
487,0.09695538133382797,48744
487,0.09215927124023438,48745
487,0.10601214319467545,48746
487,0.11337893456220627,48749
487,0.10511013120412827,48747
487,0.10482253134250641,48748
487,0.09939337521791458,48750
487,0.09927766025066376,48751
490,0.09699517488479614,49042
490,0.12058117240667343,49045
490,0.09237011522054672,49043
490,0.09039530903100967,49044
490,0.08965305984020233,49046
490,0.09709321707487106,49047
490,0.10550962388515472,49048
490,0.11076271533966064,49050
490,0.09365707635879517,49049
492,0.10668495297431946,49243
490,0.0918215960264206,49051
492,0.09962578117847443,49242
492,0.11072485893964767,49245
492,0.10065537691116333,49244
492,0.09861303865909576,49246
492,0.11241710931062698,49247
492,0.09912002831697464,49248
492,0.09589420258998871,49249
492,0.10760246217250824,49250
492,0.1020059883594513,49251
495,0.09038149565458298,49542
495,0.09474852681159973,49543
495,0.09823737293481827,49544
495,0.09425882995128632,49546
495,0.11081621795892715,49547
495,0.09083974361419678,49545
495,0.1150909960269928,49549
495,0.09788861125707626,49548
495,0.09161224961280823,49550
495,0.09513141959905624,49551
499,0.09389613568782806,49942
499,0.10238952934741974,49943
499,0.10141875594854355,49944
499,0.11264052242040634,49946
499,0.1027211993932724,49945
499,0.10056760907173157,49947
499,0.09017089754343033,49948
499,0.11274328827857971,49950
499,0.09614627808332443,49949
499,0.1087300106883049,49951
501,0.10173950344324112,50143
501,0.09844878315925598,50142
501,0.10029008239507675,50144
501,0.09589173644781113,50145
501,0.09398940205574036,50146
501,0.08953492343425751,50147
501,0.10593399405479431,50148
501,0.10030534118413925,50149
501,0.11208834499120712,50150
501,0.09657763689756393,50151
504,0.1073429137468338,50443
504,0.09359096735715866,50442
504,0.10677596181631088,50444
504,0.10952740907669067,50446
504,0.09125544130802155,50445
504,0.11156977713108063,50447
504,0.09351558983325958,50448
504,0.09161064773797989,50449
504,0.10483276098966599,50450
504,0.10743000358343124,50451
507,0.10547484457492828,50743
507,0.08692707121372223,50744
507,0.0891171395778656,50742
507,0.09554324299097061,50746
507,0.09632193297147751,50745
507,0.09981952607631683,50747
507,0.11174507439136505,50749
507,0.09849993884563446,50748
507,0.09492873400449753,50750
507,0.10122250765562057,50751
509,0.10008399933576584,50942
509,0.10340596735477448,50943
509,0.11687690764665604,50944
509,0.09145494550466537,50945
509,0.1008363887667656,50946
509,0.10154099762439728,50947
509,0.09446677565574646,50948
509,0.08909052610397339,50949
509,0.09754801541566849,50950
509,0.09598349034786224,50951
512,0.09465035796165466,51243
512,0.0993335098028183,51242
512,0.09660481661558151,51244
512,0.10021234303712845,51245
512,0.10132519155740738,51246
512,0.0949026346206665,51247
512,0.09717065095901489,51248
512,0.10759676992893219,51249
512,0.10286004841327667,51250
512,0.1010371670126915,51251
516,0.09052930772304535,51642
516,0.09758158773183823,51643
516,0.10326880216598511,51644
516,0.09286175668239594,51645
516,0.1001698449254036,51646
516,0.10068002343177795,51647
516,0.09285219013690948,51648
516,0.09644090384244919,51649
516,0.09848101437091827,51650
516,0.09931404143571854,51651
518,0.09985700249671936,51843
518,0.09954278916120529,51842
518,0.10703753679990768,51844
518,0.10334877669811249,51846
518,0.09674917161464691,51845
518,0.09821583330631256,51847
518,0.09357547760009766,51848
518,0.0973031148314476,51849
518,0.09548360109329224,51850
518,0.09928938001394272,51851
522,0.09444783627986908,52242
522,0.10690373927354813,52244
522,0.09532192349433899,52243
522,0.10377084463834763,52245
522,0.1009180098772049,52247
522,0.0948391929268837,52246
522,0.09526052325963974,52248
522,0.10632041841745377,52249
522,0.10560553520917892,52250
522,0.09579215943813324,52251
525,0.09471185505390167,52542
525,0.0917961373925209,52543
525,0.1042153611779213,52544
525,0.08626300096511841,52546
525,0.09410973638296127,52545
525,0.08959490805864334,52547
525,0.09854261577129364,52548
525,0.09615635126829147,52549
525,0.09992533177137375,52550
525,0.10143072158098221,52551
527,0.09515424072742462,52743
527,0.08732091635465622,52742
527,0.08998469263315201,52744
527,0.10362689942121506,52746
527,0.09468615800142288,52745
527,0.09827590733766556,52748
527,0.09823799878358841,52747
527,0.09578477591276169,52749
527,0.09298902750015259,52750
527,0.10514159500598907,52751
530,0.08988925814628601,53042
530,0.10238644480705261,53044
530,0.10159680992364883,53043
530,0.10103093087673187,53045
530,0.09136492758989334,53046
530,0.10920686274766922,53047
530,0.10767601430416107,53048
530,0.09711984544992447,53049
530,0.0993894711136818,53050
530,0.09666720032691956,53051
534,0.10077597200870514,53442
534,0.09582783281803131,53443
534,0.09805189818143845,53444
534,0.0995391458272934,53445
534,0.10303212702274323,53446
534,0.09184076637029648,53447
534,0.0947362631559372,53448
534,0.0909215658903122,53449
534,0.09033165127038956,53450
534,0.10439907014369965,53451
536,0.1034652516245842,53642
536,0.09977693110704422,53643
536,0.11166074126958847,53644
536,0.10137470811605453,53646
536,0.09840115904808044,53645
536,0.0920790284872055,53647
536,0.0975344255566597,53648
536,0.09844118356704712,53649
536,0.08990134298801422,53650
536,0.1094404011964798,53651
540,0.10014789551496506,54042
540,0.09413041919469833,54043
540,0.10918591916561127,54044
540,0.09080181270837784,54045
540,0.10175652801990509,54047
540,0.09631218016147614,54046
540,0.0951724499464035,54049
540,0.1104506328701973,54050
540,0.09998732805252075,54048
540,0.1111120656132698,54051
544,0.09776899218559265,54442
544,0.09688419848680496,54443
544,0.11620575189590454,54444
544,0.09533187747001648,54446
544,0.09580177813768387,54445
544,0.09154842793941498,54447
544,0.11452127248048782,54448
544,0.09403051435947418,54449
544,0.09607797116041183,54450
546,0.09680038690567017,54642
544,0.10044612735509872,54451
546,0.0912269800901413,54643
546,0.0927228331565857,54644
546,0.09774824976921082,54645
546,0.10063613951206207,54646
546,0.09422386437654495,54647
546,0.10086847841739655,54648
546,0.09742486476898193,54649
546,0.10526210069656372,54650
546,0.08901582658290863,54651
549,0.10599110275506973,54942
549,0.1124475747346878,54943
549,0.09895167499780655,54944
549,0.09807255119085312,54946
549,0.09572532027959824,54945
549,0.1135004460811615,54947
549,0.10246985405683517,54948
549,0.09330219030380249,54949
549,0.09650829434394836,54951
549,0.09388244152069092,54950
553,0.09913773834705353,55342
553,0.09507815539836884,55344
553,0.09182330965995789,55343
553,0.09495348483324051,55345
553,0.09105534851551056,55346
553,0.10255873948335648,55347
553,0.10537339746952057,55348
553,0.10094902664422989,55350
553,0.09109408408403397,55349
553,0.09665600955486298,55351
555,0.10108913481235504,55543
555,0.09896840900182724,55542
555,0.10626775026321411,55544
555,0.0981401726603508,55545
555,0.09101490676403046,55546
555,0.10508320480585098,55548
555,0.09775015711784363,55547
555,0.09480654448270798,55549
555,0.09856635332107544,55550
555,0.10979634523391724,55551
559,0.10615365952253342,55942
559,0.10174272209405899,55943
559,0.09689805656671524,55944
559,0.10437492281198502,55945
559,0.10424048453569412,55946
559,0.09843716025352478,55947
559,0.10505456477403641,55949
559,0.0980248972773552,55948
559,0.10982485860586166,55950
559,0.09707456082105637,55951
563,0.0983942449092865,56342
563,0.09820017963647842,56344
563,0.09590547531843185,56343
563,0.09360693395137787,56345
563,0.09831840544939041,56346
563,0.09197384119033813,56347
563,0.08947251737117767,56348
563,0.09152043610811234,56349
563,0.09702849388122559,56350
563,0.1006283164024353,56351
565,0.09995315223932266,56542
565,0.09159521013498306,56543
565,0.10431171953678131,56544
565,0.09498491883277893,56546
565,0.09518332034349442,56545
565,0.09956073015928268,56547
565,0.10239579528570175,56549
565,0.10183043777942657,56548
565,0.09520231187343597,56550
565,0.11016310751438141,56551
568,0.09121551364660263,56842
568,0.09329133480787277,56843
568,0.09553937613964081,56844
568,0.10404378175735474,56845
568,0.0891752764582634,56846
568,0.09513832628726959,56847
568,0.1009531021118164,56848
568,0.08994486927986145,56849
568,0.09263473004102707,56850
568,0.10474996268749237,56851
570,0.10249992460012436,57043
570,0.0913466289639473,57042
570,0.09204905480146408,57044
570,0.09758888185024261,57045
570,0.09784237295389175,57046
570,0.0916326716542244,57047
570,0.09877783805131912,57048
570,0.10128896683454514,57049
570,0.10117876529693604,57050
570,0.10515718162059784,57051
573,0.09643542021512985,57343
573,0.08897991478443146,57342
573,0.09067235141992569,57344
573,0.09975675493478775,57345
573,0.09579881280660629,57346
573,0.10834950953722,57348
573,0.09476353228092194,57347
573,0.10044380277395248,57349
573,0.09947071224451065,57350
573,0.0980738028883934,57351
575,0.10532139986753464,57542
575,0.101731076836586,57545
575,0.09604321420192719,57543
575,0.0885908454656601,57544
575,0.09397472441196442,57547
575,0.1012459397315979,57546
575,0.09182588011026382,57548
575,0.09738710522651672,57550
575,0.09917780756950378,57551
575,0.09658314287662506,57549
579,0.09346473962068558,57942
579,0.08760304749011993,57944
579,0.09586499631404877,57943
579,0.10032276064157486,57945
579,0.09033316373825073,57946
579,0.09489548206329346,57947
579,0.10304980725049973,57948
579,0.09677518904209137,57949
579,0.10977506637573242,57950
579,0.09498179703950882,57951
583,0.10341259837150574,58343
583,0.09918151795864105,58342
583,0.0959974154829979,58345
583,0.09506677091121674,58344
583,0.09423331916332245,58346
583,0.10313761234283447,58347
583,0.09374658018350601,58348
583,0.09505777806043625,58349
583,0.09117358177900314,58350
583,0.09941282868385315,58351
585,0.09913335740566254,58542
585,0.0875478982925415,58544
585,0.09244432300329208,58543
585,0.09216416627168655,58545
585,0.11075010150671005,58547
585,0.09553145617246628,58546
585,0.0966951996088028,58548
585,0.10034368187189102,58549
585,0.09923984855413437,58550
585,0.09370935708284378,58551
589,0.09368661791086197,58942
589,0.09574232995510101,58943
589,0.10181102156639099,58944
589,0.09070255607366562,58945
589,0.10360223054885864,58946
589,0.1114717647433281,58948
589,0.09201641380786896,58947
589,0.09050080925226212,58949
589,0.09706759452819824,58951
589,0.08795987814664841,58950
591,0.10573744773864746,59142
591,0.09368672966957092,59143
591,0.09716137498617172,59145
591,0.09876155108213425,59144
591,0.09658519923686981,59146
591,0.09293854236602783,59148
591,0.10501262545585632,59149
591,0.09162845462560654,59147
591,0.0950029119849205,59151
591,0.08828843384981155,59150
594,0.09766343981027603,59442
594,0.09932003170251846,59444
594,0.09571002423763275,59443
594,0.09143707156181335,59445
594,0.10035807639360428,59446
594,0.09829133749008179,59447
594,0.09151062369346619,59448
594,0.09303173422813416,59449
594,0.10053247958421707,59451
594,0.09226013720035553,59450
596,0.09685633331537247,59643
596,0.10257869213819504,59642
596,0.0949319377541542,59644
596,0.10405076295137405,59646
596,0.09267064929008484,59645
596,0.09848365932703018,59647
596,0.09860074520111084,59649
596,0.08921600133180618,59648
596,0.09272008389234543,59650
596,0.1052013710141182,59651
600,0.09763900190591812,60042
600,0.0971774309873581,60043
600,0.09230589866638184,60044
600,0.10185444355010986,60046
600,0.09579029679298401,60045
600,0.10120537132024765,60047
600,0.09349503368139267,60048
600,0.09868653863668442,60049
600,0.09330982714891434,60050
600,0.09638819843530655,60051
604,0.09464278072118759,60442
604,0.09832553565502167,60443
604,0.09382899850606918,60444
604,0.11436890065670013,60445
604,0.09039656072854996,60446
604,0.09181592613458633,60447
604,0.09644205868244171,60448
604,0.10157513618469238,60449
604,0.10037440061569214,60451
604,0.08839069306850433,60450
606,0.09722594171762466,60642
606,0.09707223623991013,60643
606,0.09585851430892944,60644
606,0.09118379652500153,60645
606,0.09582315385341644,60646
606,0.09276887774467468,60647
606,0.09080827236175537,60648
606,0.09117215871810913,60650
606,0.09207267314195633,60649
606,0.10537270456552505,60651
609,0.0936518982052803,60943
609,0.0899483785033226,60942
609,0.09491337835788727,60944
609,0.0948740765452385,60946
609,0.08847393840551376,60945
609,0.09879588335752487,60947
609,0.09592312574386597,60948
609,0.09342629462480545,60949
609,0.09533339738845825,60950
609,0.0923965573310852,60951
611,0.1024739071726799,61142
611,0.09914558380842209,61143
611,0.09675566852092743,61144
611,0.10346891731023788,61145
611,0.09703917056322098,61146
611,0.09856826066970825,61147
611,0.0985625758767128,61148
611,0.10315880924463272,61149
611,0.10853248834609985,61151
611,0.09238530695438385,61150
614,0.09479529410600662,61442
614,0.1001913920044899,61443
614,0.0970153883099556,61444
614,0.0912342444062233,61445
614,0.09772448241710663,61446
614,0.09315615147352219,61447
614,0.10164633393287659,61448
614,0.09726788103580475,61450
614,0.09193096309900284,61449
614,0.09312370419502258,61451
616,0.09190592914819717,61644
616,0.09084943681955338,61642
616,0.09401292353868484,61643
616,0.09364163875579834,61646
616,0.09597387164831161,61645
616,0.09205830842256546,61647
616,0.097923144698143,61648
616,0.09773841500282288,61649
616,0.0898984745144844,61650
616,0.09834128618240356,61651
620,0.0941951796412468,62042
620,0.09124778211116791,62043
620,0.10174426436424255,62045
620,0.09576772153377533,62044
620,0.09959808737039566,62046
620,0.10505423694849014,62047
620,0.08961621671915054,62048
620,0.10568848997354507,62049
620,0.08671270310878754,62050
620,0.10706446319818497,62051
624,0.09418618679046631,62442
624,0.09387456625699997,62443
624,0.10532969981431961,62445
624,0.0944475531578064,62444
624,0.09520738571882248,62446
624,0.09765452891588211,62448
624,0.0952892005443573,62447
624,0.09417033195495605,62450
624,0.0951923057436943,62449
624,0.08470871299505234,62451
626,0.09374979883432388,62642
626,0.09487767517566681,62644
626,0.09652861207723618,62643
626,0.100157231092453,62646
626,0.0900481715798378,62645
626,0.09348703920841217,62647
626,0.0955662801861763,62649
626,0.09652391076087952,62648
626,0.09403238445520401,62650
626,0.09205184876918793,62651
630,0.09827254712581635,63043
630,0.0941876620054245,63042
630,0.09925170987844467,63046
630,0.08593510091304779,63045
630,0.09438134729862213,63044
630,0.09727314114570618,63048
630,0.09604588896036148,63049
630,0.09245145320892334,63047
632,0.09396360069513321,63242
630,0.09183061122894287,63050
630,0.09372290968894958,63051
632,0.1011112779378891,63243
632,0.09380372613668442,63244
632,0.09000591933727264,63245
632,0.0899960845708847,63247
632,0.09168492257595062,63246
632,0.09214359521865845,63248
632,0.0928526371717453,63249
632,0.09383030235767365,63250
632,0.0880412608385086,63251
635,0.09209159016609192,63542
635,0.09463022649288177,63544
635,0.09027677029371262,63543
635,0.09148702025413513,63545
635,0.10086392611265182,63547
635,0.09595640003681183,63546
635,0.09782528132200241,63548
635,0.10075020045042038,63549
635,0.09489808976650238,63550
635,0.0947599783539772,63551
638,0.10361622273921967,63842
638,0.09648127853870392,63843
638,0.09761397540569305,63844
638,0.09786535799503326,63845
638,0.09233066439628601,63846
638,0.08574838191270828,63847
638,0.09277910739183426,63848
638,0.0964309498667717,63850
638,0.08886247128248215,63849
638,0.09298262745141983,63851
642,0.09780941158533096,64243
642,0.10834742337465286,64244
642,0.0929320678114891,64242
642,0.10205615311861038,64246
642,0.0970093235373497,64245
642,0.08946246653795242,64247
642,0.10817718505859375,64248
642,0.09365524351596832,64249
642,0.09529554098844528,64250
644,0.09621303528547287,64442
642,0.10173559933900833,64251
644,0.08861427754163742,64443
644,0.08996790647506714,64444
644,0.09382219612598419,64446
644,0.0877392441034317,64445
644,0.09142667055130005,64447
644,0.09953021258115768,64448
644,0.09316068887710571,64449
644,0.10639400780200958,64450
644,0.09629108756780624,64451
647,0.09848588705062866,64742
647,0.09742321074008942,64743
647,0.10452986508607864,64744
647,0.09568091481924057,64745
647,0.10523398965597153,64746
647,0.1040196344256401,64747
647,0.0949392020702362,64748
647,0.09647160023450851,64749
647,0.09364011883735657,64750
647,0.08724238723516464,64751
649,0.09111037105321884,64942
649,0.10126161575317383,64944
649,0.09368232637643814,64943
649,0.1039184108376503,64945
649,0.09746512025594711,64946
649,0.10111910849809647,64947
649,0.10014085471630096,64948
649,0.09207850694656372,64949
649,0.09469492733478546,64950
649,0.09848181903362274,64951
653,0.09377257525920868,65343
653,0.09604552388191223,65342
653,0.09581144899129868,65344
653,0.09686090052127838,65345
653,0.09776824712753296,65346
653,0.09896175563335419,65347
653,0.09963520616292953,65349
653,0.0907888263463974,65348
653,0.09029562771320343,65350
653,0.09503214806318283,65351
655,0.10097884386777878,65542
655,0.09524556994438171,65543
655,0.10375343263149261,65544
655,0.0844697430729866,65545
655,0.0931423082947731,65546
655,0.09224651753902435,65548
655,0.09138787537813187,65547
655,0.09254603087902069,65549
655,0.09149201959371567,65551
655,0.09829698503017426,65550
658,0.09759210795164108,65844
658,0.09137555956840515,65843
658,0.0905568078160286,65842
658,0.10122954100370407,65846
658,0.09279485046863556,65845
658,0.08875551074743271,65847
658,0.09230753034353256,65848
658,0.08787345141172409,65849
658,0.09603983908891678,65850
658,0.09002455323934555,65851
661,0.09762033820152283,66142
661,0.10211463272571564,66143
661,0.09251239895820618,66144
661,0.09787798672914505,66145
661,0.10136362165212631,66146
661,0.09802886843681335,66147
661,0.09510163962841034,66149
661,0.09573812037706375,66148
661,0.08930176496505737,66150
661,0.0970730111002922,66151
665,0.09476419538259506,66542
665,0.09392524510622025,66543
665,0.09383305162191391,66544
665,0.08968029171228409,66545
665,0.09472666680812836,66546
665,0.08930083364248276,66547
665,0.09084289520978928,66548
665,0.09047423303127289,66549
665,0.09003781527280807,66550
665,0.0959303081035614,66551
667,0.09136003255844116,66742
667,0.09278200566768646,66743
667,0.09970664232969284,66744
667,0.08714897185564041,66745
667,0.0971904993057251,66746
667,0.09712358564138412,66747
667,0.09058959037065506,66748
667,0.09634680300951004,66749
667,0.09464720636606216,66750
667,0.09346253424882889,66751
670,0.08793681114912033,67042
670,0.08889935165643692,67043
670,0.09893888235092163,67044
670,0.10129404813051224,67045
670,0.09620735049247742,67046
670,0.09804815798997879,67047
670,0.08520055562257767,67048
670,0.09830079972743988,67049
670,0.09078246355056763,67050
672,0.09187964349985123,67242
670,0.09711042791604996,67051
672,0.08871479332447052,67243
672,0.1020677462220192,67245
672,0.09521462768316269,67244
672,0.09424223750829697,67246
672,0.09314652532339096,67247
672,0.0917801558971405,67248
672,0.09543963521718979,67249
672,0.1087857335805893,67251
672,0.09533227235078812,67250
676,0.10049614310264587,67642
676,0.09596271067857742,67643
676,0.09805236011743546,67644
676,0.1007787436246872,67645
676,0.09396504610776901,67647
676,0.08807902038097382,67646
676,0.09077946841716766,67648
676,0.1041925698518753,67650
676,0.09920390695333481,67649
676,0.10128187388181686,67651
678,0.09445972740650177,67843
678,0.08784934878349304,67842
678,0.09131723642349243,67844
678,0.09353984147310257,67846
678,0.09246315062046051,67845
678,0.09578222781419754,67847
678,0.09708573669195175,67848
678,0.09648635983467102,67849
678,0.0997702106833458,67851
678,0.10262440890073776,67850
682,0.09419436007738113,68242
682,0.09200412034988403,68244
682,0.09075886011123657,68243
682,0.09429223835468292,68245
682,0.10115976631641388,68246
682,0.09351054579019547,68247
682,0.09485526382923126,68249
682,0.08970731496810913,68248
682,0.09555980563163757,68250
685,0.10074649751186371,68542
682,0.08667806535959244,68251
685,0.08927474915981293,68543
685,0.10074077546596527,68544
685,0.09175311028957367,68545
685,0.09829369187355042,68546
685,0.09779677540063858,68547
685,0.09704633802175522,68548
685,0.0904097780585289,68549
685,0.10824507474899292,68550
685,0.09339698404073715,68551
689,0.09380505979061127,68942
689,0.09525036066770554,68943
689,0.08945559710264206,68944
689,0.09190864861011505,68946
689,0.09188806265592575,68945
689,0.0928446501493454,68947
689,0.09757204353809357,68949
689,0.09465745836496353,68948
689,0.09338776767253876,68950
689,0.09615355730056763,68951
691,0.09369898587465286,69142
691,0.08813618123531342,69143
691,0.09220980852842331,69144
691,0.09505074471235275,69145
691,0.09566157311201096,69147
691,0.09873764961957932,69146
691,0.09421933442354202,69148
691,0.10338277369737625,69149
691,0.0900227352976799,69150
691,0.09216159582138062,69151
694,0.08751379698514938,69442
694,0.09881369769573212,69443
694,0.09052035212516785,69444
694,0.08978428691625595,69445
694,0.09390176087617874,69446
694,0.09454372525215149,69447
694,0.09066154807806015,69448
694,0.09376949816942215,69450
694,0.08798352628946304,69449
694,0.09819938242435455,69451
696,0.0941404327750206,69643
696,0.09120017290115356,69642
696,0.10803810507059097,69645
696,0.09339364618062973,69644
696,0.09588974714279175,69646
696,0.09113212674856186,69647
696,0.08717633783817291,69648
696,0.09147971868515015,69649
696,0.09112633764743805,69650
696,0.0930180624127388,69651
700,0.096259206533432,70042
700,0.0935610830783844,70043
700,0.09009958803653717,70044
700,0.10156028717756271,70046
700,0.08932790160179138,70045
700,0.09403964877128601,70047
700,0.09379289299249649,70048
700,0.09308470785617828,70049
700,0.09438444674015045,70050
702,0.0921742394566536,70242
700,0.08723427355289459,70051
702,0.09344910830259323,70243
702,0.09395748376846313,70244
702,0.09516528993844986,70245
702,0.09256256371736526,70246
702,0.09310975670814514,70247
702,0.09710779786109924,70248
702,0.09822476655244827,70249
702,0.10936948657035828,70251
702,0.09068583697080612,70250
706,0.09537583589553833,70642
706,0.08899130672216415,70643
706,0.09540288150310516,70644
706,0.09239394962787628,70645
706,0.09566614776849747,70646
706,0.10456874221563339,70648
706,0.09223712980747223,70647
706,0.101951465010643,70650
706,0.09502524137496948,70649
706,0.09699154645204544,70651
709,0.09525376558303833,70942
709,0.08906632661819458,70943
709,0.10088212788105011,70944
709,0.09459122270345688,70946
709,0.08838938921689987,70945
709,0.09146718680858612,70947
709,0.08872296661138535,70949
709,0.08704061061143875,70948
709,0.0877692922949791,70950
709,0.11000143736600876,70951
713,0.09660555422306061,71342
713,0.09432337433099747,71343
713,0.09033143520355225,71344
713,0.09022467583417892,71345
713,0.09364671260118484,71346
713,0.09242293983697891,71348
713,0.09096146374940872,71347
713,0.08849028497934341,71349
713,0.09794413298368454,71350
713,0.09935082495212555,71351
715,0.09137756377458572,71542
715,0.09262813627719879,71543
715,0.09401914477348328,71544
715,0.08824687451124191,71545
715,0.09207060933113098,71546
715,0.08643914759159088,71547
715,0.09429153800010681,71548
715,0.09384852647781372,71549
715,0.09753752499818802,71550
715,0.08500616997480392,71551
718,0.0898890346288681,71842
718,0.09072130918502808,71843
718,0.10344431549310684,71844
718,0.0951465591788292,71845
718,0.09719575196504593,71846
718,0.09786860644817352,71847
718,0.09122879058122635,71848
718,0.089204803109169,71849
718,0.09082243591547012,71850
721,0.0929144024848938,72142
718,0.08949720114469528,71851
721,0.09691420942544937,72143
721,0.09246081858873367,72144
721,0.087175652384758,72145
721,0.09101445972919464,72146
721,0.08620920777320862,72147
721,0.0945502296090126,72148
721,0.09396239370107651,72149
721,0.090502068400383,72150
721,0.09653736650943756,72151
725,0.09588292986154556,72542
725,0.09434588253498077,72544
725,0.09287425875663757,72543
725,0.09681717306375504,72545
725,0.09430962800979614,72546
725,0.08984179049730301,72547
725,0.09138596802949905,72548
725,0.09929165244102478,72550
725,0.09717737883329391,72551
725,0.08839289844036102,72549
727,0.09760891646146774,72743
727,0.09126848727464676,72742
727,0.0927743911743164,72744
727,0.10289960354566574,72747
727,0.08855659514665604,72745
727,0.08531969040632248,72746
727,0.09730727225542068,72748
727,0.09714802354574203,72749
727,0.09390690922737122,72750
727,0.09559361636638641,72751
731,0.09089961647987366,73143
731,0.08695552498102188,73142
731,0.09211404621601105,73144
731,0.09633712470531464,73146
731,0.08604215085506439,73145
731,0.08960424363613129,73147
731,0.09760168939828873,73150
731,0.08834173530340195,73148
731,0.09221906214952469,73149
731,0.09053881466388702,73151
734,0.0926651880145073,73442
734,0.08756764978170395,73443
734,0.0960470587015152,73444
734,0.08679605275392532,73445
734,0.0896068885922432,73446
734,0.090208500623703,73447
734,0.10040091723203659,73449
734,0.09197631478309631,73448
734,0.09136416018009186,73450
734,0.09520822018384933,73451
736,0.09603092074394226,73642
736,0.09732397645711899,73643
736,0.09213753789663315,73644
736,0.09330511838197708,73645
736,0.09290997684001923,73646
736,0.10105389356613159,73647
736,0.08852161467075348,73649
736,0.08783987909555435,73648
736,0.08695770055055618,73650
736,0.09457136690616608,73651
739,0.09822674840688705,73942
739,0.09256979823112488,73943
739,0.08948000520467758,73944
739,0.08898461610078812,73945
739,0.09830930083990097,73947
739,0.09570292383432388,73946
739,0.09032400697469711,73948
739,0.09386243671178818,73950
739,0.0904264971613884,73949
739,0.09109613299369812,73951
741,0.0959450975060463,74142
741,0.09206199645996094,74143
741,0.09097199887037277,74144
741,0.0916995257139206,74145
741,0.09081424027681351,74146
741,0.09443289786577225,74147
741,0.09981025010347366,74148
741,0.09958572685718536,74149
741,0.09250982105731964,74150
744,0.09077757596969604,74442
741,0.09122373163700104,74151
744,0.08744499087333679,74443
744,0.08885396271944046,74444
744,0.09198879450559616,74445
744,0.09008754789829254,74446
744,0.09356550872325897,74447
744,0.08936924487352371,74448
744,0.09759435057640076,74449
744,0.08670828491449356,74450
744,0.08996950089931488,74451
747,0.09987983107566833,74742
747,0.09035871177911758,74743
747,0.09069577604532242,74744
747,0.09618131816387177,74745
747,0.089269258081913,74746
747,0.09584736824035645,74747
747,0.09109026193618774,74748
747,0.08680892735719681,74750
747,0.09039916098117828,74749
747,0.0909481942653656,74751
751,0.10544529557228088,75143
751,0.08715926110744476,75142
751,0.09016655385494232,75144
751,0.09433925896883011,75145
751,0.09193213284015656,75146
751,0.08992014080286026,75147
751,0.08950397372245789,75148
751,0.09514889866113663,75149
751,0.09004979580640793,75150
753,0.09110096842050552,75342
751,0.09178659319877625,75151
753,0.09311927109956741,75343
753,0.09657026827335358,75344
753,0.09422273188829422,75345
753,0.0953277125954628,75346
753,0.09330205619335175,75347
753,0.09476505219936371,75349
753,0.08967849612236023,75348
753,0.08978012204170227,75350
753,0.08642730861902237,75351
757,0.0895112156867981,75742
757,0.09626732021570206,75743
757,0.08923693746328354,75744
757,0.09057176113128662,75745
757,0.09438031911849976,75746
757,0.0938575267791748,75748
757,0.09070545434951782,75747
757,0.0921391099691391,75749
757,0.09611216932535172,75750
757,0.09354859590530396,75751
760,0.0899277999997139,76042
760,0.08744635432958603,76043
760,0.08937250077724457,76044
760,0.09484364837408066,76045
760,0.09001162648200989,76047
760,0.08904694765806198,76046
760,0.09000005573034286,76048
760,0.08655191957950592,76050
760,0.0950358510017395,76049
760,0.10229890793561935,76051
762,0.08746172487735748,76242
762,0.08865185081958771,76243
762,0.09206937253475189,76244
762,0.09386342763900757,76245
762,0.09578373283147812,76246
762,0.09401918947696686,76247
762,0.09459716081619263,76248
762,0.09377090632915497,76249
762,0.08975499868392944,76250
762,0.0912306159734726,76251
765,0.09745549410581589,76542
765,0.09590397775173187,76543
765,0.09165149927139282,76544
765,0.08981293439865112,76545
765,0.092073455452919,76546
765,0.09250058978796005,76547
765,0.0903654620051384,76548
765,0.08766965568065643,76549
765,0.0880291759967804,76550
765,0.09125389903783798,76551
767,0.09329726547002792,76743
767,0.08949391543865204,76742
767,0.09092997759580612,76744
767,0.09174530953168869,76745
767,0.09685219079256058,76746
767,0.10239318758249283,76747
767,0.09317387640476227,76748
767,0.09901431947946548,76750
767,0.09189020097255707,76749
767,0.09501685947179794,76751
771,0.0947774276137352,77142
771,0.09940038621425629,77144
771,0.09767564386129379,77143
771,0.08499955385923386,77145
771,0.08725092560052872,77146
771,0.08686493337154388,77147
771,0.09939474612474442,77148
771,0.09377055615186691,77150
771,0.09557794034481049,77149
771,0.08863037824630737,77151
774,0.09045806527137756,77442
774,0.09396296739578247,77443
774,0.09258343279361725,77444
774,0.09341840445995331,77446
774,0.093584343791008,77445
774,0.0905068963766098,77447
774,0.09135062247514725,77449
774,0.09054279327392578,77448
774,0.09171593934297562,77450
774,0.09771783649921417,77451
778,0.08997873216867447,77842
778,0.0933312177658081,77843
778,0.08788006007671356,77844
778,0.09724733233451843,77845
778,0.09527287632226944,77847
778,0.08976712822914124,77846
778,0.09377744048833847,77848
778,0.09508652985095978,77850
778,0.09203033894300461,77849
778,0.09237657487392426,77851
781,0.09367109835147858,78143
781,0.0930836871266365,78142
781,0.090351402759552,78144
781,0.08982370048761368,78146
781,0.09137032926082611,78145
781,0.0894138291478157,78147
781,0.09712916612625122,78148
781,0.09468758851289749,78149
781,0.08891639858484268,78150
781,0.08831639587879181,78151
785,0.08864467591047287,78542
785,0.09872529655694962,78543
785,0.09016403555870056,78544
785,0.08732212334871292,78545
785,0.09499242156744003,78546
785,0.10174637287855148,78548
785,0.08765304833650589,78547
785,0.09139717370271683,78549
785,0.08902125805616379,78550
785,0.09666726738214493,78551
788,0.09357995539903641,78842
788,0.09108386188745499,78843
788,0.08269849419593811,78844
788,0.09734047204256058,78845
788,0.09233137965202332,78846
788,0.09013053774833679,78847
788,0.09487448632717133,78848
788,0.08980578184127808,78849
788,0.0916295126080513,78850
788,0.09041751176118851,78851
790,0.0946129858493805,79042
790,0.09143257141113281,79043
790,0.09301219880580902,79044
790,0.091156505048275,79045
790,0.08892787992954254,79046
790,0.09129372239112854,79047
790,0.09295111894607544,79048
790,0.09760087728500366,79049
790,0.09026280790567398,79050
790,0.0884588360786438,79051
793,0.08931468427181244,79342
793,0.08852962404489517,79343
793,0.08961822092533112,79344
793,0.08648361265659332,79345
793,0.09261491149663925,79346
793,0.08974319696426392,79347
793,0.09603707492351532,79349
793,0.09188713133335114,79348
793,0.09036566317081451,79351
793,0.0985426977276802,79350
795,0.09448447078466415,79542
795,0.0937017872929573,79543
795,0.09341941028833389,79545
795,0.09289023280143738,79544
795,0.0919274315237999,79546
795,0.08854369074106216,79547
795,0.09231024980545044,79548
795,0.09573674947023392,79551
795,0.08988158404827118,79549
795,0.08674801141023636,79550
799,0.09839212894439697,79942
799,0.09046066552400589,79943
799,0.09278755635023117,79944
799,0.09116988629102707,79945
799,0.08504759520292282,79946
799,0.09161902219057083,79947
799,0.08928757160902023,79948
799,0.09739506244659424,79949
799,0.09514033049345016,79951
799,0.09371653199195862,79950
802,0.0932847335934639,80242
802,0.09641619026660919,80244
802,0.09454503655433655,80243
802,0.08999299257993698,80245
802,0.08856809139251709,80247
802,0.09228714555501938,80246
802,0.09553566575050354,80248
802,0.091885507106781,80249
802,0.09017898142337799,80250
802,0.08848592638969421,80251
806,0.09697981923818588,80642
806,0.0912824496626854,80643
806,0.09019489586353302,80644
806,0.09288875013589859,80645
806,0.08672618865966797,80646
806,0.09611600637435913,80648
806,0.09101846814155579,80647
806,0.08909930288791656,80649
806,0.09261992573738098,80651
806,0.09047805517911911,80650
808,0.09257581830024719,80842
808,0.0961645245552063,80843
808,0.08593765646219254,80844
808,0.09331952780485153,80845
808,0.08940903842449188,80846
808,0.09200269728899002,80847
808,0.08905194699764252,80848
808,0.09187333285808563,80849
808,0.08871409296989441,80850
808,0.09475351125001907,80851
812,0.09002061188220978,81242
812,0.08651086688041687,81244
812,0.09595510363578796,81243
812,0.0884077325463295,81245
812,0.09778834879398346,81247
812,0.09401033818721771,81246
812,0.09327873587608337,81248
812,0.08758014440536499,81249
812,0.08827102929353714,81250
812,0.08946101367473602,81251
815,0.09409672766923904,81542
815,0.08889620751142502,81543
815,0.09052306413650513,81545
815,0.09074468910694122,81544
815,0.09339620172977448,81546
815,0.0996403619647026,81548
815,0.09163080155849457,81547
815,0.09439762681722641,81549
815,0.08918639272451401,81551
815,0.08850036561489105,81550
817,0.09258932620286942,81742
817,0.09107671678066254,81743
817,0.0892203152179718,81744
817,0.09987436980009079,81745
817,0.08773118257522583,81746
817,0.09479018300771713,81747
817,0.09179370105266571,81748
817,0.09513140469789505,81750
817,0.08969119936227798,81749
817,0.08789980411529541,81751
820,0.09425846487283707,82042
820,0.08769916743040085,82043
820,0.09391514211893082,82044
820,0.08653828501701355,82045
820,0.09455012530088425,82046
820,0.09488575160503387,82047
820,0.09311414510011673,82048
820,0.09195653349161148,82049
820,0.09729896485805511,82050
820,0.09331745654344559,82051
822,0.09334889054298401,82243
822,0.09122128039598465,82242
822,0.089504674077034,82244
822,0.09585193544626236,82245
822,0.09482473880052567,82247
822,0.09542729705572128,82246
822,0.09307987242937088,82248
822,0.0940253734588623,82250
822,0.08980099856853485,82249
822,0.08933669328689575,82251
826,0.09301993995904922,82642
826,0.09337228536605835,82643
826,0.09077312052249908,82644
826,0.09068317711353302,82645
826,0.09620233625173569,82646
826,0.09022368490695953,82648
826,0.09051968157291412,82647
826,0.08903849869966507,82649
826,0.09288066625595093,82651
826,0.08918870240449905,82650
829,0.09274745732545853,82942
829,0.0911271944642067,82943
829,0.09237349778413773,82944
829,0.09226556122303009,82945
829,0.09343636780977249,82946
829,0.09278023988008499,82947
829,0.08688981831073761,82948
829,0.08941761404275894,82949
829,0.08768051117658615,82950
829,0.09290460497140884,82951
831,0.09322403371334076,83142
831,0.0881308987736702,83143
831,0.08747971802949905,83144
831,0.09294763207435608,83145
831,0.0940876379609108,83147
831,0.08699001371860504,83146
831,0.09348499774932861,83148
831,0.08801521360874176,83150
831,0.0900169312953949,83149
831,0.08899564296007156,83151
834,0.09360188990831375,83442
834,0.09130052477121353,83444
834,0.09108415991067886,83443
834,0.0873962789773941,83445
834,0.0907101109623909,83446
834,0.09214487671852112,83447
834,0.09695872664451599,83448
834,0.08643403649330139,83449
834,0.0910121351480484,83450
834,0.09701373428106308,83451
837,0.09495536983013153,83742
837,0.09005659818649292,83743
837,0.09093271195888519,83744
837,0.09471806138753891,83746
837,0.09103262424468994,83745
837,0.09022705256938934,83747
837,0.09018442779779434,83749
837,0.09110921621322632,83748
837,0.0900391936302185,83750
837,0.09309984743595123,83751
841,0.09227150678634644,84142
841,0.0913049653172493,84143
841,0.09346918761730194,84145
841,0.09037651121616364,84144
841,0.08892566710710526,84146
841,0.09303733706474304,84147
841,0.09591469168663025,84148
841,0.09138956665992737,84150
841,0.0854758694767952,84149
841,0.09211447834968567,84151
844,0.09563096612691879,84442
844,0.09227421134710312,84443
844,0.09916961938142776,84444
844,0.09205860644578934,84445
844,0.08946645259857178,84446
844,0.08720248937606812,84447
844,0.09348586201667786,84448
844,0.09318473935127258,84450
844,0.0911935418844223,84449
844,0.08923457562923431,84451
846,0.09117595106363297,84643
846,0.08855227380990982,84642
846,0.09359902888536453,84644
846,0.08989454805850983,84646
846,0.08929819613695145,84645
846,0.09430555999279022,84647
846,0.08944004029035568,84648
846,0.0876934677362442,84649
846,0.09173364192247391,84650
846,0.09693138301372528,84651
849,0.09841276705265045,84942
849,0.09061063081026077,84943
849,0.08903148770332336,84945
849,0.09418801218271255,84944
849,0.08922719210386276,84947
849,0.09411845356225967,84946
849,0.08814265578985214,84948
849,0.10409759730100632,84949
849,0.09295264631509781,84950
849,0.09108761698007584,84951
851,0.09004653245210648,85142
851,0.0891605019569397,85144
851,0.08881572633981705,85143
851,0.09035319089889526,85145
851,0.08790846168994904,85147
851,0.08791770040988922,85146
851,0.08757447451353073,85148
851,0.09045939892530441,85150
851,0.08896419405937195,85149
851,0.09353911876678467,85151
855,0.09403134882450104,85542
855,0.08877469599246979,85543
855,0.09340021759271622,85544
855,0.09013664722442627,85545
855,0.09167710691690445,85546
855,0.09143812954425812,85547
855,0.08588486909866333,85548
855,0.09168127924203873,85549
855,0.09265150874853134,85550
855,0.09508966654539108,85551
858,0.09289257228374481,85842
858,0.08528494834899902,85843
858,0.09247060120105743,85844
858,0.09580529481172562,85845
858,0.09275700151920319,85846
858,0.08787453174591064,85847
858,0.08542610704898834,85848
858,0.0934198647737503,85849
858,0.08912218362092972,85850
858,0.09408608078956604,85851
860,0.08393315970897675,86042
860,0.09370600432157516,86043
860,0.08835919201374054,86044
860,0.09503207355737686,86045
860,0.08911146968603134,86047
860,0.08800925314426422,86046
860,0.09005431085824966,86048
860,0.09389422088861465,86050
860,0.09200116246938705,86051
860,0.08680425584316254,86049
863,0.08677230775356293,86342
863,0.09064868837594986,86343
863,0.09017076343297958,86344
863,0.09585820883512497,86345
863,0.08862054347991943,86346
863,0.08766533434391022,86347
863,0.09100967645645142,86348
863,0.0880739614367485,86349
863,0.09270812571048737,86351
863,0.08892623335123062,86350
866,0.08884085714817047,86642
866,0.09517133980989456,86644
866,0.08825894445180893,86643
866,0.09560198336839676,86645
866,0.09247449785470963,86646
866,0.08874567598104477,86647
866,0.08769868314266205,86648
866,0.08897489309310913,86649
866,0.09413893520832062,86650
870,0.09268330037593842,87042
866,0.08846861124038696,86651
870,0.08861467242240906,87043
870,0.09223084896802902,87045
870,0.0863715186715126,87044
870,0.09060602635145187,87046
870,0.09228401631116867,87048
870,0.09684355556964874,87047
870,0.08932047337293625,87049
870,0.08797531574964523,87050
870,0.08684636652469635,87051
873,0.08881156891584396,87342
873,0.09449128806591034,87343
873,0.08769736438989639,87344
873,0.08854171633720398,87345
873,0.08759818971157074,87346
873,0.08800856024026871,87347
873,0.08792417496442795,87348
873,0.0947001576423645,87349
873,0.09216751158237457,87350
873,0.09133345633745193,87351
875,0.09429942816495895,87543
875,0.09213899075984955,87542
875,0.09015696495771408,87544
875,0.08818349987268448,87545
875,0.08918339014053345,87546
875,0.0887332484126091,87547
875,0.09231738746166229,87548
875,0.09685394167900085,87549
875,0.08738044649362564,87550
875,0.09425833076238632,87551
878,0.0920068696141243,87842
878,0.08885720372200012,87843
878,0.0911366268992424,87844
878,0.08885560929775238,87845
878,0.0911797508597374,87846
878,0.08839672058820724,87847
878,0.09046278893947601,87849
878,0.09051033854484558,87848
878,0.09754481911659241,87850
878,0.08590365201234818,87851
881,0.09228315204381943,88142
881,0.09676367789506912,88143
881,0.08974049240350723,88144
881,0.09043794870376587,88145
881,0.08968334645032883,88146
881,0.0901620090007782,88147
881,0.08951026201248169,88148
881,0.08753712475299835,88149
881,0.08794606477022171,88150
881,0.09082809835672379,88151
885,0.0910782590508461,88542
885,0.09044260531663895,88544
885,0.08834701031446457,88543
885,0.09226417541503906,88545
885,0.09323609620332718,88547
885,0.08915780484676361,88546
885,0.08919114619493484,88548
885,0.09822744131088257,88549
885,0.08867450803518295,88550
885,0.08501597493886948,88551
888,0.09161636978387833,88842
888,0.09053003042936325,88843
888,0.08723343163728714,88844
888,0.08521315455436707,88845
888,0.09057330340147018,88846
888,0.0898124948143959,88848
888,0.09471218287944794,88847
888,0.09870847314596176,88849
888,0.0891806110739708,88850
888,0.08867505192756653,88851
890,0.09204956144094467,89042
890,0.0911613181233406,89043
890,0.09114839136600494,89044
890,0.09107445925474167,89045
890,0.09005988389253616,89046
890,0.085312619805336,89047
890,0.09213507920503616,89048
890,0.09501546621322632,89049
890,0.09163340926170349,89050
893,0.0997198298573494,89342
890,0.08923403918743134,89051
893,0.08912348747253418,89343
893,0.08726869523525238,89344
893,0.08694855868816376,89345
893,0.09067623317241669,89346
893,0.091507688164711,89347
893,0.09267134219408035,89348
893,0.09323153644800186,89349
893,0.08437355607748032,89350
893,0.09137790650129318,89351
896,0.09138883650302887,89642
896,0.09239396452903748,89644
896,0.08912324160337448,89643
896,0.09077847748994827,89646
896,0.09191520512104034,89645
896,0.0888746902346611,89647
896,0.09563194215297699,89648
896,0.0878419429063797,89650
896,0.08674667775630951,89649
898,0.09739763289690018,89842
896,0.09101565927267075,89651
898,0.09023184329271317,89843
898,0.09012086689472198,89844
898,0.09980358928442001,89845
898,0.09266263246536255,89846
898,0.09301861375570297,89848
898,0.09101876616477966,89847
898,0.09091716259717941,89849
898,0.08973504602909088,89850
898,0.09052662551403046,89851
901,0.08929947763681412,90142
901,0.09011244773864746,90143
901,0.09501411020755768,90144
901,0.08781334012746811,90145
901,0.09638307243585587,90146
901,0.09316075593233109,90147
901,0.08901761472225189,90148
901,0.09108833223581314,90149
901,0.09397484362125397,90150
901,0.09254676103591919,90151
905,0.09171530604362488,90542
905,0.08737288415431976,90543
905,0.0918942391872406,90544
905,0.09077906608581543,90545
905,0.09121975302696228,90546
905,0.09300512075424194,90547
905,0.09063722938299179,90548
905,0.08839055895805359,90549
905,0.08538386225700378,90550
905,0.09008626639842987,90551
907,0.09606961905956268,90742
907,0.08982638269662857,90743
907,0.09074095636606216,90744
907,0.08958769589662552,90745
907,0.08930513262748718,90746
907,0.09151805192232132,90747
907,0.09221214056015015,90748
907,0.09001767635345459,90749
907,0.08947302401065826,90750
907,0.08838671445846558,90751
910,0.09211801737546921,91042
910,0.09233392030000687,91043
910,0.09155556559562683,91044
910,0.08406955748796463,91045
910,0.09121678024530411,91046
910,0.09069564938545227,91047
910,0.08852377533912659,91048
910,0.08634591847658157,91049
910,0.09016725420951843,91050
910,0.08842569589614868,91051
913,0.09281886368989944,91342
913,0.08625519275665283,91343
913,0.08779700100421906,91344
913,0.09200393408536911,91345
913,0.09444491565227509,91346
913,0.09093466401100159,91347
913,0.08692727982997894,91348
913,0.0893300473690033,91349
913,0.08832250535488129,91350
913,0.08918657898902893,91351
917,0.09049177914857864,91742
917,0.08608037233352661,91743
917,0.08557543158531189,91744
917,0.08936530351638794,91746
917,0.0872478261590004,91745
917,0.0840127170085907,91747
917,0.08884257078170776,91748
917,0.09858707338571548,91750
917,0.08839023113250732,91749
917,0.08536610752344131,91751
920,0.08774641156196594,92043
920,0.09044832736253738,92042
920,0.09167822450399399,92044
920,0.08903638273477554,92045
920,0.08819245547056198,92046
920,0.0919097289443016,92047
920,0.09300298988819122,92048
920,0.0896870344877243,92049
920,0.09015914797782898,92051
920,0.09285995364189148,92050
922,0.08859217911958694,92242
922,0.09291477501392365,92243
922,0.09073378145694733,92244
922,0.09015610069036484,92245
922,0.09040037542581558,92246
922,0.08843527734279633,92247
922,0.08791089802980423,92248
922,0.08914323151111603,92249
922,0.08676757663488388,92250
922,0.08874982595443726,92251
925,0.08980508148670197,92542
925,0.09026859700679779,92543
925,0.09034349024295807,92544
925,0.09042444825172424,92545
925,0.087938591837883,92546
925,0.0924612432718277,92547
925,0.09048420190811157,92548
925,0.09513434022665024,92549
925,0.0877552404999733,92550
925,0.08604573458433151,92551
928,0.0883580669760704,92842
928,0.09174898266792297,92843
928,0.08823126554489136,92844
928,0.09363444149494171,92845
928,0.08606542646884918,92847
928,0.08850287646055222,92846
928,0.08668432384729385,92848
928,0.08813599497079849,92850
928,0.09050513058900833,92849
928,0.08583254367113113,92851
932,0.09086357057094574,93242
932,0.09210409969091415,93243
932,0.0945906713604927,93244
932,0.08873545378446579,93245
932,0.08255448937416077,93246
932,0.08646076172590256,93247
932,0.08916537463665009,93248
932,0.09039520472288132,93249
932,0.09199601411819458,93251
932,0.08684103935956955,93250
936,0.09337771683931351,93642
936,0.08432766795158386,93644
936,0.0869390070438385,93643
936,0.08946900814771652,93645
936,0.09241372346878052,93647
936,0.09309687465429306,93646
936,0.09590870141983032,93648
936,0.09521525353193283,93650
936,0.09261451661586761,93649
936,0.09374353289604187,93651
938,0.09157656878232956,93844
938,0.08922623097896576,93842
938,0.08644375950098038,93843
938,0.0883660539984703,93846
938,0.09021910279989243,93845
938,0.08716452121734619,93847
938,0.08580434322357178,93848
938,0.09037680178880692,93849
938,0.09227361530065536,93850
941,0.09091541916131973,94142
938,0.08916143327951431,93851
941,0.09004621207714081,94143
941,0.09098480641841888,94144
941,0.08991629630327225,94145
941,0.08760634064674377,94146
941,0.08803965151309967,94148
941,0.09133613109588623,94149
941,0.0919291228055954,94147
941,0.09374658018350601,94151
941,0.09019279479980469,94150
944,0.09057030826807022,94442
944,0.09076938778162003,94443
944,0.09046129137277603,94445
944,0.0900401696562767,94444
944,0.0857313945889473,94446
944,0.08871623128652573,94447
944,0.0909489169716835,94448
944,0.08623585104942322,94449
944,0.08870214968919754,94450
944,0.08953069150447845,94451
948,0.08566328883171082,94842
948,0.08832436800003052,94843
948,0.08795309066772461,94844
948,0.09044771641492844,94845
948,0.09221537411212921,94846
948,0.08935694396495819,94847
948,0.08895832300186157,94849
948,0.09000515192747116,94848
948,0.08844968676567078,94850
952,0.08916118741035461,95242
948,0.09060076624155045,94851
952,0.08675632625818253,95243
952,0.09159650653600693,95244
952,0.08600056171417236,95245
952,0.08502473682165146,95246
952,0.09307052940130234,95247
952,0.08890028297901154,95248
952,0.08742395788431168,95249
952,0.09000777453184128,95250
954,0.08867496997117996,95442
952,0.09059828519821167,95251
954,0.0867619439959526,95443
954,0.08953645080327988,95444
954,0.087974414229393,95445
954,0.08930877596139908,95446
954,0.0912228599190712,95447
954,0.08828974515199661,95448
954,0.0877561941742897,95449
954,0.09354797750711441,95450
954,0.09211727231740952,95451
957,0.08926952630281448,95742
957,0.09089064598083496,95743
957,0.08657398074865341,95744
957,0.09062507748603821,95745
957,0.09113658964633942,95746
957,0.09137126058340073,95747
957,0.0909433662891388,95748
957,0.08987082540988922,95749
957,0.08837217092514038,95750
960,0.08931289613246918,96042
957,0.08853820711374283,95751
960,0.08929724991321564,96043
960,0.09404989331960678,96045
960,0.08412382751703262,96044
960,0.0874142199754715,96046
960,0.08601953089237213,96047
960,0.09495322406291962,96048
960,0.08864598721265793,96049
960,0.08678712695837021,96050
960,0.0871613472700119,96051
962,0.09194494783878326,96242
962,0.08952562510967255,96243
962,0.0893019512295723,96244
962,0.09077854454517365,96245
962,0.09012170881032944,96247
962,0.09102889150381088,96246
962,0.08856505155563354,96248
962,0.09160768240690231,96250
962,0.08912895619869232,96249
962,0.09037264436483383,96251
965,0.08954885601997375,96542
965,0.08816636353731155,96543
965,0.0918629840016365,96544
965,0.087370865046978,96545
965,0.09052804857492447,96546
965,0.08545657992362976,96547
965,0.09143020212650299,96548
965,0.09253257513046265,96549
965,0.0885171964764595,96550
965,0.0872521921992302,96551
969,0.08872174471616745,96942
969,0.08922817558050156,96944
969,0.08973805606365204,96943
969,0.08675313740968704,96945
969,0.0885540023446083,96946
969,0.09111757576465607,96947
969,0.09071329236030579,96948
969,0.09566618502140045,96950
969,0.09198975563049316,96949
969,0.09051495045423508,96951
971,0.08863463252782822,97142
971,0.08752275258302689,97143
971,0.09048112481832504,97144
971,0.08960698544979095,97145
971,0.0903615951538086,97146
971,0.08999800682067871,97147
971,0.08673667162656784,97148
971,0.08731590211391449,97150
971,0.08609290421009064,97149
971,0.08952917158603668,97151
975,0.08985218405723572,97543
975,0.08855164796113968,97542
975,0.08763498812913895,97544
975,0.09350816905498505,97546
975,0.09290347248315811,97545
975,0.08823607861995697,97547
975,0.09002725780010223,97549
975,0.08805233985185623,97548
975,0.08669237047433853,97550
978,0.09230266511440277,97842
975,0.09090747684240341,97551
978,0.09065690636634827,97843
978,0.08992867916822433,97844
978,0.08779802918434143,97845
978,0.09250533580780029,97846
978,0.0883430689573288,97847
978,0.08754018694162369,97848
978,0.08959291130304337,97849
978,0.08840575069189072,97850
978,0.09057548642158508,97851
982,0.08885525912046432,98242
982,0.08863101154565811,98243
982,0.08474823087453842,98244
982,0.08908841758966446,98245
982,0.08701635897159576,98246
982,0.0858306810259819,98247
982,0.08666136860847473,98248
982,0.09041932970285416,98249
982,0.08702732622623444,98250
982,0.08818721026182175,98251
986,0.09204162657260895,98644
986,0.09056271612644196,98643
986,0.08905743807554245,98642
986,0.0874444767832756,98645
986,0.08970467746257782,98646
986,0.0903240293264389,98647
986,0.09032648056745529,98648
986,0.09006109088659286,98649
986,0.08925680071115494,98650
986,0.08472268283367157,98651
988,0.08935481309890747,98843
988,0.08983027189970016,98842
988,0.09415146708488464,98846
988,0.09203557670116425,98845
988,0.09041301906108856,98844
988,0.09122894704341888,98847
988,0.09193331003189087,98848
988,0.08777422457933426,98849
988,0.09117032587528229,98850
988,0.08660433441400528,98851
991,0.08620472252368927,99142
991,0.09114983677864075,99144
991,0.09265938401222229,99145
991,0.0890808254480362,99143
991,0.09094440937042236,99146
991,0.08809442073106766,99147
991,0.08713218569755554,99148
991,0.08769366890192032,99149
991,0.0887337252497673,99150
991,0.0907381996512413,99151
994,0.08767429739236832,99442
994,0.08784234523773193,99444
994,0.0890955850481987,99443
994,0.08938806504011154,99445
994,0.09281837940216064,99446
994,0.08918088674545288,99447
994,0.09110425412654877,99448
994,0.0935528501868248,99449
994,0.09333683550357819,99450
994,0.08714055269956589,99451
996,0.0894751027226448,99642
996,0.09065961092710495,99643
996,0.08998633176088333,99644
996,0.08597439527511597,99645
996,0.09178965538740158,99646
996,0.09216516464948654,99647
996,0.08791084587574005,99649
996,0.08881557732820511,99648
996,0.08958164602518082,99650
996,0.0886274054646492,99651
999,0.0906609520316124,99942
999,0.0854049101471901,99943
999,0.0875823050737381,99944
999,0.08611293882131577,99945
999,0.0908365473151207,99946
999,0.08671088516712189,99947
999,0.08611167967319489,99948
999,0.09168443828821182,99949
999,0.09136601537466049,99950
999,0.08909407258033752,99951
1003,0.08956418931484222,100342
1003,0.08887369185686111,100343
1003,0.08759579062461853,100344
1003,0.09091810882091522,100345
1003,0.08915362507104874,100346
1003,0.08927671611309052,100347
1003,0.09043074399232864,100348
1003,0.08691418170928955,100349
1003,0.08879688382148743,100350
1003,0.09334369748830795,100351
1005,0.09211967885494232,100542
1005,0.08980255573987961,100544
1005,0.08792469650506973,100543
1005,0.09412059187889099,100546
1005,0.08814147859811783,100547
1005,0.08747842907905579,100545
1005,0.09372442215681076,100550
1005,0.09347424656152725,100548
1005,0.08648911118507385,100549
1009,0.08606591075658798,100942
1005,0.0868179053068161,100551
1009,0.08687463402748108,100943
1009,0.08753658831119537,100944
1009,0.08967767655849457,100946
1009,0.08899087458848953,100945
1009,0.09026674181222916,100948
1009,0.08915271610021591,100949
1009,0.08548623323440552,100947
1009,0.09127543121576309,100951
1009,0.08727937191724777,100950
1012,0.0881570354104042,101242
1012,0.08778857439756393,101243
1012,0.08902531862258911,101245
1012,0.087895467877388,101244
1012,0.09009295701980591,101246
1012,0.08685629069805145,101247
1012,0.09136684983968735,101248
1012,0.08815835416316986,101249
1012,0.08898833394050598,101250
1012,0.09275007992982864,101251
1014,0.09253455698490143,101443
1014,0.09115572273731232,101442
1014,0.08998371660709381,101444
1014,0.09452342987060547,101446
1014,0.08882744610309601,101447
1014,0.08982746303081512,101445
1014,0.09345432370901108,101449
1014,0.0913708359003067,101450
1014,0.08812392503023148,101448
1017,0.08702334761619568,101742
1014,0.08616622537374496,101451
1017,0.0854068174958229,101743
1017,0.08940941095352173,101744
1017,0.08634220063686371,101745
1017,0.08800022304058075,101746
1017,0.08891945332288742,101747
1017,0.09045901894569397,101748
1017,0.08772443979978561,101749
1017,0.08814286440610886,101751
1017,0.08699330687522888,101750
1021,0.08986429125070572,102142
1021,0.09103347361087799,102143
1021,0.08806001394987106,102144
1021,0.08595489710569382,102145
1021,0.08917257189750671,102146
1021,0.08638498932123184,102147
1021,0.08849869668483734,102148
1021,0.09044592827558517,102149
1021,0.08763730525970459,102150
1021,0.08594295382499695,102151
1023,0.0875140130519867,102342
1023,0.08836494386196136,102344
1023,0.08795284479856491,102343
1023,0.0884494036436081,102345
1023,0.08768193423748016,102346
1023,0.08978134393692017,102347
1023,0.09290120005607605,102348
1023,0.08869100362062454,102349
1023,0.08986087888479233,102350
1023,0.08952192962169647,102351
1027,0.09111521393060684,102742
1027,0.08914751559495926,102743
1027,0.09102744609117508,102744
1027,0.09096954762935638,102745
1027,0.09125314652919769,102746
1027,0.0880190059542656,102747
1027,0.0894225612282753,102748
1027,0.09020021557807922,102749
1027,0.09177346527576447,102750
1027,0.08869139850139618,102751
1031,0.08722873777151108,103142
1031,0.0885624811053276,103143
1031,0.08677959442138672,103144
1031,0.08595742285251617,103145
1031,0.0892309695482254,103146
1031,0.08353154361248016,103147
1031,0.08845343440771103,103148
1031,0.09009618312120438,103149
1031,0.08694054186344147,103150
1031,0.09027556329965591,103151
1033,0.0855855867266655,103342
1033,0.08815743029117584,103343
1033,0.08859718590974808,103344
1033,0.08880359679460526,103345
1033,0.08981605619192123,103346
1033,0.08927295356988907,103347
1033,0.08704712241888046,103349
1033,0.0937667265534401,103348
1033,0.08975370973348618,103350
1033,0.08771553635597229,103351
1036,0.0935061126947403,103642
1036,0.08945166319608688,103643
1036,0.09016118943691254,103644
1036,0.08649838715791702,103645
1036,0.09008605033159256,103646
1036,0.08908834308385849,103647
1036,0.08730848878622055,103648
1036,0.08486966788768768,103649
1036,0.0875486433506012,103650
1036,0.09158441424369812,103651
1040,0.09250123798847198,104042
1040,0.09311855584383011,104043
1040,0.09092690795660019,104044
1040,0.08840389549732208,104045
1040,0.0900120660662651,104046
1040,0.089023657143116,104047
1040,0.09119238704442978,104049
1040,0.08738454431295395,104048
1040,0.08543959259986877,104050
1042,0.08723773807287216,104242
1040,0.0870339497923851,104051
1042,0.08482614159584045,104243
1042,0.08953589200973511,104244
1042,0.08752380311489105,104245
1042,0.0859173983335495,104246
1042,0.0864623561501503,104247
1042,0.08487337827682495,104248
1042,0.08825353533029556,104249
1042,0.08941183984279633,104250
1042,0.08909312635660172,104251
1046,0.08783868700265884,104642
1046,0.08767148852348328,104643
1046,0.0880003497004509,104644
1046,0.08676084131002426,104645
1046,0.08814408630132675,104646
1046,0.08935645967721939,104647
1046,0.08973146975040436,104648
1046,0.08778805285692215,104650
1046,0.08786503970623016,104649
1046,0.08949103206396103,104651
1049,0.0854785367846489,104942
1049,0.08942569047212601,104943
1049,0.08946526050567627,104944
1049,0.0888901948928833,104945
1049,0.08859533816576004,104946
1049,0.08680249750614166,104947
1049,0.08763677626848221,104948
1049,0.08900902420282364,104949
1049,0.08947642147541046,104950
1049,0.08883681148290634,104951
1051,0.0884452536702156,105142
1051,0.09077168256044388,105143
1051,0.09141524136066437,105144
1051,0.08713695406913757,105145
1051,0.08672904223203659,105146
1051,0.08843552321195602,105147
1051,0.08602939546108246,105148
1051,0.08704779297113419,105149
1051,0.08592038601636887,105150
1051,0.08902321010828018,105151
1054,0.0880400612950325,105442
1054,0.09023799747228622,105443
1054,0.08755546063184738,105444
1054,0.08727725595235825,105445
1054,0.09005476534366608,105447
1054,0.08883757144212723,105446
1054,0.09037549793720245,105448
1054,0.09316998720169067,105449
1054,0.08787638694047928,105450
1054,0.08916501700878143,105451
1058,0.08794983476400375,105842
1058,0.08667615801095963,105843
1058,0.08903384208679199,105844
1058,0.08699969202280045,105845
1058,0.0865410715341568,105846
1058,0.09297405183315277,105847
1058,0.08945934474468231,105848
1058,0.09061447530984879,105849
1058,0.08892795443534851,105850
1058,0.0913165733218193,105851
1060,0.090596504509449,106042
1060,0.088829405605793,106043
1060,0.08684485405683517,106044
1060,0.09022017568349838,106045
1060,0.08787310868501663,106046
1060,0.08668202906847,106047
1060,0.08604959398508072,106049
1060,0.08919531852006912,106048
1063,0.08885561674833298,106342
1060,0.08779481798410416,106050
1060,0.09219294786453247,106051
1063,0.09027239680290222,106345
1063,0.08731988817453384,106344
1063,0.09050428122282028,106343
1063,0.08699367195367813,106347
1063,0.086020827293396,106346
1063,0.08696100860834122,106348
1063,0.08976390212774277,106349
1063,0.0866449624300003,106351
1063,0.08694422990083694,106350
1067,0.08688252419233322,106742
1067,0.08944162726402283,106743
1067,0.08709556609392166,106744
1067,0.09203433245420456,106745
1067,0.08783254027366638,106747
1067,0.08701614290475845,106746
1067,0.08802387118339539,106748
1067,0.08875078707933426,106749
1067,0.08867963403463364,106750
1067,0.08609634637832642,106751
1069,0.08658887445926666,106942
1069,0.09051062166690826,106943
1069,0.08664407581090927,106944
1069,0.08687080442905426,106945
1069,0.08600115776062012,106946
1069,0.08888710290193558,106947
1069,0.08951102197170258,106948
1069,0.08911552280187607,106949
1069,0.0909573882818222,106950
1072,0.08957120031118393,107242
1069,0.08601419627666473,106951
1072,0.09281832724809647,107243
1072,0.08744516968727112,107246
1072,0.09067163616418839,107244
1072,0.088760606944561,107245
1072,0.09571652859449387,107249
1072,0.08736467361450195,107247
1072,0.08982713520526886,107248
1072,0.08786472678184509,107250
1072,0.0867910385131836,107251
1076,0.08817459642887115,107642
1076,0.09033022820949554,107644
1076,0.08909782767295837,107643
1076,0.08852685987949371,107645
1076,0.08963377773761749,107646
1076,0.08502981066703796,107647
1076,0.09065999835729599,107648
1076,0.08989708870649338,107650
1076,0.08663272112607956,107649
1076,0.08928202837705612,107651
1078,0.08854975551366806,107843
1078,0.08617550134658813,107842
1078,0.0921885296702385,107844
1078,0.08556527644395828,107846
1078,0.0886806771159172,107845
1078,0.09159611910581589,107847
1078,0.0885402262210846,107848
1078,0.08637157082557678,107849
1078,0.0888056755065918,107850
1082,0.08763048052787781,108242
1078,0.08459515124559402,107851
1082,0.08985644578933716,108243
1082,0.08999290317296982,108244
1082,0.08854302763938904,108245
1082,0.08839530497789383,108246
1082,0.09071823209524155,108247
1082,0.08621195703744888,108248
1082,0.08710587024688721,108249
1082,0.08478763699531555,108250
1082,0.09034822136163712,108251
1086,0.08659594506025314,108642
1086,0.08967352658510208,108643
1086,0.08679351955652237,108644
1086,0.09097658097743988,108646
1086,0.08904021233320236,108645
1086,0.08808080106973648,108647
1086,0.08778318017721176,108648
1086,0.08710898458957672,108649
1086,0.08837968111038208,108650
1088,0.09055856615304947,108842
1086,0.0896049290895462,108651
1088,0.0898585245013237,108843
1088,0.08587834239006042,108844
1088,0.08765111118555069,108845
1088,0.08911312371492386,108846
1088,0.08573567122220993,108847
1088,0.0872337743639946,108848
1088,0.09102525562047958,108849
1088,0.09053798764944077,108850
1091,0.0853578969836235,109142
1088,0.08731774240732193,108851
1091,0.08992279320955276,109143
1091,0.08821319788694382,109145
1091,0.08668262511491776,109144
1091,0.08799239993095398,109146
1091,0.08948653191328049,109148
1091,0.08785489946603775,109147
1091,0.09013313055038452,109149
1091,0.08946599811315536,109150
1091,0.08566825091838837,109151
1095,0.0933147743344307,109542
1095,0.08775971084833145,109543
1095,0.08488422632217407,109544
1095,0.08555487543344498,109545
1095,0.08816560357809067,109546
1095,0.08722306042909622,109547
1095,0.08812671899795532,109548
1095,0.08963388949632645,109549
1095,0.08704092353582382,109550
1095,0.08722268790006638,109551
1097,0.0868254005908966,109743
1097,0.08467569202184677,109742
1097,0.08854138106107712,109744
1097,0.09513608366250992,109745
1097,0.08733022212982178,109746
1097,0.0893995463848114,109747
1097,0.08867013454437256,109748
1097,0.08647831529378891,109749
1097,0.08741848170757294,109750
1097,0.08536609262228012,109751
1101,0.0888347178697586,110142
1101,0.09147460758686066,110143
1101,0.09364115446805954,110144
1101,0.087382011115551,110145
1101,0.08820547163486481,110146
1101,0.08579057455062866,110147
1101,0.0844549611210823,110148
1101,0.08968869596719742,110149
1101,0.08873552829027176,110150
1101,0.08861115574836731,110151
1105,0.08975626528263092,110542
1105,0.08423108607530594,110543
1105,0.09213586151599884,110544
1105,0.08967633545398712,110545
1105,0.08725842833518982,110546
1105,0.0848916694521904,110547
1105,0.088324636220932,110548
1105,0.08827507495880127,110549
1105,0.08961475640535355,110550
1105,0.08859451115131378,110551
1107,0.08858335763216019,110742
1107,0.0890718549489975,110743
1107,0.08947180211544037,110744
1107,0.08667100220918655,110745
1107,0.08448146283626556,110746
1107,0.08579126000404358,110747
1107,0.0891493484377861,110748
1107,0.09114433825016022,110749
1107,0.08988439291715622,110750
1107,0.08542105555534363,110751
1110,0.08826674520969391,111042
1110,0.08884598314762115,111043
1110,0.08754359185695648,111044
1110,0.08892064541578293,111045
1110,0.08585044741630554,111046
1110,0.08906237781047821,111047
1110,0.08984352648258209,111048
1110,0.08585301786661148,111049
1110,0.08817491680383682,111050
1110,0.08602699637413025,111051
1112,0.08825968950986862,111242
1112,0.08501534909009933,111243
1112,0.08902286738157272,111244
1112,0.09084790199995041,111245
1112,0.08927316218614578,111246
1112,0.08675350248813629,111247
1112,0.08735751360654831,111248
1112,0.08792898058891296,111249
1112,0.0868941992521286,111250
1112,0.08924902975559235,111251
1115,0.08889492601156235,111542
1115,0.08453816920518875,111543
1115,0.08545886725187302,111544
1115,0.08792353421449661,111545
1115,0.08606906980276108,111546
1115,0.0873778685927391,111547
1115,0.08542641252279282,111548
1115,0.08946284651756287,111550
1115,0.09079664945602417,111549
1115,0.086602583527565,111551
1117,0.08522078394889832,111743
1117,0.08779145777225494,111742
1117,0.08878650516271591,111744
1117,0.08732392638921738,111745
1117,0.09148092567920685,111746
1117,0.08652053028345108,111747
1117,0.09046275913715363,111748
1117,0.08989633619785309,111749
1117,0.08552689850330353,111750
1117,0.08831465244293213,111751
1121,0.0872841477394104,112142
1121,0.0856274887919426,112143
1121,0.08785361051559448,112144
1121,0.09004556387662888,112145
1121,0.0893121287226677,112146
1121,0.08905311673879623,112147
1121,0.0890185534954071,112148
1121,0.08789782226085663,112149
1121,0.08815257251262665,112150
1121,0.08735763281583786,112151
1125,0.08866000175476074,112542
1125,0.08768952637910843,112543
1125,0.08546323329210281,112544
1125,0.087485171854496,112545
1125,0.08984829485416412,112546
1125,0.08696213364601135,112547
1125,0.08904919028282166,112548
1125,0.08869405090808868,112549
1125,0.08649032562971115,112550
1125,0.0942317321896553,112551
1127,0.08903077989816666,112742
1127,0.08887974917888641,112743
1127,0.08619053661823273,112744
1127,0.08358728885650635,112745
1127,0.09001327306032181,112746
1127,0.08704327046871185,112747
1127,0.08483581244945526,112748
1127,0.08614794909954071,112749
1127,0.0888817086815834,112750
1127,0.08929317444562912,112751
1130,0.08649363368749619,113042
1130,0.08649268001317978,113043
1130,0.09176395833492279,113044
1130,0.08802072703838348,113045
1130,0.086525559425354,113046
1130,0.08565939217805862,113047
1130,0.08833258599042892,113048
1130,0.08849406242370605,113049
1130,0.08852116763591766,113050
1130,0.0845007374882698,113051
1134,0.0892081931233406,113442
1134,0.0868121087551117,113443
1134,0.08623068779706955,113444
1134,0.08851878345012665,113445
1134,0.08529151976108551,113446
1134,0.08775462210178375,113447
1134,0.08922427147626877,113448
1134,0.08807293325662613,113449
1134,0.08914956450462341,113450
1134,0.0850350558757782,113451
1136,0.08736015856266022,113642
1136,0.08909309655427933,113643
1136,0.09002511203289032,113644
1136,0.09047722071409225,113645
1136,0.0870472863316536,113646
1136,0.08944282680749893,113647
1136,0.08651885390281677,113648
1136,0.08977821469306946,113649
1136,0.08569427579641342,113650
1136,0.08716197311878204,113651
1140,0.08709439635276794,114042
1140,0.08990558981895447,114043
1140,0.08599202334880829,114044
1140,0.08523824065923691,114045
1140,0.0866803228855133,114046
1140,0.08684467524290085,114047
1140,0.08823234587907791,114048
1140,0.08769294619560242,114049
1140,0.09085089713335037,114050
1140,0.08798651397228241,114051
1144,0.08741924166679382,114442
1144,0.08705383539199829,114443
1144,0.08932893723249435,114444
1144,0.08894003182649612,114446
1144,0.08633865416049957,114445
1144,0.08853813260793686,114447
1144,0.08840624988079071,114448
1144,0.08993229269981384,114449
1144,0.08780860155820847,114450
1146,0.08613980561494827,114642
1144,0.08677316457033157,114451
1146,0.08891326934099197,114643
1146,0.0872359648346901,114644
1146,0.08738940209150314,114645
1146,0.08912237733602524,114646
1146,0.08392025530338287,114647
1146,0.08536209911108017,114648
1146,0.08755241334438324,114649
1146,0.08749481290578842,114651
1146,0.0857289507985115,114650
1149,0.08662916719913483,114942
1149,0.0849539116024971,114944
1149,0.08678516000509262,114943
1149,0.08565980195999146,114945
1149,0.086336649954319,114946
1149,0.08392965793609619,114947
1149,0.08928081393241882,114948
1149,0.085671566426754,114949
1149,0.08698514848947525,114950
1149,0.08798334002494812,114951
1151,0.0859251394867897,115142
1151,0.08682290464639664,115143
1151,0.086762435734272,115144
1151,0.08632342517375946,115145
1151,0.08812857419252396,115146
1151,0.08870800584554672,115147
1151,0.08743482828140259,115148
1151,0.08595681935548782,115149
1151,0.08809956163167953,115150
1151,0.08844880759716034,115151
1154,0.08751349151134491,115442
1154,0.08818703889846802,115443
1154,0.08987753838300705,115445
1154,0.08782561868429184,115444
1154,0.08697503060102463,115446
1154,0.08759643137454987,115448
1154,0.08450887352228165,115447
1154,0.08551588654518127,115449
1154,0.08983626216650009,115451
1154,0.0884421095252037,115450
1156,0.08951739221811295,115642
1156,0.0853160098195076,115643
1156,0.08747505396604538,115644
1156,0.08802449703216553,115645
1156,0.09008772671222687,115646
1156,0.08821224421262741,115647
1156,0.08835992217063904,115648
1156,0.08461316674947739,115649
1156,0.08924735337495804,115650
1156,0.09079256653785706,115651
1160,0.08751674741506577,116042
1160,0.0873408317565918,116043
1160,0.08632434904575348,116044
1160,0.08911895006895065,116045
1160,0.09092883765697479,116046
1160,0.0872165858745575,116047
1160,0.08682137727737427,116048
1160,0.08578965812921524,116049
1160,0.08517853170633316,116050
1160,0.0897725522518158,116051
1164,0.08695461601018906,116442
1164,0.08717340975999832,116443
1164,0.09094200283288956,116444
1164,0.08873690664768219,116445
1164,0.08790554106235504,116447
1164,0.09013627469539642,116446
1164,0.0883219838142395,116448
1164,0.08712301403284073,116450
1164,0.0846276506781578,116449
1164,0.08813712000846863,116451
1166,0.0886579379439354,116643
1166,0.08842403441667557,116642
1166,0.08616512268781662,116644
1166,0.08911523967981339,116645
1166,0.08714934438467026,116646
1166,0.08816484361886978,116647
1166,0.08583581447601318,116648
1166,0.08766011893749237,116649
1166,0.08615195006132126,116650
1166,0.08982519805431366,116651
1169,0.08770386129617691,116942
1169,0.0865563228726387,116943
1169,0.08794437348842621,116944
1169,0.08860735595226288,116945
1169,0.08841344714164734,116946
1169,0.08767476677894592,116947
1169,0.08622757345438004,116948
1169,0.0870148092508316,116949
1169,0.08536466211080551,116951
1169,0.08573850244283676,116950
1171,0.09211639314889908,117142
1171,0.087867371737957,117144
1171,0.08873514086008072,117143
1171,0.0894281417131424,117145
1171,0.08880867809057236,117146
1171,0.08881247043609619,117147
1171,0.0882091075181961,117148
1171,0.08612751215696335,117150
1171,0.08747310936450958,117149
1171,0.08987028151750565,117151
1174,0.08935757726430893,117443
1174,0.08754841238260269,117442
1174,0.08881203085184097,117444
1174,0.08374593406915665,117445
1174,0.08562301099300385,117446
1174,0.08688604086637497,117447
1174,0.08781532198190689,117448
1174,0.08475805819034576,117449
1174,0.08576131612062454,117450
1176,0.08776967227458954,117642
1174,0.08586685359477997,117451
1176,0.08697158098220825,117643
1176,0.08895352482795715,117645
1176,0.08714805543422699,117644
1176,0.0853789821267128,117646
1176,0.08591270446777344,117647
1176,0.08536641299724579,117648
1176,0.08658622950315475,117649
1176,0.08716115355491638,117651
1176,0.08892688900232315,117650
1180,0.08724960684776306,118042
1180,0.08810428529977798,118044
1180,0.08539628237485886,118043
1180,0.08713731914758682,118045
1180,0.08679060637950897,118046
1180,0.08585402369499207,118047
1180,0.08667147159576416,118048
1180,0.08506907522678375,118049
1180,0.09160330146551132,118050
1180,0.08756110817193985,118051
1184,0.08721713721752167,118442
1184,0.08368927240371704,118443
1184,0.08799763023853302,118444
1184,0.0895359069108963,118445
1184,0.0865401029586792,118446
1184,0.08616875857114792,118447
1184,0.08783381432294846,118448
1184,0.08798328787088394,118449
1184,0.08635646104812622,118450
1184,0.08707825839519501,118451
1186,0.08728448301553726,118642
1186,0.08580636233091354,118643
1186,0.08869731426239014,118644
1186,0.0896887332201004,118645
1186,0.09023024141788483,118646
1186,0.0867801159620285,118647
1186,0.08849111199378967,118648
1186,0.08618948608636856,118649
1186,0.08394362032413483,118650
1186,0.08682779222726822,118651
1190,0.08688934892416,119042
1190,0.0906326025724411,119043
1190,0.08916141837835312,119044
1190,0.08843447268009186,119045
1190,0.08858147263526917,119046
1190,0.08662404119968414,119047
1190,0.088760145008564,119048
1190,0.08626874536275864,119049
1190,0.08497496694326401,119050
1190,0.08907924592494965,119051
1192,0.08832450956106186,119242
1192,0.08592423051595688,119243
1192,0.08450083434581757,119244
1192,0.0890134945511818,119245
1192,0.08508170396089554,119246
1192,0.08719812333583832,119247
1192,0.08972503244876862,119248
1192,0.08937742561101913,119249
1192,0.08577876538038254,119250
1192,0.08794999867677689,119251
1195,0.08814799040555954,119542
1195,0.08965013921260834,119543
1195,0.08853332698345184,119544
1195,0.0885777547955513,119545
1195,0.09484672546386719,119546
1195,0.08664070814847946,119547
1195,0.08685995638370514,119548
1195,0.08823829889297485,119549
1195,0.0849982351064682,119550
1195,0.08774366229772568,119551
1198,0.08921214938163757,119842
1198,0.08781864494085312,119843
1198,0.08819669485092163,119845
1198,0.08763208240270615,119844
1198,0.08382335305213928,119846
1198,0.08635620027780533,119847
1198,0.08483647555112839,119848
1198,0.08662661164999008,119849
1198,0.08624083548784256,119850
1198,0.09260935336351395,119851
1202,0.08739030361175537,120242
1202,0.0896504744887352,120243
1202,0.08900223672389984,120244
1202,0.08412142843008041,120245
1202,0.08652090281248093,120246
1202,0.0866498351097107,120247
1202,0.08444298058748245,120248
1202,0.08471182733774185,120249
1202,0.08886868506669998,120250
1202,0.08716857433319092,120251
1206,0.08746849000453949,120642
1206,0.08732319623231888,120643
1206,0.08644670993089676,120644
1206,0.08861532807350159,120645
1206,0.08810904622077942,120646
1206,0.08779608458280563,120647
1206,0.08889466524124146,120648
1206,0.08627832680940628,120649
1206,0.08964991569519043,120650
1208,0.08759479224681854,120842
1206,0.0872712954878807,120651
1208,0.08443504571914673,120843
1208,0.08746489882469177,120844
1208,0.08870905637741089,120845
1208,0.08683460205793381,120846
1208,0.09046901762485504,120847
1208,0.08532703667879105,120848
1208,0.08595067262649536,120849
1208,0.08585930615663528,120850
1208,0.08768052607774734,120851
1211,0.08643385767936707,121142
1211,0.08554790914058685,121144
1211,0.0877736508846283,121143
1211,0.08531586825847626,121145
1211,0.08720292896032333,121148
1211,0.08721452206373215,121146
1211,0.08681073784828186,121147
1211,0.08473039418458939,121149
1211,0.08606082201004028,121150
1211,0.08514254540205002,121151
1213,0.0877804234623909,121342
1213,0.09018514305353165,121343
1213,0.08796463161706924,121344
1213,0.08593789488077164,121345
1213,0.0862516388297081,121346
1213,0.08743616938591003,121347
1213,0.08929017931222916,121348
1213,0.08593839406967163,121349
1213,0.0899667739868164,121350
1213,0.08546194434165955,121351
1216,0.08633789420127869,121642
1216,0.0858919769525528,121643
1216,0.08480823040008545,121644
1216,0.08954500406980515,121645
1216,0.09012243151664734,121646
1216,0.08657272160053253,121647
1216,0.085047647356987,121648
1216,0.088412806391716,121649
1216,0.08551999926567078,121650
1216,0.08593684434890747,121651
1218,0.08954507857561111,121842
1218,0.08516114205121994,121843
1218,0.08787349611520767,121844
1218,0.08559386432170868,121845
1218,0.08710096776485443,121846
1218,0.08428828418254852,121848
1218,0.08397362381219864,121847
1218,0.08651584386825562,121849
1218,0.088313527405262,121851
1218,0.09316617250442505,121850
1222,0.08854622393846512,122244
1222,0.08452293276786804,122242
1222,0.08807037770748138,122243
1222,0.08508261293172836,122245
1222,0.086524598300457,122246
1222,0.08677875995635986,122247
1222,0.08727463334798813,122248
1222,0.08614274859428406,122249
1222,0.08756762742996216,122250
1226,0.08892903476953506,122642
1222,0.08791831135749817,122251
1226,0.08645273000001907,122643
1226,0.08822847157716751,122644
1226,0.08559496700763702,122645
1226,0.08683224022388458,122646
1226,0.08557045459747314,122647
1226,0.08641314506530762,122648
1226,0.08532026410102844,122649
1226,0.08557810634374619,122650
1226,0.09072098135948181,122651
1228,0.08767953515052795,122842
1228,0.08672323822975159,122843
1228,0.08665976673364639,122844
1228,0.08647207170724869,122845
1228,0.08693410456180573,122846
1228,0.08642065525054932,122847
1228,0.08641502261161804,122848
1228,0.08519479632377625,122849
1228,0.08609066903591156,122850
1228,0.08366987109184265,122851
1232,0.08872265368700027,123242
1232,0.08541025966405869,123243
1232,0.08589250594377518,123244
1232,0.08559709787368774,123245
1232,0.08419538289308548,123246
1232,0.08590498566627502,123247
1232,0.0874054804444313,123248
1232,0.08765190094709396,123249
1232,0.08655315637588501,123250
1232,0.08637917786836624,123251
1234,0.0862867459654808,123442
1234,0.08593342453241348,123443
1234,0.08761104196310043,123444
1234,0.08641703426837921,123445
1234,0.0851830467581749,123446
1234,0.08652523905038834,123448
1234,0.08692524582147598,123447
1234,0.08977361768484116,123449
1234,0.08816276490688324,123450
1234,0.08538197726011276,123451
1237,0.08616766333580017,123742
1237,0.0888158306479454,123743
1237,0.08607248961925507,123744
1237,0.08462575823068619,123745
1237,0.08517348021268845,123746
1237,0.08905928581953049,123747
1237,0.08644986897706985,123748
1237,0.08599022030830383,123749
1237,0.087438203394413,123750
1237,0.08759280294179916,123751
1240,0.08693628013134003,124042
1240,0.08684921264648438,124043
1240,0.08492936193943024,124044
1240,0.08534161746501923,124045
1240,0.0871051773428917,124046
1240,0.08836402744054794,124047
1240,0.0869675949215889,124048
1240,0.08692944049835205,124049
1240,0.08473605662584305,124050
1244,0.0887824296951294,124442
1240,0.08604695647954941,124051
1244,0.08632758259773254,124443
1244,0.08835895359516144,124445
1244,0.08645428717136383,124444
1244,0.0885302722454071,124446
1244,0.08657318353652954,124447
1244,0.08803586661815643,124448
1244,0.08768115192651749,124449
1244,0.08551982790231705,124450
1244,0.08307476341724396,124451
1248,0.08642525225877762,124842
1248,0.08557678759098053,124843
1248,0.08743251115083694,124844
1248,0.08983665704727173,124845
1248,0.08893457055091858,124847
1248,0.08738183230161667,124846
1248,0.08741194754838943,124848
1248,0.08513379842042923,124849
1248,0.08689875155687332,124850
1248,0.08810333162546158,124851
1250,0.08518150448799133,125042
1250,0.08882595598697662,125043
1250,0.08795710653066635,125044
1250,0.08769648522138596,125045
1250,0.08759959042072296,125046
1250,0.08701500296592712,125047
1250,0.08678131550550461,125048
1250,0.08474568277597427,125049
1250,0.09130086749792099,125050
1250,0.0854172632098198,125051
1254,0.0844794511795044,125442
1254,0.08645638823509216,125443
1254,0.0889577865600586,125444
1254,0.08806237578392029,125445
1254,0.08889027684926987,125446
1254,0.0867767259478569,125447
1254,0.08781794458627701,125448
1254,0.08505608141422272,125449
1254,0.08858101069927216,125450
1254,0.08756710588932037,125451
1256,0.08645936846733093,125642
1256,0.0887690931558609,125643
1256,0.08770228922367096,125644
1256,0.08753477036952972,125645
1256,0.08739610761404037,125646
1256,0.08706773072481155,125647
1256,0.085617296397686,125648
1256,0.08822915703058243,125649
1256,0.08721299469470978,125650
1256,0.08801060169935226,125651
1259,0.0843920186161995,125942
1259,0.08622992038726807,125943
1259,0.08464579284191132,125944
1259,0.08730636537075043,125945
1259,0.08829199522733688,125946
1259,0.0848090648651123,125947
1259,0.08627648651599884,125948
1259,0.08714146167039871,125949
1259,0.08941949158906937,125950
1259,0.08679642528295517,125951
1261,0.08707717806100845,126142
1261,0.08588292449712753,126143
1261,0.08726833015680313,126144
1261,0.08693625777959824,126146
1261,0.08596889674663544,126145
1261,0.08517783135175705,126147
1261,0.08679952472448349,126148
1261,0.08485649526119232,126149
1261,0.08726023882627487,126150
1261,0.08523379266262054,126151
1265,0.08676744252443314,126542
1265,0.08785726875066757,126543
1265,0.08588489890098572,126544
1265,0.08433913439512253,126545
1265,0.08557745069265366,126546
1265,0.08679896593093872,126547
1265,0.08685161918401718,126548
1265,0.08791931718587875,126549
1265,0.08617185056209564,126550
1265,0.08664286136627197,126551
1267,0.08633628487586975,126742
1267,0.08466891944408417,126743
1267,0.08730069547891617,126744
1267,0.08736525475978851,126745
1267,0.08551082760095596,126746
1267,0.08662642538547516,126747
1267,0.08826597034931183,126748
1267,0.08451180905103683,126749
1267,0.08624137938022614,126750
1267,0.08471483737230301,126751
1270,0.08584701269865036,127042
1270,0.08992606401443481,127044
1270,0.08642464131116867,127043
1270,0.08391709625720978,127045
1270,0.08347944170236588,127046
1270,0.08659019321203232,127047
1270,0.08748596161603928,127048
1270,0.0860251635313034,127050
1270,0.08666333556175232,127049
1270,0.08754223585128784,127051
1272,0.08883143961429596,127242
1272,0.08582530170679092,127243
1272,0.08420846611261368,127244
1272,0.0855228453874588,127245
1272,0.08402802795171738,127246
1272,0.08620821684598923,127247
1272,0.08488171547651291,127248
1272,0.08667492866516113,127249
1272,0.08671130985021591,127250
1272,0.08692016452550888,127251
1276,0.08550747483968735,127642
1276,0.08521200716495514,127643
1276,0.08686914294958115,127644
1276,0.08447461575269699,127645
1276,0.08603411912918091,127646
1276,0.08668708056211472,127647
1276,0.08778418600559235,127648
1276,0.08715389668941498,127649
1276,0.086299367249012,127650
1276,0.08504593372344971,127651
1278,0.086379274725914,127842
1278,0.08874135464429855,127843
1278,0.08517617732286453,127844
1278,0.08597476780414581,127845
1278,0.08804386109113693,127846
1278,0.08744798600673676,127847
1278,0.08582287281751633,127848
1278,0.08800239861011505,127849
1278,0.08671906590461731,127850
1278,0.08371622860431671,127851
1281,0.08514662086963654,128142
1281,0.08736419677734375,128143
1281,0.08446203172206879,128144
1281,0.08575309813022614,128145
1281,0.08474650233983994,128147
1281,0.08764521777629852,128146
1281,0.08648155629634857,128148
1281,0.08930263668298721,128149
1281,0.0868430882692337,128150
1281,0.08854323625564575,128151
1284,0.08797549456357956,128442
1284,0.08448409289121628,128443
1284,0.08715685456991196,128444
1284,0.08393994718790054,128445
1284,0.08536697179079056,128446
1284,0.08710089325904846,128447
1284,0.08613282442092896,128448
1284,0.08650501817464828,128449
1284,0.08861517906188965,128450
1288,0.08745178580284119,128842
1284,0.08534439653158188,128451
1288,0.08355836570262909,128843
1288,0.08451828360557556,128844
1288,0.08617008477449417,128845
1288,0.08623981475830078,128846
1288,0.08740732073783875,128847
1288,0.08587051928043365,128848
1288,0.08550207316875458,128849
1288,0.08657680451869965,128850
1288,0.08520648628473282,128851
1292,0.0856843814253807,129242
1292,0.08559396862983704,129243
1292,0.0861317440867424,129244
1292,0.08503644168376923,129245
1292,0.08463823795318604,129246
1292,0.08953148126602173,129247
1292,0.08504582941532135,129248
1292,0.086931012570858,129249
1292,0.0857563391327858,129250
1292,0.08597024530172348,129251
1294,0.0879424437880516,129442
1294,0.08699033409357071,129443
1294,0.0869176983833313,129444
1294,0.08653530478477478,129445
1294,0.08634357154369354,129446
1294,0.08661019802093506,129447
1294,0.08463744074106216,129448
1294,0.08627830445766449,129449
1294,0.08617562800645828,129450
1294,0.08643698692321777,129451
1298,0.08472666889429092,129842
1298,0.08609391748905182,129843
1298,0.08619453758001328,129845
1298,0.0884641632437706,129844
1298,0.0872185155749321,129846
1298,0.08453294634819031,129847
1298,0.08643855899572372,129848
1298,0.08629164099693298,129849
1298,0.08859162777662277,129850
1298,0.08674830943346024,129851
1300,0.08679835498332977,130042
1300,0.08559153228998184,130043
1300,0.0853242352604866,130044
1300,0.08800233155488968,130045
1300,0.08698811382055283,130046
1300,0.08784899115562439,130047
1300,0.08597685396671295,130048
1300,0.0870029628276825,130049
1300,0.08809936046600342,130050
1300,0.08647090941667557,130051
1303,0.08476503938436508,130342
1303,0.08858205378055573,130343
1303,0.08617911487817764,130344
1303,0.08505655825138092,130345
1303,0.08629699796438217,130346
1303,0.08613838255405426,130347
1303,0.0868477001786232,130348
1303,0.08659331500530243,130349
1303,0.08498890697956085,130350
1303,0.08546054363250732,130351
1306,0.08580280095338821,130642
1306,0.08482392877340317,130643
1306,0.0854087844491005,130644
1306,0.08571334183216095,130645
1306,0.0837402269244194,130646
1306,0.08736849576234818,130647
1306,0.0887196734547615,130648
1306,0.08776344358921051,130649
1306,0.08756772428750992,130650
1306,0.08416750282049179,130651
1310,0.08562620729207993,131042
1310,0.08775648474693298,131043
1310,0.0868222713470459,131044
1310,0.08522996306419373,131045
1310,0.08742118626832962,131046
1310,0.08630687743425369,131047
1310,0.08591926842927933,131048
1310,0.0880589634180069,131049
1310,0.0871531292796135,131050
1310,0.08998587727546692,131051
1312,0.08608587831258774,131242
1312,0.08615832775831223,131243
1312,0.08761820197105408,131244
1312,0.08656953275203705,131245
1312,0.08620946109294891,131246
1312,0.08454093337059021,131247
1312,0.08654548972845078,131248
1312,0.08501950651407242,131249
1312,0.08657494932413101,131250
1312,0.08569545298814774,131251
1315,0.08497380465269089,131542
1315,0.08700131624937057,131543
1315,0.08739260584115982,131544
1315,0.08575513958930969,131545
1315,0.08861956745386124,131546
1315,0.08733763545751572,131547
1315,0.09011954069137573,131548
1315,0.08748779445886612,131549
1315,0.08519605547189713,131550
1315,0.0862126275897026,131551
1317,0.0876140296459198,131742
1317,0.08550172299146652,131743
1317,0.08658087253570557,131744
1317,0.08461789041757584,131745
1317,0.08791860193014145,131746
1317,0.08698543906211853,131747
1317,0.08562248200178146,131748
1317,0.0858750268816948,131749
1317,0.08667121827602386,131750
1317,0.08595211803913116,131751
1321,0.08726977556943893,132142
1321,0.08551909029483795,132143
1321,0.08440681546926498,132145
1321,0.08493553847074509,132144
1321,0.08642518520355225,132146
1321,0.08539123833179474,132148
1321,0.08605923503637314,132147
1321,0.08804728090763092,132149
1321,0.08604810386896133,132150
1321,0.08582434058189392,132151
1323,0.08520499616861343,132342
1323,0.0874352678656578,132343
1323,0.08505817502737045,132344
1323,0.08785142749547958,132345
1323,0.0856194719672203,132346
1323,0.08738650381565094,132347
1323,0.08658445626497269,132348
1323,0.08618956059217453,132350
1323,0.0867457240819931,132349
1323,0.08395849913358688,132351
1327,0.08654584735631943,132743
1327,0.08627261966466904,132742
1327,0.08421511203050613,132744
1327,0.08659978210926056,132746
1327,0.08600092679262161,132745
1327,0.0849509984254837,132747
1327,0.08376040309667587,132748
1327,0.08517486602067947,132749
1327,0.08613698184490204,132750
1327,0.08539015799760818,132751
1330,0.08748921006917953,133042
1330,0.08674699068069458,133043
1330,0.08455847948789597,133044
1330,0.08696375787258148,133045
1330,0.08575395494699478,133046
1330,0.08590225130319595,133047
1330,0.08574870228767395,133048
1330,0.08571427315473557,133049
1330,0.08797228336334229,133050
1330,0.08750516176223755,133051
1334,0.08614902198314667,133442
1334,0.0846969485282898,133443
1334,0.08488721400499344,133444
1334,0.08598563075065613,133445
1334,0.08643496036529541,133448
1334,0.08785106986761093,133446
1334,0.08526170253753662,133447
1334,0.08745930343866348,133451
1334,0.08656956255435944,133449
1334,0.08462457358837128,133450
1336,0.08722750842571259,133642
1336,0.08424780517816544,133643
1336,0.0862131118774414,133644
1336,0.0894092544913292,133645
1336,0.08768302202224731,133646
1336,0.08801625669002533,133647
1336,0.08664561808109283,133648
1336,0.08553989231586456,133649
1336,0.08558779954910278,133650
1336,0.08544862270355225,133651
1339,0.08764611929655075,133942
1339,0.08497243374586105,133943
1339,0.08680567890405655,133944
1339,0.08482297509908676,133945
1339,0.08554995059967041,133946
1339,0.08635643124580383,133947
1339,0.08489122986793518,133949
1339,0.087454654276371,133948
1339,0.08725986629724503,133950
1339,0.08376135677099228,133951
1341,0.08773238956928253,134142
1341,0.08620811998844147,134143
1341,0.08660929650068283,134144
1341,0.08608439564704895,134145
1341,0.08809731900691986,134146
1341,0.08604281395673752,134147
1341,0.0863625630736351,134148
1341,0.08541031926870346,134149
1341,0.08464185893535614,134151
1341,0.08330301195383072,134150
1345,0.08549998700618744,134542
1345,0.08439359068870544,134543
1345,0.08572094887495041,134544
1345,0.08477870374917984,134545
1345,0.08603886514902115,134546
1345,0.08478691428899765,134547
1345,0.0843488872051239,134548
1345,0.08595136553049088,134549
1345,0.08710608631372452,134550
1345,0.0860152617096901,134551
1347,0.08524387329816818,134742
1347,0.0859614759683609,134743
1347,0.08604995161294937,134745
1347,0.08672153949737549,134744
1347,0.08564635366201401,134746
1347,0.08593756705522537,134747
1347,0.08561380952596664,134748
1347,0.08711114525794983,134749
1347,0.08656865358352661,134750
1347,0.08624770492315292,134751
1350,0.08524266630411148,135042
1350,0.0863419622182846,135043
1350,0.08521559089422226,135044
1350,0.08692433685064316,135045
1350,0.0885673388838768,135046
1350,0.08669687807559967,135047
1350,0.08500015735626221,135048
1350,0.08665282279253006,135049
1350,0.08445783704519272,135050
1350,0.08663822710514069,135051
1353,0.08501151949167252,135342
1353,0.0840754359960556,135343
1353,0.08667728304862976,135344
1353,0.08646921068429947,135345
1353,0.08533581346273422,135347
1353,0.08577553927898407,135346
1353,0.08465675264596939,135348
1353,0.08517139405012131,135349
1353,0.08635172992944717,135350
1353,0.08509735763072968,135351
1357,0.08595782518386841,135742
1357,0.0880637913942337,135743
1357,0.08612674474716187,135744
1357,0.08750289678573608,135745
1357,0.08509061485528946,135746
1357,0.08728469163179398,135747
1357,0.08644039183855057,135749
1357,0.08641359955072403,135748
1357,0.08707205951213837,135750
1357,0.08890902251005173,135751
1359,0.08579262346029282,135942
1359,0.0854984000325203,135943
1359,0.08697561919689178,135944
1359,0.08535908162593842,135945
1359,0.08412688970565796,135946
1359,0.08645017445087433,135947
1359,0.08444243669509888,135948
1359,0.08628886193037033,135949
1359,0.0868358388543129,135950
1359,0.08525126427412033,135951
1362,0.08723921328783035,136242
1362,0.08508231490850449,136244
1362,0.08527728170156479,136243
1362,0.08509813249111176,136245
1362,0.08720197528600693,136246
1362,0.08565468341112137,136247
1362,0.08557158708572388,136248
1362,0.08523451536893845,136249
1362,0.08578182756900787,136250
1362,0.0846458449959755,136251
1365,0.08518332242965698,136542
1365,0.08498396724462509,136543
1365,0.08733703941106796,136544
1365,0.08846727013587952,136545
1365,0.08599701523780823,136546
1365,0.08482421934604645,136547
1365,0.08488854765892029,136548
1365,0.08588910847902298,136549
1365,0.08591218292713165,136550
1365,0.08742015063762665,136551
1369,0.08571428060531616,136942
1369,0.08483551442623138,136943
1369,0.08746186643838882,136944
1369,0.089432492852211,136945
1369,0.085605189204216,136946
1369,0.08422556519508362,136947
1369,0.0873761996626854,136948
1369,0.08604568988084793,136949
1369,0.08624940365552902,136950
1369,0.08546574413776398,136951
1371,0.0865628570318222,137142
1371,0.08669189363718033,137143
1371,0.08422952890396118,137144
1371,0.08423162996768951,137145
1371,0.08750014007091522,137146
1371,0.08627133816480637,137147
1371,0.08721037954092026,137148
1371,0.08510951697826385,137149
1371,0.08602426201105118,137150
1371,0.08553293347358704,137151
1375,0.08725543320178986,137542
1375,0.08736968040466309,137543
1375,0.08680341392755508,137544
1375,0.08851282298564911,137545
1375,0.08569862693548203,137546
1375,0.08691807836294174,137547
1375,0.08555594831705093,137548
1375,0.08644001185894012,137549
1375,0.08616846799850464,137550
1375,0.08510614186525345,137551
1378,0.08774911612272263,137842
1378,0.08477296680212021,137844
1378,0.08451975882053375,137843
1378,0.08595241606235504,137845
1378,0.0852583795785904,137846
1378,0.08678364753723145,137847
1378,0.08533676713705063,137848
1378,0.08741022646427155,137849
1378,0.08505387604236603,137850
1378,0.08509241044521332,137851
1382,0.0870981216430664,138242
1382,0.08682040870189667,138243
1382,0.08579765260219574,138244
1382,0.08518640697002411,138245
1382,0.08680053055286407,138246
1382,0.0852464959025383,138247
1382,0.08741582930088043,138248
1382,0.08574900776147842,138249
1382,0.08545315265655518,138250
1382,0.0851636454463005,138251
